id_cliente,fecha,franja,id_antena,tipo_conexion,id_ap,distancia_m,senal_dbm,usuarios_conectados_antena,usuarios_activos_antena,demanda_mbps_antena,carga_antena_pct,consumo_gb_franja,horas_conexion,sesiones,cortes,minutos_sin_servicio,lluvia,es_fin_de_semana,es_feriado,velocidad_efectiva_mbps,tiene_inalambrico,velocidad_censurada,dia_semana,mes,franja_orden
FBJ-0007,2026-06-01,Madrugada,A,Antena,AP-02,594,-68.6,3,3,35.3,8.8,2.964,1.73,6,0,0,0,0,0,17.94,1,0,0,2026-06,1
FBJ-0009,2026-06-01,Madrugada,A,Antena,AP-02,565,-72.0,3,3,35.3,8.8,3.294,1.51,3,0,0,0,0,0,15.03,1,0,0,2026-06,1
FBJ-0011,2026-06-01,Madrugada,A,Antena,AP-02,440,-67.1,3,3,35.3,8.8,2.953,1.22,6,1,12,0,0,0,19.84,1,0,0,2026-06,1
FBJ-0012,2026-06-01,Madrugada,A,Antena,AP-01,631,-74.1,3,3,35.3,8.8,1.352,0.47,6,0,0,0,0,0,20.37,1,0,0,2026-06,1
FBJ-0022,2026-06-01,Madrugada,A,Antena,AP-02,838,-82.4,3,3,35.3,8.8,5.307,2.64,3,0,0,0,0,0,16.95,1,0,0,2026-06,1
FBJ-0034,2026-06-01,Madrugada,B,Antena,AP-02,604,-72.2,4,1,3.0,0.8,2.51,1.32,4,0,0,0,0,0,16.28,1,0,0,2026-06,1
FBJ-0005,2026-06-01,Mañana,A,Cable,,179,,9,8,61.7,15.4,8.894,1.87,4,0,0,0,0,0,33.42,0,0,0,2026-06,2
FBJ-0009,2026-06-01,Mañana,A,Antena,AP-02,565,-72.0,9,8,61.7,15.4,1.556,0.84,1,0,0,0,0,0,15.92,1,0,0,2026-06,2
FBJ-0018,2026-06-01,Mañana,A,Cable,,281,,9,8,61.7,15.4,5.838,1.16,6,0,0,0,0,0,33.54,0,0,0,2026-06,2
FBJ-0020,2026-06-01,Mañana,A,Antena,AP-01,244,-60.1,9,8,61.7,15.4,2.724,0.79,4,1,35,0,0,0,27.79,1,0,0,2026-06,2
FBJ-0022,2026-06-01,Mañana,A,Antena,AP-02,838,-82.4,9,8,61.7,15.4,3.584,1.88,6,0,0,0,0,0,13.96,1,0,0,2026-06,2
FBJ-0026,2026-06-01,Mañana,A,Antena,AP-02,283,-64.0,9,8,61.7,15.4,6.912,2.93,1,0,0,0,0,0,23.64,1,0,0,2026-06,2
FBJ-0030,2026-06-01,Mañana,A,Antena,AP-02,116,-54.6,9,8,61.7,15.4,8.263,2.28,6,0,0,0,0,0,28.06,1,0,0,2026-06,2
FBJ-0031,2026-06-01,Mañana,B,Cable,,202,,14,7,60.0,15.0,7.333,1.84,4,0,0,0,0,0,35.0,0,1,0,2026-06,2
FBJ-0033,2026-06-01,Mañana,B,Antena,AP-01,719,-77.6,14,7,60.0,15.0,2.299,1.11,3,0,0,0,0,0,17.81,1,0,0,2026-06,2
FBJ-0036,2026-06-01,Mañana,B,Antena,AP-01,831,-77.3,14,7,60.0,15.0,3.693,1.64,2,0,0,0,0,0,17.77,1,0,0,2026-06,2
FBJ-0037,2026-06-01,Mañana,B,Cable,,205,,14,7,60.0,15.0,7.966,1.76,1,0,0,0,0,0,34.55,0,0,0,2026-06,2
FBJ-0040,2026-06-01,Mañana,B,Antena,AP-01,564,-73.1,14,7,60.0,15.0,0.53,0.2,8,0,0,0,0,0,18.73,1,0,0,2026-06,2
FBJ-0042,2026-06-01,Mañana,B,Antena,AP-01,176,-53.0,14,7,60.0,15.0,5.239,1.13,5,0,0,0,0,0,33.19,1,0,0,2026-06,2
FBJ-0043,2026-06-01,Mañana,B,Cable,,318,,14,7,60.0,15.0,14.803,2.71,3,0,0,0,0,0,34.65,0,0,0,2026-06,2
FBJ-0045,2026-06-01,Mañana,B,Antena,AP-02,848,-81.7,14,7,60.0,15.0,3.516,1.88,1,0,0,0,0,0,14.58,1,0,0,2026-06,2
FBJ-0049,2026-06-01,Mañana,B,Cable,,350,,14,7,60.0,15.0,7.086,1.38,2,0,0,0,0,0,30.99,0,0,0,2026-06,2
FBJ-0057,2026-06-01,Mañana,B,Antena,AP-01,851,-81.4,14,7,60.0,15.0,5.779,2.75,8,0,0,0,0,0,21.46,1,0,0,2026-06,2
FBJ-0058,2026-06-01,Mañana,B,Antena,AP-02,308,-59.0,14,7,60.0,15.0,5.402,1.75,5,2,72,0,0,0,30.39,1,0,0,2026-06,2
FBJ-0001,2026-06-01,Tarde,A,Antena,AP-01,625,-74.5,14,9,107.7,26.9,4.33,2.41,5,0,0,0,0,0,17.06,1,0,0,2026-06,3
FBJ-0003,2026-06-01,Tarde,A,Antena,AP-02,392,-66.0,14,9,107.7,26.9,2.979,1.56,7,1,17,0,0,0,14.87,1,0,0,2026-06,3
FBJ-0007,2026-06-01,Tarde,A,Antena,AP-02,594,-68.6,14,9,107.7,26.9,3.677,1.48,5,2,38,0,0,0,18.56,1,0,0,2026-06,3
FBJ-0010,2026-06-01,Tarde,A,Antena,AP-01,482,-67.3,14,9,107.7,26.9,4.674,1.96,1,0,0,0,0,0,17.34,1,0,0,2026-06,3
FBJ-0013,2026-06-01,Tarde,A,Antena,AP-02,111,-56.0,14,9,107.7,26.9,8.36,2.19,8,2,20,0,0,0,35.0,1,1,0,2026-06,3
FBJ-0015,2026-06-01,Tarde,A,Antena,AP-02,894,-83.5,14,9,107.7,26.9,3.351,2.31,1,0,0,0,0,0,14.14,1,0,0,2026-06,3
FBJ-0021,2026-06-01,Tarde,A,Cable,,163,,14,9,107.7,26.9,5.337,1.65,6,0,0,0,0,0,35.0,0,1,0,2026-06,3
FBJ-0022,2026-06-01,Tarde,A,Antena,AP-02,838,-82.4,14,9,107.7,26.9,3.147,1.21,1,0,0,0,0,0,16.93,1,0,0,2026-06,3
FBJ-0023,2026-06-01,Tarde,A,Antena,AP-01,872,-78.5,14,9,107.7,26.9,1.209,0.92,2,1,18,0,0,0,15.79,1,0,0,2026-06,3
FBJ-0025,2026-06-01,Tarde,A,Antena,AP-01,575,-73.2,14,9,107.7,26.9,4.465,2.6,4,1,18,0,0,0,17.58,1,0,0,2026-06,3
FBJ-0026,2026-06-01,Tarde,A,Antena,AP-02,283,-64.0,14,9,107.7,26.9,2.383,1.13,2,0,0,0,0,0,23.68,1,0,0,2026-06,3
FBJ-0027,2026-06-01,Tarde,A,Cable,,85,,14,9,107.7,26.9,8.11,1.89,7,0,0,0,0,0,33.34,0,0,0,2026-06,3
FBJ-0031,2026-06-01,Tarde,B,Cable,,202,,13,11,89.5,22.4,1.22,0.34,8,0,0,0,0,0,32.77,0,0,0,2026-06,3
FBJ-0034,2026-06-01,Tarde,B,Antena,AP-02,604,-72.2,13,11,89.5,22.4,1.991,1.32,5,0,0,0,0,0,12.46,1,0,0,2026-06,3
FBJ-0037,2026-06-01,Tarde,B,Cable,,205,,13,11,89.5,22.4,7.028,2.0,7,1,34,0,0,0,30.61,0,0,0,2026-06,3
FBJ-0039,2026-06-01,Tarde,B,Cable,,288,,13,11,89.5,22.4,9.38,1.83,1,0,0,0,0,0,35.0,0,1,0,2026-06,3
FBJ-0040,2026-06-01,Tarde,B,Antena,AP-01,564,-73.1,13,11,89.5,22.4,6.903,2.77,4,0,0,0,0,0,24.36,1,0,0,2026-06,3
FBJ-0041,2026-06-01,Tarde,B,Antena,AP-02,509,-69.1,13,11,89.5,22.4,2.666,1.69,6,0,0,0,0,0,14.76,1,0,0,2026-06,3
FBJ-0042,2026-06-01,Tarde,B,Antena,AP-01,176,-53.0,13,11,89.5,22.4,7.444,1.61,7,0,0,0,0,0,35.0,1,1,0,2026-06,3
FBJ-0045,2026-06-01,Tarde,B,Antena,AP-02,848,-81.7,13,11,89.5,22.4,0.98,0.56,2,1,38,0,0,0,11.23,1,0,0,2026-06,3
FBJ-0049,2026-06-01,Tarde,B,Cable,,350,,13,11,89.5,22.4,9.748,1.79,7,0,0,0,0,0,34.67,0,0,0,2026-06,3
FBJ-0054,2026-06-01,Tarde,B,Antena,AP-02,302,-59.5,13,11,89.5,22.4,4.297,1.8,2,1,39,0,0,0,22.94,1,0,0,2026-06,3
FBJ-0058,2026-06-01,Tarde,B,Antena,AP-02,308,-59.0,13,11,89.5,22.4,4.175,1.11,1,0,0,0,0,0,27.66,1,0,0,2026-06,3
FBJ-0059,2026-06-01,Tarde,B,Cable,,107,,13,11,89.5,22.4,6.76,1.61,4,0,0,0,0,0,35.0,0,1,0,2026-06,3
FBJ-0060,2026-06-01,Tarde,B,Cable,,110,,13,11,89.5,22.4,8.784,2.1,3,0,0,0,0,0,35.0,0,1,0,2026-06,3
FBJ-0003,2026-06-01,Noche,A,Antena,AP-02,392,-66.0,18,13,120.8,30.2,4.978,3.23,2,0,0,0,0,0,14.89,1,0,0,2026-06,4
FBJ-0004,2026-06-01,Noche,A,Cable,,322,,18,13,120.8,30.2,11.272,2.86,2,1,32,0,0,0,33.86,0,0,0,2026-06,4
FBJ-0007,2026-06-01,Noche,A,Antena,AP-02,594,-68.6,18,13,120.8,30.2,4.02,1.8,2,0,0,0,0,0,20.83,1,0,0,2026-06,4
FBJ-0010,2026-06-01,Noche,A,Antena,AP-01,482,-67.3,18,13,120.8,30.2,7.728,3.38,4,0,0,0,0,0,16.59,1,0,0,2026-06,4
FBJ-0011,2026-06-01,Noche,A,Antena,AP-02,440,-67.1,18,13,120.8,30.2,4.271,2.21,6,0,0,0,0,0,18.94,1,0,0,2026-06,4
FBJ-0012,2026-06-01,Noche,A,Antena,AP-01,631,-74.1,18,13,120.8,30.2,0.574,0.33,1,0,0,0,0,0,14.59,1,0,0,2026-06,4
FBJ-0013,2026-06-01,Noche,A,Antena,AP-02,111,-56.0,18,13,120.8,30.2,5.169,2.3,4,0,0,0,0,0,25.6,1,0,0,2026-06,4
FBJ-0014,2026-06-01,Noche,A,Antena,AP-01,319,-62.5,18,13,120.8,30.2,6.614,2.76,8,0,0,0,0,0,17.69,1,0,0,2026-06,4
FBJ-0015,2026-06-01,Noche,A,Antena,AP-02,894,-83.5,18,13,120.8,30.2,8.605,3.65,7,3,93,0,0,0,19.38,1,0,0,2026-06,4
FBJ-0019,2026-06-01,Noche,A,Cable,,81,,18,13,120.8,30.2,5.882,1.5,6,0,0,0,0,0,33.81,0,0,0,2026-06,4
FBJ-0021,2026-06-01,Noche,A,Cable,,163,,18,13,120.8,30.2,5.438,2.27,2,0,0,0,0,0,22.91,0,0,0,2026-06,4
FBJ-0023,2026-06-01,Noche,A,Antena,AP-01,872,-78.5,18,13,120.8,30.2,5.11,2.48,1,0,0,0,0,0,17.44,1,0,0,2026-06,4
FBJ-0024,2026-06-01,Noche,A,Antena,AP-02,169,-58.3,18,13,120.8,30.2,5.569,2.53,6,0,0,0,0,0,20.69,1,0,0,2026-06,4
FBJ-0025,2026-06-01,Noche,A,Antena,AP-01,575,-73.2,18,13,120.8,30.2,4.029,2.63,2,0,0,0,0,0,13.07,1,0,0,2026-06,4
FBJ-0026,2026-06-01,Noche,A,Antena,AP-02,283,-64.0,18,13,120.8,30.2,5.681,2.63,7,0,0,0,0,0,20.66,1,0,0,2026-06,4
FBJ-0027,2026-06-01,Noche,A,Cable,,85,,18,13,120.8,30.2,11.301,2.45,4,0,0,0,0,0,35.0,0,1,0,2026-06,4
FBJ-0029,2026-06-01,Noche,A,Cable,,251,,18,13,120.8,30.2,11.571,3.32,3,0,0,0,0,0,28.57,0,0,0,2026-06,4
FBJ-0031,2026-06-01,Noche,B,Cable,,202,,16,11,138.8,34.7,8.488,3.16,7,0,0,0,0,0,32.56,0,0,0,2026-06,4
FBJ-0032,2026-06-01,Noche,B,Cable,,302,,16,11,138.8,34.7,14.605,3.09,1,0,0,0,0,0,35.0,0,1,0,2026-06,4
FBJ-0033,2026-06-01,Noche,B,Antena,AP-01,719,-77.6,16,11,138.8,34.7,7.588,3.46,1,0,0,0,0,0,13.48,1,0,0,2026-06,4
FBJ-0034,2026-06-01,Noche,B,Antena,AP-02,604,-72.2,16,11,138.8,34.7,2.91,1.15,3,0,0,0,0,0,19.42,1,0,0,2026-06,4
FBJ-0035,2026-06-01,Noche,B,Cable,,154,,16,11,138.8,34.7,8.79,2.14,3,0,0,0,0,0,30.4,0,0,0,2026-06,4
FBJ-0036,2026-06-01,Noche,B,Antena,AP-01,831,-77.3,16,11,138.8,34.7,4.127,2.13,6,1,14,0,0,0,18.69,1,0,0,2026-06,4
FBJ-0039,2026-06-01,Noche,B,Cable,,288,,16,11,138.8,34.7,11.1,2.91,6,0,0,0,0,0,32.19,0,0,0,2026-06,4
FBJ-0042,2026-06-01,Noche,B,Antena,AP-01,176,-53.0,16,11,138.8,34.7,13.014,3.12,3,0,0,0,0,0,26.69,1,0,0,2026-06,4
FBJ-0043,2026-06-01,Noche,B,Cable,,318,,16,11,138.8,34.7,11.272,2.32,1,0,0,0,0,0,33.56,0,0,0,2026-06,4
FBJ-0044,2026-06-01,Noche,B,Cable,,86,,16,11,138.8,34.7,4.849,1.41,3,0,0,0,0,0,28.05,0,0,0,2026-06,4
FBJ-0046,2026-06-01,Noche,B,Antena,AP-01,177,-50.9,16,11,138.8,34.7,8.873,1.65,6,0,0,0,0,0,35.0,1,1,0,2026-06,4
FBJ-0047,2026-06-01,Noche,B,Antena,AP-02,453,-71.2,16,11,138.8,34.7,7.236,2.76,1,0,0,0,0,0,20.54,1,0,0,2026-06,4
FBJ-0049,2026-06-01,Noche,B,Cable,,350,,16,11,138.8,34.7,8.721,1.93,8,0,0,0,0,0,35.0,0,1,0,2026-06,4
FBJ-0051,2026-06-01,Noche,B,Cable,,42,,16,11,138.8,34.7,11.951,2.93,2,0,0,0,0,0,35.0,0,1,0,2026-06,4
FBJ-0054,2026-06-01,Noche,B,Antena,AP-02,302,-59.5,16,11,138.8,34.7,5.832,1.82,8,0,0,0,0,0,23.09,1,0,0,2026-06,4
FBJ-0059,2026-06-01,Noche,B,Cable,,107,,16,11,138.8,34.7,10.251,2.75,2,0,0,0,0,0,28.38,0,0,0,2026-06,4
FBJ-0060,2026-06-01,Noche,B,Cable,,110,,16,11,138.8,34.7,13.365,3.22,3,0,0,0,0,0,34.63,0,0,0,2026-06,4
FBJ-0012,2026-06-02,Madrugada,A,Antena,AP-01,631,-74.1,1,1,6.7,1.7,4.162,1.99,7,0,0,0,0,0,21.42,1,0,1,2026-06,1
FBJ-0035,2026-06-02,Madrugada,B,Cable,,154,,4,2,13.9,3.5,3.205,0.66,7,0,0,0,0,0,35.0,0,1,1,2026-06,1
FBJ-0047,2026-06-02,Madrugada,B,Antena,AP-02,453,-71.2,4,2,13.9,3.5,2.886,1.79,3,0,0,0,0,0,14.92,1,0,1,2026-06,1
FBJ-0001,2026-06-02,Mañana,A,Antena,AP-01,625,-74.5,6,5,58.3,14.6,0.474,0.2,6,0,0,0,0,0,17.22,1,0,1,2026-06,2
FBJ-0007,2026-06-02,Mañana,A,Antena,AP-02,594,-68.6,6,5,58.3,14.6,1.824,1.41,5,0,0,0,0,0,12.08,1,0,1,2026-06,2
FBJ-0010,2026-06-02,Mañana,A,Antena,AP-01,482,-67.3,6,5,58.3,14.6,3.926,2.02,4,0,0,0,0,0,19.98,1,0,1,2026-06,2
FBJ-0012,2026-06-02,Mañana,A,Antena,AP-01,631,-74.1,6,5,58.3,14.6,2.322,1.05,8,0,0,0,0,0,17.97,1,0,1,2026-06,2
FBJ-0020,2026-06-02,Mañana,A,Antena,AP-01,244,-60.1,6,5,58.3,14.6,0.793,0.25,1,0,0,0,0,0,24.93,1,0,1,2026-06,2
FBJ-0021,2026-06-02,Mañana,A,Cable,,163,,6,5,58.3,14.6,7.513,2.11,5,0,0,0,0,0,35.0,0,1,1,2026-06,2
FBJ-0024,2026-06-02,Mañana,A,Antena,AP-02,169,-58.3,6,5,58.3,14.6,3.076,1.13,4,0,0,0,0,0,21.88,1,0,1,2026-06,2
FBJ-0025,2026-06-02,Mañana,A,Antena,AP-01,575,-73.2,6,5,58.3,14.6,0.532,0.34,8,1,34,0,0,0,13.85,1,0,1,2026-06,2
FBJ-0026,2026-06-02,Mañana,A,Antena,AP-02,283,-64.0,6,5,58.3,14.6,0.964,0.36,3,0,0,0,0,0,21.72,1,0,1,2026-06,2
FBJ-0032,2026-06-02,Mañana,B,Cable,,302,,12,9,54.7,13.7,5.791,1.43,5,0,0,0,0,0,31.9,0,0,1,2026-06,2
FBJ-0033,2026-06-02,Mañana,B,Antena,AP-01,719,-77.6,12,9,54.7,13.7,3.283,1.43,1,0,0,0,0,0,18.9,1,0,1,2026-06,2
FBJ-0035,2026-06-02,Mañana,B,Cable,,154,,12,9,54.7,13.7,9.274,2.7,1,0,0,0,0,0,30.36,0,0,1,2026-06,2
FBJ-0037,2026-06-02,Mañana,B,Cable,,205,,12,9,54.7,13.7,5.318,1.74,4,0,0,0,0,0,31.4,0,0,1,2026-06,2
FBJ-0039,2026-06-02,Mañana,B,Cable,,288,,12,9,54.7,13.7,11.052,2.28,4,0,0,0,0,0,35.0,0,1,1,2026-06,2
FBJ-0044,2026-06-02,Mañana,B,Cable,,86,,12,9,54.7,13.7,3.066,0.62,3,0,0,0,0,0,35.0,0,1,1,2026-06,2
FBJ-0047,2026-06-02,Mañana,B,Antena,AP-02,453,-71.2,12,9,54.7,13.7,4.909,1.59,1,0,0,0,0,0,22.64,1,0,1,2026-06,2
FBJ-0049,2026-06-02,Mañana,B,Cable,,350,,12,9,54.7,13.7,4.385,1.05,3,0,0,0,0,0,35.0,0,1,1,2026-06,2
FBJ-0052,2026-06-02,Mañana,B,Cable,,288,,12,9,54.7,13.7,8.299,2.52,5,0,0,0,0,0,33.5,0,0,1,2026-06,2
FBJ-0053,2026-06-02,Mañana,B,Antena,AP-01,245,-55.9,12,9,54.7,13.7,9.391,2.3,3,0,0,0,0,0,27.62,1,0,1,2026-06,2
FBJ-0054,2026-06-02,Mañana,B,Antena,AP-02,302,-59.5,12,9,54.7,13.7,2.425,0.63,3,0,0,0,0,0,26.42,1,0,1,2026-06,2
FBJ-0056,2026-06-02,Mañana,B,Antena,AP-02,549,-70.0,12,9,54.7,13.7,1.451,0.74,5,1,38,0,0,0,17.69,1,0,1,2026-06,2
FBJ-0058,2026-06-02,Mañana,B,Antena,AP-02,308,-59.0,12,9,54.7,13.7,2.746,1.18,2,1,28,0,0,0,18.87,1,0,1,2026-06,2
FBJ-0059,2026-06-02,Mañana,B,Cable,,107,,12,9,54.7,13.7,6.344,1.48,8,1,15,0,0,0,34.79,0,0,1,2026-06,2
FBJ-0001,2026-06-02,Tarde,A,Antena,AP-01,625,-74.5,11,7,62.1,15.5,2.697,1.52,1,0,0,0,0,0,16.26,1,0,1,2026-06,3
FBJ-0004,2026-06-02,Tarde,A,Cable,,322,,11,7,62.1,15.5,5.457,1.46,3,0,0,0,0,0,32.58,0,0,1,2026-06,3
FBJ-0010,2026-06-02,Tarde,A,Antena,AP-01,482,-67.3,11,7,62.1,15.5,5.235,2.3,8,0,0,0,0,0,22.29,1,0,1,2026-06,3
FBJ-0011,2026-06-02,Tarde,A,Antena,AP-02,440,-67.1,11,7,62.1,15.5,0.778,0.36,5,0,0,0,0,0,16.79,1,0,1,2026-06,3
FBJ-0015,2026-06-02,Tarde,A,Antena,AP-02,894,-83.5,11,7,62.1,15.5,4.27,1.59,5,2,6,0,0,0,24.79,1,0,1,2026-06,3
FBJ-0018,2026-06-02,Tarde,A,Cable,,281,,11,7,62.1,15.5,5.488,1.37,2,1,6,0,0,0,28.12,0,0,1,2026-06,3
FBJ-0019,2026-06-02,Tarde,A,Cable,,81,,11,7,62.1,15.5,5.958,2.06,2,0,0,0,0,0,27.16,0,0,1,2026-06,3
FBJ-0021,2026-06-02,Tarde,A,Cable,,163,,11,7,62.1,15.5,5.306,1.34,1,0,0,0,0,0,33.97,0,0,1,2026-06,3
FBJ-0022,2026-06-02,Tarde,A,Antena,AP-02,838,-82.4,11,7,62.1,15.5,6.448,2.16,4,1,25,0,0,0,18.84,1,0,1,2026-06,3
FBJ-0023,2026-06-02,Tarde,A,Antena,AP-01,872,-78.5,11,7,62.1,15.5,3.163,1.95,8,0,0,0,0,0,18.52,1,0,1,2026-06,3
FBJ-0026,2026-06-02,Tarde,A,Antena,AP-02,283,-64.0,11,7,62.1,15.5,4.9,1.49,7,0,0,0,0,0,24.93,1,0,1,2026-06,3
FBJ-0027,2026-06-02,Tarde,A,Cable,,85,,11,7,62.1,15.5,7.67,1.41,2,0,0,0,0,0,34.38,0,0,1,2026-06,3
FBJ-0029,2026-06-02,Tarde,A,Cable,,251,,11,7,62.1,15.5,6.504,2.08,2,1,15,0,0,0,35.0,0,1,1,2026-06,3
FBJ-0030,2026-06-02,Tarde,A,Antena,AP-02,116,-54.6,11,7,62.1,15.5,8.198,2.05,2,1,29,0,0,0,31.91,1,0,1,2026-06,3
FBJ-0031,2026-06-02,Tarde,B,Cable,,202,,17,12,87.4,21.8,0.608,0.2,7,0,0,0,0,0,28.41,0,0,1,2026-06,3
FBJ-0036,2026-06-02,Tarde,B,Antena,AP-01,831,-77.3,17,12,87.4,21.8,4.079,1.44,4,0,0,0,0,0,20.66,1,0,1,2026-06,3
FBJ-0037,2026-06-02,Tarde,B,Cable,,205,,17,12,87.4,21.8,5.717,1.69,6,0,0,0,0,0,35.0,0,1,1,2026-06,3
FBJ-0039,2026-06-02,Tarde,B,Cable,,288,,17,12,87.4,21.8,6.365,2.43,3,0,0,0,0,0,26.17,0,0,1,2026-06,3
FBJ-0041,2026-06-02,Tarde,B,Antena,AP-02,509,-69.1,17,12,87.4,21.8,3.735,1.46,6,0,0,0,0,0,15.77,1,0,1,2026-06,3
FBJ-0043,2026-06-02,Tarde,B,Cable,,318,,17,12,87.4,21.8,4.3,1.27,1,0,0,0,0,0,25.09,0,0,1,2026-06,3
FBJ-0044,2026-06-02,Tarde,B,Cable,,86,,17,12,87.4,21.8,8.503,1.86,8,0,0,0,0,0,35.0,0,1,1,2026-06,3
FBJ-0047,2026-06-02,Tarde,B,Antena,AP-02,453,-71.2,17,12,87.4,21.8,6.171,2.5,7,0,0,0,0,0,20.32,1,0,1,2026-06,3
FBJ-0048,2026-06-02,Tarde,B,Antena,AP-01,721,-80.9,17,12,87.4,21.8,6.376,2.18,8,1,8,0,0,0,25.68,1,0,1,2026-06,3
FBJ-0050,2026-06-02,Tarde,B,Antena,AP-02,277,-61.0,17,12,87.4,21.8,4.143,1.15,1,1,6,0,0,0,27.07,1,0,1,2026-06,3
FBJ-0058,2026-06-02,Tarde,B,Antena,AP-02,308,-59.0,17,12,87.4,21.8,3.685,1.87,1,0,0,0,0,0,18.24,1,0,1,2026-06,3
FBJ-0060,2026-06-02,Tarde,B,Cable,,110,,17,12,87.4,21.8,1.76,0.59,7,0,0,0,0,0,30.54,0,0,1,2026-06,3
FBJ-0001,2026-06-02,Noche,A,Antena,AP-01,625,-74.5,14,11,71.5,17.9,5.666,3.16,4,1,10,0,0,0,16.77,1,0,1,2026-06,4
FBJ-0003,2026-06-02,Noche,A,Antena,AP-02,392,-66.0,14,11,71.5,17.9,9.669,3.13,4,0,0,0,0,0,19.13,1,0,1,2026-06,4
FBJ-0004,2026-06-02,Noche,A,Cable,,322,,14,11,71.5,17.9,8.168,2.18,1,0,0,0,0,0,35.0,0,1,1,2026-06,4
FBJ-0005,2026-06-02,Noche,A,Cable,,179,,14,11,71.5,17.9,10.367,2.75,7,0,0,0,0,0,33.5,0,0,1,2026-06,4
FBJ-0009,2026-06-02,Noche,A,Antena,AP-02,565,-72.0,14,11,71.5,17.9,5.628,2.99,8,0,0,0,0,0,13.03,1,0,1,2026-06,4
FBJ-0013,2026-06-02,Noche,A,Antena,AP-02,111,-56.0,14,11,71.5,17.9,7.294,2.71,7,0,0,0,0,0,25.81,1,0,1,2026-06,4
FBJ-0014,2026-06-02,Noche,A,Antena,AP-01,319,-62.5,14,11,71.5,17.9,7.759,2.35,3,0,0,0,0,0,25.88,1,0,1,2026-06,4
FBJ-0015,2026-06-02,Noche,A,Antena,AP-02,894,-83.5,14,11,71.5,17.9,6.894,3.08,4,0,0,0,0,0,17.62,1,0,1,2026-06,4
FBJ-0019,2026-06-02,Noche,A,Cable,,81,,14,11,71.5,17.9,13.793,2.84,5,0,0,0,0,0,35.0,0,1,1,2026-06,4
FBJ-0020,2026-06-02,Noche,A,Antena,AP-01,244,-60.1,14,11,71.5,17.9,7.328,3.27,8,0,0,0,0,0,18.71,1,0,1,2026-06,4
FBJ-0021,2026-06-02,Noche,A,Cable,,163,,14,11,71.5,17.9,9.183,2.54,5,0,0,0,0,0,35.0,0,1,1,2026-06,4
FBJ-0024,2026-06-02,Noche,A,Antena,AP-02,169,-58.3,14,11,71.5,17.9,5.411,1.98,4,0,0,0,0,0,24.44,1,0,1,2026-06,4
FBJ-0025,2026-06-02,Noche,A,Antena,AP-01,575,-73.2,14,11,71.5,17.9,5.966,3.56,4,0,0,0,0,0,17.42,1,0,1,2026-06,4
FBJ-0027,2026-06-02,Noche,A,Cable,,85,,14,11,71.5,17.9,17.718,3.43,7,0,0,0,0,0,35.0,0,1,1,2026-06,4
FBJ-0029,2026-06-02,Noche,A,Cable,,251,,14,11,71.5,17.9,15.071,3.2,3,0,0,0,0,0,34.85,0,0,1,2026-06,4
FBJ-0031,2026-06-02,Noche,B,Cable,,202,,18,13,90.4,22.6,8.396,2.81,2,0,0,0,0,0,30.27,0,0,1,2026-06,4
FBJ-0033,2026-06-02,Noche,B,Antena,AP-01,719,-77.6,18,13,90.4,22.6,7.393,2.6,7,1,5,0,0,0,16.88,1,0,1,2026-06,4
FBJ-0034,2026-06-02,Noche,B,Antena,AP-02,604,-72.2,18,13,90.4,22.6,5.893,2.39,2,0,0,0,0,0,15.7,1,0,1,2026-06,4
FBJ-0035,2026-06-02,Noche,B,Cable,,154,,18,13,90.4,22.6,5.172,1.91,1,0,0,0,0,0,28.1,0,0,1,2026-06,4
FBJ-0037,2026-06-02,Noche,B,Cable,,205,,18,13,90.4,22.6,6.306,1.94,6,0,0,0,0,0,29.95,0,0,1,2026-06,4
FBJ-0039,2026-06-02,Noche,B,Cable,,288,,18,13,90.4,22.6,14.044,3.5,3,0,0,0,0,0,31.58,0,0,1,2026-06,4
FBJ-0041,2026-06-02,Noche,B,Antena,AP-02,509,-69.1,18,13,90.4,22.6,2.33,1.36,1,0,0,0,0,0,15.57,1,0,1,2026-06,4
FBJ-0042,2026-06-02,Noche,B,Antena,AP-01,176,-53.0,18,13,90.4,22.6,4.675,1.68,4,0,0,0,0,0,18.67,1,0,1,2026-06,4
FBJ-0046,2026-06-02,Noche,B,Antena,AP-01,177,-50.9,18,13,90.4,22.6,4.966,1.62,7,0,0,0,0,0,28.62,1,0,1,2026-06,4
FBJ-0047,2026-06-02,Noche,B,Antena,AP-02,453,-71.2,18,13,90.4,22.6,3.72,2.61,8,0,0,0,0,0,11.13,1,0,1,2026-06,4
FBJ-0048,2026-06-02,Noche,B,Antena,AP-01,721,-80.9,18,13,90.4,22.6,3.332,2.45,8,0,0,0,0,0,13.79,1,0,1,2026-06,4
FBJ-0049,2026-06-02,Noche,B,Cable,,350,,18,13,90.4,22.6,6.189,1.19,2,1,11,0,0,0,35.0,0,1,1,2026-06,4
FBJ-0050,2026-06-02,Noche,B,Antena,AP-02,277,-61.0,18,13,90.4,22.6,5.203,1.51,6,0,0,0,0,0,25.68,1,0,1,2026-06,4
FBJ-0052,2026-06-02,Noche,B,Cable,,288,,18,13,90.4,22.6,8.556,2.24,8,0,0,0,0,0,26.25,0,0,1,2026-06,4
FBJ-0053,2026-06-02,Noche,B,Antena,AP-01,245,-55.9,18,13,90.4,22.6,8.401,3.11,4,0,0,0,0,0,17.77,1,0,1,2026-06,4
FBJ-0054,2026-06-02,Noche,B,Antena,AP-02,302,-59.5,18,13,90.4,22.6,6.532,2.12,2,0,0,0,0,0,24.3,1,0,1,2026-06,4
FBJ-0056,2026-06-02,Noche,B,Antena,AP-02,549,-70.0,18,13,90.4,22.6,5.325,2.93,3,0,0,0,0,0,17.22,1,0,1,2026-06,4
FBJ-0059,2026-06-02,Noche,B,Cable,,107,,18,13,90.4,22.6,9.419,3.63,8,0,0,0,0,0,22.81,0,0,1,2026-06,4
FBJ-0032,2026-06-03,Madrugada,B,Cable,,302,,7,5,30.6,7.6,2.717,0.8,4,1,8,0,0,0,28.78,0,0,2,2026-06,1
FBJ-0037,2026-06-03,Madrugada,B,Cable,,205,,7,5,30.6,7.6,5.175,1.29,6,0,0,0,0,0,35.0,0,1,2,2026-06,1
FBJ-0051,2026-06-03,Madrugada,B,Cable,,42,,7,5,30.6,7.6,1.142,0.27,1,0,0,0,0,0,26.42,0,0,2,2026-06,1
FBJ-0001,2026-06-03,Mañana,A,Antena,AP-01,625,-74.5,8,6,66.3,16.6,4.801,1.78,2,0,0,0,0,0,19.84,1,0,2,2026-06,2
FBJ-0004,2026-06-03,Mañana,A,Cable,,322,,8,6,66.3,16.6,6.856,2.05,4,1,9,0,0,0,35.0,0,1,2,2026-06,2
FBJ-0005,2026-06-03,Mañana,A,Cable,,179,,8,6,66.3,16.6,10.683,3.23,8,0,0,0,0,0,27.91,0,0,2,2026-06,2
FBJ-0013,2026-06-03,Mañana,A,Antena,AP-02,111,-56.0,8,6,66.3,16.6,5.627,2.12,1,0,0,0,0,0,29.07,1,0,2,2026-06,2
FBJ-0018,2026-06-03,Mañana,A,Cable,,281,,8,6,66.3,16.6,9.733,1.87,6,0,0,0,0,0,35.0,0,1,2,2026-06,2
FBJ-0022,2026-06-03,Mañana,A,Antena,AP-02,838,-82.4,8,6,66.3,16.6,4.14,2.12,8,0,0,0,0,0,17.47,1,0,2,2026-06,2
FBJ-0026,2026-06-03,Mañana,A,Antena,AP-02,283,-64.0,8,6,66.3,16.6,3.892,1.7,8,0,0,0,0,0,24.6,1,0,2,2026-06,2
FBJ-0031,2026-06-03,Mañana,B,Cable,,202,,11,6,33.8,8.5,6.304,1.94,6,0,0,0,0,0,33.95,0,0,2,2026-06,2
FBJ-0033,2026-06-03,Mañana,B,Antena,AP-01,719,-77.6,11,6,33.8,8.5,3.452,1.28,3,0,0,0,0,0,16.17,1,0,2,2026-06,2
FBJ-0035,2026-06-03,Mañana,B,Cable,,154,,11,6,33.8,8.5,10.482,3.33,4,1,5,0,0,0,35.0,0,1,2,2026-06,2
FBJ-0036,2026-06-03,Mañana,B,Antena,AP-01,831,-77.3,11,6,33.8,8.5,3.586,1.01,7,1,18,0,0,0,24.13,1,0,2,2026-06,2
FBJ-0041,2026-06-03,Mañana,B,Antena,AP-02,509,-69.1,11,6,33.8,8.5,3.304,2.33,6,0,0,0,0,0,12.87,1,0,2,2026-06,2
FBJ-0042,2026-06-03,Mañana,B,Antena,AP-01,176,-53.0,11,6,33.8,8.5,3.819,0.79,3,0,0,0,0,0,31.43,1,0,2,2026-06,2
FBJ-0046,2026-06-03,Mañana,B,Antena,AP-01,177,-50.9,11,6,33.8,8.5,11.969,2.53,2,0,0,0,0,0,32.01,1,0,2,2026-06,2
FBJ-0049,2026-06-03,Mañana,B,Cable,,350,,11,6,33.8,8.5,9.467,1.63,6,0,0,0,0,0,35.0,0,1,2,2026-06,2
FBJ-0051,2026-06-03,Mañana,B,Cable,,42,,11,6,33.8,8.5,8.397,2.15,3,0,0,0,0,0,35.0,0,1,2,2026-06,2
FBJ-0052,2026-06-03,Mañana,B,Cable,,288,,11,6,33.8,8.5,5.583,1.83,3,0,0,0,0,0,27.63,0,0,2,2026-06,2
FBJ-0053,2026-06-03,Mañana,B,Antena,AP-01,245,-55.9,11,6,33.8,8.5,8.915,1.89,5,0,0,0,0,0,28.7,1,0,2,2026-06,2
FBJ-0057,2026-06-03,Mañana,B,Antena,AP-01,851,-81.4,11,6,33.8,8.5,4.696,2.49,6,0,0,0,0,0,14.59,1,0,2,2026-06,2
FBJ-0059,2026-06-03,Mañana,B,Cable,,107,,11,6,33.8,8.5,6.011,1.78,7,0,0,0,0,0,31.64,0,0,2,2026-06,2
FBJ-0003,2026-06-03,Tarde,A,Antena,AP-02,392,-66.0,12,8,94.8,23.7,3.949,2.08,3,0,0,0,0,0,16.03,1,0,2,2026-06,3
FBJ-0004,2026-06-03,Tarde,A,Cable,,322,,12,8,94.8,23.7,4.487,1.48,1,0,0,0,0,0,30.96,0,0,2,2026-06,3
FBJ-0005,2026-06-03,Tarde,A,Cable,,179,,12,8,94.8,23.7,4.597,1.37,5,0,0,0,0,0,25.37,0,0,2,2026-06,3
FBJ-0010,2026-06-03,Tarde,A,Antena,AP-01,482,-67.3,12,8,94.8,23.7,3.514,2.07,7,0,0,0,0,0,13.27,1,0,2,2026-06,3
FBJ-0015,2026-06-03,Tarde,A,Antena,AP-02,894,-83.5,12,8,94.8,23.7,3.601,2.15,3,0,0,0,0,0,16.25,1,0,2,2026-06,3
FBJ-0019,2026-06-03,Tarde,A,Cable,,81,,12,8,94.8,23.7,6.16,1.83,6,0,0,0,0,0,34.1,0,0,2,2026-06,3
FBJ-0020,2026-06-03,Tarde,A,Antena,AP-01,244,-60.1,12,8,94.8,23.7,7.693,2.06,5,0,0,0,0,0,33.07,1,0,2,2026-06,3
FBJ-0023,2026-06-03,Tarde,A,Antena,AP-01,872,-78.5,12,8,94.8,23.7,2.728,1.85,7,0,0,0,0,0,15.93,1,0,2,2026-06,3
FBJ-0026,2026-06-03,Tarde,A,Antena,AP-02,283,-64.0,12,8,94.8,23.7,0.822,0.28,2,0,0,0,0,0,25.64,1,0,2,2026-06,3
FBJ-0027,2026-06-03,Tarde,A,Cable,,85,,12,8,94.8,23.7,7.957,1.44,6,0,0,0,0,0,35.0,0,1,2,2026-06,3
FBJ-0029,2026-06-03,Tarde,A,Cable,,251,,12,8,94.8,23.7,4.623,1.44,5,0,0,0,0,0,28.05,0,0,2,2026-06,3
FBJ-0030,2026-06-03,Tarde,A,Antena,AP-02,116,-54.6,12,8,94.8,23.7,5.677,1.93,1,0,0,0,0,0,23.52,1,0,2,2026-06,3
FBJ-0031,2026-06-03,Tarde,B,Cable,,202,,9,7,30.7,7.7,5.156,1.78,7,0,0,0,0,0,35.0,0,1,2,2026-06,3
FBJ-0037,2026-06-03,Tarde,B,Cable,,205,,9,7,30.7,7.7,3.527,1.52,8,0,0,0,0,0,29.24,0,0,2,2026-06,3
FBJ-0039,2026-06-03,Tarde,B,Cable,,288,,9,7,30.7,7.7,4.952,1.42,5,0,0,0,0,0,30.95,0,0,2,2026-06,3
FBJ-0041,2026-06-03,Tarde,B,Antena,AP-02,509,-69.1,9,7,30.7,7.7,2.006,1.39,6,0,0,0,0,0,14.37,1,0,2,2026-06,3
FBJ-0045,2026-06-03,Tarde,B,Antena,AP-02,848,-81.7,9,7,30.7,7.7,3.054,1.35,8,1,30,0,0,0,19.23,1,0,2,2026-06,3
FBJ-0048,2026-06-03,Tarde,B,Antena,AP-01,721,-80.9,9,7,30.7,7.7,1.05,0.67,7,2,40,0,0,0,13.67,1,0,2,2026-06,3
FBJ-0050,2026-06-03,Tarde,B,Antena,AP-02,277,-61.0,9,7,30.7,7.7,5.393,1.98,4,0,0,0,0,0,23.52,1,0,2,2026-06,3
FBJ-0058,2026-06-03,Tarde,B,Antena,AP-02,308,-59.0,9,7,30.7,7.7,0.509,0.2,6,0,0,0,0,0,21.6,1,0,2,2026-06,3
FBJ-0001,2026-06-03,Noche,A,Antena,AP-01,625,-74.5,13,8,73.6,18.4,4.034,2.32,2,0,0,0,0,0,12.87,1,0,2,2026-06,4
FBJ-0003,2026-06-03,Noche,A,Antena,AP-02,392,-66.0,13,8,73.6,18.4,6.154,3.06,6,0,0,0,0,0,16.94,1,0,2,2026-06,4
FBJ-0007,2026-06-03,Noche,A,Antena,AP-02,594,-68.6,13,8,73.6,18.4,3.437,1.95,4,0,0,0,0,0,17.74,1,0,2,2026-06,4
FBJ-0009,2026-06-03,Noche,A,Antena,AP-02,565,-72.0,13,8,73.6,18.4,4.664,3.12,8,0,0,0,0,0,14.2,1,0,2,2026-06,4
FBJ-0010,2026-06-03,Noche,A,Antena,AP-01,482,-67.3,13,8,73.6,18.4,3.7,1.82,7,0,0,0,0,0,20.45,1,0,2,2026-06,4
FBJ-0011,2026-06-03,Noche,A,Antena,AP-02,440,-67.1,13,8,73.6,18.4,7.787,2.9,7,0,0,0,0,0,25.96,1,0,2,2026-06,4
FBJ-0012,2026-06-03,Noche,A,Antena,AP-01,631,-74.1,13,8,73.6,18.4,4.361,2.35,3,0,0,0,0,0,19.93,1,0,2,2026-06,4
FBJ-0018,2026-06-03,Noche,A,Cable,,281,,13,8,73.6,18.4,10.751,2.36,2,0,0,0,0,0,35.0,0,1,2,2026-06,4
FBJ-0019,2026-06-03,Noche,A,Cable,,81,,13,8,73.6,18.4,7.74,2.37,3,0,0,0,0,0,30.33,0,0,2,2026-06,4
FBJ-0020,2026-06-03,Noche,A,Antena,AP-01,244,-60.1,13,8,73.6,18.4,7.167,2.0,5,0,0,0,0,0,28.49,1,0,2,2026-06,4
FBJ-0021,2026-06-03,Noche,A,Cable,,163,,13,8,73.6,18.4,7.794,2.45,2,0,0,0,0,0,35.0,0,1,2,2026-06,4
FBJ-0022,2026-06-03,Noche,A,Antena,AP-02,838,-82.4,13,8,73.6,18.4,3.659,1.86,5,0,0,0,0,0,19.19,1,0,2,2026-06,4
FBJ-0023,2026-06-03,Noche,A,Antena,AP-01,872,-78.5,13,8,73.6,18.4,4.422,3.23,1,0,0,0,0,0,16.77,1,0,2,2026-06,4
FBJ-0024,2026-06-03,Noche,A,Antena,AP-02,169,-58.3,13,8,73.6,18.4,8.977,3.14,2,0,0,0,0,0,21.5,1,0,2,2026-06,4
FBJ-0032,2026-06-03,Noche,B,Cable,,302,,17,7,47.3,11.8,8.664,2.22,8,0,0,0,0,0,29.14,0,0,2,2026-06,4
FBJ-0034,2026-06-03,Noche,B,Antena,AP-02,604,-72.2,17,7,47.3,11.8,4.671,2.21,7,0,0,0,0,0,16.15,1,0,2,2026-06,4
FBJ-0035,2026-06-03,Noche,B,Cable,,154,,17,7,47.3,11.8,10.125,2.58,5,1,26,0,0,0,35.0,0,1,2,2026-06,4
FBJ-0036,2026-06-03,Noche,B,Antena,AP-01,831,-77.3,17,7,47.3,11.8,4.354,1.77,2,0,0,0,0,0,22.25,1,0,2,2026-06,4
FBJ-0037,2026-06-03,Noche,B,Cable,,205,,17,7,47.3,11.8,5.377,1.29,8,0,0,0,0,0,35.0,0,1,2,2026-06,4
FBJ-0039,2026-06-03,Noche,B,Cable,,288,,17,7,47.3,11.8,14.931,2.8,4,0,0,0,0,0,35.0,0,1,2,2026-06,4
FBJ-0040,2026-06-03,Noche,B,Antena,AP-01,564,-73.1,17,7,47.3,11.8,4.654,2.46,3,1,11,0,0,0,17.11,1,0,2,2026-06,4
FBJ-0047,2026-06-03,Noche,B,Antena,AP-02,453,-71.2,17,7,47.3,11.8,1.719,1.04,6,0,0,0,0,0,18.68,1,0,2,2026-06,4
FBJ-0049,2026-06-03,Noche,B,Cable,,350,,17,7,47.3,11.8,8.068,2.36,7,0,0,0,0,0,27.12,0,0,2,2026-06,4
FBJ-0050,2026-06-03,Noche,B,Antena,AP-02,277,-61.0,17,7,47.3,11.8,8.093,2.82,6,0,0,0,0,0,22.34,1,0,2,2026-06,4
FBJ-0052,2026-06-03,Noche,B,Cable,,288,,17,7,47.3,11.8,5.609,1.8,6,0,0,0,0,0,31.85,0,0,2,2026-06,4
FBJ-0053,2026-06-03,Noche,B,Antena,AP-01,245,-55.9,17,7,47.3,11.8,12.968,3.05,1,0,0,0,0,0,30.18,1,0,2,2026-06,4
FBJ-0054,2026-06-03,Noche,B,Antena,AP-02,302,-59.5,17,7,47.3,11.8,7.59,2.57,2,0,0,0,0,0,26.96,1,0,2,2026-06,4
FBJ-0059,2026-06-03,Noche,B,Cable,,107,,17,7,47.3,11.8,7.72,2.07,6,0,0,0,0,0,35.0,0,1,2,2026-06,4
FBJ-0001,2026-06-04,Mañana,A,Antena,AP-01,625,-74.5,12,10,92.3,23.1,3.605,1.57,8,0,0,0,0,0,14.73,1,0,3,2026-06,2
FBJ-0003,2026-06-04,Mañana,A,Antena,AP-02,392,-66.0,12,10,92.3,23.1,2.312,1.07,4,0,0,0,0,0,14.93,1,0,3,2026-06,2
FBJ-0009,2026-06-04,Mañana,A,Antena,AP-02,565,-72.0,12,10,92.3,23.1,1.904,0.9,5,0,0,0,0,0,15.61,1,0,3,2026-06,2
FBJ-0011,2026-06-04,Mañana,A,Antena,AP-02,440,-67.1,12,10,92.3,23.1,2.702,1.13,2,0,0,0,0,0,23.49,1,0,3,2026-06,2
FBJ-0014,2026-06-04,Mañana,A,Antena,AP-01,319,-62.5,12,10,92.3,23.1,1.388,0.64,4,0,0,0,0,0,20.65,1,0,3,2026-06,2
FBJ-0015,2026-06-04,Mañana,A,Antena,AP-02,894,-83.5,12,10,92.3,23.1,4.298,1.8,4,2,28,0,0,0,17.53,1,0,3,2026-06,2
FBJ-0019,2026-06-04,Mañana,A,Cable,,81,,12,10,92.3,23.1,4.002,1.15,5,0,0,0,0,0,35.0,0,1,3,2026-06,2
FBJ-0020,2026-06-04,Mañana,A,Antena,AP-01,244,-60.1,12,10,92.3,23.1,5.506,1.38,2,2,48,0,0,0,35.0,1,1,3,2026-06,2
FBJ-0022,2026-06-04,Mañana,A,Antena,AP-02,838,-82.4,12,10,92.3,23.1,8.876,2.81,6,0,0,0,0,0,19.82,1,0,3,2026-06,2
FBJ-0023,2026-06-04,Mañana,A,Antena,AP-01,872,-78.5,12,10,92.3,23.1,2.762,1.74,5,2,70,0,0,0,17.22,1,0,3,2026-06,2
FBJ-0025,2026-06-04,Mañana,A,Antena,AP-01,575,-73.2,12,10,92.3,23.1,2.649,1.48,5,0,0,0,0,0,18.15,1,0,3,2026-06,2
FBJ-0026,2026-06-04,Mañana,A,Antena,AP-02,283,-64.0,12,10,92.3,23.1,4.079,1.71,8,0,0,0,0,0,20.1,1,0,3,2026-06,2
FBJ-0031,2026-06-04,Mañana,B,Cable,,202,,13,9,57.9,14.5,4.006,1.5,6,0,0,0,0,0,27.12,0,0,3,2026-06,2
FBJ-0032,2026-06-04,Mañana,B,Cable,,302,,13,9,57.9,14.5,8.335,1.88,5,0,0,0,0,0,35.0,0,1,3,2026-06,2
FBJ-0034,2026-06-04,Mañana,B,Antena,AP-02,604,-72.2,13,9,57.9,14.5,4.022,2.01,4,0,0,0,0,0,21.01,1,0,3,2026-06,2
FBJ-0035,2026-06-04,Mañana,B,Cable,,154,,13,9,57.9,14.5,8.729,1.89,8,0,0,0,0,0,33.86,0,0,3,2026-06,2
FBJ-0037,2026-06-04,Mañana,B,Cable,,205,,13,9,57.9,14.5,11.381,2.59,4,0,0,0,0,0,33.8,0,0,3,2026-06,2
FBJ-0040,2026-06-04,Mañana,B,Antena,AP-01,564,-73.1,13,9,57.9,14.5,5.587,2.2,6,0,0,0,0,0,19.54,1,0,3,2026-06,2
FBJ-0042,2026-06-04,Mañana,B,Antena,AP-01,176,-53.0,13,9,57.9,14.5,5.156,2.13,8,0,0,0,0,0,24.1,1,0,3,2026-06,2
FBJ-0043,2026-06-04,Mañana,B,Cable,,318,,13,9,57.9,14.5,8.749,1.99,2,2,72,0,0,0,29.24,0,0,3,2026-06,2
FBJ-0045,2026-06-04,Mañana,B,Antena,AP-02,848,-81.7,13,9,57.9,14.5,4.319,1.35,3,0,0,0,0,0,21.0,1,0,3,2026-06,2
FBJ-0049,2026-06-04,Mañana,B,Cable,,350,,13,9,57.9,14.5,4.572,1.03,1,0,0,0,0,0,35.0,0,1,3,2026-06,2
FBJ-0050,2026-06-04,Mañana,B,Antena,AP-02,277,-61.0,13,9,57.9,14.5,6.277,2.11,4,0,0,0,0,0,20.09,1,0,3,2026-06,2
FBJ-0051,2026-06-04,Mañana,B,Cable,,42,,13,9,57.9,14.5,8.195,1.45,6,1,29,0,0,0,35.0,0,1,3,2026-06,2
FBJ-0052,2026-06-04,Mañana,B,Cable,,288,,13,9,57.9,14.5,4.639,1.17,5,0,0,0,0,0,30.33,0,0,3,2026-06,2
FBJ-0053,2026-06-04,Mañana,B,Antena,AP-01,245,-55.9,13,9,57.9,14.5,9.784,1.8,7,0,0,0,0,0,35.0,1,1,3,2026-06,2
FBJ-0058,2026-06-04,Mañana,B,Antena,AP-02,308,-59.0,13,9,57.9,14.5,5.568,1.86,7,0,0,0,0,0,29.09,1,0,3,2026-06,2
FBJ-0059,2026-06-04,Mañana,B,Cable,,107,,13,9,57.9,14.5,7.702,1.92,2,0,0,0,0,0,35.0,0,1,3,2026-06,2
FBJ-0060,2026-06-04,Mañana,B,Cable,,110,,13,9,57.9,14.5,3.89,0.8,8,0,0,0,0,0,35.0,0,1,3,2026-06,2
FBJ-0001,2026-06-04,Tarde,A,Antena,AP-01,625,-74.5,12,6,86.2,21.5,1.509,0.84,5,0,0,0,0,0,15.67,1,0,3,2026-06,3
FBJ-0004,2026-06-04,Tarde,A,Cable,,322,,12,6,86.2,21.5,7.704,1.68,1,0,0,0,0,0,35.0,0,1,3,2026-06,3
FBJ-0007,2026-06-04,Tarde,A,Antena,AP-02,594,-68.6,12,6,86.2,21.5,3.163,1.96,1,0,0,0,0,0,14.45,1,0,3,2026-06,3
FBJ-0011,2026-06-04,Tarde,A,Antena,AP-02,440,-67.1,12,6,86.2,21.5,0.632,0.3,2,0,0,0,0,0,18.07,1,0,3,2026-06,3
FBJ-0013,2026-06-04,Tarde,A,Antena,AP-02,111,-56.0,12,6,86.2,21.5,4.085,1.27,2,0,0,0,0,0,32.08,1,0,3,2026-06,3
FBJ-0018,2026-06-04,Tarde,A,Cable,,281,,12,6,86.2,21.5,8.059,1.64,4,0,0,0,0,0,35.0,0,1,3,2026-06,3
FBJ-0019,2026-06-04,Tarde,A,Cable,,81,,12,6,86.2,21.5,5.749,1.38,2,0,0,0,0,0,35.0,0,1,3,2026-06,3
FBJ-0020,2026-06-04,Tarde,A,Antena,AP-01,244,-60.1,12,6,86.2,21.5,4.518,1.47,3,0,0,0,0,0,28.79,1,0,3,2026-06,3
FBJ-0021,2026-06-04,Tarde,A,Cable,,163,,12,6,86.2,21.5,6.96,1.8,2,0,0,0,0,0,35.0,0,1,3,2026-06,3
FBJ-0024,2026-06-04,Tarde,A,Antena,AP-02,169,-58.3,12,6,86.2,21.5,3.615,1.07,5,0,0,0,0,0,24.1,1,0,3,2026-06,3
FBJ-0025,2026-06-04,Tarde,A,Antena,AP-01,575,-73.2,12,6,86.2,21.5,1.321,1.01,8,0,0,0,0,0,16.51,1,0,3,2026-06,3
FBJ-0031,2026-06-04,Tarde,B,Cable,,202,,9,7,95.5,23.9,2.356,0.87,7,0,0,0,0,0,26.84,0,0,3,2026-06,3
FBJ-0032,2026-06-04,Tarde,B,Cable,,302,,9,7,95.5,23.9,4.988,1.14,4,0,0,0,0,0,35.0,0,1,3,2026-06,3
FBJ-0033,2026-06-04,Tarde,B,Antena,AP-01,719,-77.6,9,7,95.5,23.9,4.452,1.92,8,0,0,0,0,0,17.12,1,0,3,2026-06,3
FBJ-0035,2026-06-04,Tarde,B,Cable,,154,,9,7,95.5,23.9,4.078,1.31,6,0,0,0,0,0,23.58,0,0,3,2026-06,3
FBJ-0037,2026-06-04,Tarde,B,Cable,,205,,9,7,95.5,23.9,4.241,1.13,2,1,35,0,0,0,35.0,0,1,3,2026-06,3
FBJ-0040,2026-06-04,Tarde,B,Antena,AP-01,564,-73.1,9,7,95.5,23.9,1.85,0.75,7,0,0,0,0,0,17.28,1,0,3,2026-06,3
FBJ-0041,2026-06-04,Tarde,B,Antena,AP-02,509,-69.1,9,7,95.5,23.9,2.318,1.37,7,1,32,0,0,0,13.71,1,0,3,2026-06,3
FBJ-0042,2026-06-04,Tarde,B,Antena,AP-01,176,-53.0,9,7,95.5,23.9,7.293,1.57,4,0,0,0,0,0,31.16,1,0,3,2026-06,3
FBJ-0043,2026-06-04,Tarde,B,Cable,,318,,9,7,95.5,23.9,4.91,1.28,1,0,0,0,0,0,33.95,0,0,3,2026-06,3
FBJ-0044,2026-06-04,Tarde,B,Cable,,86,,9,7,95.5,23.9,8.605,1.94,1,0,0,0,0,0,35.0,0,1,3,2026-06,3
FBJ-0045,2026-06-04,Tarde,B,Antena,AP-02,848,-81.7,9,7,95.5,23.9,2.484,1.27,6,0,0,0,0,0,15.01,1,0,3,2026-06,3
FBJ-0046,2026-06-04,Tarde,B,Antena,AP-01,177,-50.9,9,7,95.5,23.9,7.262,1.99,5,0,0,0,0,0,35.0,1,1,3,2026-06,3
FBJ-0048,2026-06-04,Tarde,B,Antena,AP-01,721,-80.9,9,7,95.5,23.9,0.996,0.69,8,2,22,0,0,0,14.51,1,0,3,2026-06,3
FBJ-0050,2026-06-04,Tarde,B,Antena,AP-02,277,-61.0,9,7,95.5,23.9,3.445,1.23,1,0,0,0,0,0,21.14,1,0,3,2026-06,3
FBJ-0053,2026-06-04,Tarde,B,Antena,AP-01,245,-55.9,9,7,95.5,23.9,6.854,1.67,1,0,0,0,0,0,26.79,1,0,3,2026-06,3
FBJ-0057,2026-06-04,Tarde,B,Antena,AP-01,851,-81.4,9,7,95.5,23.9,1.943,0.83,1,0,0,0,0,0,23.6,1,0,3,2026-06,3
FBJ-0058,2026-06-04,Tarde,B,Antena,AP-02,308,-59.0,9,7,95.5,23.9,5.202,1.58,7,0,0,0,0,0,25.09,1,0,3,2026-06,3
FBJ-0003,2026-06-04,Noche,A,Antena,AP-02,392,-66.0,15,11,132.2,33.1,7.339,2.81,8,3,45,0,0,0,25.18,1,0,3,2026-06,4
FBJ-0005,2026-06-04,Noche,A,Cable,,179,,15,11,132.2,33.1,9.312,2.95,2,0,0,0,0,0,33.79,0,0,3,2026-06,4
FBJ-0007,2026-06-04,Noche,A,Antena,AP-02,594,-68.6,15,11,132.2,33.1,4.242,2.62,4,1,10,0,0,0,14.02,1,0,3,2026-06,4
FBJ-0010,2026-06-04,Noche,A,Antena,AP-01,482,-67.3,15,11,132.2,33.1,7.477,3.02,4,0,0,0,0,0,19.35,1,0,3,2026-06,4
FBJ-0012,2026-06-04,Noche,A,Antena,AP-01,631,-74.1,15,11,132.2,33.1,3.11,1.74,5,1,23,0,0,0,17.44,1,0,3,2026-06,4
FBJ-0014,2026-06-04,Noche,A,Antena,AP-01,319,-62.5,15,11,132.2,33.1,4.951,1.97,6,0,0,0,0,0,20.66,1,0,3,2026-06,4
FBJ-0015,2026-06-04,Noche,A,Antena,AP-02,894,-83.5,15,11,132.2,33.1,8.181,3.02,1,0,0,0,0,0,23.09,1,0,3,2026-06,4
FBJ-0019,2026-06-04,Noche,A,Cable,,81,,15,11,132.2,33.1,8.202,2.79,8,0,0,0,0,0,32.73,0,0,3,2026-06,4
FBJ-0021,2026-06-04,Noche,A,Cable,,163,,15,11,132.2,33.1,13.136,3.53,3,0,0,0,0,0,27.89,0,0,3,2026-06,4
FBJ-0022,2026-06-04,Noche,A,Antena,AP-02,838,-82.4,15,11,132.2,33.1,2.394,1.35,4,1,30,0,0,0,14.06,1,0,3,2026-06,4
FBJ-0023,2026-06-04,Noche,A,Antena,AP-01,872,-78.5,15,11,132.2,33.1,4.862,2.32,5,1,27,0,0,0,16.47,1,0,3,2026-06,4
FBJ-0024,2026-06-04,Noche,A,Antena,AP-02,169,-58.3,15,11,132.2,33.1,7.602,2.06,4,1,19,0,0,0,28.31,1,0,3,2026-06,4
FBJ-0027,2026-06-04,Noche,A,Cable,,85,,15,11,132.2,33.1,15.467,2.7,3,0,0,0,0,0,34.97,0,1,3,2026-06,4
FBJ-0029,2026-06-04,Noche,A,Cable,,251,,15,11,132.2,33.1,6.741,2.15,5,0,0,0,0,0,35.0,0,1,3,2026-06,4
FBJ-0030,2026-06-04,Noche,A,Antena,AP-02,116,-54.6,15,11,132.2,33.1,7.133,2.57,1,0,0,0,0,0,27.08,1,0,3,2026-06,4
FBJ-0031,2026-06-04,Noche,B,Cable,,202,,19,17,117.0,29.2,4.371,2.2,4,0,0,0,0,0,22.39,0,0,3,2026-06,4
FBJ-0033,2026-06-04,Noche,B,Antena,AP-01,719,-77.6,19,17,117.0,29.2,3.52,2.37,6,0,0,0,0,0,14.35,1,0,3,2026-06,4
FBJ-0034,2026-06-04,Noche,B,Antena,AP-02,604,-72.2,19,17,117.0,29.2,3.613,2.93,3,0,0,0,0,0,12.1,1,0,3,2026-06,4
FBJ-0035,2026-06-04,Noche,B,Cable,,154,,19,17,117.0,29.2,4.562,1.4,3,0,0,0,0,0,25.7,0,0,3,2026-06,4
FBJ-0036,2026-06-04,Noche,B,Antena,AP-01,831,-77.3,19,17,117.0,29.2,3.025,2.53,5,0,0,0,0,0,10.15,1,0,3,2026-06,4
FBJ-0037,2026-06-04,Noche,B,Cable,,205,,19,17,117.0,29.2,5.707,3.14,2,0,0,0,0,0,21.39,0,0,3,2026-06,4
FBJ-0039,2026-06-04,Noche,B,Cable,,288,,19,17,117.0,29.2,8.229,2.86,6,0,0,0,0,0,26.56,0,0,3,2026-06,4
FBJ-0040,2026-06-04,Noche,B,Antena,AP-01,564,-73.1,19,17,117.0,29.2,3.086,2.16,6,0,0,0,0,0,11.88,1,0,3,2026-06,4
FBJ-0041,2026-06-04,Noche,B,Antena,AP-02,509,-69.1,19,17,117.0,29.2,2.221,2.41,3,0,0,0,0,0,8.72,1,0,3,2026-06,4
FBJ-0042,2026-06-04,Noche,B,Antena,AP-01,176,-53.0,19,17,117.0,29.2,7.723,3.2,6,0,0,0,0,0,21.12,1,0,3,2026-06,4
FBJ-0046,2026-06-04,Noche,B,Antena,AP-01,177,-50.9,19,17,117.0,29.2,7.563,2.39,7,0,0,0,0,0,23.56,1,0,3,2026-06,4
FBJ-0047,2026-06-04,Noche,B,Antena,AP-02,453,-71.2,19,17,117.0,29.2,2.923,2.35,3,1,27,0,0,0,10.47,1,0,3,2026-06,4
FBJ-0048,2026-06-04,Noche,B,Antena,AP-01,721,-80.9,19,17,117.0,29.2,3.956,3.72,7,1,22,0,0,0,8.9,1,0,3,2026-06,4
FBJ-0050,2026-06-04,Noche,B,Antena,AP-02,277,-61.0,19,17,117.0,29.2,6.086,2.93,2,1,20,0,0,0,16.6,1,0,3,2026-06,4
FBJ-0053,2026-06-04,Noche,B,Antena,AP-01,245,-55.9,19,17,117.0,29.2,2.91,1.83,7,0,0,0,0,0,13.45,1,0,3,2026-06,4
FBJ-0054,2026-06-04,Noche,B,Antena,AP-02,302,-59.5,19,17,117.0,29.2,5.99,2.53,7,0,0,0,0,0,19.38,1,0,3,2026-06,4
FBJ-0056,2026-06-04,Noche,B,Antena,AP-02,549,-70.0,19,17,117.0,29.2,5.937,2.84,2,0,0,0,0,0,14.48,1,0,3,2026-06,4
FBJ-0057,2026-06-04,Noche,B,Antena,AP-01,851,-81.4,19,17,117.0,29.2,2.938,2.24,6,0,0,0,0,0,11.37,1,0,3,2026-06,4
FBJ-0022,2026-06-05,Madrugada,A,Antena,AP-02,838,-82.4,2,2,13.5,3.4,2.779,1.01,2,2,26,0,0,0,17.11,1,0,4,2026-06,1
FBJ-0042,2026-06-05,Madrugada,B,Antena,AP-01,176,-53.0,1,1,3.4,0.9,3.984,0.91,5,0,0,0,0,0,28.56,1,0,4,2026-06,1
FBJ-0056,2026-06-05,Madrugada,B,Antena,AP-02,549,-70.0,1,1,3.4,0.9,3.167,1.49,3,0,0,0,0,0,17.43,1,0,4,2026-06,1
FBJ-0003,2026-06-05,Mañana,A,Antena,AP-02,392,-66.0,9,6,24.1,6.0,4.342,1.33,5,0,0,0,0,0,20.15,1,0,4,2026-06,2
FBJ-0009,2026-06-05,Mañana,A,Antena,AP-02,565,-72.0,9,6,24.1,6.0,3.324,1.46,4,0,0,0,0,0,20.72,1,0,4,2026-06,2
FBJ-0010,2026-06-05,Mañana,A,Antena,AP-01,482,-67.3,9,6,24.1,6.0,2.238,1.24,3,0,0,0,0,0,17.55,1,0,4,2026-06,2
FBJ-0012,2026-06-05,Mañana,A,Antena,AP-01,631,-74.1,9,6,24.1,6.0,3.299,1.61,7,0,0,0,0,0,16.3,1,0,4,2026-06,2
FBJ-0014,2026-06-05,Mañana,A,Antena,AP-01,319,-62.5,9,6,24.1,6.0,3.88,1.47,4,0,0,0,0,0,22.33,1,0,4,2026-06,2
FBJ-0015,2026-06-05,Mañana,A,Antena,AP-02,894,-83.5,9,6,24.1,6.0,3.137,1.07,1,1,25,0,0,0,21.98,1,0,4,2026-06,2
FBJ-0023,2026-06-05,Mañana,A,Antena,AP-01,872,-78.5,9,6,24.1,6.0,0.335,0.2,7,0,0,0,0,0,17.07,1,0,4,2026-06,2
FBJ-0024,2026-06-05,Mañana,A,Antena,AP-02,169,-58.3,9,6,24.1,6.0,0.644,0.28,2,0,0,0,0,0,21.48,1,0,4,2026-06,2
FBJ-0031,2026-06-05,Mañana,B,Cable,,202,,15,12,81.2,20.3,1.553,0.38,4,0,0,0,0,0,35.0,0,1,4,2026-06,2
FBJ-0032,2026-06-05,Mañana,B,Cable,,302,,15,12,81.2,20.3,6.862,1.76,3,0,0,0,0,0,35.0,0,1,4,2026-06,2
FBJ-0033,2026-06-05,Mañana,B,Antena,AP-01,719,-77.6,15,12,81.2,20.3,5.014,1.96,3,0,0,0,0,0,15.57,1,0,4,2026-06,2
FBJ-0034,2026-06-05,Mañana,B,Antena,AP-02,604,-72.2,15,12,81.2,20.3,1.788,1.18,4,0,0,0,0,0,14.58,1,0,4,2026-06,2
FBJ-0039,2026-06-05,Mañana,B,Cable,,288,,15,12,81.2,20.3,3.867,1.32,2,0,0,0,0,0,25.64,0,0,4,2026-06,2
FBJ-0043,2026-06-05,Mañana,B,Cable,,318,,15,12,81.2,20.3,9.009,2.22,7,0,0,0,0,0,35.0,0,1,4,2026-06,2
FBJ-0047,2026-06-05,Mañana,B,Antena,AP-02,453,-71.2,15,12,81.2,20.3,4.063,1.86,1,1,13,0,0,0,16.35,1,0,4,2026-06,2
FBJ-0050,2026-06-05,Mañana,B,Antena,AP-02,277,-61.0,15,12,81.2,20.3,5.103,1.84,8,0,0,0,0,0,19.4,1,0,4,2026-06,2
FBJ-0056,2026-06-05,Mañana,B,Antena,AP-02,549,-70.0,15,12,81.2,20.3,7.025,1.83,8,0,0,0,0,0,25.9,1,0,4,2026-06,2
FBJ-0058,2026-06-05,Mañana,B,Antena,AP-02,308,-59.0,15,12,81.2,20.3,3.964,1.94,3,0,0,0,0,0,21.67,1,0,4,2026-06,2
FBJ-0060,2026-06-05,Mañana,B,Cable,,110,,15,12,81.2,20.3,3.807,0.91,2,0,0,0,0,0,35.0,0,1,4,2026-06,2
FBJ-0001,2026-06-05,Tarde,A,Antena,AP-01,625,-74.5,14,8,83.0,20.7,3.729,1.6,8,0,0,0,0,0,15.01,1,0,4,2026-06,3
FBJ-0003,2026-06-05,Tarde,A,Antena,AP-02,392,-66.0,14,8,83.0,20.7,5.144,2.23,3,0,0,0,0,0,17.08,1,0,4,2026-06,3
FBJ-0007,2026-06-05,Tarde,A,Antena,AP-02,594,-68.6,14,8,83.0,20.7,1.254,0.64,3,0,0,0,0,0,15.42,1,0,4,2026-06,3
FBJ-0011,2026-06-05,Tarde,A,Antena,AP-02,440,-67.1,14,8,83.0,20.7,3.853,2.07,5,0,0,0,0,0,17.22,1,0,4,2026-06,3
FBJ-0012,2026-06-05,Tarde,A,Antena,AP-01,631,-74.1,14,8,83.0,20.7,3.614,1.9,1,0,0,0,0,0,17.34,1,0,4,2026-06,3
FBJ-0013,2026-06-05,Tarde,A,Antena,AP-02,111,-56.0,14,8,83.0,20.7,6.173,1.62,6,1,30,0,0,0,27.64,1,0,4,2026-06,3
FBJ-0015,2026-06-05,Tarde,A,Antena,AP-02,894,-83.5,14,8,83.0,20.7,3.591,1.74,2,0,0,0,0,0,18.34,1,0,4,2026-06,3
FBJ-0018,2026-06-05,Tarde,A,Cable,,281,,14,8,83.0,20.7,1.378,0.28,7,0,0,0,0,0,35.0,0,1,4,2026-06,3
FBJ-0019,2026-06-05,Tarde,A,Cable,,81,,14,8,83.0,20.7,2.912,0.68,6,0,0,0,0,0,35.0,0,1,4,2026-06,3
FBJ-0022,2026-06-05,Tarde,A,Antena,AP-02,838,-82.4,14,8,83.0,20.7,1.686,0.66,3,1,28,0,0,0,18.24,1,0,4,2026-06,3
FBJ-0023,2026-06-05,Tarde,A,Antena,AP-01,872,-78.5,14,8,83.0,20.7,5.443,2.05,8,1,19,0,0,0,21.23,1,0,4,2026-06,3
FBJ-0026,2026-06-05,Tarde,A,Antena,AP-02,283,-64.0,14,8,83.0,20.7,4.981,2.02,8,0,0,0,0,0,21.0,1,0,4,2026-06,3
FBJ-0030,2026-06-05,Tarde,A,Antena,AP-02,116,-54.6,14,8,83.0,20.7,3.274,0.91,3,0,0,0,0,0,35.0,1,1,4,2026-06,3
FBJ-0033,2026-06-05,Tarde,B,Antena,AP-01,719,-77.6,16,13,75.5,18.9,2.102,0.98,3,0,0,0,0,0,17.49,1,0,4,2026-06,3
FBJ-0034,2026-06-05,Tarde,B,Antena,AP-02,604,-72.2,16,13,75.5,18.9,1.084,0.88,4,0,0,0,0,0,11.06,1,0,4,2026-06,3
FBJ-0035,2026-06-05,Tarde,B,Cable,,154,,16,13,75.5,18.9,6.017,1.68,6,0,0,0,0,0,33.02,0,0,4,2026-06,3
FBJ-0036,2026-06-05,Tarde,B,Antena,AP-01,831,-77.3,16,13,75.5,18.9,2.357,1.12,5,0,0,0,0,0,13.96,1,0,4,2026-06,3
FBJ-0039,2026-06-05,Tarde,B,Cable,,288,,16,13,75.5,18.9,5.86,1.99,4,2,62,0,0,0,29.35,0,0,4,2026-06,3
FBJ-0040,2026-06-05,Tarde,B,Antena,AP-01,564,-73.1,16,13,75.5,18.9,1.802,0.9,6,0,0,0,0,0,15.18,1,0,4,2026-06,3
FBJ-0046,2026-06-05,Tarde,B,Antena,AP-01,177,-50.9,16,13,75.5,18.9,7.569,1.82,3,1,13,0,0,0,29.39,1,0,4,2026-06,3
FBJ-0047,2026-06-05,Tarde,B,Antena,AP-02,453,-71.2,16,13,75.5,18.9,1.324,0.7,7,1,33,0,0,0,17.78,1,0,4,2026-06,3
FBJ-0048,2026-06-05,Tarde,B,Antena,AP-01,721,-80.9,16,13,75.5,18.9,2.217,1.57,1,2,22,0,0,0,15.66,1,0,4,2026-06,3
FBJ-0051,2026-06-05,Tarde,B,Cable,,42,,16,13,75.5,18.9,3.662,0.86,5,0,0,0,0,0,26.97,0,0,4,2026-06,3
FBJ-0052,2026-06-05,Tarde,B,Cable,,288,,16,13,75.5,18.9,5.542,1.16,1,0,0,0,0,0,35.0,0,1,4,2026-06,3
FBJ-0059,2026-06-05,Tarde,B,Cable,,107,,16,13,75.5,18.9,2.162,0.66,1,0,0,0,0,0,35.0,0,1,4,2026-06,3
FBJ-0060,2026-06-05,Tarde,B,Cable,,110,,16,13,75.5,18.9,5.232,1.45,7,0,0,0,0,0,26.59,0,0,4,2026-06,3
FBJ-0004,2026-06-05,Noche,A,Cable,,322,,11,8,125.5,31.4,3.929,1.34,3,0,0,0,0,0,35.0,0,1,4,2026-06,4
FBJ-0005,2026-06-05,Noche,A,Cable,,179,,11,8,125.5,31.4,11.029,2.96,3,0,0,0,0,0,35.0,0,1,4,2026-06,4
FBJ-0007,2026-06-05,Noche,A,Antena,AP-02,594,-68.6,11,8,125.5,31.4,6.534,3.2,5,0,0,0,0,0,14.15,1,0,4,2026-06,4
FBJ-0009,2026-06-05,Noche,A,Antena,AP-02,565,-72.0,11,8,125.5,31.4,1.896,1.1,6,1,5,0,0,0,17.02,1,0,4,2026-06,4
FBJ-0010,2026-06-05,Noche,A,Antena,AP-01,482,-67.3,11,8,125.5,31.4,7.387,2.81,2,0,0,0,0,0,22.68,1,0,4,2026-06,4
FBJ-0013,2026-06-05,Noche,A,Antena,AP-02,111,-56.0,11,8,125.5,31.4,6.709,2.63,2,0,0,0,0,0,28.45,1,0,4,2026-06,4
FBJ-0014,2026-06-05,Noche,A,Antena,AP-01,319,-62.5,11,8,125.5,31.4,5.364,2.63,8,0,0,0,0,0,20.02,1,0,4,2026-06,4
FBJ-0015,2026-06-05,Noche,A,Antena,AP-02,894,-83.5,11,8,125.5,31.4,6.489,2.49,7,0,0,0,0,0,20.13,1,0,4,2026-06,4
FBJ-0021,2026-06-05,Noche,A,Cable,,163,,11,8,125.5,31.4,9.612,2.62,4,1,26,0,0,0,35.0,0,1,4,2026-06,4
FBJ-0022,2026-06-05,Noche,A,Antena,AP-02,838,-82.4,11,8,125.5,31.4,2.887,1.57,3,3,84,0,0,0,14.14,1,0,4,2026-06,4
FBJ-0024,2026-06-05,Noche,A,Antena,AP-02,169,-58.3,11,8,125.5,31.4,12.769,3.19,1,0,0,0,0,0,28.58,1,0,4,2026-06,4
FBJ-0026,2026-06-05,Noche,A,Antena,AP-02,283,-64.0,11,8,125.5,31.4,4.926,1.86,1,0,0,0,0,0,26.38,1,0,4,2026-06,4
FBJ-0030,2026-06-05,Noche,A,Antena,AP-02,116,-54.6,11,8,125.5,31.4,4.61,2.3,6,0,0,0,0,0,24.31,1,0,4,2026-06,4
FBJ-0031,2026-06-05,Noche,B,Cable,,202,,18,10,76.2,19.1,8.308,2.94,6,0,0,0,0,0,35.0,0,1,4,2026-06,4
FBJ-0033,2026-06-05,Noche,B,Antena,AP-01,719,-77.6,18,10,76.2,19.1,4.058,2.5,4,0,0,0,0,0,14.4,1,0,4,2026-06,4
FBJ-0034,2026-06-05,Noche,B,Antena,AP-02,604,-72.2,18,10,76.2,19.1,5.728,2.02,4,0,0,0,0,0,21.13,1,0,4,2026-06,4
FBJ-0035,2026-06-05,Noche,B,Cable,,154,,18,10,76.2,19.1,8.073,3.05,7,0,0,0,0,0,26.64,0,0,4,2026-06,4
FBJ-0036,2026-06-05,Noche,B,Antena,AP-01,831,-77.3,18,10,76.2,19.1,6.956,2.74,7,0,0,0,0,0,17.24,1,0,4,2026-06,4
FBJ-0039,2026-06-05,Noche,B,Cable,,288,,18,10,76.2,19.1,10.872,3.15,3,0,0,0,0,0,35.0,0,1,4,2026-06,4
FBJ-0042,2026-06-05,Noche,B,Antena,AP-01,176,-53.0,18,10,76.2,19.1,16.475,3.24,6,0,0,0,0,0,35.0,1,1,4,2026-06,4
FBJ-0043,2026-06-05,Noche,B,Cable,,318,,18,10,76.2,19.1,5.851,1.25,4,0,0,0,0,0,33.78,0,0,4,2026-06,4
FBJ-0048,2026-06-05,Noche,B,Antena,AP-01,721,-80.9,18,10,76.2,19.1,4.867,2.05,7,2,44,0,0,0,18.24,1,0,4,2026-06,4
FBJ-0052,2026-06-05,Noche,B,Cable,,288,,18,10,76.2,19.1,8.78,2.66,6,1,24,0,0,0,35.0,0,1,4,2026-06,4
FBJ-0053,2026-06-05,Noche,B,Antena,AP-01,245,-55.9,18,10,76.2,19.1,18.286,3.23,8,0,0,0,0,0,35.0,1,1,4,2026-06,4
FBJ-0054,2026-06-05,Noche,B,Antena,AP-02,302,-59.5,18,10,76.2,19.1,9.244,2.44,8,0,0,0,0,0,27.08,1,0,4,2026-06,4
FBJ-0056,2026-06-05,Noche,B,Antena,AP-02,549,-70.0,18,10,76.2,19.1,6.816,2.23,8,1,29,0,0,0,22.41,1,0,4,2026-06,4
FBJ-0057,2026-06-05,Noche,B,Antena,AP-01,851,-81.4,18,10,76.2,19.1,5.667,2.8,4,1,27,0,0,0,21.05,1,0,4,2026-06,4
FBJ-0001,2026-06-06,Madrugada,A,Antena,AP-01,625,-74.5,6,4,43.9,11.0,2.196,1.16,5,0,0,0,1,0,16.1,1,0,5,2026-06,1
FBJ-0011,2026-06-06,Madrugada,A,Antena,AP-02,440,-67.1,6,4,43.9,11.0,1.558,0.59,8,0,0,0,1,0,19.87,1,0,5,2026-06,1
FBJ-0033,2026-06-06,Madrugada,B,Antena,AP-01,719,-77.6,5,4,17.7,4.4,1.78,0.63,5,0,0,0,1,0,18.5,1,0,5,2026-06,1
FBJ-0039,2026-06-06,Madrugada,B,Cable,,288,,5,4,17.7,4.4,5.347,1.09,6,0,0,0,1,0,35.0,0,1,5,2026-06,1
FBJ-0046,2026-06-06,Madrugada,B,Antena,AP-01,177,-50.9,5,4,17.7,4.4,4.668,0.84,2,0,0,0,1,0,35.0,1,1,5,2026-06,1
FBJ-0060,2026-06-06,Madrugada,B,Cable,,110,,5,4,17.7,4.4,2.482,0.57,1,0,0,0,1,0,35.0,0,1,5,2026-06,1
FBJ-0003,2026-06-06,Mañana,A,Antena,AP-02,392,-66.0,10,7,71.6,17.9,3.855,1.62,4,0,0,0,1,0,18.03,1,0,5,2026-06,2
FBJ-0004,2026-06-06,Mañana,A,Cable,,322,,10,7,71.6,17.9,8.392,2.31,6,0,0,0,1,0,27.97,0,0,5,2026-06,2
FBJ-0007,2026-06-06,Mañana,A,Antena,AP-02,594,-68.6,10,7,71.6,17.9,1.618,0.67,8,0,0,0,1,0,19.49,1,0,5,2026-06,2
FBJ-0012,2026-06-06,Mañana,A,Antena,AP-01,631,-74.1,10,7,71.6,17.9,4.926,2.64,6,1,8,0,1,0,16.85,1,0,5,2026-06,2
FBJ-0014,2026-06-06,Mañana,A,Antena,AP-01,319,-62.5,10,7,71.6,17.9,6.832,2.32,6,0,0,0,1,0,22.73,1,0,5,2026-06,2
FBJ-0018,2026-06-06,Mañana,A,Cable,,281,,10,7,71.6,17.9,8.418,2.13,6,0,0,0,1,0,35.0,0,1,5,2026-06,2
FBJ-0019,2026-06-06,Mañana,A,Cable,,81,,10,7,71.6,17.9,6.438,1.38,8,0,0,0,1,0,35.0,0,1,5,2026-06,2
FBJ-0021,2026-06-06,Mañana,A,Cable,,163,,10,7,71.6,17.9,6.608,1.51,2,0,0,0,1,0,34.8,0,0,5,2026-06,2
FBJ-0022,2026-06-06,Mañana,A,Antena,AP-02,838,-82.4,10,7,71.6,17.9,3.407,1.48,3,1,22,0,1,0,16.93,1,0,5,2026-06,2
FBJ-0023,2026-06-06,Mañana,A,Antena,AP-01,872,-78.5,10,7,71.6,17.9,4.737,2.46,7,1,26,0,1,0,16.58,1,0,5,2026-06,2
FBJ-0024,2026-06-06,Mañana,A,Antena,AP-02,169,-58.3,10,7,71.6,17.9,4.992,1.41,8,0,0,0,1,0,31.0,1,0,5,2026-06,2
FBJ-0026,2026-06-06,Mañana,A,Antena,AP-02,283,-64.0,10,7,71.6,17.9,1.514,0.82,8,0,0,0,1,0,18.88,1,0,5,2026-06,2
FBJ-0030,2026-06-06,Mañana,A,Antena,AP-02,116,-54.6,10,7,71.6,17.9,5.645,2.39,5,0,0,0,1,0,27.18,1,0,5,2026-06,2
FBJ-0031,2026-06-06,Mañana,B,Cable,,202,,11,5,78.3,19.6,5.557,1.51,4,0,0,0,1,0,35.0,0,1,5,2026-06,2
FBJ-0039,2026-06-06,Mañana,B,Cable,,288,,11,5,78.3,19.6,4.515,0.93,3,0,0,0,1,0,35.0,0,1,5,2026-06,2
FBJ-0040,2026-06-06,Mañana,B,Antena,AP-01,564,-73.1,11,5,78.3,19.6,1.578,0.8,3,0,0,0,1,0,16.62,1,0,5,2026-06,2
FBJ-0043,2026-06-06,Mañana,B,Cable,,318,,11,5,78.3,19.6,4.081,0.84,6,1,16,0,1,0,31.81,0,0,5,2026-06,2
FBJ-0047,2026-06-06,Mañana,B,Antena,AP-02,453,-71.2,11,5,78.3,19.6,3.535,2.46,2,0,0,0,1,0,16.74,1,0,5,2026-06,2
FBJ-0048,2026-06-06,Mañana,B,Antena,AP-01,721,-80.9,11,5,78.3,19.6,3.413,1.23,7,0,0,0,1,0,20.94,1,0,5,2026-06,2
FBJ-0051,2026-06-06,Mañana,B,Cable,,42,,11,5,78.3,19.6,7.81,1.51,6,0,0,0,1,0,35.0,0,1,5,2026-06,2
FBJ-0052,2026-06-06,Mañana,B,Cable,,288,,11,5,78.3,19.6,1.322,0.35,7,0,0,0,1,0,34.39,0,0,5,2026-06,2
FBJ-0054,2026-06-06,Mañana,B,Antena,AP-02,302,-59.5,11,5,78.3,19.6,3.615,1.01,5,0,0,0,1,0,23.85,1,0,5,2026-06,2
FBJ-0059,2026-06-06,Mañana,B,Cable,,107,,11,5,78.3,19.6,4.686,1.03,1,0,0,0,1,0,35.0,0,1,5,2026-06,2
FBJ-0060,2026-06-06,Mañana,B,Cable,,110,,11,5,78.3,19.6,9.15,2.4,6,0,0,0,1,0,35.0,0,1,5,2026-06,2
FBJ-0004,2026-06-06,Tarde,A,Cable,,322,,15,8,96.3,24.1,0.673,0.2,3,0,0,0,1,0,35.0,0,1,5,2026-06,3
FBJ-0007,2026-06-06,Tarde,A,Antena,AP-02,594,-68.6,15,8,96.3,24.1,6.984,1.93,6,0,0,0,1,0,29.04,1,0,5,2026-06,3
FBJ-0010,2026-06-06,Tarde,A,Antena,AP-01,482,-67.3,15,8,96.3,24.1,2.212,0.92,4,0,0,0,1,0,17.4,1,0,5,2026-06,3
FBJ-0011,2026-06-06,Tarde,A,Antena,AP-02,440,-67.1,15,8,96.3,24.1,3.613,1.69,8,0,0,0,1,0,14.82,1,0,5,2026-06,3
FBJ-0012,2026-06-06,Tarde,A,Antena,AP-01,631,-74.1,15,8,96.3,24.1,4.881,2.17,5,0,0,0,1,0,19.22,1,0,5,2026-06,3
FBJ-0013,2026-06-06,Tarde,A,Antena,AP-02,111,-56.0,15,8,96.3,24.1,6.799,2.21,3,0,0,0,1,0,25.62,1,0,5,2026-06,3
FBJ-0014,2026-06-06,Tarde,A,Antena,AP-01,319,-62.5,15,8,96.3,24.1,3.034,1.18,8,1,18,0,1,0,19.38,1,0,5,2026-06,3
FBJ-0015,2026-06-06,Tarde,A,Antena,AP-02,894,-83.5,15,8,96.3,24.1,3.075,1.38,2,2,52,0,1,0,16.94,1,0,5,2026-06,3
FBJ-0020,2026-06-06,Tarde,A,Antena,AP-01,244,-60.1,15,8,96.3,24.1,3.844,1.45,6,0,0,0,1,0,21.85,1,0,5,2026-06,3
FBJ-0021,2026-06-06,Tarde,A,Cable,,163,,15,8,96.3,24.1,5.801,1.72,4,0,0,0,1,0,27.89,0,0,5,2026-06,3
FBJ-0023,2026-06-06,Tarde,A,Antena,AP-01,872,-78.5,15,8,96.3,24.1,1.264,0.91,7,0,0,0,1,0,14.57,1,0,5,2026-06,3
FBJ-0024,2026-06-06,Tarde,A,Antena,AP-02,169,-58.3,15,8,96.3,24.1,0.681,0.2,5,0,0,0,1,0,27.35,1,0,5,2026-06,3
FBJ-0025,2026-06-06,Tarde,A,Antena,AP-01,575,-73.2,15,8,96.3,24.1,3.107,1.3,5,0,0,0,1,0,18.97,1,0,5,2026-06,3
FBJ-0026,2026-06-06,Tarde,A,Antena,AP-02,283,-64.0,15,8,96.3,24.1,4.71,2.6,4,0,0,0,1,0,22.07,1,0,5,2026-06,3
FBJ-0030,2026-06-06,Tarde,A,Antena,AP-02,116,-54.6,15,8,96.3,24.1,6.217,2.02,5,0,0,0,1,0,30.68,1,0,5,2026-06,3
FBJ-0031,2026-06-06,Tarde,B,Cable,,202,,19,14,133.4,33.4,3.343,1.36,3,0,0,0,1,0,24.84,0,0,5,2026-06,3
FBJ-0032,2026-06-06,Tarde,B,Cable,,302,,19,14,133.4,33.4,6.671,2.58,5,0,0,0,1,0,28.65,0,0,5,2026-06,3
FBJ-0033,2026-06-06,Tarde,B,Antena,AP-01,719,-77.6,19,14,133.4,33.4,1.095,0.64,6,0,0,0,1,0,13.46,1,0,5,2026-06,3
FBJ-0035,2026-06-06,Tarde,B,Cable,,154,,19,14,133.4,33.4,3.527,1.03,3,0,0,0,1,0,28.95,0,0,5,2026-06,3
FBJ-0036,2026-06-06,Tarde,B,Antena,AP-01,831,-77.3,19,14,133.4,33.4,2.374,1.27,2,0,0,0,1,0,12.95,1,0,5,2026-06,3
FBJ-0039,2026-06-06,Tarde,B,Cable,,288,,19,14,133.4,33.4,1.711,0.67,5,0,0,0,1,0,25.97,0,0,5,2026-06,3
FBJ-0040,2026-06-06,Tarde,B,Antena,AP-01,564,-73.1,19,14,133.4,33.4,2.742,1.97,5,0,0,0,1,0,10.68,1,0,5,2026-06,3
FBJ-0041,2026-06-06,Tarde,B,Antena,AP-02,509,-69.1,19,14,133.4,33.4,2.987,1.25,8,0,0,0,1,0,15.53,1,0,5,2026-06,3
FBJ-0043,2026-06-06,Tarde,B,Cable,,318,,19,14,133.4,33.4,3.36,1.21,5,0,0,0,1,0,25.79,0,0,5,2026-06,3
FBJ-0050,2026-06-06,Tarde,B,Antena,AP-02,277,-61.0,19,14,133.4,33.4,4.671,1.78,1,0,0,0,1,0,17.87,1,0,5,2026-06,3
FBJ-0051,2026-06-06,Tarde,B,Cable,,42,,19,14,133.4,33.4,0.628,0.2,8,0,0,0,1,0,26.62,0,0,5,2026-06,3
FBJ-0052,2026-06-06,Tarde,B,Cable,,288,,19,14,133.4,33.4,1.694,0.54,3,0,0,0,1,0,29.58,0,0,5,2026-06,3
FBJ-0053,2026-06-06,Tarde,B,Antena,AP-01,245,-55.9,19,14,133.4,33.4,6.312,2.06,5,0,0,0,1,0,20.6,1,0,5,2026-06,3
FBJ-0054,2026-06-06,Tarde,B,Antena,AP-02,302,-59.5,19,14,133.4,33.4,2.172,1.06,5,0,0,0,1,0,18.29,1,0,5,2026-06,3
FBJ-0056,2026-06-06,Tarde,B,Antena,AP-02,549,-70.0,19,14,133.4,33.4,2.019,0.85,6,0,0,0,1,0,14.28,1,0,5,2026-06,3
FBJ-0057,2026-06-06,Tarde,B,Antena,AP-01,851,-81.4,19,14,133.4,33.4,3.19,2.46,8,1,39,0,1,0,12.1,1,0,5,2026-06,3
FBJ-0058,2026-06-06,Tarde,B,Antena,AP-02,308,-59.0,19,14,133.4,33.4,2.803,1.25,1,1,22,0,1,0,19.1,1,0,5,2026-06,3
FBJ-0059,2026-06-06,Tarde,B,Cable,,107,,19,14,133.4,33.4,5.701,1.82,8,0,0,0,1,0,23.21,0,0,5,2026-06,3
FBJ-0003,2026-06-06,Noche,A,Antena,AP-02,392,-66.0,20,12,136.3,34.1,6.896,2.48,6,0,0,0,1,0,17.61,1,0,5,2026-06,4
FBJ-0004,2026-06-06,Noche,A,Cable,,322,,20,12,136.3,34.1,6.603,2.31,2,0,0,0,1,0,33.36,0,0,5,2026-06,4
FBJ-0007,2026-06-06,Noche,A,Antena,AP-02,594,-68.6,20,12,136.3,34.1,4.184,2.34,4,0,0,0,1,0,16.83,1,0,5,2026-06,4
FBJ-0009,2026-06-06,Noche,A,Antena,AP-02,565,-72.0,20,12,136.3,34.1,2.08,1.65,3,0,0,0,1,0,12.71,1,0,5,2026-06,4
FBJ-0013,2026-06-06,Noche,A,Antena,AP-02,111,-56.0,20,12,136.3,34.1,9.468,2.84,8,0,0,0,1,0,35.0,1,1,5,2026-06,4
FBJ-0014,2026-06-06,Noche,A,Antena,AP-01,319,-62.5,20,12,136.3,34.1,4.449,2.11,3,0,0,0,1,0,18.95,1,0,5,2026-06,4
FBJ-0015,2026-06-06,Noche,A,Antena,AP-02,894,-83.5,20,12,136.3,34.1,5.263,2.38,4,0,0,0,1,0,18.98,1,0,5,2026-06,4
FBJ-0018,2026-06-06,Noche,A,Cable,,281,,20,12,136.3,34.1,8.691,2.97,1,0,0,0,1,0,28.3,0,0,5,2026-06,4
FBJ-0019,2026-06-06,Noche,A,Cable,,81,,20,12,136.3,34.1,7.342,2.27,8,0,0,0,1,0,29.08,0,0,5,2026-06,4
FBJ-0020,2026-06-06,Noche,A,Antena,AP-01,244,-60.1,20,12,136.3,34.1,11.703,3.24,6,1,11,0,1,0,24.1,1,0,5,2026-06,4
FBJ-0022,2026-06-06,Noche,A,Antena,AP-02,838,-82.4,20,12,136.3,34.1,9.34,2.89,3,1,37,0,1,0,22.55,1,0,5,2026-06,4
FBJ-0023,2026-06-06,Noche,A,Antena,AP-01,872,-78.5,20,12,136.3,34.1,1.339,0.75,2,2,64,0,1,0,15.42,1,0,5,2026-06,4
FBJ-0024,2026-06-06,Noche,A,Antena,AP-02,169,-58.3,20,12,136.3,34.1,6.045,1.53,2,0,0,0,1,0,30.13,1,0,5,2026-06,4
FBJ-0025,2026-06-06,Noche,A,Antena,AP-01,575,-73.2,20,12,136.3,34.1,6.513,3.41,3,0,0,0,1,0,14.62,1,0,5,2026-06,4
FBJ-0027,2026-06-06,Noche,A,Cable,,85,,20,12,136.3,34.1,10.37,2.09,5,0,0,0,1,0,35.0,0,1,5,2026-06,4
FBJ-0029,2026-06-06,Noche,A,Cable,,251,,20,12,136.3,34.1,4.898,1.55,4,0,0,0,1,0,32.69,0,0,5,2026-06,4
FBJ-0030,2026-06-06,Noche,A,Antena,AP-02,116,-54.6,20,12,136.3,34.1,7.16,2.18,5,0,0,0,1,0,33.26,1,0,5,2026-06,4
FBJ-0031,2026-06-06,Noche,B,Cable,,202,,18,12,108.9,27.2,6.391,2.25,1,0,0,0,1,0,28.02,0,0,5,2026-06,4
FBJ-0032,2026-06-06,Noche,B,Cable,,302,,18,12,108.9,27.2,4.203,1.38,6,1,23,0,1,0,31.62,0,0,5,2026-06,4
FBJ-0033,2026-06-06,Noche,B,Antena,AP-01,719,-77.6,18,12,108.9,27.2,8.823,2.74,6,0,0,0,1,0,19.26,1,0,5,2026-06,4
FBJ-0035,2026-06-06,Noche,B,Cable,,154,,18,12,108.9,27.2,14.668,3.44,2,2,78,0,1,0,35.0,0,1,5,2026-06,4
FBJ-0036,2026-06-06,Noche,B,Antena,AP-01,831,-77.3,18,12,108.9,27.2,7.343,2.45,4,0,0,0,1,0,20.65,1,0,5,2026-06,4
FBJ-0037,2026-06-06,Noche,B,Cable,,205,,18,12,108.9,27.2,4.903,1.49,6,0,0,0,1,0,35.0,0,1,5,2026-06,4
FBJ-0039,2026-06-06,Noche,B,Cable,,288,,18,12,108.9,27.2,9.001,2.8,2,0,0,0,1,0,32.68,0,0,5,2026-06,4
FBJ-0040,2026-06-06,Noche,B,Antena,AP-01,564,-73.1,18,12,108.9,27.2,8.168,3.78,1,0,0,0,1,0,21.15,1,0,5,2026-06,4
FBJ-0041,2026-06-06,Noche,B,Antena,AP-02,509,-69.1,18,12,108.9,27.2,9.315,3.14,3,0,0,0,1,0,19.36,1,0,5,2026-06,4
FBJ-0042,2026-06-06,Noche,B,Antena,AP-01,176,-53.0,18,12,108.9,27.2,4.398,0.89,5,0,0,0,1,0,33.33,1,0,5,2026-06,4
FBJ-0044,2026-06-06,Noche,B,Cable,,86,,18,12,108.9,27.2,3.278,0.8,2,0,0,0,1,0,35.0,0,1,5,2026-06,4
FBJ-0045,2026-06-06,Noche,B,Antena,AP-02,848,-81.7,18,12,108.9,27.2,7.617,2.31,1,0,0,0,1,0,21.56,1,0,5,2026-06,4
FBJ-0046,2026-06-06,Noche,B,Antena,AP-01,177,-50.9,18,12,108.9,27.2,12.286,2.37,5,0,0,0,1,0,31.57,1,0,5,2026-06,4
FBJ-0049,2026-06-06,Noche,B,Cable,,350,,18,12,108.9,27.2,9.858,2.28,3,0,0,0,1,0,29.46,0,0,5,2026-06,4
FBJ-0050,2026-06-06,Noche,B,Antena,AP-02,277,-61.0,18,12,108.9,27.2,7.968,2.3,5,0,0,0,1,0,23.81,1,0,5,2026-06,4
FBJ-0052,2026-06-06,Noche,B,Cable,,288,,18,12,108.9,27.2,12.04,2.53,8,0,0,0,1,0,35.0,0,1,5,2026-06,4
FBJ-0053,2026-06-06,Noche,B,Antena,AP-01,245,-55.9,18,12,108.9,27.2,8.681,2.83,2,0,0,0,1,0,21.07,1,0,5,2026-06,4
FBJ-0054,2026-06-06,Noche,B,Antena,AP-02,302,-59.5,18,12,108.9,27.2,4.139,1.84,4,2,66,0,1,0,23.28,1,0,5,2026-06,4
FBJ-0056,2026-06-06,Noche,B,Antena,AP-02,549,-70.0,18,12,108.9,27.2,4.871,2.15,7,0,0,0,1,0,15.69,1,0,5,2026-06,4
FBJ-0057,2026-06-06,Noche,B,Antena,AP-01,851,-81.4,18,12,108.9,27.2,3.983,2.99,3,1,29,0,1,0,14.64,1,0,5,2026-06,4
FBJ-0058,2026-06-06,Noche,B,Antena,AP-02,308,-59.0,18,12,108.9,27.2,9.808,3.08,1,0,0,0,1,0,29.57,1,0,5,2026-06,4
FBJ-0059,2026-06-06,Noche,B,Cable,,107,,18,12,108.9,27.2,11.555,3.0,3,0,0,0,1,0,35.0,0,1,5,2026-06,4
FBJ-0060,2026-06-06,Noche,B,Cable,,110,,18,12,108.9,27.2,8.105,2.11,8,0,0,0,1,0,34.03,0,0,5,2026-06,4
FBJ-0013,2026-06-07,Madrugada,A,Antena,AP-02,111,-56.0,4,4,34.7,8.7,1.755,0.7,8,0,0,1,1,0,25.82,1,0,6,2026-06,1
FBJ-0020,2026-06-07,Madrugada,A,Antena,AP-01,244,-60.1,4,4,34.7,8.7,5.569,2.5,8,1,12,1,1,0,19.37,1,0,6,2026-06,1
FBJ-0026,2026-06-07,Madrugada,A,Antena,AP-02,283,-64.0,4,4,34.7,8.7,1.217,0.54,4,1,24,1,1,0,17.74,1,0,6,2026-06,1
FBJ-0027,2026-06-07,Madrugada,A,Cable,,85,,4,4,34.7,8.7,7.079,2.28,8,2,78,1,1,0,27.23,0,0,6,2026-06,1
FBJ-0045,2026-06-07,Madrugada,B,Antena,AP-02,848,-81.7,6,5,24.3,6.1,1.222,0.69,7,1,27,1,1,0,11.23,1,0,6,2026-06,1
FBJ-0049,2026-06-07,Madrugada,B,Cable,,350,,6,5,24.3,6.1,1.801,0.54,6,0,0,1,1,0,23.94,0,0,6,2026-06,1
FBJ-0057,2026-06-07,Madrugada,B,Antena,AP-01,851,-81.4,6,5,24.3,6.1,5.812,2.95,6,1,36,1,1,0,15.44,1,0,6,2026-06,1
FBJ-0058,2026-06-07,Madrugada,B,Antena,AP-02,308,-59.0,6,5,24.3,6.1,1.611,0.86,3,1,7,1,1,0,19.85,1,0,6,2026-06,1
FBJ-0004,2026-06-07,Mañana,A,Cable,,322,,12,10,75.8,19.0,4.199,2.13,2,1,6,1,1,0,19.16,0,0,6,2026-06,2
FBJ-0007,2026-06-07,Mañana,A,Antena,AP-02,594,-68.6,12,10,75.8,19.0,2.792,1.85,1,0,0,1,1,0,12.95,1,0,6,2026-06,2
FBJ-0011,2026-06-07,Mañana,A,Antena,AP-02,440,-67.1,12,10,75.8,19.0,3.655,1.7,3,0,0,1,1,0,15.47,1,0,6,2026-06,2
FBJ-0012,2026-06-07,Mañana,A,Antena,AP-01,631,-74.1,12,10,75.8,19.0,4.559,2.04,7,1,20,1,1,0,15.3,1,0,6,2026-06,2
FBJ-0013,2026-06-07,Mañana,A,Antena,AP-02,111,-56.0,12,10,75.8,19.0,5.438,1.68,2,0,0,1,1,0,22.9,1,0,6,2026-06,2
FBJ-0015,2026-06-07,Mañana,A,Antena,AP-02,894,-83.5,12,10,75.8,19.0,1.202,0.67,2,1,22,1,1,0,13.27,1,0,6,2026-06,2
FBJ-0020,2026-06-07,Mañana,A,Antena,AP-01,244,-60.1,12,10,75.8,19.0,0.712,0.35,8,2,54,1,1,0,14.93,1,0,6,2026-06,2
FBJ-0021,2026-06-07,Mañana,A,Cable,,163,,12,10,75.8,19.0,3.001,1.09,3,0,0,1,1,0,26.63,0,0,6,2026-06,2
FBJ-0022,2026-06-07,Mañana,A,Antena,AP-02,838,-82.4,12,10,75.8,19.0,2.604,1.81,5,2,78,1,1,0,10.73,1,0,6,2026-06,2
FBJ-0024,2026-06-07,Mañana,A,Antena,AP-02,169,-58.3,12,10,75.8,19.0,0.435,0.2,5,1,3,1,1,0,17.02,1,0,6,2026-06,2
FBJ-0026,2026-06-07,Mañana,A,Antena,AP-02,283,-64.0,12,10,75.8,19.0,4.129,2.02,4,0,0,1,1,0,16.54,1,0,6,2026-06,2
FBJ-0027,2026-06-07,Mañana,A,Cable,,85,,12,10,75.8,19.0,10.194,1.92,7,0,0,1,1,0,33.16,0,0,6,2026-06,2
FBJ-0029,2026-06-07,Mañana,A,Cable,,251,,12,10,75.8,19.0,3.455,1.32,4,1,8,1,1,0,23.75,0,0,6,2026-06,2
FBJ-0030,2026-06-07,Mañana,A,Antena,AP-02,116,-54.6,12,10,75.8,19.0,3.265,1.93,3,0,0,1,1,0,20.03,1,0,6,2026-06,2
FBJ-0032,2026-06-07,Mañana,B,Cable,,302,,8,6,76.7,19.2,7.077,2.67,4,0,0,1,1,0,22.43,0,0,6,2026-06,2
FBJ-0033,2026-06-07,Mañana,B,Antena,AP-01,719,-77.6,8,6,76.7,19.2,2.051,1.26,6,0,0,1,1,0,10.22,1,0,6,2026-06,2
FBJ-0035,2026-06-07,Mañana,B,Cable,,154,,8,6,76.7,19.2,4.006,1.21,4,0,0,1,1,0,23.48,0,0,6,2026-06,2
FBJ-0036,2026-06-07,Mañana,B,Antena,AP-01,831,-77.3,8,6,76.7,19.2,4.088,1.59,3,2,74,1,1,0,16.42,1,0,6,2026-06,2
FBJ-0037,2026-06-07,Mañana,B,Cable,,205,,8,6,76.7,19.2,6.08,2.1,6,0,0,1,1,0,28.44,0,0,6,2026-06,2
FBJ-0040,2026-06-07,Mañana,B,Antena,AP-01,564,-73.1,8,6,76.7,19.2,2.154,1.57,2,0,0,1,1,0,13.22,1,0,6,2026-06,2
FBJ-0045,2026-06-07,Mañana,B,Antena,AP-02,848,-81.7,8,6,76.7,19.2,3.84,2.12,4,1,8,1,1,0,12.87,1,0,6,2026-06,2
FBJ-0046,2026-06-07,Mañana,B,Antena,AP-01,177,-50.9,8,6,76.7,19.2,7.328,2.43,6,1,35,1,1,0,19.27,1,0,6,2026-06,2
FBJ-0048,2026-06-07,Mañana,B,Antena,AP-01,721,-80.9,8,6,76.7,19.2,2.942,2.12,3,1,32,1,1,0,16.14,1,0,6,2026-06,2
FBJ-0051,2026-06-07,Mañana,B,Cable,,42,,8,6,76.7,19.2,5.344,1.39,2,0,0,1,1,0,22.88,0,0,6,2026-06,2
FBJ-0054,2026-06-07,Mañana,B,Antena,AP-02,302,-59.5,8,6,76.7,19.2,3.26,1.31,4,1,17,1,1,0,24.53,1,0,6,2026-06,2
FBJ-0056,2026-06-07,Mañana,B,Antena,AP-02,549,-70.0,8,6,76.7,19.2,3.99,2.46,7,1,19,1,1,0,11.34,1,0,6,2026-06,2
FBJ-0057,2026-06-07,Mañana,B,Antena,AP-01,851,-81.4,8,6,76.7,19.2,1.426,1.59,3,0,0,1,1,0,8.64,1,0,6,2026-06,2
FBJ-0059,2026-06-07,Mañana,B,Cable,,107,,8,6,76.7,19.2,3.8,1.05,1,4,48,1,1,0,28.22,0,0,6,2026-06,2
FBJ-0003,2026-06-07,Tarde,A,Antena,AP-02,392,-66.0,19,15,194.9,48.7,2.146,1.79,5,1,15,1,1,0,9.73,1,0,6,2026-06,3
FBJ-0004,2026-06-07,Tarde,A,Cable,,322,,19,15,194.9,48.7,3.113,1.67,2,1,17,1,1,0,19.08,0,0,6,2026-06,3
FBJ-0009,2026-06-07,Tarde,A,Antena,AP-02,565,-72.0,19,15,194.9,48.7,1.461,1.85,1,0,0,1,1,0,5.8,1,0,6,2026-06,3
FBJ-0010,2026-06-07,Tarde,A,Antena,AP-01,482,-67.3,19,15,194.9,48.7,3.567,2.51,6,1,24,1,1,0,12.12,1,0,6,2026-06,3
FBJ-0011,2026-06-07,Tarde,A,Antena,AP-02,440,-67.1,19,15,194.9,48.7,3.93,2.85,6,0,0,1,1,0,11.49,1,0,6,2026-06,3
FBJ-0014,2026-06-07,Tarde,A,Antena,AP-01,319,-62.5,19,15,194.9,48.7,1.796,1.24,4,0,0,1,1,0,15.27,1,0,6,2026-06,3
FBJ-0015,2026-06-07,Tarde,A,Antena,AP-02,894,-83.5,19,15,194.9,48.7,2.523,1.8,7,2,50,1,1,0,13.01,1,0,6,2026-06,3
FBJ-0018,2026-06-07,Tarde,A,Cable,,281,,19,15,194.9,48.7,0.707,0.22,7,0,0,1,1,0,25.54,0,0,6,2026-06,3
FBJ-0019,2026-06-07,Tarde,A,Cable,,81,,19,15,194.9,48.7,1.811,0.63,6,1,4,1,1,0,23.28,0,0,6,2026-06,3
FBJ-0020,2026-06-07,Tarde,A,Antena,AP-01,244,-60.1,19,15,194.9,48.7,1.532,0.85,5,0,0,1,1,0,13.94,1,0,6,2026-06,3
FBJ-0022,2026-06-07,Tarde,A,Antena,AP-02,838,-82.4,19,15,194.9,48.7,2.413,1.9,7,2,20,1,1,0,10.0,1,0,6,2026-06,3
FBJ-0023,2026-06-07,Tarde,A,Antena,AP-01,872,-78.5,19,15,194.9,48.7,1.466,1.44,5,0,0,1,1,0,11.16,1,0,6,2026-06,3
FBJ-0025,2026-06-07,Tarde,A,Antena,AP-01,575,-73.2,19,15,194.9,48.7,1.705,1.4,8,2,70,1,1,0,10.08,1,0,6,2026-06,3
FBJ-0026,2026-06-07,Tarde,A,Antena,AP-02,283,-64.0,19,15,194.9,48.7,1.798,1.96,8,1,35,1,1,0,9.8,1,0,6,2026-06,3
FBJ-0027,2026-06-07,Tarde,A,Cable,,85,,19,15,194.9,48.7,2.599,0.88,8,4,128,1,1,0,17.85,0,0,6,2026-06,3
FBJ-0029,2026-06-07,Tarde,A,Cable,,251,,19,15,194.9,48.7,2.181,1.22,2,0,0,1,1,0,17.89,0,0,6,2026-06,3
FBJ-0032,2026-06-07,Tarde,B,Cable,,302,,14,9,92.3,23.1,6.841,1.39,7,2,22,1,1,0,35.0,0,1,6,2026-06,3
FBJ-0033,2026-06-07,Tarde,B,Antena,AP-01,719,-77.6,14,9,92.3,23.1,1.539,0.85,5,0,0,1,1,0,11.99,1,0,6,2026-06,3
FBJ-0035,2026-06-07,Tarde,B,Cable,,154,,14,9,92.3,23.1,3.244,0.89,2,0,0,1,1,0,29.46,0,0,6,2026-06,3
FBJ-0039,2026-06-07,Tarde,B,Cable,,288,,14,9,92.3,23.1,4.355,1.3,8,0,0,1,1,0,29.97,0,0,6,2026-06,3
FBJ-0040,2026-06-07,Tarde,B,Antena,AP-01,564,-73.1,14,9,92.3,23.1,3.475,2.55,3,0,0,1,1,0,12.87,1,0,6,2026-06,3
FBJ-0042,2026-06-07,Tarde,B,Antena,AP-01,176,-53.0,14,9,92.3,23.1,4.389,1.26,2,1,14,1,1,0,26.14,1,0,6,2026-06,3
FBJ-0044,2026-06-07,Tarde,B,Cable,,86,,14,9,92.3,23.1,4.456,1.84,8,3,42,1,1,0,24.51,0,0,6,2026-06,3
FBJ-0045,2026-06-07,Tarde,B,Antena,AP-02,848,-81.7,14,9,92.3,23.1,4.588,2.51,2,2,66,1,1,0,14.69,1,0,6,2026-06,3
FBJ-0047,2026-06-07,Tarde,B,Antena,AP-02,453,-71.2,14,9,92.3,23.1,2.091,1.41,8,2,60,1,1,0,12.9,1,0,6,2026-06,3
FBJ-0048,2026-06-07,Tarde,B,Antena,AP-01,721,-80.9,14,9,92.3,23.1,1.651,1.14,5,2,14,1,1,0,13.57,1,0,6,2026-06,3
FBJ-0049,2026-06-07,Tarde,B,Cable,,350,,14,9,92.3,23.1,3.728,1.05,8,3,12,1,1,0,22.29,0,0,6,2026-06,3
FBJ-0052,2026-06-07,Tarde,B,Cable,,288,,14,9,92.3,23.1,3.016,1.08,1,1,8,1,1,0,31.3,0,0,6,2026-06,3
FBJ-0053,2026-06-07,Tarde,B,Antena,AP-01,245,-55.9,14,9,92.3,23.1,3.555,1.68,8,1,34,1,1,0,16.91,1,0,6,2026-06,3
FBJ-0056,2026-06-07,Tarde,B,Antena,AP-02,549,-70.0,14,9,92.3,23.1,3.734,2.49,6,2,58,1,1,0,14.09,1,0,6,2026-06,3
FBJ-0057,2026-06-07,Tarde,B,Antena,AP-01,851,-81.4,14,9,92.3,23.1,2.303,1.83,7,2,12,1,1,0,11.71,1,0,6,2026-06,3
FBJ-0058,2026-06-07,Tarde,B,Antena,AP-02,308,-59.0,14,9,92.3,23.1,4.544,1.78,8,1,8,1,1,0,21.23,1,0,6,2026-06,3
FBJ-0059,2026-06-07,Tarde,B,Cable,,107,,14,9,92.3,23.1,7.512,2.55,2,2,28,1,1,0,20.82,0,0,6,2026-06,3
FBJ-0001,2026-06-07,Noche,A,Antena,AP-01,625,-74.5,19,14,149.1,37.3,4.604,3.17,5,0,0,1,1,0,11.03,1,0,6,2026-06,4
FBJ-0005,2026-06-07,Noche,A,Cable,,179,,19,14,149.1,37.3,5.265,1.83,7,1,14,1,1,0,20.4,0,0,6,2026-06,4
FBJ-0007,2026-06-07,Noche,A,Antena,AP-02,594,-68.6,19,14,149.1,37.3,3.245,2.4,2,1,26,1,1,0,10.21,1,0,6,2026-06,4
FBJ-0009,2026-06-07,Noche,A,Antena,AP-02,565,-72.0,19,14,149.1,37.3,1.344,1.63,3,0,0,1,1,0,8.45,1,0,6,2026-06,4
FBJ-0011,2026-06-07,Noche,A,Antena,AP-02,440,-67.1,19,14,149.1,37.3,2.849,2.11,3,0,0,1,1,0,12.91,1,0,6,2026-06,4
FBJ-0012,2026-06-07,Noche,A,Antena,AP-01,631,-74.1,19,14,149.1,37.3,4.041,2.57,8,0,0,1,1,0,11.6,1,0,6,2026-06,4
FBJ-0013,2026-06-07,Noche,A,Antena,AP-02,111,-56.0,19,14,149.1,37.3,4.879,2.54,7,1,3,1,1,0,18.77,1,0,6,2026-06,4
FBJ-0014,2026-06-07,Noche,A,Antena,AP-01,319,-62.5,19,14,149.1,37.3,2.935,2.56,3,0,0,1,1,0,11.29,1,0,6,2026-06,4
FBJ-0018,2026-06-07,Noche,A,Cable,,281,,19,14,149.1,37.3,6.421,2.03,7,0,0,1,1,0,20.53,0,0,6,2026-06,4
FBJ-0019,2026-06-07,Noche,A,Cable,,81,,19,14,149.1,37.3,7.69,2.59,8,1,11,1,1,0,21.38,0,0,6,2026-06,4
FBJ-0020,2026-06-07,Noche,A,Antena,AP-01,244,-60.1,19,14,149.1,37.3,6.54,3.34,6,0,0,1,1,0,15.9,1,0,6,2026-06,4
FBJ-0021,2026-06-07,Noche,A,Cable,,163,,19,14,149.1,37.3,10.829,2.83,7,2,10,1,1,0,33.22,0,0,6,2026-06,4
FBJ-0023,2026-06-07,Noche,A,Antena,AP-01,872,-78.5,19,14,149.1,37.3,3.388,2.25,3,1,22,1,1,0,12.33,1,0,6,2026-06,4
FBJ-0024,2026-06-07,Noche,A,Antena,AP-02,169,-58.3,19,14,149.1,37.3,3.577,1.94,8,0,0,1,1,0,16.39,1,0,6,2026-06,4
FBJ-0025,2026-06-07,Noche,A,Antena,AP-01,575,-73.2,19,14,149.1,37.3,1.745,1.79,8,0,0,1,1,0,12.4,1,0,6,2026-06,4
FBJ-0027,2026-06-07,Noche,A,Cable,,85,,19,14,149.1,37.3,7.052,2.62,1,1,12,1,1,0,22.73,0,0,6,2026-06,4
FBJ-0030,2026-06-07,Noche,A,Antena,AP-02,116,-54.6,19,14,149.1,37.3,4.175,2.49,8,0,0,1,1,0,15.35,1,0,6,2026-06,4
FBJ-0031,2026-06-07,Noche,B,Cable,,202,,21,16,155.2,38.8,7.289,3.81,8,2,42,1,1,0,14.84,0,0,6,2026-06,4
FBJ-0032,2026-06-07,Noche,B,Cable,,302,,21,16,155.2,38.8,5.529,2.78,4,1,18,1,1,0,16.04,0,0,6,2026-06,4
FBJ-0033,2026-06-07,Noche,B,Antena,AP-01,719,-77.6,21,16,155.2,38.8,6.539,3.97,1,0,0,1,1,0,9.89,1,0,6,2026-06,4
FBJ-0034,2026-06-07,Noche,B,Antena,AP-02,604,-72.2,21,16,155.2,38.8,3.211,3.45,1,0,0,1,1,0,7.99,1,0,6,2026-06,4
FBJ-0035,2026-06-07,Noche,B,Cable,,154,,21,16,155.2,38.8,2.969,1.28,5,1,12,1,1,0,18.72,0,0,6,2026-06,4
FBJ-0036,2026-06-07,Noche,B,Antena,AP-01,831,-77.3,21,16,155.2,38.8,1.842,1.51,7,0,0,1,1,0,10.68,1,0,6,2026-06,4
FBJ-0037,2026-06-07,Noche,B,Cable,,205,,21,16,155.2,38.8,7.305,2.46,7,1,27,1,1,0,30.06,0,0,6,2026-06,4
FBJ-0039,2026-06-07,Noche,B,Cable,,288,,21,16,155.2,38.8,5.619,2.0,8,0,0,1,1,0,19.89,0,0,6,2026-06,4
FBJ-0041,2026-06-07,Noche,B,Antena,AP-02,509,-69.1,21,16,155.2,38.8,3.707,2.28,4,0,0,1,1,0,11.95,1,0,6,2026-06,4
FBJ-0042,2026-06-07,Noche,B,Antena,AP-01,176,-53.0,21,16,155.2,38.8,4.332,2.33,3,0,0,1,1,0,15.29,1,0,6,2026-06,4
FBJ-0043,2026-06-07,Noche,B,Cable,,318,,21,16,155.2,38.8,6.71,2.71,4,1,14,1,1,0,24.3,0,0,6,2026-06,4
FBJ-0044,2026-06-07,Noche,B,Cable,,86,,21,16,155.2,38.8,3.528,2.13,7,2,20,1,1,0,18.71,0,0,6,2026-06,4
FBJ-0046,2026-06-07,Noche,B,Antena,AP-01,177,-50.9,21,16,155.2,38.8,5.918,2.84,3,0,0,1,1,0,18.5,1,0,6,2026-06,4
FBJ-0047,2026-06-07,Noche,B,Antena,AP-02,453,-71.2,21,16,155.2,38.8,3.838,2.95,6,0,0,1,1,0,10.68,1,0,6,2026-06,4
FBJ-0048,2026-06-07,Noche,B,Antena,AP-01,721,-80.9,21,16,155.2,38.8,2.125,2.28,2,0,0,1,1,0,9.04,1,0,6,2026-06,4
FBJ-0049,2026-06-07,Noche,B,Cable,,350,,21,16,155.2,38.8,6.281,2.36,1,0,0,1,1,0,19.38,0,0,6,2026-06,4
FBJ-0050,2026-06-07,Noche,B,Antena,AP-02,277,-61.0,21,16,155.2,38.8,4.542,2.55,1,0,0,1,1,0,14.64,1,0,6,2026-06,4
FBJ-0051,2026-06-07,Noche,B,Cable,,42,,21,16,155.2,38.8,5.935,3.08,1,1,26,1,1,0,15.05,0,0,6,2026-06,4
FBJ-0052,2026-06-07,Noche,B,Cable,,288,,21,16,155.2,38.8,9.31,2.94,6,2,36,1,1,0,21.9,0,0,6,2026-06,4
FBJ-0053,2026-06-07,Noche,B,Antena,AP-01,245,-55.9,21,16,155.2,38.8,3.466,1.68,1,1,14,1,1,0,15.75,1,0,6,2026-06,4
FBJ-0054,2026-06-07,Noche,B,Antena,AP-02,302,-59.5,21,16,155.2,38.8,3.01,2.67,3,0,0,1,1,0,9.37,1,0,6,2026-06,4
FBJ-0056,2026-06-07,Noche,B,Antena,AP-02,549,-70.0,21,16,155.2,38.8,2.007,1.85,6,0,0,1,1,0,9.49,1,0,6,2026-06,4
FBJ-0057,2026-06-07,Noche,B,Antena,AP-01,851,-81.4,21,16,155.2,38.8,3.252,3.45,2,0,0,1,1,0,9.79,1,0,6,2026-06,4
FBJ-0060,2026-06-07,Noche,B,Cable,,110,,21,16,155.2,38.8,7.218,2.54,5,1,31,1,1,0,19.35,0,0,6,2026-06,4
FBJ-0003,2026-06-08,Madrugada,A,Antena,AP-02,392,-66.0,5,4,27.5,6.9,2.708,0.85,5,0,0,0,0,0,20.63,1,0,0,2026-06,1
FBJ-0005,2026-06-08,Madrugada,A,Cable,,179,,5,4,27.5,6.9,5.303,1.22,8,0,0,0,0,0,32.82,0,0,0,2026-06,1
FBJ-0042,2026-06-08,Madrugada,B,Antena,AP-01,176,-53.0,1,1,8.5,2.1,8.84,2.01,2,0,0,0,0,0,28.11,1,0,0,2026-06,1
FBJ-0003,2026-06-08,Mañana,A,Antena,AP-02,392,-66.0,8,6,64.5,16.1,3.146,1.58,5,0,0,0,0,0,18.94,1,0,0,2026-06,2
FBJ-0007,2026-06-08,Mañana,A,Antena,AP-02,594,-68.6,8,6,64.5,16.1,4.272,1.9,7,0,0,0,0,0,18.1,1,0,0,2026-06,2
FBJ-0011,2026-06-08,Mañana,A,Antena,AP-02,440,-67.1,8,6,64.5,16.1,0.4,0.2,3,0,0,0,0,0,18.98,1,0,0,2026-06,2
FBJ-0014,2026-06-08,Mañana,A,Antena,AP-01,319,-62.5,8,6,64.5,16.1,4.545,1.36,4,0,0,0,0,0,26.05,1,0,0,2026-06,2
FBJ-0019,2026-06-08,Mañana,A,Cable,,81,,8,6,64.5,16.1,7.773,1.69,7,0,0,0,0,0,35.0,0,1,0,2026-06,2
FBJ-0026,2026-06-08,Mañana,A,Antena,AP-02,283,-64.0,8,6,64.5,16.1,3.037,1.55,6,1,33,0,0,0,21.89,1,0,0,2026-06,2
FBJ-0027,2026-06-08,Mañana,A,Cable,,85,,8,6,64.5,16.1,16.375,2.78,2,0,0,0,0,0,35.0,0,1,0,2026-06,2
FBJ-0030,2026-06-08,Mañana,A,Antena,AP-02,116,-54.6,8,6,64.5,16.1,6.623,2.57,6,0,0,0,0,0,30.05,1,0,0,2026-06,2
FBJ-0032,2026-06-08,Mañana,B,Cable,,302,,13,10,145.2,36.3,6.784,1.35,5,0,0,0,0,0,35.0,0,1,0,2026-06,2
FBJ-0037,2026-06-08,Mañana,B,Cable,,205,,13,10,145.2,36.3,10.587,2.83,7,0,0,0,0,0,35.0,0,1,0,2026-06,2
FBJ-0040,2026-06-08,Mañana,B,Antena,AP-01,564,-73.1,13,10,145.2,36.3,4.048,1.41,7,0,0,0,0,0,20.01,1,0,0,2026-06,2
FBJ-0041,2026-06-08,Mañana,B,Antena,AP-02,509,-69.1,13,10,145.2,36.3,3.269,2.08,4,0,0,0,0,0,14.96,1,0,0,2026-06,2
FBJ-0042,2026-06-08,Mañana,B,Antena,AP-01,176,-53.0,13,10,145.2,36.3,4.386,1.69,2,0,0,0,0,0,21.66,1,0,0,2026-06,2
FBJ-0044,2026-06-08,Mañana,B,Cable,,86,,13,10,145.2,36.3,12.165,2.51,8,0,0,0,0,0,35.0,0,1,0,2026-06,2
FBJ-0046,2026-06-08,Mañana,B,Antena,AP-01,177,-50.9,13,10,145.2,36.3,4.181,0.77,6,0,0,0,0,0,35.0,1,1,0,2026-06,2
FBJ-0048,2026-06-08,Mañana,B,Antena,AP-01,721,-80.9,13,10,145.2,36.3,3.985,2.67,2,1,28,0,0,0,14.61,1,0,0,2026-06,2
FBJ-0051,2026-06-08,Mañana,B,Cable,,42,,13,10,145.2,36.3,5.812,1.24,6,0,0,0,0,0,35.0,0,1,0,2026-06,2
FBJ-0052,2026-06-08,Mañana,B,Cable,,288,,13,10,145.2,36.3,7.31,1.78,3,0,0,0,0,0,30.27,0,0,0,2026-06,2
FBJ-0057,2026-06-08,Mañana,B,Antena,AP-01,851,-81.4,13,10,145.2,36.3,6.897,2.86,5,0,0,0,0,0,21.75,1,0,0,2026-06,2
FBJ-0059,2026-06-08,Mañana,B,Cable,,107,,13,10,145.2,36.3,8.675,2.1,5,0,0,0,0,0,31.79,0,0,0,2026-06,2
FBJ-0003,2026-06-08,Tarde,A,Antena,AP-02,392,-66.0,14,9,93.2,23.3,1.43,0.68,2,0,0,0,0,0,20.32,1,0,0,2026-06,3
FBJ-0009,2026-06-08,Tarde,A,Antena,AP-02,565,-72.0,14,9,93.2,23.3,2.687,1.53,7,0,0,0,0,0,17.74,1,0,0,2026-06,3
FBJ-0010,2026-06-08,Tarde,A,Antena,AP-01,482,-67.3,14,9,93.2,23.3,3.732,1.68,3,0,0,0,0,0,17.44,1,0,0,2026-06,3
FBJ-0011,2026-06-08,Tarde,A,Antena,AP-02,440,-67.1,14,9,93.2,23.3,6.069,1.94,1,0,0,0,0,0,24.43,1,0,0,2026-06,3
FBJ-0012,2026-06-08,Tarde,A,Antena,AP-01,631,-74.1,14,9,93.2,23.3,4.191,2.26,7,0,0,0,0,0,18.11,1,0,0,2026-06,3
FBJ-0014,2026-06-08,Tarde,A,Antena,AP-01,319,-62.5,14,9,93.2,23.3,4.185,0.89,5,0,0,0,0,0,31.85,1,0,0,2026-06,3
FBJ-0018,2026-06-08,Tarde,A,Cable,,281,,14,9,93.2,23.3,4.39,0.89,2,1,37,0,0,0,35.0,0,1,0,2026-06,3
FBJ-0021,2026-06-08,Tarde,A,Cable,,163,,14,9,93.2,23.3,10.301,2.03,8,0,0,0,0,0,35.0,0,1,0,2026-06,3
FBJ-0022,2026-06-08,Tarde,A,Antena,AP-02,838,-82.4,14,9,93.2,23.3,4.338,2.14,8,0,0,0,0,0,14.87,1,0,0,2026-06,3
FBJ-0023,2026-06-08,Tarde,A,Antena,AP-01,872,-78.5,14,9,93.2,23.3,1.188,0.88,4,0,0,0,0,0,15.5,1,0,0,2026-06,3
FBJ-0024,2026-06-08,Tarde,A,Antena,AP-02,169,-58.3,14,9,93.2,23.3,2.655,0.99,4,0,0,0,0,0,24.42,1,0,0,2026-06,3
FBJ-0026,2026-06-08,Tarde,A,Antena,AP-02,283,-64.0,14,9,93.2,23.3,0.837,0.44,2,0,0,0,0,0,16.59,1,0,0,2026-06,3
FBJ-0029,2026-06-08,Tarde,A,Cable,,251,,14,9,93.2,23.3,5.223,1.51,2,0,0,0,0,0,33.04,0,0,0,2026-06,3
FBJ-0030,2026-06-08,Tarde,A,Antena,AP-02,116,-54.6,14,9,93.2,23.3,5.309,1.78,7,0,0,0,0,0,28.51,1,0,0,2026-06,3
FBJ-0032,2026-06-08,Tarde,B,Cable,,302,,9,8,35.7,8.9,3.387,1.35,5,0,0,0,0,0,20.51,0,0,0,2026-06,3
FBJ-0034,2026-06-08,Tarde,B,Antena,AP-02,604,-72.2,9,8,35.7,8.9,1.634,1.01,6,0,0,0,0,0,17.02,1,0,0,2026-06,3
FBJ-0035,2026-06-08,Tarde,B,Cable,,154,,9,8,35.7,8.9,7.184,1.85,7,0,0,0,0,0,30.65,0,0,0,2026-06,3
FBJ-0039,2026-06-08,Tarde,B,Cable,,288,,9,8,35.7,8.9,0.922,0.2,1,0,0,0,0,0,35.0,0,1,0,2026-06,3
FBJ-0040,2026-06-08,Tarde,B,Antena,AP-01,564,-73.1,9,8,35.7,8.9,3.529,1.57,5,0,0,0,0,0,16.44,1,0,0,2026-06,3
FBJ-0046,2026-06-08,Tarde,B,Antena,AP-01,177,-50.9,9,8,35.7,8.9,11.88,2.18,3,0,0,0,0,0,32.11,1,0,0,2026-06,3
FBJ-0047,2026-06-08,Tarde,B,Antena,AP-02,453,-71.2,9,8,35.7,8.9,4.621,2.19,2,1,4,0,0,0,15.59,1,0,0,2026-06,3
FBJ-0051,2026-06-08,Tarde,B,Cable,,42,,9,8,35.7,8.9,4.663,1.14,4,0,0,0,0,0,35.0,0,1,0,2026-06,3
FBJ-0001,2026-06-08,Noche,A,Antena,AP-01,625,-74.5,19,16,130.6,32.7,2.686,2.45,6,0,0,0,0,0,10.64,1,0,0,2026-06,4
FBJ-0003,2026-06-08,Noche,A,Antena,AP-02,392,-66.0,19,16,130.6,32.7,3.839,1.94,2,0,0,0,0,0,13.62,1,0,0,2026-06,4
FBJ-0004,2026-06-08,Noche,A,Cable,,322,,19,16,130.6,32.7,10.02,3.51,2,1,14,0,0,0,22.52,0,0,0,2026-06,4
FBJ-0007,2026-06-08,Noche,A,Antena,AP-02,594,-68.6,19,16,130.6,32.7,3.556,2.67,1,0,0,0,0,0,10.45,1,0,0,2026-06,4
FBJ-0010,2026-06-08,Noche,A,Antena,AP-01,482,-67.3,19,16,130.6,32.7,3.839,2.93,2,0,0,0,0,0,8.8,1,0,0,2026-06,4
FBJ-0012,2026-06-08,Noche,A,Antena,AP-01,631,-74.1,19,16,130.6,32.7,3.644,3.01,7,0,0,0,0,0,12.65,1,0,0,2026-06,4
FBJ-0014,2026-06-08,Noche,A,Antena,AP-01,319,-62.5,19,16,130.6,32.7,5.691,2.78,8,0,0,0,0,0,15.9,1,0,0,2026-06,4
FBJ-0015,2026-06-08,Noche,A,Antena,AP-02,894,-83.5,19,16,130.6,32.7,3.569,2.67,5,0,0,0,0,0,11.84,1,0,0,2026-06,4
FBJ-0019,2026-06-08,Noche,A,Cable,,81,,19,16,130.6,32.7,9.075,4.2,5,0,0,0,0,0,23.53,0,0,0,2026-06,4
FBJ-0020,2026-06-08,Noche,A,Antena,AP-01,244,-60.1,19,16,130.6,32.7,5.115,2.03,4,0,0,0,0,0,17.87,1,0,0,2026-06,4
FBJ-0024,2026-06-08,Noche,A,Antena,AP-02,169,-58.3,19,16,130.6,32.7,5.072,1.99,8,1,28,0,0,0,17.52,1,0,0,2026-06,4
FBJ-0025,2026-06-08,Noche,A,Antena,AP-01,575,-73.2,19,16,130.6,32.7,4.309,2.72,2,0,0,0,0,0,13.61,1,0,0,2026-06,4
FBJ-0027,2026-06-08,Noche,A,Cable,,85,,19,16,130.6,32.7,7.522,2.39,2,1,5,0,0,0,27.16,0,0,0,2026-06,4
FBJ-0031,2026-06-08,Noche,B,Cable,,202,,16,11,56.5,14.1,6.47,2.89,4,0,0,0,0,0,27.71,0,0,0,2026-06,4
FBJ-0032,2026-06-08,Noche,B,Cable,,302,,16,11,56.5,14.1,4.458,1.4,8,0,0,0,0,0,35.0,0,1,0,2026-06,4
FBJ-0037,2026-06-08,Noche,B,Cable,,205,,16,11,56.5,14.1,6.409,2.2,6,0,0,0,0,0,34.31,0,0,0,2026-06,4
FBJ-0040,2026-06-08,Noche,B,Antena,AP-01,564,-73.1,16,11,56.5,14.1,6.824,3.54,5,0,0,0,0,0,17.86,1,0,0,2026-06,4
FBJ-0041,2026-06-08,Noche,B,Antena,AP-02,509,-69.1,16,11,56.5,14.1,5.701,2.27,2,0,0,0,0,0,19.77,1,0,0,2026-06,4
FBJ-0043,2026-06-08,Noche,B,Cable,,318,,16,11,56.5,14.1,7.203,1.93,2,0,0,0,0,0,35.0,0,1,0,2026-06,4
FBJ-0044,2026-06-08,Noche,B,Cable,,86,,16,11,56.5,14.1,6.412,1.97,2,0,0,0,0,0,35.0,0,1,0,2026-06,4
FBJ-0047,2026-06-08,Noche,B,Antena,AP-02,453,-71.2,16,11,56.5,14.1,3.827,2.91,7,1,27,0,0,0,15.73,1,0,0,2026-06,4
FBJ-0048,2026-06-08,Noche,B,Antena,AP-01,721,-80.9,16,11,56.5,14.1,9.413,3.7,4,2,8,0,0,0,18.25,1,0,0,2026-06,4
FBJ-0049,2026-06-08,Noche,B,Cable,,350,,16,11,56.5,14.1,12.007,2.39,4,0,0,0,0,0,35.0,0,1,0,2026-06,4
FBJ-0050,2026-06-08,Noche,B,Antena,AP-02,277,-61.0,16,11,56.5,14.1,5.563,1.66,8,0,0,0,0,0,26.86,1,0,0,2026-06,4
FBJ-0051,2026-06-08,Noche,B,Cable,,42,,16,11,56.5,14.1,12.212,2.47,1,1,39,0,0,0,35.0,0,1,0,2026-06,4
FBJ-0058,2026-06-08,Noche,B,Antena,AP-02,308,-59.0,16,11,56.5,14.1,6.408,2.56,6,1,26,0,0,0,21.29,1,0,0,2026-06,4
FBJ-0060,2026-06-08,Noche,B,Cable,,110,,16,11,56.5,14.1,14.119,2.85,4,0,0,0,0,0,35.0,0,1,0,2026-06,4
FBJ-0010,2026-06-09,Madrugada,A,Antena,AP-01,482,-67.3,5,5,29.8,7.5,1.912,1.33,3,1,22,0,0,0,13.95,1,0,1,2026-06,1
FBJ-0019,2026-06-09,Madrugada,A,Cable,,81,,5,5,29.8,7.5,5.546,1.21,1,0,0,0,0,0,33.92,0,0,1,2026-06,1
FBJ-0021,2026-06-09,Madrugada,A,Cable,,163,,5,5,29.8,7.5,1.332,0.3,2,0,0,0,0,0,32.42,0,0,1,2026-06,1
FBJ-0033,2026-06-09,Madrugada,B,Antena,AP-01,719,-77.6,5,3,36.1,9.0,4.153,1.29,7,1,15,0,0,0,19.7,1,0,1,2026-06,1
FBJ-0050,2026-06-09,Madrugada,B,Antena,AP-02,277,-61.0,5,3,36.1,9.0,5.011,2.0,5,0,0,0,0,0,23.23,1,0,1,2026-06,1
FBJ-0052,2026-06-09,Madrugada,B,Cable,,288,,5,3,36.1,9.0,6.075,1.93,5,0,0,0,0,0,35.0,0,1,1,2026-06,1
FBJ-0056,2026-06-09,Madrugada,B,Antena,AP-02,549,-70.0,5,3,36.1,9.0,2.482,0.83,1,0,0,0,0,0,22.02,1,0,1,2026-06,1
FBJ-0005,2026-06-09,Mañana,A,Cable,,179,,9,6,45.4,11.3,4.837,1.68,2,0,0,0,0,0,24.53,0,0,1,2026-06,2
FBJ-0009,2026-06-09,Mañana,A,Antena,AP-02,565,-72.0,9,6,45.4,11.3,1.05,0.68,8,0,0,0,0,0,15.19,1,0,1,2026-06,2
FBJ-0018,2026-06-09,Mañana,A,Cable,,281,,9,6,45.4,11.3,4.6,1.3,1,0,0,0,0,0,32.79,0,0,1,2026-06,2
FBJ-0021,2026-06-09,Mañana,A,Cable,,163,,9,6,45.4,11.3,5.355,1.98,1,0,0,0,0,0,27.36,0,0,1,2026-06,2
FBJ-0024,2026-06-09,Mañana,A,Antena,AP-02,169,-58.3,9,6,45.4,11.3,3.944,1.21,6,0,0,0,0,0,25.27,1,0,1,2026-06,2
FBJ-0025,2026-06-09,Mañana,A,Antena,AP-01,575,-73.2,9,6,45.4,11.3,3.259,1.75,7,0,0,0,0,0,16.7,1,0,1,2026-06,2
FBJ-0027,2026-06-09,Mañana,A,Cable,,85,,9,6,45.4,11.3,10.542,2.49,7,0,0,0,0,0,27.35,0,0,1,2026-06,2
FBJ-0031,2026-06-09,Mañana,B,Cable,,202,,10,8,48.4,12.1,2.543,0.87,8,0,0,0,0,0,29.86,0,0,1,2026-06,2
FBJ-0032,2026-06-09,Mañana,B,Cable,,302,,10,8,48.4,12.1,5.617,1.44,3,0,0,0,0,0,32.9,0,0,1,2026-06,2
FBJ-0033,2026-06-09,Mañana,B,Antena,AP-01,719,-77.6,10,8,48.4,12.1,2.664,1.61,4,0,0,0,0,0,14.62,1,0,1,2026-06,2
FBJ-0034,2026-06-09,Mañana,B,Antena,AP-02,604,-72.2,10,8,48.4,12.1,3.314,1.57,3,0,0,0,0,0,20.79,1,0,1,2026-06,2
FBJ-0037,2026-06-09,Mañana,B,Cable,,205,,10,8,48.4,12.1,5.501,1.56,4,0,0,0,0,0,28.74,0,0,1,2026-06,2
FBJ-0039,2026-06-09,Mañana,B,Cable,,288,,10,8,48.4,12.1,7.62,1.91,3,0,0,0,0,0,33.95,0,0,1,2026-06,2
FBJ-0042,2026-06-09,Mañana,B,Antena,AP-01,176,-53.0,10,8,48.4,12.1,4.732,0.94,6,0,0,0,0,0,35.0,1,1,1,2026-06,2
FBJ-0044,2026-06-09,Mañana,B,Cable,,86,,10,8,48.4,12.1,2.567,0.52,3,1,33,0,0,0,35.0,0,1,1,2026-06,2
FBJ-0047,2026-06-09,Mañana,B,Antena,AP-02,453,-71.2,10,8,48.4,12.1,1.031,0.58,8,0,0,0,0,0,18.52,1,0,1,2026-06,2
FBJ-0048,2026-06-09,Mañana,B,Antena,AP-01,721,-80.9,10,8,48.4,12.1,0.425,0.2,6,1,34,0,0,0,17.94,1,0,1,2026-06,2
FBJ-0049,2026-06-09,Mañana,B,Cable,,350,,10,8,48.4,12.1,9.611,2.32,2,0,0,0,0,0,35.0,0,1,1,2026-06,2
FBJ-0051,2026-06-09,Mañana,B,Cable,,42,,10,8,48.4,12.1,4.577,1.41,2,0,0,0,0,0,29.89,0,0,1,2026-06,2
FBJ-0001,2026-06-09,Tarde,A,Antena,AP-01,625,-74.5,9,9,66.1,16.5,5.171,2.65,6,0,0,0,0,0,14.97,1,0,1,2026-06,3
FBJ-0004,2026-06-09,Tarde,A,Cable,,322,,9,9,66.1,16.5,1.755,0.51,2,0,0,0,0,0,26.5,0,0,1,2026-06,3
FBJ-0009,2026-06-09,Tarde,A,Antena,AP-02,565,-72.0,9,9,66.1,16.5,2.839,1.0,4,0,0,0,0,0,25.48,1,0,1,2026-06,3
FBJ-0012,2026-06-09,Tarde,A,Antena,AP-01,631,-74.1,9,9,66.1,16.5,2.11,1.13,6,0,0,0,0,0,15.07,1,0,1,2026-06,3
FBJ-0014,2026-06-09,Tarde,A,Antena,AP-01,319,-62.5,9,9,66.1,16.5,5.077,1.98,3,1,30,0,0,0,18.65,1,0,1,2026-06,3
FBJ-0022,2026-06-09,Tarde,A,Antena,AP-02,838,-82.4,9,9,66.1,16.5,1.618,0.99,4,2,6,0,0,0,12.84,1,0,1,2026-06,3
FBJ-0024,2026-06-09,Tarde,A,Antena,AP-02,169,-58.3,9,9,66.1,16.5,0.634,0.2,4,0,0,0,0,0,23.62,1,0,1,2026-06,3
FBJ-0025,2026-06-09,Tarde,A,Antena,AP-01,575,-73.2,9,9,66.1,16.5,3.225,1.98,5,0,0,0,0,0,20.46,1,0,1,2026-06,3
FBJ-0027,2026-06-09,Tarde,A,Cable,,85,,9,9,66.1,16.5,8.917,1.72,7,0,0,0,0,0,35.0,0,1,1,2026-06,3
FBJ-0032,2026-06-09,Tarde,B,Cable,,302,,11,10,94.8,23.7,9.959,2.03,8,0,0,0,0,0,35.0,0,1,1,2026-06,3
FBJ-0035,2026-06-09,Tarde,B,Cable,,154,,11,10,94.8,23.7,3.225,1.07,2,0,0,0,0,0,29.53,0,0,1,2026-06,3
FBJ-0036,2026-06-09,Tarde,B,Antena,AP-01,831,-77.3,11,10,94.8,23.7,1.783,0.86,5,0,0,0,0,0,16.62,1,0,1,2026-06,3
FBJ-0037,2026-06-09,Tarde,B,Cable,,205,,11,10,94.8,23.7,2.942,1.05,1,0,0,0,0,0,30.08,0,0,1,2026-06,3
FBJ-0040,2026-06-09,Tarde,B,Antena,AP-01,564,-73.1,11,10,94.8,23.7,2.829,1.34,5,0,0,0,0,0,16.41,1,0,1,2026-06,3
FBJ-0042,2026-06-09,Tarde,B,Antena,AP-01,176,-53.0,11,10,94.8,23.7,4.79,1.77,3,0,0,0,0,0,22.49,1,0,1,2026-06,3
FBJ-0043,2026-06-09,Tarde,B,Cable,,318,,11,10,94.8,23.7,5.366,1.01,3,0,0,0,0,0,35.0,0,1,1,2026-06,3
FBJ-0044,2026-06-09,Tarde,B,Cable,,86,,11,10,94.8,23.7,4.362,1.29,1,0,0,0,0,0,35.0,0,1,1,2026-06,3
FBJ-0047,2026-06-09,Tarde,B,Antena,AP-02,453,-71.2,11,10,94.8,23.7,2.031,1.72,3,0,0,0,0,0,13.97,1,0,1,2026-06,3
FBJ-0048,2026-06-09,Tarde,B,Antena,AP-01,721,-80.9,11,10,94.8,23.7,2.834,1.7,6,1,32,0,0,0,16.89,1,0,1,2026-06,3
FBJ-0052,2026-06-09,Tarde,B,Cable,,288,,11,10,94.8,23.7,4.063,0.83,2,0,0,0,0,0,35.0,0,1,1,2026-06,3
FBJ-0053,2026-06-09,Tarde,B,Antena,AP-01,245,-55.9,11,10,94.8,23.7,3.743,1.32,8,1,12,0,0,0,25.65,1,0,1,2026-06,3
FBJ-0057,2026-06-09,Tarde,B,Antena,AP-01,851,-81.4,11,10,94.8,23.7,2.743,1.15,1,0,0,0,0,0,17.12,1,0,1,2026-06,3
FBJ-0003,2026-06-09,Noche,A,Antena,AP-02,392,-66.0,13,9,75.9,19.0,5.15,2.45,3,0,0,0,0,0,14.69,1,0,1,2026-06,4
FBJ-0007,2026-06-09,Noche,A,Antena,AP-02,594,-68.6,13,9,75.9,19.0,7.271,2.72,1,1,23,0,0,0,17.4,1,0,1,2026-06,4
FBJ-0009,2026-06-09,Noche,A,Antena,AP-02,565,-72.0,13,9,75.9,19.0,2.942,1.39,6,0,0,0,0,0,15.54,1,0,1,2026-06,4
FBJ-0011,2026-06-09,Noche,A,Antena,AP-02,440,-67.1,13,9,75.9,19.0,5.208,2.49,4,0,0,0,0,0,17.67,1,0,1,2026-06,4
FBJ-0012,2026-06-09,Noche,A,Antena,AP-01,631,-74.1,13,9,75.9,19.0,1.41,0.76,4,0,0,0,0,0,14.54,1,0,1,2026-06,4
FBJ-0013,2026-06-09,Noche,A,Antena,AP-02,111,-56.0,13,9,75.9,19.0,4.45,1.69,3,0,0,0,0,0,25.98,1,0,1,2026-06,4
FBJ-0015,2026-06-09,Noche,A,Antena,AP-02,894,-83.5,13,9,75.9,19.0,4.391,1.93,7,1,19,0,0,0,20.22,1,0,1,2026-06,4
FBJ-0021,2026-06-09,Noche,A,Cable,,163,,13,9,75.9,19.0,6.863,1.5,7,0,0,0,0,0,32.64,0,0,1,2026-06,4
FBJ-0022,2026-06-09,Noche,A,Antena,AP-02,838,-82.4,13,9,75.9,19.0,6.387,2.9,5,2,34,0,0,0,15.82,1,0,1,2026-06,4
FBJ-0025,2026-06-09,Noche,A,Antena,AP-01,575,-73.2,13,9,75.9,19.0,6.365,2.57,8,1,31,0,0,0,19.07,1,0,1,2026-06,4
FBJ-0030,2026-06-09,Noche,A,Antena,AP-02,116,-54.6,13,9,75.9,19.0,8.899,2.6,5,0,0,0,0,0,32.09,1,0,1,2026-06,4
FBJ-0031,2026-06-09,Noche,B,Cable,,202,,15,14,96.4,24.1,5.975,2.08,7,0,0,0,0,0,33.0,0,0,1,2026-06,4
FBJ-0034,2026-06-09,Noche,B,Antena,AP-02,604,-72.2,15,14,96.4,24.1,3.775,1.85,8,0,0,0,0,0,14.63,1,0,1,2026-06,4
FBJ-0035,2026-06-09,Noche,B,Cable,,154,,15,14,96.4,24.1,8.977,2.7,8,0,0,0,0,0,30.68,0,0,1,2026-06,4
FBJ-0037,2026-06-09,Noche,B,Cable,,205,,15,14,96.4,24.1,12.971,3.88,8,0,0,0,0,0,27.13,0,0,1,2026-06,4
FBJ-0039,2026-06-09,Noche,B,Cable,,288,,15,14,96.4,24.1,11.615,2.91,4,0,0,0,0,0,30.39,0,0,1,2026-06,4
FBJ-0041,2026-06-09,Noche,B,Antena,AP-02,509,-69.1,15,14,96.4,24.1,3.299,1.83,4,0,0,0,0,0,16.13,1,0,1,2026-06,4
FBJ-0043,2026-06-09,Noche,B,Cable,,318,,15,14,96.4,24.1,10.594,3.34,7,0,0,0,0,0,32.02,0,0,1,2026-06,4
FBJ-0044,2026-06-09,Noche,B,Cable,,86,,15,14,96.4,24.1,6.286,2.47,3,0,0,0,0,0,22.55,0,0,1,2026-06,4
FBJ-0045,2026-06-09,Noche,B,Antena,AP-02,848,-81.7,15,14,96.4,24.1,6.091,3.4,6,1,5,0,0,0,12.15,1,0,1,2026-06,4
FBJ-0046,2026-06-09,Noche,B,Antena,AP-01,177,-50.9,15,14,96.4,24.1,8.658,2.32,2,0,0,0,0,0,22.2,1,0,1,2026-06,4
FBJ-0047,2026-06-09,Noche,B,Antena,AP-02,453,-71.2,15,14,96.4,24.1,1.797,1.49,2,0,0,0,0,0,13.48,1,0,1,2026-06,4
FBJ-0048,2026-06-09,Noche,B,Antena,AP-01,721,-80.9,15,14,96.4,24.1,3.587,2.17,2,0,0,0,0,0,16.42,1,0,1,2026-06,4
FBJ-0050,2026-06-09,Noche,B,Antena,AP-02,277,-61.0,15,14,96.4,24.1,3.678,1.9,2,0,0,0,0,0,20.64,1,0,1,2026-06,4
FBJ-0052,2026-06-09,Noche,B,Cable,,288,,15,14,96.4,24.1,9.928,3.14,6,0,0,0,0,0,28.06,0,0,1,2026-06,4
FBJ-0056,2026-06-09,Noche,B,Antena,AP-02,549,-70.0,15,14,96.4,24.1,4.54,2.48,3,0,0,0,0,0,14.85,1,0,1,2026-06,4
FBJ-0057,2026-06-09,Noche,B,Antena,AP-01,851,-81.4,15,14,96.4,24.1,4.208,1.81,6,0,0,0,0,0,17.77,1,0,1,2026-06,4
FBJ-0059,2026-06-09,Noche,B,Cable,,107,,15,14,96.4,24.1,6.044,1.93,7,0,0,0,0,0,34.58,0,0,1,2026-06,4
FBJ-0060,2026-06-09,Noche,B,Cable,,110,,15,14,96.4,24.1,8.472,1.61,7,0,0,0,0,0,34.76,0,0,1,2026-06,4
FBJ-0003,2026-06-10,Mañana,A,Antena,AP-02,392,-66.0,10,4,49.1,12.3,3.839,2.34,3,0,0,0,0,0,15.5,1,0,2,2026-06,2
FBJ-0004,2026-06-10,Mañana,A,Cable,,322,,10,4,49.1,12.3,5.035,1.19,5,2,14,0,0,0,35.0,0,1,2,2026-06,2
FBJ-0013,2026-06-10,Mañana,A,Antena,AP-02,111,-56.0,10,4,49.1,12.3,6.759,1.9,3,0,0,0,0,0,28.97,1,0,2,2026-06,2
FBJ-0018,2026-06-10,Mañana,A,Cable,,281,,10,4,49.1,12.3,6.834,1.81,2,0,0,0,0,0,26.08,0,0,2,2026-06,2
FBJ-0020,2026-06-10,Mañana,A,Antena,AP-01,244,-60.1,10,4,49.1,12.3,5.645,2.09,4,1,7,0,0,0,19.86,1,0,2,2026-06,2
FBJ-0021,2026-06-10,Mañana,A,Cable,,163,,10,4,49.1,12.3,7.197,1.7,4,0,0,0,0,0,35.0,0,1,2,2026-06,2
FBJ-0022,2026-06-10,Mañana,A,Antena,AP-02,838,-82.4,10,4,49.1,12.3,2.815,2.07,6,0,0,0,0,0,13.0,1,0,2,2026-06,2
FBJ-0023,2026-06-10,Mañana,A,Antena,AP-01,872,-78.5,10,4,49.1,12.3,2.568,1.35,7,1,28,0,0,0,15.0,1,0,2,2026-06,2
FBJ-0026,2026-06-10,Mañana,A,Antena,AP-02,283,-64.0,10,4,49.1,12.3,2.441,1.41,7,0,0,0,0,0,19.81,1,0,2,2026-06,2
FBJ-0027,2026-06-10,Mañana,A,Cable,,85,,10,4,49.1,12.3,5.989,1.53,6,0,0,0,0,0,35.0,0,1,2,2026-06,2
FBJ-0030,2026-06-10,Mañana,A,Antena,AP-02,116,-54.6,10,4,49.1,12.3,2.764,1.06,2,0,0,0,0,0,27.88,1,0,2,2026-06,2
FBJ-0032,2026-06-10,Mañana,B,Cable,,302,,8,6,40.3,10.1,7.968,1.65,2,1,8,0,0,0,35.0,0,1,2,2026-06,2
FBJ-0034,2026-06-10,Mañana,B,Antena,AP-02,604,-72.2,8,6,40.3,10.1,2.063,0.75,6,0,0,0,0,0,21.58,1,0,2,2026-06,2
FBJ-0039,2026-06-10,Mañana,B,Cable,,288,,8,6,40.3,10.1,8.314,2.04,4,0,0,0,0,0,35.0,0,1,2,2026-06,2
FBJ-0041,2026-06-10,Mañana,B,Antena,AP-02,509,-69.1,8,6,40.3,10.1,2.901,1.05,8,0,0,0,0,0,20.2,1,0,2,2026-06,2
FBJ-0043,2026-06-10,Mañana,B,Cable,,318,,8,6,40.3,10.1,0.874,0.24,6,0,0,0,0,0,35.0,0,1,2,2026-06,2
FBJ-0044,2026-06-10,Mañana,B,Cable,,86,,8,6,40.3,10.1,7.194,1.56,6,1,38,0,0,0,35.0,0,1,2,2026-06,2
FBJ-0047,2026-06-10,Mañana,B,Antena,AP-02,453,-71.2,8,6,40.3,10.1,3.507,1.63,2,0,0,0,0,0,20.57,1,0,2,2026-06,2
FBJ-0049,2026-06-10,Mañana,B,Cable,,350,,8,6,40.3,10.1,11.284,2.71,5,0,0,0,0,0,35.0,0,1,2,2026-06,2
FBJ-0053,2026-06-10,Mañana,B,Antena,AP-01,245,-55.9,8,6,40.3,10.1,13.756,2.76,3,0,0,0,0,0,35.0,1,1,2,2026-06,2
FBJ-0057,2026-06-10,Mañana,B,Antena,AP-01,851,-81.4,8,6,40.3,10.1,1.825,0.93,4,0,0,0,0,0,17.09,1,0,2,2026-06,2
FBJ-0059,2026-06-10,Mañana,B,Cable,,107,,8,6,40.3,10.1,9.784,2.83,2,0,0,0,0,0,34.83,0,0,2,2026-06,2
FBJ-0060,2026-06-10,Mañana,B,Cable,,110,,8,6,40.3,10.1,6.556,1.44,4,0,0,0,0,0,35.0,0,1,2,2026-06,2
FBJ-0001,2026-06-10,Tarde,A,Antena,AP-01,625,-74.5,10,7,91.9,23.0,2.327,1.23,8,1,31,0,0,0,16.43,1,0,2,2026-06,3
FBJ-0003,2026-06-10,Tarde,A,Antena,AP-02,392,-66.0,10,7,91.9,23.0,2.834,1.16,3,0,0,0,0,0,15.68,1,0,2,2026-06,3
FBJ-0004,2026-06-10,Tarde,A,Cable,,322,,10,7,91.9,23.0,4.095,1.29,6,0,0,0,0,0,34.61,0,0,2,2026-06,3
FBJ-0005,2026-06-10,Tarde,A,Cable,,179,,10,7,91.9,23.0,1.311,0.42,5,0,0,0,0,0,31.33,0,0,2,2026-06,3
FBJ-0019,2026-06-10,Tarde,A,Cable,,81,,10,7,91.9,23.0,10.719,2.22,1,0,0,0,0,0,35.0,0,1,2,2026-06,3
FBJ-0020,2026-06-10,Tarde,A,Antena,AP-01,244,-60.1,10,7,91.9,23.0,7.474,2.16,2,0,0,0,0,0,23.24,1,0,2,2026-06,3
FBJ-0022,2026-06-10,Tarde,A,Antena,AP-02,838,-82.4,10,7,91.9,23.0,5.423,2.39,5,0,0,0,0,0,19.32,1,0,2,2026-06,3
FBJ-0023,2026-06-10,Tarde,A,Antena,AP-01,872,-78.5,10,7,91.9,23.0,2.54,1.33,3,1,20,0,0,0,16.64,1,0,2,2026-06,3
FBJ-0026,2026-06-10,Tarde,A,Antena,AP-02,283,-64.0,10,7,91.9,23.0,3.067,1.09,5,0,0,0,0,0,22.06,1,0,2,2026-06,3
FBJ-0029,2026-06-10,Tarde,A,Cable,,251,,10,7,91.9,23.0,2.912,0.69,1,0,0,0,0,0,31.87,0,0,2,2026-06,3
FBJ-0030,2026-06-10,Tarde,A,Antena,AP-02,116,-54.6,10,7,91.9,23.0,5.677,2.08,7,0,0,0,0,0,33.7,1,0,2,2026-06,3
FBJ-0036,2026-06-10,Tarde,B,Antena,AP-01,831,-77.3,16,14,177.6,44.4,4.4,2.26,2,0,0,0,0,0,12.98,1,0,2,2026-06,3
FBJ-0039,2026-06-10,Tarde,B,Cable,,288,,16,14,177.6,44.4,1.157,0.34,2,0,0,0,0,0,29.8,0,0,2,2026-06,3
FBJ-0042,2026-06-10,Tarde,B,Antena,AP-01,176,-53.0,16,14,177.6,44.4,0.608,0.2,1,0,0,0,0,0,20.33,1,0,2,2026-06,3
FBJ-0044,2026-06-10,Tarde,B,Cable,,86,,16,14,177.6,44.4,0.672,0.2,3,1,9,0,0,0,28.21,0,0,2,2026-06,3
FBJ-0045,2026-06-10,Tarde,B,Antena,AP-02,848,-81.7,16,14,177.6,44.4,3.917,1.77,1,1,6,0,0,0,16.22,1,0,2,2026-06,3
FBJ-0046,2026-06-10,Tarde,B,Antena,AP-01,177,-50.9,16,14,177.6,44.4,5.867,2.26,4,0,0,0,0,0,24.25,1,0,2,2026-06,3
FBJ-0050,2026-06-10,Tarde,B,Antena,AP-02,277,-61.0,16,14,177.6,44.4,0.316,0.2,6,0,0,0,0,0,13.25,1,0,2,2026-06,3
FBJ-0054,2026-06-10,Tarde,B,Antena,AP-02,302,-59.5,16,14,177.6,44.4,7.145,1.96,2,0,0,0,0,0,28.45,1,0,2,2026-06,3
FBJ-0056,2026-06-10,Tarde,B,Antena,AP-02,549,-70.0,16,14,177.6,44.4,1.763,1.28,3,0,0,0,0,0,12.58,1,0,2,2026-06,3
FBJ-0057,2026-06-10,Tarde,B,Antena,AP-01,851,-81.4,16,14,177.6,44.4,0.661,0.3,6,2,66,0,0,0,15.99,1,0,2,2026-06,3
FBJ-0058,2026-06-10,Tarde,B,Antena,AP-02,308,-59.0,16,14,177.6,44.4,0.979,0.44,5,0,0,0,0,0,17.98,1,0,2,2026-06,3
FBJ-0001,2026-06-10,Noche,A,Antena,AP-01,625,-74.5,15,10,84.4,21.1,6.217,2.89,4,0,0,0,0,0,16.5,1,0,2,2026-06,4
FBJ-0004,2026-06-10,Noche,A,Cable,,322,,15,10,84.4,21.1,12.105,3.27,7,0,0,0,0,0,35.0,0,1,2,2026-06,4
FBJ-0005,2026-06-10,Noche,A,Cable,,179,,15,10,84.4,21.1,4.501,1.71,5,0,0,0,0,0,27.11,0,0,2,2026-06,4
FBJ-0010,2026-06-10,Noche,A,Antena,AP-01,482,-67.3,15,10,84.4,21.1,5.354,1.8,3,0,0,0,0,0,22.75,1,0,2,2026-06,4
FBJ-0011,2026-06-10,Noche,A,Antena,AP-02,440,-67.1,15,10,84.4,21.1,7.812,2.81,5,0,0,0,0,0,20.94,1,0,2,2026-06,4
FBJ-0013,2026-06-10,Noche,A,Antena,AP-02,111,-56.0,15,10,84.4,21.1,3.257,1.53,2,0,0,0,0,0,20.16,1,0,2,2026-06,4
FBJ-0014,2026-06-10,Noche,A,Antena,AP-01,319,-62.5,15,10,84.4,21.1,8.625,2.28,6,1,39,0,0,0,24.9,1,0,2,2026-06,4
FBJ-0015,2026-06-10,Noche,A,Antena,AP-02,894,-83.5,15,10,84.4,21.1,9.305,3.04,3,0,0,0,0,0,25.66,1,0,2,2026-06,4
FBJ-0021,2026-06-10,Noche,A,Cable,,163,,15,10,84.4,21.1,9.729,3.0,5,0,0,0,0,0,35.0,0,1,2,2026-06,4
FBJ-0023,2026-06-10,Noche,A,Antena,AP-01,872,-78.5,15,10,84.4,21.1,5.977,3.51,2,0,0,0,0,0,17.34,1,0,2,2026-06,4
FBJ-0024,2026-06-10,Noche,A,Antena,AP-02,169,-58.3,15,10,84.4,21.1,6.426,2.37,5,0,0,0,0,0,24.9,1,0,2,2026-06,4
FBJ-0026,2026-06-10,Noche,A,Antena,AP-02,283,-64.0,15,10,84.4,21.1,4.46,2.53,3,0,0,0,0,0,22.0,1,0,2,2026-06,4
FBJ-0027,2026-06-10,Noche,A,Cable,,85,,15,10,84.4,21.1,12.265,2.39,6,0,0,0,0,0,35.0,0,1,2,2026-06,4
FBJ-0031,2026-06-10,Noche,B,Cable,,202,,13,10,101.1,25.3,8.396,2.48,2,0,0,0,0,0,33.99,0,0,2,2026-06,4
FBJ-0035,2026-06-10,Noche,B,Cable,,154,,13,10,101.1,25.3,11.131,3.44,6,0,0,0,0,0,28.47,0,0,2,2026-06,4
FBJ-0037,2026-06-10,Noche,B,Cable,,205,,13,10,101.1,25.3,10.521,2.92,8,0,0,0,0,0,35.0,0,1,2,2026-06,4
FBJ-0039,2026-06-10,Noche,B,Cable,,288,,13,10,101.1,25.3,8.222,1.95,7,0,0,0,0,0,35.0,0,1,2,2026-06,4
FBJ-0040,2026-06-10,Noche,B,Antena,AP-01,564,-73.1,13,10,101.1,25.3,6.316,3.29,2,0,0,0,0,0,16.39,1,0,2,2026-06,4
FBJ-0042,2026-06-10,Noche,B,Antena,AP-01,176,-53.0,13,10,101.1,25.3,11.567,2.55,3,0,0,0,0,0,30.73,1,0,2,2026-06,4
FBJ-0043,2026-06-10,Noche,B,Cable,,318,,13,10,101.1,25.3,9.622,2.54,6,0,0,0,0,0,35.0,0,1,2,2026-06,4
FBJ-0044,2026-06-10,Noche,B,Cable,,86,,13,10,101.1,25.3,4.417,1.25,1,0,0,0,0,0,34.13,0,0,2,2026-06,4
FBJ-0045,2026-06-10,Noche,B,Antena,AP-02,848,-81.7,13,10,101.1,25.3,10.926,4.5,2,0,0,0,0,0,19.76,1,0,2,2026-06,4
FBJ-0046,2026-06-10,Noche,B,Antena,AP-01,177,-50.9,13,10,101.1,25.3,6.646,1.55,5,0,0,0,0,0,29.83,1,0,2,2026-06,4
FBJ-0047,2026-06-10,Noche,B,Antena,AP-02,453,-71.2,13,10,101.1,25.3,2.543,1.93,6,0,0,0,0,0,15.28,1,0,2,2026-06,4
FBJ-0048,2026-06-10,Noche,B,Antena,AP-01,721,-80.9,13,10,101.1,25.3,3.234,1.49,5,1,31,0,0,0,20.33,1,0,2,2026-06,4
FBJ-0049,2026-06-10,Noche,B,Cable,,350,,13,10,101.1,25.3,13.03,2.61,8,0,0,0,0,0,35.0,0,1,2,2026-06,4
FBJ-0050,2026-06-10,Noche,B,Antena,AP-02,277,-61.0,13,10,101.1,25.3,7.013,2.34,7,0,0,0,0,0,20.51,1,0,2,2026-06,4
FBJ-0051,2026-06-10,Noche,B,Cable,,42,,13,10,101.1,25.3,7.582,1.59,1,0,0,0,0,0,33.08,0,0,2,2026-06,4
FBJ-0052,2026-06-10,Noche,B,Cable,,288,,13,10,101.1,25.3,10.805,2.99,7,0,0,0,0,0,35.0,0,1,2,2026-06,4
FBJ-0058,2026-06-10,Noche,B,Antena,AP-02,308,-59.0,13,10,101.1,25.3,5.519,2.42,8,0,0,0,0,0,24.18,1,0,2,2026-06,4
FBJ-0059,2026-06-10,Noche,B,Cable,,107,,13,10,101.1,25.3,8.338,1.96,3,0,0,0,0,0,34.77,0,0,2,2026-06,4
FBJ-0032,2026-06-11,Madrugada,B,Cable,,302,,3,2,11.3,2.8,4.848,1.4,2,0,0,0,0,0,32.41,0,0,3,2026-06,1
FBJ-0042,2026-06-11,Madrugada,B,Antena,AP-01,176,-53.0,3,2,11.3,2.8,9.257,2.12,1,0,0,0,0,0,27.94,1,0,3,2026-06,1
FBJ-0048,2026-06-11,Madrugada,B,Antena,AP-01,721,-80.9,3,2,11.3,2.8,0.323,0.2,8,1,39,0,0,0,15.61,1,0,3,2026-06,1
FBJ-0060,2026-06-11,Madrugada,B,Cable,,110,,3,2,11.3,2.8,2.148,0.51,5,0,0,0,0,0,30.35,0,0,3,2026-06,1
FBJ-0001,2026-06-11,Mañana,A,Antena,AP-01,625,-74.5,10,8,81.2,20.3,4.349,1.92,5,0,0,0,0,0,17.39,1,0,3,2026-06,2
FBJ-0003,2026-06-11,Mañana,A,Antena,AP-02,392,-66.0,10,8,81.2,20.3,1.119,0.61,6,0,0,0,0,0,18.17,1,0,3,2026-06,2
FBJ-0004,2026-06-11,Mañana,A,Cable,,322,,10,8,81.2,20.3,11.947,2.5,6,0,0,0,0,0,35.0,0,1,3,2026-06,2
FBJ-0010,2026-06-11,Mañana,A,Antena,AP-01,482,-67.3,10,8,81.2,20.3,3.619,1.01,3,0,0,0,0,0,23.52,1,0,3,2026-06,2
FBJ-0012,2026-06-11,Mañana,A,Antena,AP-01,631,-74.1,10,8,81.2,20.3,7.226,3.23,3,0,0,0,0,0,19.79,1,0,3,2026-06,2
FBJ-0013,2026-06-11,Mañana,A,Antena,AP-02,111,-56.0,10,8,81.2,20.3,2.879,1.42,1,1,30,0,0,0,22.57,1,0,3,2026-06,2
FBJ-0014,2026-06-11,Mañana,A,Antena,AP-01,319,-62.5,10,8,81.2,20.3,4.288,1.31,4,0,0,0,0,0,22.92,1,0,3,2026-06,2
FBJ-0023,2026-06-11,Mañana,A,Antena,AP-01,872,-78.5,10,8,81.2,20.3,2.469,1.3,7,0,0,0,0,0,16.66,1,0,3,2026-06,2
FBJ-0025,2026-06-11,Mañana,A,Antena,AP-01,575,-73.2,10,8,81.2,20.3,1.911,1.28,7,0,0,0,0,0,12.91,1,0,3,2026-06,2
FBJ-0029,2026-06-11,Mañana,A,Cable,,251,,10,8,81.2,20.3,6.689,1.59,5,0,0,0,0,0,34.98,0,1,3,2026-06,2
FBJ-0031,2026-06-11,Mañana,B,Cable,,202,,9,7,30.2,7.5,4.685,1.47,5,0,0,0,0,0,35.0,0,1,3,2026-06,2
FBJ-0034,2026-06-11,Mañana,B,Antena,AP-02,604,-72.2,9,7,30.2,7.5,4.507,2.51,8,0,0,0,0,0,14.03,1,0,3,2026-06,2
FBJ-0037,2026-06-11,Mañana,B,Cable,,205,,9,7,30.2,7.5,8.155,1.84,6,0,0,0,0,0,35.0,0,1,3,2026-06,2
FBJ-0039,2026-06-11,Mañana,B,Cable,,288,,9,7,30.2,7.5,1.468,0.35,6,0,0,0,0,0,35.0,0,1,3,2026-06,2
FBJ-0041,2026-06-11,Mañana,B,Antena,AP-02,509,-69.1,9,7,30.2,7.5,4.63,1.81,2,0,0,0,0,0,16.51,1,0,3,2026-06,2
FBJ-0042,2026-06-11,Mañana,B,Antena,AP-01,176,-53.0,9,7,30.2,7.5,5.29,1.31,2,0,0,0,0,0,29.82,1,0,3,2026-06,2
FBJ-0044,2026-06-11,Mañana,B,Cable,,86,,9,7,30.2,7.5,4.731,1.64,5,0,0,0,0,0,29.65,0,0,3,2026-06,2
FBJ-0047,2026-06-11,Mañana,B,Antena,AP-02,453,-71.2,9,7,30.2,7.5,3.777,1.62,5,0,0,0,0,0,19.43,1,0,3,2026-06,2
FBJ-0049,2026-06-11,Mañana,B,Cable,,350,,9,7,30.2,7.5,1.967,0.35,7,0,0,0,0,0,35.0,0,1,3,2026-06,2
FBJ-0051,2026-06-11,Mañana,B,Cable,,42,,9,7,30.2,7.5,12.661,2.2,4,1,34,0,0,0,35.0,0,1,3,2026-06,2
FBJ-0052,2026-06-11,Mañana,B,Cable,,288,,9,7,30.2,7.5,8.836,2.13,4,0,0,0,0,0,35.0,0,1,3,2026-06,2
FBJ-0057,2026-06-11,Mañana,B,Antena,AP-01,851,-81.4,9,7,30.2,7.5,3.257,2.0,4,0,0,0,0,0,16.84,1,0,3,2026-06,2
FBJ-0059,2026-06-11,Mañana,B,Cable,,107,,9,7,30.2,7.5,5.547,1.71,2,0,0,0,0,0,35.0,0,1,3,2026-06,2
FBJ-0001,2026-06-11,Tarde,A,Antena,AP-01,625,-74.5,13,7,46.8,11.7,1.283,0.63,5,0,0,0,0,0,15.69,1,0,3,2026-06,3
FBJ-0003,2026-06-11,Tarde,A,Antena,AP-02,392,-66.0,13,7,46.8,11.7,4.455,2.02,8,0,0,0,0,0,17.79,1,0,3,2026-06,3
FBJ-0004,2026-06-11,Tarde,A,Cable,,322,,13,7,46.8,11.7,1.753,0.55,2,0,0,0,0,0,33.38,0,0,3,2026-06,3
FBJ-0007,2026-06-11,Tarde,A,Antena,AP-02,594,-68.6,13,7,46.8,11.7,5.129,1.83,2,0,0,0,0,0,20.98,1,0,3,2026-06,3
FBJ-0010,2026-06-11,Tarde,A,Antena,AP-01,482,-67.3,13,7,46.8,11.7,4.466,1.96,5,0,0,0,0,0,17.05,1,0,3,2026-06,3
FBJ-0011,2026-06-11,Tarde,A,Antena,AP-02,440,-67.1,13,7,46.8,11.7,2.27,1.4,6,0,0,0,0,0,15.27,1,0,3,2026-06,3
FBJ-0015,2026-06-11,Tarde,A,Antena,AP-02,894,-83.5,13,7,46.8,11.7,0.259,0.2,4,2,16,0,0,0,14.55,1,0,3,2026-06,3
FBJ-0020,2026-06-11,Tarde,A,Antena,AP-01,244,-60.1,13,7,46.8,11.7,1.399,0.66,2,0,0,0,0,0,22.37,1,0,3,2026-06,3
FBJ-0021,2026-06-11,Tarde,A,Cable,,163,,13,7,46.8,11.7,3.729,1.3,2,0,0,0,0,0,26.51,0,0,3,2026-06,3
FBJ-0022,2026-06-11,Tarde,A,Antena,AP-02,838,-82.4,13,7,46.8,11.7,2.397,0.75,1,0,0,0,0,0,22.32,1,0,3,2026-06,3
FBJ-0024,2026-06-11,Tarde,A,Antena,AP-02,169,-58.3,13,7,46.8,11.7,6.451,2.35,2,0,0,0,0,0,24.78,1,0,3,2026-06,3
FBJ-0025,2026-06-11,Tarde,A,Antena,AP-01,575,-73.2,13,7,46.8,11.7,2.098,0.96,4,0,0,0,0,0,19.28,1,0,3,2026-06,3
FBJ-0027,2026-06-11,Tarde,A,Cable,,85,,13,7,46.8,11.7,3.766,1.02,3,0,0,0,0,0,32.05,0,0,3,2026-06,3
FBJ-0029,2026-06-11,Tarde,A,Cable,,251,,13,7,46.8,11.7,6.237,1.28,1,0,0,0,0,0,35.0,0,1,3,2026-06,3
FBJ-0030,2026-06-11,Tarde,A,Antena,AP-02,116,-54.6,13,7,46.8,11.7,3.829,1.24,4,0,0,0,0,0,31.62,1,0,3,2026-06,3
FBJ-0032,2026-06-11,Tarde,B,Cable,,302,,11,10,97.2,24.3,7.759,2.32,6,0,0,0,0,0,29.44,0,0,3,2026-06,3
FBJ-0035,2026-06-11,Tarde,B,Cable,,154,,11,10,97.2,24.3,0.677,0.2,6,0,0,0,0,0,32.94,0,0,3,2026-06,3
FBJ-0036,2026-06-11,Tarde,B,Antena,AP-01,831,-77.3,11,10,97.2,24.3,3.388,1.48,4,0,0,0,0,0,19.69,1,0,3,2026-06,3
FBJ-0037,2026-06-11,Tarde,B,Cable,,205,,11,10,97.2,24.3,12.377,2.93,1,0,0,0,0,0,35.0,0,1,3,2026-06,3
FBJ-0042,2026-06-11,Tarde,B,Antena,AP-01,176,-53.0,11,10,97.2,24.3,8.835,1.67,3,0,0,0,0,0,35.0,1,1,3,2026-06,3
FBJ-0043,2026-06-11,Tarde,B,Cable,,318,,11,10,97.2,24.3,3.76,0.73,2,0,0,0,0,0,34.05,0,0,3,2026-06,3
FBJ-0044,2026-06-11,Tarde,B,Cable,,86,,11,10,97.2,24.3,3.384,0.82,6,0,0,0,0,0,35.0,0,1,3,2026-06,3
FBJ-0045,2026-06-11,Tarde,B,Antena,AP-02,848,-81.7,11,10,97.2,24.3,4.121,1.53,4,0,0,0,0,0,19.62,1,0,3,2026-06,3
FBJ-0048,2026-06-11,Tarde,B,Antena,AP-01,721,-80.9,11,10,97.2,24.3,1.054,0.42,8,0,0,0,0,0,18.09,1,0,3,2026-06,3
FBJ-0049,2026-06-11,Tarde,B,Cable,,350,,11,10,97.2,24.3,5.166,1.09,4,0,0,0,0,0,35.0,0,1,3,2026-06,3
FBJ-0051,2026-06-11,Tarde,B,Cable,,42,,11,10,97.2,24.3,6.441,1.51,5,0,0,0,0,0,34.39,0,0,3,2026-06,3
FBJ-0052,2026-06-11,Tarde,B,Cable,,288,,11,10,97.2,24.3,4.984,1.85,2,0,0,0,0,0,26.07,0,0,3,2026-06,3
FBJ-0053,2026-06-11,Tarde,B,Antena,AP-01,245,-55.9,11,10,97.2,24.3,1.418,0.42,4,0,0,0,0,0,27.41,1,0,3,2026-06,3
FBJ-0056,2026-06-11,Tarde,B,Antena,AP-02,549,-70.0,11,10,97.2,24.3,6.874,1.99,5,0,0,0,0,0,21.18,1,0,3,2026-06,3
FBJ-0058,2026-06-11,Tarde,B,Antena,AP-02,308,-59.0,11,10,97.2,24.3,6.96,2.23,3,0,0,0,0,0,25.95,1,0,3,2026-06,3
FBJ-0004,2026-06-11,Noche,A,Cable,,322,,17,12,128.2,32.1,8.027,2.7,2,0,0,0,0,0,35.0,0,1,3,2026-06,4
FBJ-0005,2026-06-11,Noche,A,Cable,,179,,17,12,128.2,32.1,12.66,2.38,2,0,0,0,0,0,35.0,0,1,3,2026-06,4
FBJ-0007,2026-06-11,Noche,A,Antena,AP-02,594,-68.6,17,12,128.2,32.1,3.497,2.01,5,0,0,0,0,0,14.59,1,0,3,2026-06,4
FBJ-0009,2026-06-11,Noche,A,Antena,AP-02,565,-72.0,17,12,128.2,32.1,4.8,2.14,7,0,0,0,0,0,21.01,1,0,3,2026-06,4
FBJ-0011,2026-06-11,Noche,A,Antena,AP-02,440,-67.1,17,12,128.2,32.1,8.591,3.16,8,0,0,0,0,0,18.88,1,0,3,2026-06,4
FBJ-0012,2026-06-11,Noche,A,Antena,AP-01,631,-74.1,17,12,128.2,32.1,3.836,2.21,2,0,0,0,0,0,17.55,1,0,3,2026-06,4
FBJ-0014,2026-06-11,Noche,A,Antena,AP-01,319,-62.5,17,12,128.2,32.1,8.619,2.21,2,0,0,0,0,0,26.86,1,0,3,2026-06,4
FBJ-0018,2026-06-11,Noche,A,Cable,,281,,17,12,128.2,32.1,21.541,4.05,2,0,0,0,0,0,35.0,0,1,3,2026-06,4
FBJ-0019,2026-06-11,Noche,A,Cable,,81,,17,12,128.2,32.1,16.39,3.4,7,1,10,0,0,0,35.0,0,1,3,2026-06,4
FBJ-0020,2026-06-11,Noche,A,Antena,AP-01,244,-60.1,17,12,128.2,32.1,6.488,1.83,3,0,0,0,0,0,24.48,1,0,3,2026-06,4
FBJ-0021,2026-06-11,Noche,A,Cable,,163,,17,12,128.2,32.1,10.69,2.16,3,0,0,0,0,0,35.0,0,1,3,2026-06,4
FBJ-0023,2026-06-11,Noche,A,Antena,AP-01,872,-78.5,17,12,128.2,32.1,3.629,1.84,7,0,0,0,0,0,15.52,1,0,3,2026-06,4
FBJ-0025,2026-06-11,Noche,A,Antena,AP-01,575,-73.2,17,12,128.2,32.1,4.428,2.15,2,0,0,0,0,0,16.25,1,0,3,2026-06,4
FBJ-0026,2026-06-11,Noche,A,Antena,AP-02,283,-64.0,17,12,128.2,32.1,5.492,2.79,2,0,0,0,0,0,23.53,1,0,3,2026-06,4
FBJ-0027,2026-06-11,Noche,A,Cable,,85,,17,12,128.2,32.1,16.42,3.88,5,0,0,0,0,0,35.0,0,1,3,2026-06,4
FBJ-0029,2026-06-11,Noche,A,Cable,,251,,17,12,128.2,32.1,7.044,2.22,3,0,0,0,0,0,26.49,0,0,3,2026-06,4
FBJ-0030,2026-06-11,Noche,A,Antena,AP-02,116,-54.6,17,12,128.2,32.1,8.414,2.45,7,0,0,0,0,0,27.6,1,0,3,2026-06,4
FBJ-0031,2026-06-11,Noche,B,Cable,,202,,16,16,102.6,25.6,6.78,2.8,4,0,0,0,0,0,26.26,0,0,3,2026-06,4
FBJ-0034,2026-06-11,Noche,B,Antena,AP-02,604,-72.2,16,16,102.6,25.6,6.079,3.48,4,0,0,0,0,0,12.39,1,0,3,2026-06,4
FBJ-0035,2026-06-11,Noche,B,Cable,,154,,16,16,102.6,25.6,6.688,2.23,5,0,0,0,0,0,22.34,0,0,3,2026-06,4
FBJ-0036,2026-06-11,Noche,B,Antena,AP-01,831,-77.3,16,16,102.6,25.6,3.509,3.12,7,0,0,0,0,0,11.26,1,0,3,2026-06,4
FBJ-0037,2026-06-11,Noche,B,Cable,,205,,16,16,102.6,25.6,8.128,2.69,6,0,0,0,0,0,26.89,0,0,3,2026-06,4
FBJ-0039,2026-06-11,Noche,B,Cable,,288,,16,16,102.6,25.6,5.828,1.83,2,0,0,0,0,0,27.69,0,0,3,2026-06,4
FBJ-0040,2026-06-11,Noche,B,Antena,AP-01,564,-73.1,16,16,102.6,25.6,3.148,1.87,8,0,0,0,0,0,12.21,1,0,3,2026-06,4
FBJ-0041,2026-06-11,Noche,B,Antena,AP-02,509,-69.1,16,16,102.6,25.6,4.364,2.57,4,0,0,0,0,0,13.33,1,0,3,2026-06,4
FBJ-0043,2026-06-11,Noche,B,Cable,,318,,16,16,102.6,25.6,4.635,1.9,5,0,0,0,0,0,19.99,0,0,3,2026-06,4
FBJ-0045,2026-06-11,Noche,B,Antena,AP-02,848,-81.7,16,16,102.6,25.6,4.043,2.06,2,1,7,0,0,0,15.96,1,0,3,2026-06,4
FBJ-0046,2026-06-11,Noche,B,Antena,AP-01,177,-50.9,16,16,102.6,25.6,12.047,3.77,4,0,0,0,0,0,28.83,1,0,3,2026-06,4
FBJ-0050,2026-06-11,Noche,B,Antena,AP-02,277,-61.0,16,16,102.6,25.6,7.492,3.76,1,0,0,0,0,0,15.01,1,0,3,2026-06,4
FBJ-0053,2026-06-11,Noche,B,Antena,AP-01,245,-55.9,16,16,102.6,25.6,3.422,1.77,8,0,0,0,0,0,17.31,1,0,3,2026-06,4
FBJ-0054,2026-06-11,Noche,B,Antena,AP-02,302,-59.5,16,16,102.6,25.6,5.184,2.25,4,0,0,0,0,0,18.24,1,0,3,2026-06,4
FBJ-0057,2026-06-11,Noche,B,Antena,AP-01,851,-81.4,16,16,102.6,25.6,4.779,2.57,3,1,8,0,0,0,13.58,1,0,3,2026-06,4
FBJ-0060,2026-06-11,Noche,B,Cable,,110,,16,16,102.6,25.6,4.216,1.06,1,0,0,0,0,0,31.52,0,0,3,2026-06,4
FBJ-0015,2026-06-12,Madrugada,A,Antena,AP-02,894,-83.5,2,2,44.7,11.2,1.944,0.89,7,0,0,0,0,0,21.75,1,0,4,2026-06,1
FBJ-0027,2026-06-12,Madrugada,A,Cable,,85,,2,2,44.7,11.2,6.508,1.39,6,0,0,0,0,0,35.0,0,1,4,2026-06,1
FBJ-0034,2026-06-12,Madrugada,B,Antena,AP-02,604,-72.2,5,3,30.7,7.7,1.198,0.6,8,0,0,0,0,0,18.9,1,0,4,2026-06,1
FBJ-0040,2026-06-12,Madrugada,B,Antena,AP-01,564,-73.1,5,3,30.7,7.7,1.45,0.81,3,0,0,0,0,0,16.78,1,0,4,2026-06,1
FBJ-0004,2026-06-12,Mañana,A,Cable,,322,,10,7,78.4,19.6,3.85,1.03,4,0,0,0,0,0,35.0,0,1,4,2026-06,2
FBJ-0009,2026-06-12,Mañana,A,Antena,AP-02,565,-72.0,10,7,78.4,19.6,3.296,2.4,3,0,0,0,0,0,14.02,1,0,4,2026-06,2
FBJ-0010,2026-06-12,Mañana,A,Antena,AP-01,482,-67.3,10,7,78.4,19.6,5.309,1.79,1,0,0,0,0,0,21.89,1,0,4,2026-06,2
FBJ-0019,2026-06-12,Mañana,A,Cable,,81,,10,7,78.4,19.6,4.513,1.43,6,0,0,0,0,0,35.0,0,1,4,2026-06,2
FBJ-0021,2026-06-12,Mañana,A,Cable,,163,,10,7,78.4,19.6,4.594,1.15,3,0,0,0,0,0,31.58,0,0,4,2026-06,2
FBJ-0023,2026-06-12,Mañana,A,Antena,AP-01,872,-78.5,10,7,78.4,19.6,2.709,1.26,1,0,0,0,0,0,18.33,1,0,4,2026-06,2
FBJ-0025,2026-06-12,Mañana,A,Antena,AP-01,575,-73.2,10,7,78.4,19.6,3.284,1.8,7,1,25,0,0,0,18.09,1,0,4,2026-06,2
FBJ-0033,2026-06-12,Mañana,B,Antena,AP-01,719,-77.6,9,6,69.1,17.3,4.508,1.78,2,0,0,0,0,0,17.64,1,0,4,2026-06,2
FBJ-0034,2026-06-12,Mañana,B,Antena,AP-02,604,-72.2,9,6,69.1,17.3,3.756,2.17,2,0,0,0,0,0,13.78,1,0,4,2026-06,2
FBJ-0036,2026-06-12,Mañana,B,Antena,AP-01,831,-77.3,9,6,69.1,17.3,4.849,1.98,2,0,0,0,0,0,21.84,1,0,4,2026-06,2
FBJ-0037,2026-06-12,Mañana,B,Cable,,205,,9,6,69.1,17.3,3.878,1.45,2,0,0,0,0,0,26.94,0,0,4,2026-06,2
FBJ-0042,2026-06-12,Mañana,B,Antena,AP-01,176,-53.0,9,6,69.1,17.3,12.257,2.58,7,0,0,0,0,0,30.83,1,0,4,2026-06,2
FBJ-0043,2026-06-12,Mañana,B,Cable,,318,,9,6,69.1,17.3,2.122,0.7,4,0,0,0,0,0,25.94,0,0,4,2026-06,2
FBJ-0044,2026-06-12,Mañana,B,Cable,,86,,9,6,69.1,17.3,6.106,1.7,3,0,0,0,0,0,35.0,0,1,4,2026-06,2
FBJ-0045,2026-06-12,Mañana,B,Antena,AP-02,848,-81.7,9,6,69.1,17.3,4.19,1.66,8,0,0,0,0,0,20.49,1,0,4,2026-06,2
FBJ-0046,2026-06-12,Mañana,B,Antena,AP-01,177,-50.9,9,6,69.1,17.3,3.274,0.71,5,0,0,0,0,0,33.96,1,0,4,2026-06,2
FBJ-0049,2026-06-12,Mañana,B,Cable,,350,,9,6,69.1,17.3,11.921,3.18,1,0,0,0,0,0,33.42,0,0,4,2026-06,2
FBJ-0052,2026-06-12,Mañana,B,Cable,,288,,9,6,69.1,17.3,10.399,2.37,2,0,0,0,0,0,35.0,0,1,4,2026-06,2
FBJ-0054,2026-06-12,Mañana,B,Antena,AP-02,302,-59.5,9,6,69.1,17.3,5.983,1.66,7,0,0,0,0,0,24.73,1,0,4,2026-06,2
FBJ-0056,2026-06-12,Mañana,B,Antena,AP-02,549,-70.0,9,6,69.1,17.3,6.631,1.8,3,1,38,0,0,0,23.27,1,0,4,2026-06,2
FBJ-0059,2026-06-12,Mañana,B,Cable,,107,,9,6,69.1,17.3,3.31,1.05,4,0,0,0,0,0,29.88,0,0,4,2026-06,2
FBJ-0060,2026-06-12,Mañana,B,Cable,,110,,9,6,69.1,17.3,7.847,2.07,5,0,0,0,0,0,33.86,0,0,4,2026-06,2
FBJ-0005,2026-06-12,Tarde,A,Cable,,179,,14,9,114.1,28.5,6.088,1.56,7,0,0,0,0,0,32.75,0,0,4,2026-06,3
FBJ-0010,2026-06-12,Tarde,A,Antena,AP-01,482,-67.3,14,9,114.1,28.5,3.737,1.52,2,0,0,0,0,0,16.28,1,0,4,2026-06,3
FBJ-0011,2026-06-12,Tarde,A,Antena,AP-02,440,-67.1,14,9,114.1,28.5,6.555,2.75,2,0,0,0,0,0,17.18,1,0,4,2026-06,3
FBJ-0013,2026-06-12,Tarde,A,Antena,AP-02,111,-56.0,14,9,114.1,28.5,1.745,0.66,5,0,0,0,0,0,24.69,1,0,4,2026-06,3
FBJ-0014,2026-06-12,Tarde,A,Antena,AP-01,319,-62.5,14,9,114.1,28.5,1.491,0.56,3,1,5,0,0,0,19.82,1,0,4,2026-06,3
FBJ-0018,2026-06-12,Tarde,A,Cable,,281,,14,9,114.1,28.5,2.067,0.52,5,0,0,0,0,0,29.87,0,0,4,2026-06,3
FBJ-0021,2026-06-12,Tarde,A,Cable,,163,,14,9,114.1,28.5,0.611,0.2,6,0,0,0,0,0,28.22,0,0,4,2026-06,3
FBJ-0022,2026-06-12,Tarde,A,Antena,AP-02,838,-82.4,14,9,114.1,28.5,6.218,2.96,5,1,39,0,0,0,17.44,1,0,4,2026-06,3
FBJ-0024,2026-06-12,Tarde,A,Antena,AP-02,169,-58.3,14,9,114.1,28.5,6.229,2.37,2,0,0,0,0,0,27.69,1,0,4,2026-06,3
FBJ-0025,2026-06-12,Tarde,A,Antena,AP-01,575,-73.2,14,9,114.1,28.5,0.356,0.2,2,1,4,0,0,0,21.83,1,0,4,2026-06,3
FBJ-0026,2026-06-12,Tarde,A,Antena,AP-02,283,-64.0,14,9,114.1,28.5,2.214,1.67,7,0,0,0,0,0,16.02,1,0,4,2026-06,3
FBJ-0029,2026-06-12,Tarde,A,Cable,,251,,14,9,114.1,28.5,5.413,1.29,4,0,0,0,0,0,34.2,0,0,4,2026-06,3
FBJ-0031,2026-06-12,Tarde,B,Cable,,202,,11,8,85.9,21.5,0.673,0.2,2,0,0,0,0,0,29.53,0,0,4,2026-06,3
FBJ-0034,2026-06-12,Tarde,B,Antena,AP-02,604,-72.2,11,8,85.9,21.5,0.976,0.48,6,0,0,0,0,0,16.79,1,0,4,2026-06,3
FBJ-0040,2026-06-12,Tarde,B,Antena,AP-01,564,-73.1,11,8,85.9,21.5,1.348,0.66,4,0,0,0,0,0,15.87,1,0,4,2026-06,3
FBJ-0044,2026-06-12,Tarde,B,Cable,,86,,11,8,85.9,21.5,5.259,1.1,6,0,0,0,0,0,35.0,0,1,4,2026-06,3
FBJ-0045,2026-06-12,Tarde,B,Antena,AP-02,848,-81.7,11,8,85.9,21.5,4.389,2.03,1,1,26,0,0,0,17.11,1,0,4,2026-06,3
FBJ-0047,2026-06-12,Tarde,B,Antena,AP-02,453,-71.2,11,8,85.9,21.5,4.001,1.69,4,0,0,0,0,0,22.66,1,0,4,2026-06,3
FBJ-0048,2026-06-12,Tarde,B,Antena,AP-01,721,-80.9,11,8,85.9,21.5,4.017,1.58,3,0,0,0,0,0,19.09,1,0,4,2026-06,3
FBJ-0049,2026-06-12,Tarde,B,Cable,,350,,11,8,85.9,21.5,6.123,1.27,3,0,0,0,0,0,28.55,0,0,4,2026-06,3
FBJ-0050,2026-06-12,Tarde,B,Antena,AP-02,277,-61.0,11,8,85.9,21.5,7.591,2.51,6,0,0,0,0,0,30.71,1,0,4,2026-06,3
FBJ-0051,2026-06-12,Tarde,B,Cable,,42,,11,8,85.9,21.5,1.898,0.38,6,0,0,0,0,0,34.61,0,0,4,2026-06,3
FBJ-0052,2026-06-12,Tarde,B,Cable,,288,,11,8,85.9,21.5,3.841,1.16,1,0,0,0,0,0,35.0,0,1,4,2026-06,3
FBJ-0054,2026-06-12,Tarde,B,Antena,AP-02,302,-59.5,11,8,85.9,21.5,4.967,2.31,5,0,0,0,0,0,22.03,1,0,4,2026-06,3
FBJ-0003,2026-06-12,Noche,A,Antena,AP-02,392,-66.0,17,8,92.9,23.2,8.675,2.72,6,0,0,0,0,0,19.9,1,0,4,2026-06,4
FBJ-0007,2026-06-12,Noche,A,Antena,AP-02,594,-68.6,17,8,92.9,23.2,3.653,1.88,7,0,0,0,0,0,18.35,1,0,4,2026-06,4
FBJ-0009,2026-06-12,Noche,A,Antena,AP-02,565,-72.0,17,8,92.9,23.2,7.613,3.13,8,0,0,0,0,0,22.97,1,0,4,2026-06,4
FBJ-0011,2026-06-12,Noche,A,Antena,AP-02,440,-67.1,17,8,92.9,23.2,3.303,1.84,7,0,0,0,0,0,16.82,1,0,4,2026-06,4
FBJ-0014,2026-06-12,Noche,A,Antena,AP-01,319,-62.5,17,8,92.9,23.2,4.828,1.71,8,1,20,0,0,0,23.8,1,0,4,2026-06,4
FBJ-0019,2026-06-12,Noche,A,Cable,,81,,17,8,92.9,23.2,14.416,3.7,1,0,0,0,0,0,35.0,0,1,4,2026-06,4
FBJ-0020,2026-06-12,Noche,A,Antena,AP-01,244,-60.1,17,8,92.9,23.2,5.828,1.67,2,0,0,0,0,0,25.01,1,0,4,2026-06,4
FBJ-0021,2026-06-12,Noche,A,Cable,,163,,17,8,92.9,23.2,10.382,2.04,6,0,0,0,0,0,35.0,0,1,4,2026-06,4
FBJ-0023,2026-06-12,Noche,A,Antena,AP-01,872,-78.5,17,8,92.9,23.2,3.602,2.27,6,0,0,0,0,0,16.14,1,0,4,2026-06,4
FBJ-0024,2026-06-12,Noche,A,Antena,AP-02,169,-58.3,17,8,92.9,23.2,5.444,2.09,3,0,0,0,0,0,23.67,1,0,4,2026-06,4
FBJ-0029,2026-06-12,Noche,A,Cable,,251,,17,8,92.9,23.2,4.764,1.43,5,0,0,0,0,0,26.67,0,0,4,2026-06,4
FBJ-0030,2026-06-12,Noche,A,Antena,AP-02,116,-54.6,17,8,92.9,23.2,10.346,3.14,8,0,0,0,0,0,27.89,1,0,4,2026-06,4
FBJ-0032,2026-06-12,Noche,B,Cable,,302,,18,13,160.1,40.0,7.573,2.69,7,0,0,0,0,0,26.95,0,0,4,2026-06,4
FBJ-0035,2026-06-12,Noche,B,Cable,,154,,18,13,160.1,40.0,4.685,1.68,7,0,0,0,0,0,30.03,0,0,4,2026-06,4
FBJ-0036,2026-06-12,Noche,B,Antena,AP-01,831,-77.3,18,13,160.1,40.0,1.799,0.89,2,0,0,0,0,0,12.91,1,0,4,2026-06,4
FBJ-0042,2026-06-12,Noche,B,Antena,AP-01,176,-53.0,18,13,160.1,40.0,7.675,2.32,7,0,0,0,0,0,28.51,1,0,4,2026-06,4
FBJ-0043,2026-06-12,Noche,B,Cable,,318,,18,13,160.1,40.0,10.12,2.39,4,0,0,0,0,0,29.76,0,0,4,2026-06,4
FBJ-0044,2026-06-12,Noche,B,Cable,,86,,18,13,160.1,40.0,0.862,0.2,3,0,0,0,0,0,35.0,0,1,4,2026-06,4
FBJ-0045,2026-06-12,Noche,B,Antena,AP-02,848,-81.7,18,13,160.1,40.0,4.039,2.21,1,1,20,0,0,0,17.41,1,0,4,2026-06,4
FBJ-0049,2026-06-12,Noche,B,Cable,,350,,18,13,160.1,40.0,21.627,3.74,2,0,0,0,0,0,34.41,0,0,4,2026-06,4
FBJ-0050,2026-06-12,Noche,B,Antena,AP-02,277,-61.0,18,13,160.1,40.0,6.714,3.72,4,0,0,0,0,0,19.85,1,0,4,2026-06,4
FBJ-0051,2026-06-12,Noche,B,Cable,,42,,18,13,160.1,40.0,7.83,1.87,6,0,0,0,0,0,28.68,0,0,4,2026-06,4
FBJ-0052,2026-06-12,Noche,B,Cable,,288,,18,13,160.1,40.0,14.162,2.91,8,0,0,0,0,0,33.91,0,0,4,2026-06,4
FBJ-0053,2026-06-12,Noche,B,Antena,AP-01,245,-55.9,18,13,160.1,40.0,2.607,0.86,7,0,0,0,0,0,25.38,1,0,4,2026-06,4
FBJ-0054,2026-06-12,Noche,B,Antena,AP-02,302,-59.5,18,13,160.1,40.0,5.587,2.02,7,0,0,0,0,0,19.25,1,0,4,2026-06,4
FBJ-0059,2026-06-12,Noche,B,Cable,,107,,18,13,160.1,40.0,8.496,2.61,3,1,25,0,0,0,24.44,0,0,4,2026-06,4
FBJ-0012,2026-06-13,Madrugada,A,Antena,AP-01,631,-74.1,2,2,8.1,2.0,4.896,2.07,6,1,14,0,1,0,21.58,1,0,5,2026-06,1
FBJ-0015,2026-06-13,Madrugada,A,Antena,AP-02,894,-83.5,2,2,8.1,2.0,4.642,1.58,5,0,0,0,1,0,21.31,1,0,5,2026-06,1
FBJ-0024,2026-06-13,Madrugada,A,Antena,AP-02,169,-58.3,2,2,8.1,2.0,8.324,2.19,1,0,0,0,1,0,30.3,1,0,5,2026-06,1
FBJ-0044,2026-06-13,Madrugada,B,Cable,,86,,6,4,29.8,7.5,3.556,0.97,5,0,0,0,1,0,30.7,0,0,5,2026-06,1
FBJ-0047,2026-06-13,Madrugada,B,Antena,AP-02,453,-71.2,6,4,29.8,7.5,1.927,0.71,7,0,0,0,1,0,22.53,1,0,5,2026-06,1
FBJ-0056,2026-06-13,Madrugada,B,Antena,AP-02,549,-70.0,6,4,29.8,7.5,1.3,0.8,6,1,13,0,1,0,15.05,1,0,5,2026-06,1
FBJ-0001,2026-06-13,Mañana,A,Antena,AP-01,625,-74.5,12,6,94.5,23.6,0.698,0.2,5,0,0,0,1,0,25.32,1,0,5,2026-06,2
FBJ-0003,2026-06-13,Mañana,A,Antena,AP-02,392,-66.0,12,6,94.5,23.6,3.355,1.21,2,0,0,0,1,0,19.57,1,0,5,2026-06,2
FBJ-0007,2026-06-13,Mañana,A,Antena,AP-02,594,-68.6,12,6,94.5,23.6,3.748,1.88,6,0,0,0,1,0,18.22,1,0,5,2026-06,2
FBJ-0009,2026-06-13,Mañana,A,Antena,AP-02,565,-72.0,12,6,94.5,23.6,4.134,1.64,5,0,0,0,1,0,18.2,1,0,5,2026-06,2
FBJ-0010,2026-06-13,Mañana,A,Antena,AP-01,482,-67.3,12,6,94.5,23.6,3.104,2.0,6,1,22,0,1,0,15.95,1,0,5,2026-06,2
FBJ-0011,2026-06-13,Mañana,A,Antena,AP-02,440,-67.1,12,6,94.5,23.6,3.503,2.01,2,0,0,0,1,0,18.63,1,0,5,2026-06,2
FBJ-0015,2026-06-13,Mañana,A,Antena,AP-02,894,-83.5,12,6,94.5,23.6,2.141,1.17,4,0,0,0,1,0,17.93,1,0,5,2026-06,2
FBJ-0022,2026-06-13,Mañana,A,Antena,AP-02,838,-82.4,12,6,94.5,23.6,1.521,0.92,1,1,11,0,1,0,10.41,1,0,5,2026-06,2
FBJ-0030,2026-06-13,Mañana,A,Antena,AP-02,116,-54.6,12,6,94.5,23.6,6.93,1.93,1,0,0,0,1,0,31.53,1,0,5,2026-06,2
FBJ-0034,2026-06-13,Mañana,B,Antena,AP-02,604,-72.2,15,12,75.9,19.0,3.82,1.93,6,0,0,0,1,0,18.49,1,0,5,2026-06,2
FBJ-0040,2026-06-13,Mañana,B,Antena,AP-01,564,-73.1,15,12,75.9,19.0,2.551,1.79,7,0,0,0,1,0,13.27,1,0,5,2026-06,2
FBJ-0042,2026-06-13,Mañana,B,Antena,AP-01,176,-53.0,15,12,75.9,19.0,5.479,1.37,8,0,0,0,1,0,25.81,1,0,5,2026-06,2
FBJ-0044,2026-06-13,Mañana,B,Cable,,86,,15,12,75.9,19.0,6.131,2.02,5,0,0,0,1,0,35.0,0,1,5,2026-06,2
FBJ-0045,2026-06-13,Mañana,B,Antena,AP-02,848,-81.7,15,12,75.9,19.0,2.733,2.07,3,1,18,0,1,0,13.07,1,0,5,2026-06,2
FBJ-0046,2026-06-13,Mañana,B,Antena,AP-01,177,-50.9,15,12,75.9,19.0,2.682,0.65,7,0,0,0,1,0,26.47,1,0,5,2026-06,2
FBJ-0049,2026-06-13,Mañana,B,Cable,,350,,15,12,75.9,19.0,8.198,2.21,6,0,0,0,1,0,31.26,0,0,5,2026-06,2
FBJ-0051,2026-06-13,Mañana,B,Cable,,42,,15,12,75.9,19.0,7.02,1.29,2,0,0,0,1,0,35.0,0,1,5,2026-06,2
FBJ-0052,2026-06-13,Mañana,B,Cable,,288,,15,12,75.9,19.0,3.365,0.97,3,0,0,0,1,0,33.2,0,0,5,2026-06,2
FBJ-0053,2026-06-13,Mañana,B,Antena,AP-01,245,-55.9,15,12,75.9,19.0,4.388,1.35,6,0,0,0,1,0,29.23,1,0,5,2026-06,2
FBJ-0054,2026-06-13,Mañana,B,Antena,AP-02,302,-59.5,15,12,75.9,19.0,7.889,2.86,6,0,0,0,1,0,18.96,1,0,5,2026-06,2
FBJ-0059,2026-06-13,Mañana,B,Cable,,107,,15,12,75.9,19.0,5.62,1.52,5,0,0,0,1,0,34.65,0,0,5,2026-06,2
FBJ-0060,2026-06-13,Mañana,B,Cable,,110,,15,12,75.9,19.0,1.879,0.58,3,0,0,0,1,0,26.91,0,0,5,2026-06,2
FBJ-0003,2026-06-13,Tarde,A,Antena,AP-02,392,-66.0,12,6,106.7,26.7,1.555,0.72,2,0,0,0,1,0,18.09,1,0,5,2026-06,3
FBJ-0009,2026-06-13,Tarde,A,Antena,AP-02,565,-72.0,12,6,106.7,26.7,3.592,1.42,3,0,0,0,1,0,20.22,1,0,5,2026-06,3
FBJ-0010,2026-06-13,Tarde,A,Antena,AP-01,482,-67.3,12,6,106.7,26.7,1.624,0.7,5,0,0,0,1,0,20.04,1,0,5,2026-06,3
FBJ-0012,2026-06-13,Tarde,A,Antena,AP-01,631,-74.1,12,6,106.7,26.7,3.4,1.53,3,0,0,0,1,0,21.29,1,0,5,2026-06,3
FBJ-0013,2026-06-13,Tarde,A,Antena,AP-02,111,-56.0,12,6,106.7,26.7,1.511,0.88,8,0,0,0,1,0,18.8,1,0,5,2026-06,3
FBJ-0018,2026-06-13,Tarde,A,Cable,,281,,12,6,106.7,26.7,8.936,2.16,4,0,0,0,1,0,34.35,0,0,5,2026-06,3
FBJ-0019,2026-06-13,Tarde,A,Cable,,81,,12,6,106.7,26.7,8.895,2.34,6,0,0,0,1,0,29.49,0,0,5,2026-06,3
FBJ-0020,2026-06-13,Tarde,A,Antena,AP-01,244,-60.1,12,6,106.7,26.7,5.285,1.49,3,0,0,0,1,0,26.91,1,0,5,2026-06,3
FBJ-0022,2026-06-13,Tarde,A,Antena,AP-02,838,-82.4,12,6,106.7,26.7,1.014,0.44,1,0,0,0,1,0,15.32,1,0,5,2026-06,3
FBJ-0023,2026-06-13,Tarde,A,Antena,AP-01,872,-78.5,12,6,106.7,26.7,2.96,1.43,8,1,11,0,1,0,16.42,1,0,5,2026-06,3
FBJ-0026,2026-06-13,Tarde,A,Antena,AP-02,283,-64.0,12,6,106.7,26.7,6.1,2.25,4,1,6,0,1,0,21.48,1,0,5,2026-06,3
FBJ-0029,2026-06-13,Tarde,A,Cable,,251,,12,6,106.7,26.7,2.743,0.88,2,0,0,0,1,0,35.0,0,1,5,2026-06,3
FBJ-0030,2026-06-13,Tarde,A,Antena,AP-02,116,-54.6,12,6,106.7,26.7,7.163,2.49,4,0,0,0,1,0,27.88,1,0,5,2026-06,3
FBJ-0031,2026-06-13,Tarde,B,Cable,,202,,23,12,167.6,41.9,4.737,1.1,2,0,0,0,1,0,35.0,0,1,5,2026-06,3
FBJ-0033,2026-06-13,Tarde,B,Antena,AP-01,719,-77.6,23,12,167.6,41.9,1.225,0.71,5,0,0,0,1,0,13.96,1,0,5,2026-06,3
FBJ-0034,2026-06-13,Tarde,B,Antena,AP-02,604,-72.2,23,12,167.6,41.9,1.583,0.87,2,0,0,0,1,0,16.08,1,0,5,2026-06,3
FBJ-0037,2026-06-13,Tarde,B,Cable,,205,,23,12,167.6,41.9,7.202,2.91,5,0,0,0,1,0,29.33,0,0,5,2026-06,3
FBJ-0039,2026-06-13,Tarde,B,Cable,,288,,23,12,167.6,41.9,8.071,1.72,7,1,3,0,1,0,35.0,0,1,5,2026-06,3
FBJ-0042,2026-06-13,Tarde,B,Antena,AP-01,176,-53.0,23,12,167.6,41.9,6.941,1.99,5,0,0,0,1,0,29.01,1,0,5,2026-06,3
FBJ-0043,2026-06-13,Tarde,B,Cable,,318,,23,12,167.6,41.9,6.926,1.76,7,0,0,0,1,0,32.08,0,0,5,2026-06,3
FBJ-0044,2026-06-13,Tarde,B,Cable,,86,,23,12,167.6,41.9,10.501,2.77,1,1,35,0,1,0,34.64,0,0,5,2026-06,3
FBJ-0045,2026-06-13,Tarde,B,Antena,AP-02,848,-81.7,23,12,167.6,41.9,2.364,1.0,6,0,0,0,1,0,20.77,1,0,5,2026-06,3
FBJ-0046,2026-06-13,Tarde,B,Antena,AP-01,177,-50.9,23,12,167.6,41.9,3.114,1.15,7,0,0,0,1,0,21.2,1,0,5,2026-06,3
FBJ-0047,2026-06-13,Tarde,B,Antena,AP-02,453,-71.2,23,12,167.6,41.9,4.419,2.37,2,0,0,0,1,0,17.46,1,0,5,2026-06,3
FBJ-0048,2026-06-13,Tarde,B,Antena,AP-01,721,-80.9,23,12,167.6,41.9,2.304,0.98,3,0,0,0,1,0,20.65,1,0,5,2026-06,3
FBJ-0050,2026-06-13,Tarde,B,Antena,AP-02,277,-61.0,23,12,167.6,41.9,2.785,0.8,1,0,0,0,1,0,25.54,1,0,5,2026-06,3
FBJ-0051,2026-06-13,Tarde,B,Cable,,42,,23,12,167.6,41.9,7.79,1.48,4,0,0,0,1,0,35.0,0,1,5,2026-06,3
FBJ-0052,2026-06-13,Tarde,B,Cable,,288,,23,12,167.6,41.9,3.316,0.79,4,0,0,0,1,0,30.33,0,0,5,2026-06,3
FBJ-0053,2026-06-13,Tarde,B,Antena,AP-01,245,-55.9,23,12,167.6,41.9,6.125,1.57,3,1,39,0,1,0,25.69,1,0,5,2026-06,3
FBJ-0054,2026-06-13,Tarde,B,Antena,AP-02,302,-59.5,23,12,167.6,41.9,1.951,0.74,7,0,0,0,1,0,22.23,1,0,5,2026-06,3
FBJ-0056,2026-06-13,Tarde,B,Antena,AP-02,549,-70.0,23,12,167.6,41.9,2.4,1.26,7,0,0,0,1,0,13.3,1,0,5,2026-06,3
FBJ-0001,2026-06-13,Noche,A,Antena,AP-01,625,-74.5,16,13,153.5,38.4,3.621,2.12,1,0,0,0,1,0,12.89,1,0,5,2026-06,4
FBJ-0003,2026-06-13,Noche,A,Antena,AP-02,392,-66.0,16,13,153.5,38.4,3.738,1.75,8,0,0,0,1,0,12.97,1,0,5,2026-06,4
FBJ-0005,2026-06-13,Noche,A,Cable,,179,,16,13,153.5,38.4,17.181,3.51,3,0,0,0,1,0,35.0,0,1,5,2026-06,4
FBJ-0007,2026-06-13,Noche,A,Antena,AP-02,594,-68.6,16,13,153.5,38.4,1.319,0.75,3,0,0,0,1,0,14.17,1,0,5,2026-06,4
FBJ-0009,2026-06-13,Noche,A,Antena,AP-02,565,-72.0,16,13,153.5,38.4,5.526,2.74,2,0,0,0,1,0,15.17,1,0,5,2026-06,4
FBJ-0011,2026-06-13,Noche,A,Antena,AP-02,440,-67.1,16,13,153.5,38.4,3.6,1.95,4,0,0,0,1,0,17.71,1,0,5,2026-06,4
FBJ-0014,2026-06-13,Noche,A,Antena,AP-01,319,-62.5,16,13,153.5,38.4,2.957,1.36,4,0,0,0,1,0,20.04,1,0,5,2026-06,4
FBJ-0015,2026-06-13,Noche,A,Antena,AP-02,894,-83.5,16,13,153.5,38.4,3.499,2.03,2,0,0,0,1,0,13.62,1,0,5,2026-06,4
FBJ-0018,2026-06-13,Noche,A,Cable,,281,,16,13,153.5,38.4,15.473,3.51,8,0,0,0,1,0,33.02,0,0,5,2026-06,4
FBJ-0019,2026-06-13,Noche,A,Cable,,81,,16,13,153.5,38.4,6.187,1.76,7,0,0,0,1,0,26.34,0,0,5,2026-06,4
FBJ-0020,2026-06-13,Noche,A,Antena,AP-01,244,-60.1,16,13,153.5,38.4,5.01,1.96,7,0,0,0,1,0,20.85,1,0,5,2026-06,4
FBJ-0021,2026-06-13,Noche,A,Cable,,163,,16,13,153.5,38.4,11.655,2.89,7,0,0,0,1,0,34.07,0,0,5,2026-06,4
FBJ-0022,2026-06-13,Noche,A,Antena,AP-02,838,-82.4,16,13,153.5,38.4,5.613,2.27,5,0,0,0,1,0,15.7,1,0,5,2026-06,4
FBJ-0023,2026-06-13,Noche,A,Antena,AP-01,872,-78.5,16,13,153.5,38.4,7.905,3.65,3,0,0,0,1,0,18.57,1,0,5,2026-06,4
FBJ-0024,2026-06-13,Noche,A,Antena,AP-02,169,-58.3,16,13,153.5,38.4,6.617,2.63,3,1,5,0,1,0,17.31,1,0,5,2026-06,4
FBJ-0025,2026-06-13,Noche,A,Antena,AP-01,575,-73.2,16,13,153.5,38.4,3.753,2.13,7,0,0,0,1,0,14.21,1,0,5,2026-06,4
FBJ-0026,2026-06-13,Noche,A,Antena,AP-02,283,-64.0,16,13,153.5,38.4,3.125,1.97,2,0,0,0,1,0,17.87,1,0,5,2026-06,4
FBJ-0029,2026-06-13,Noche,A,Cable,,251,,16,13,153.5,38.4,3.602,1.37,3,0,0,0,1,0,28.64,0,0,5,2026-06,4
FBJ-0030,2026-06-13,Noche,A,Antena,AP-02,116,-54.6,16,13,153.5,38.4,5.08,1.59,1,1,35,0,1,0,28.32,1,0,5,2026-06,4
FBJ-0031,2026-06-13,Noche,B,Cable,,202,,22,15,157.7,39.4,4.173,1.89,8,0,0,0,1,0,26.06,0,0,5,2026-06,4
FBJ-0033,2026-06-13,Noche,B,Antena,AP-01,719,-77.6,22,15,157.7,39.4,3.46,2.08,8,0,0,0,1,0,12.84,1,0,5,2026-06,4
FBJ-0034,2026-06-13,Noche,B,Antena,AP-02,604,-72.2,22,15,157.7,39.4,4.544,3.23,6,0,0,0,1,0,13.84,1,0,5,2026-06,4
FBJ-0035,2026-06-13,Noche,B,Cable,,154,,22,15,157.7,39.4,9.494,3.65,2,0,0,0,1,0,26.16,0,0,5,2026-06,4
FBJ-0036,2026-06-13,Noche,B,Antena,AP-01,831,-77.3,22,15,157.7,39.4,5.922,3.07,6,0,0,0,1,0,12.88,1,0,5,2026-06,4
FBJ-0037,2026-06-13,Noche,B,Cable,,205,,22,15,157.7,39.4,3.566,1.64,3,0,0,0,1,0,25.76,0,0,5,2026-06,4
FBJ-0039,2026-06-13,Noche,B,Cable,,288,,22,15,157.7,39.4,5.135,1.71,6,0,0,0,1,0,27.64,0,0,5,2026-06,4
FBJ-0040,2026-06-13,Noche,B,Antena,AP-01,564,-73.1,22,15,157.7,39.4,3.761,2.37,1,0,0,0,1,0,12.77,1,0,5,2026-06,4
FBJ-0041,2026-06-13,Noche,B,Antena,AP-02,509,-69.1,22,15,157.7,39.4,2.03,1.48,2,0,0,0,1,0,12.29,1,0,5,2026-06,4
FBJ-0042,2026-06-13,Noche,B,Antena,AP-01,176,-53.0,22,15,157.7,39.4,4.248,1.96,8,0,0,0,1,0,17.95,1,0,5,2026-06,4
FBJ-0043,2026-06-13,Noche,B,Cable,,318,,22,15,157.7,39.4,3.573,1.34,4,0,0,0,1,0,25.98,0,0,5,2026-06,4
FBJ-0044,2026-06-13,Noche,B,Cable,,86,,22,15,157.7,39.4,9.065,3.36,4,0,0,0,1,0,23.89,0,0,5,2026-06,4
FBJ-0046,2026-06-13,Noche,B,Antena,AP-01,177,-50.9,22,15,157.7,39.4,6.873,2.01,6,1,7,0,1,0,28.0,1,0,5,2026-06,4
FBJ-0047,2026-06-13,Noche,B,Antena,AP-02,453,-71.2,22,15,157.7,39.4,6.025,3.07,8,0,0,0,1,0,14.36,1,0,5,2026-06,4
FBJ-0048,2026-06-13,Noche,B,Antena,AP-01,721,-80.9,22,15,157.7,39.4,5.096,2.69,1,0,0,0,1,0,14.52,1,0,5,2026-06,4
FBJ-0049,2026-06-13,Noche,B,Cable,,350,,22,15,157.7,39.4,4.136,0.88,1,0,0,0,1,0,35.0,0,1,5,2026-06,4
FBJ-0051,2026-06-13,Noche,B,Cable,,42,,22,15,157.7,39.4,8.865,2.33,3,0,0,0,1,0,22.76,0,0,5,2026-06,4
FBJ-0052,2026-06-13,Noche,B,Cable,,288,,22,15,157.7,39.4,6.521,2.13,3,0,0,0,1,0,21.95,0,0,5,2026-06,4
FBJ-0053,2026-06-13,Noche,B,Antena,AP-01,245,-55.9,22,15,157.7,39.4,5.669,1.57,2,0,0,0,1,0,23.12,1,0,5,2026-06,4
FBJ-0054,2026-06-13,Noche,B,Antena,AP-02,302,-59.5,22,15,157.7,39.4,2.038,1.3,6,0,0,0,1,0,16.91,1,0,5,2026-06,4
FBJ-0056,2026-06-13,Noche,B,Antena,AP-02,549,-70.0,22,15,157.7,39.4,5.24,2.31,6,0,0,0,1,0,14.02,1,0,5,2026-06,4
FBJ-0057,2026-06-13,Noche,B,Antena,AP-01,851,-81.4,22,15,157.7,39.4,5.975,3.12,6,0,0,0,1,0,14.14,1,0,5,2026-06,4
FBJ-0058,2026-06-13,Noche,B,Antena,AP-02,308,-59.0,22,15,157.7,39.4,5.682,3.29,2,0,0,0,1,0,17.04,1,0,5,2026-06,4
FBJ-0059,2026-06-13,Noche,B,Cable,,107,,22,15,157.7,39.4,8.491,2.28,8,0,0,0,1,0,32.19,0,0,5,2026-06,4
FBJ-0060,2026-06-13,Noche,B,Cable,,110,,22,15,157.7,39.4,14.605,3.47,8,0,0,0,1,0,27.19,0,0,5,2026-06,4
FBJ-0007,2026-06-14,Madrugada,A,Antena,AP-02,594,-68.6,6,3,73.7,18.4,2.222,1.36,7,0,0,0,1,0,17.13,1,0,6,2026-06,1
FBJ-0031,2026-06-14,Madrugada,B,Cable,,202,,2,2,15.4,3.9,0.885,0.2,5,1,21,0,1,0,35.0,0,1,6,2026-06,1
FBJ-0036,2026-06-14,Madrugada,B,Antena,AP-01,831,-77.3,2,2,15.4,3.9,3.238,1.21,5,0,0,0,1,0,21.0,1,0,6,2026-06,1
FBJ-0039,2026-06-14,Madrugada,B,Cable,,288,,2,2,15.4,3.9,10.095,2.35,3,0,0,0,1,0,31.99,0,0,6,2026-06,1
FBJ-0042,2026-06-14,Madrugada,B,Antena,AP-01,176,-53.0,2,2,15.4,3.9,2.094,0.76,1,1,29,0,1,0,29.14,1,0,6,2026-06,1
FBJ-0045,2026-06-14,Madrugada,B,Antena,AP-02,848,-81.7,2,2,15.4,3.9,2.855,1.45,5,1,26,0,1,0,16.79,1,0,6,2026-06,1
FBJ-0047,2026-06-14,Madrugada,B,Antena,AP-02,453,-71.2,2,2,15.4,3.9,2.863,1.32,2,0,0,0,1,0,22.7,1,0,6,2026-06,1
FBJ-0048,2026-06-14,Madrugada,B,Antena,AP-01,721,-80.9,2,2,15.4,3.9,5.691,2.41,5,0,0,0,1,0,18.7,1,0,6,2026-06,1
FBJ-0057,2026-06-14,Madrugada,B,Antena,AP-01,851,-81.4,2,2,15.4,3.9,2.965,1.36,8,0,0,0,1,0,18.34,1,0,6,2026-06,1
FBJ-0001,2026-06-14,Mañana,A,Antena,AP-01,625,-74.5,9,8,64.8,16.2,3.559,1.48,2,0,0,0,1,0,21.01,1,0,6,2026-06,2
FBJ-0004,2026-06-14,Mañana,A,Cable,,322,,9,8,64.8,16.2,5.377,1.49,1,0,0,0,1,0,35.0,0,1,6,2026-06,2
FBJ-0005,2026-06-14,Mañana,A,Cable,,179,,9,8,64.8,16.2,8.192,2.56,3,0,0,0,1,0,35.0,0,1,6,2026-06,2
FBJ-0007,2026-06-14,Mañana,A,Antena,AP-02,594,-68.6,9,8,64.8,16.2,7.997,2.97,6,0,0,0,1,0,20.88,1,0,6,2026-06,2
FBJ-0009,2026-06-14,Mañana,A,Antena,AP-02,565,-72.0,9,8,64.8,16.2,1.447,0.88,4,0,0,0,1,0,17.71,1,0,6,2026-06,2
FBJ-0010,2026-06-14,Mañana,A,Antena,AP-01,482,-67.3,9,8,64.8,16.2,3.985,1.74,8,0,0,0,1,0,14.69,1,0,6,2026-06,2
FBJ-0011,2026-06-14,Mañana,A,Antena,AP-02,440,-67.1,9,8,64.8,16.2,3.551,1.62,2,0,0,0,1,0,15.06,1,0,6,2026-06,2
FBJ-0013,2026-06-14,Mañana,A,Antena,AP-02,111,-56.0,9,8,64.8,16.2,2.681,1.08,6,0,0,0,1,0,28.73,1,0,6,2026-06,2
FBJ-0014,2026-06-14,Mañana,A,Antena,AP-01,319,-62.5,9,8,64.8,16.2,5.72,2.65,1,1,19,0,1,0,21.47,1,0,6,2026-06,2
FBJ-0018,2026-06-14,Mañana,A,Cable,,281,,9,8,64.8,16.2,8.709,1.96,7,0,0,0,1,0,35.0,0,1,6,2026-06,2
FBJ-0019,2026-06-14,Mañana,A,Cable,,81,,9,8,64.8,16.2,1.545,0.53,5,0,0,0,1,0,30.61,0,0,6,2026-06,2
FBJ-0020,2026-06-14,Mañana,A,Antena,AP-01,244,-60.1,9,8,64.8,16.2,6.354,2.78,7,0,0,0,1,0,22.14,1,0,6,2026-06,2
FBJ-0025,2026-06-14,Mañana,A,Antena,AP-01,575,-73.2,9,8,64.8,16.2,4.476,2.51,8,0,0,0,1,0,20.17,1,0,6,2026-06,2
FBJ-0027,2026-06-14,Mañana,A,Cable,,85,,9,8,64.8,16.2,14.04,2.84,8,0,0,0,1,0,30.29,0,0,6,2026-06,2
FBJ-0029,2026-06-14,Mañana,A,Cable,,251,,9,8,64.8,16.2,4.523,1.65,7,0,0,0,1,0,25.19,0,0,6,2026-06,2
FBJ-0031,2026-06-14,Mañana,B,Cable,,202,,14,10,85.5,21.4,6.704,2.12,8,0,0,0,1,0,35.0,0,1,6,2026-06,2
FBJ-0032,2026-06-14,Mañana,B,Cable,,302,,14,10,85.5,21.4,8.372,1.82,8,0,0,0,1,0,31.85,0,0,6,2026-06,2
FBJ-0034,2026-06-14,Mañana,B,Antena,AP-02,604,-72.2,14,10,85.5,21.4,5.883,2.34,6,0,0,0,1,0,18.82,1,0,6,2026-06,2
FBJ-0035,2026-06-14,Mañana,B,Cable,,154,,14,10,85.5,21.4,5.726,1.54,8,0,0,0,1,0,35.0,0,1,6,2026-06,2
FBJ-0039,2026-06-14,Mañana,B,Cable,,288,,14,10,85.5,21.4,4.192,1.51,6,0,0,0,1,0,24.98,0,0,6,2026-06,2
FBJ-0042,2026-06-14,Mañana,B,Antena,AP-01,176,-53.0,14,10,85.5,21.4,10.027,2.31,7,0,0,0,1,0,28.36,1,0,6,2026-06,2
FBJ-0043,2026-06-14,Mañana,B,Cable,,318,,14,10,85.5,21.4,9.801,2.53,6,0,0,0,1,0,35.0,0,1,6,2026-06,2
FBJ-0045,2026-06-14,Mañana,B,Antena,AP-02,848,-81.7,14,10,85.5,21.4,2.914,1.07,2,0,0,0,1,0,17.5,1,0,6,2026-06,2
FBJ-0047,2026-06-14,Mañana,B,Antena,AP-02,453,-71.2,14,10,85.5,21.4,1.318,0.47,7,0,0,0,1,0,20.53,1,0,6,2026-06,2
FBJ-0048,2026-06-14,Mañana,B,Antena,AP-01,721,-80.9,14,10,85.5,21.4,4.145,1.8,3,0,0,0,1,0,21.62,1,0,6,2026-06,2
FBJ-0049,2026-06-14,Mañana,B,Cable,,350,,14,10,85.5,21.4,4.855,1.5,6,0,0,0,1,0,26.77,0,0,6,2026-06,2
FBJ-0052,2026-06-14,Mañana,B,Cable,,288,,14,10,85.5,21.4,6.576,1.48,2,0,0,0,1,0,34.24,0,0,6,2026-06,2
FBJ-0053,2026-06-14,Mañana,B,Antena,AP-01,245,-55.9,14,10,85.5,21.4,2.73,0.46,6,1,26,0,1,0,34.95,1,1,6,2026-06,2
FBJ-0057,2026-06-14,Mañana,B,Antena,AP-01,851,-81.4,14,10,85.5,21.4,2.456,1.2,3,0,0,0,1,0,15.8,1,0,6,2026-06,2
FBJ-0060,2026-06-14,Mañana,B,Cable,,110,,14,10,85.5,21.4,4.455,1.52,4,0,0,0,1,0,27.05,0,0,6,2026-06,2
FBJ-0003,2026-06-14,Tarde,A,Antena,AP-02,392,-66.0,13,10,140.2,35.1,2.008,1.03,6,0,0,0,1,0,17.04,1,0,6,2026-06,3
FBJ-0007,2026-06-14,Tarde,A,Antena,AP-02,594,-68.6,13,10,140.2,35.1,1.88,0.76,8,0,0,0,1,0,17.42,1,0,6,2026-06,3
FBJ-0009,2026-06-14,Tarde,A,Antena,AP-02,565,-72.0,13,10,140.2,35.1,1.753,1.01,8,1,28,0,1,0,15.47,1,0,6,2026-06,3
FBJ-0010,2026-06-14,Tarde,A,Antena,AP-01,482,-67.3,13,10,140.2,35.1,7.365,1.79,2,0,0,0,1,0,26.28,1,0,6,2026-06,3
FBJ-0011,2026-06-14,Tarde,A,Antena,AP-02,440,-67.1,13,10,140.2,35.1,0.995,0.53,5,1,3,0,1,0,19.69,1,0,6,2026-06,3
FBJ-0012,2026-06-14,Tarde,A,Antena,AP-01,631,-74.1,13,10,140.2,35.1,3.647,1.41,2,0,0,0,1,0,21.84,1,0,6,2026-06,3
FBJ-0014,2026-06-14,Tarde,A,Antena,AP-01,319,-62.5,13,10,140.2,35.1,3.214,1.67,4,0,0,0,1,0,17.45,1,0,6,2026-06,3
FBJ-0015,2026-06-14,Tarde,A,Antena,AP-02,894,-83.5,13,10,140.2,35.1,0.872,0.8,5,2,72,0,1,0,10.95,1,0,6,2026-06,3
FBJ-0019,2026-06-14,Tarde,A,Cable,,81,,13,10,140.2,35.1,3.112,0.69,8,0,0,0,1,0,35.0,0,1,6,2026-06,3
FBJ-0020,2026-06-14,Tarde,A,Antena,AP-01,244,-60.1,13,10,140.2,35.1,1.302,0.64,6,0,0,0,1,0,20.82,1,0,6,2026-06,3
FBJ-0021,2026-06-14,Tarde,A,Cable,,163,,13,10,140.2,35.1,5.259,1.77,1,0,0,0,1,0,28.38,0,0,6,2026-06,3
FBJ-0024,2026-06-14,Tarde,A,Antena,AP-02,169,-58.3,13,10,140.2,35.1,0.588,0.2,1,0,0,0,1,0,27.76,1,0,6,2026-06,3
FBJ-0025,2026-06-14,Tarde,A,Antena,AP-01,575,-73.2,13,10,140.2,35.1,2.359,1.06,2,0,0,0,1,0,17.37,1,0,6,2026-06,3
FBJ-0027,2026-06-14,Tarde,A,Cable,,85,,13,10,140.2,35.1,6.338,1.41,3,0,0,0,1,0,29.97,0,0,6,2026-06,3
FBJ-0030,2026-06-14,Tarde,A,Antena,AP-02,116,-54.6,13,10,140.2,35.1,4.53,1.33,6,0,0,0,1,0,31.84,1,0,6,2026-06,3
FBJ-0031,2026-06-14,Tarde,B,Cable,,202,,16,13,106.3,26.6,10.303,2.44,7,0,0,0,1,0,33.6,0,0,6,2026-06,3
FBJ-0033,2026-06-14,Tarde,B,Antena,AP-01,719,-77.6,16,13,106.3,26.6,1.643,0.5,2,0,0,0,1,0,24.26,1,0,6,2026-06,3
FBJ-0035,2026-06-14,Tarde,B,Cable,,154,,16,13,106.3,26.6,4.42,1.53,1,0,0,0,1,0,27.24,0,0,6,2026-06,3
FBJ-0036,2026-06-14,Tarde,B,Antena,AP-01,831,-77.3,16,13,106.3,26.6,1.329,0.57,5,0,0,0,1,0,18.8,1,0,6,2026-06,3
FBJ-0037,2026-06-14,Tarde,B,Cable,,205,,16,13,106.3,26.6,7.981,2.27,1,0,0,0,1,0,28.89,0,0,6,2026-06,3
FBJ-0041,2026-06-14,Tarde,B,Antena,AP-02,509,-69.1,16,13,106.3,26.6,2.046,0.96,1,0,0,0,1,0,14.09,1,0,6,2026-06,3
FBJ-0044,2026-06-14,Tarde,B,Cable,,86,,16,13,106.3,26.6,6.314,1.53,7,0,0,0,1,0,29.57,0,0,6,2026-06,3
FBJ-0045,2026-06-14,Tarde,B,Antena,AP-02,848,-81.7,16,13,106.3,26.6,1.647,0.73,6,0,0,0,1,0,15.44,1,0,6,2026-06,3
FBJ-0046,2026-06-14,Tarde,B,Antena,AP-01,177,-50.9,16,13,106.3,26.6,4.695,1.51,6,1,39,0,1,0,25.84,1,0,6,2026-06,3
FBJ-0047,2026-06-14,Tarde,B,Antena,AP-02,453,-71.2,16,13,106.3,26.6,3.736,2.44,6,0,0,0,1,0,14.45,1,0,6,2026-06,3
FBJ-0049,2026-06-14,Tarde,B,Cable,,350,,16,13,106.3,26.6,5.023,1.23,2,0,0,0,1,0,30.51,0,0,6,2026-06,3
FBJ-0056,2026-06-14,Tarde,B,Antena,AP-02,549,-70.0,16,13,106.3,26.6,1.674,0.77,8,0,0,0,1,0,13.91,1,0,6,2026-06,3
FBJ-0057,2026-06-14,Tarde,B,Antena,AP-01,851,-81.4,16,13,106.3,26.6,1.576,0.93,6,0,0,0,1,0,13.48,1,0,6,2026-06,3
FBJ-0058,2026-06-14,Tarde,B,Antena,AP-02,308,-59.0,16,13,106.3,26.6,5.218,1.7,2,0,0,0,1,0,24.51,1,0,6,2026-06,3
FBJ-0059,2026-06-14,Tarde,B,Cable,,107,,16,13,106.3,26.6,3.571,1.26,3,0,0,0,1,0,22.28,0,0,6,2026-06,3
FBJ-0060,2026-06-14,Tarde,B,Cable,,110,,16,13,106.3,26.6,4.591,1.07,3,1,9,0,1,0,27.08,0,0,6,2026-06,3
FBJ-0003,2026-06-14,Noche,A,Antena,AP-02,392,-66.0,21,16,173.6,43.4,3.318,2.68,3,0,0,0,1,0,11.13,1,0,6,2026-06,4
FBJ-0004,2026-06-14,Noche,A,Cable,,322,,21,16,173.6,43.4,7.403,2.72,3,0,0,0,1,0,24.99,0,0,6,2026-06,4
FBJ-0007,2026-06-14,Noche,A,Antena,AP-02,594,-68.6,21,16,173.6,43.4,2.82,2.3,6,0,0,0,1,0,11.66,1,0,6,2026-06,4
FBJ-0009,2026-06-14,Noche,A,Antena,AP-02,565,-72.0,21,16,173.6,43.4,5.7,3.13,1,0,0,0,1,0,12.39,1,0,6,2026-06,4
FBJ-0010,2026-06-14,Noche,A,Antena,AP-01,482,-67.3,21,16,173.6,43.4,7.21,3.73,3,0,0,0,1,0,12.16,1,0,6,2026-06,4
FBJ-0011,2026-06-14,Noche,A,Antena,AP-02,440,-67.1,21,16,173.6,43.4,2.124,1.66,4,0,0,0,1,0,10.67,1,0,6,2026-06,4
FBJ-0012,2026-06-14,Noche,A,Antena,AP-01,631,-74.1,21,16,173.6,43.4,1.311,1.4,2,0,0,0,1,0,9.18,1,0,6,2026-06,4
FBJ-0013,2026-06-14,Noche,A,Antena,AP-02,111,-56.0,21,16,173.6,43.4,5.278,2.76,5,0,0,0,1,0,16.81,1,0,6,2026-06,4
FBJ-0014,2026-06-14,Noche,A,Antena,AP-01,319,-62.5,21,16,173.6,43.4,6.483,3.02,8,0,0,0,1,0,15.88,1,0,6,2026-06,4
FBJ-0015,2026-06-14,Noche,A,Antena,AP-02,894,-83.5,21,16,173.6,43.4,2.658,1.97,6,0,0,0,1,0,15.16,1,0,6,2026-06,4
FBJ-0018,2026-06-14,Noche,A,Cable,,281,,21,16,173.6,43.4,12.284,2.83,4,0,0,0,1,0,27.91,0,0,6,2026-06,4
FBJ-0019,2026-06-14,Noche,A,Cable,,81,,21,16,173.6,43.4,7.732,2.49,1,0,0,0,1,0,23.77,0,0,6,2026-06,4
FBJ-0020,2026-06-14,Noche,A,Antena,AP-01,244,-60.1,21,16,173.6,43.4,6.002,3.11,3,0,0,0,1,0,12.98,1,0,6,2026-06,4
FBJ-0021,2026-06-14,Noche,A,Cable,,163,,21,16,173.6,43.4,6.994,2.4,6,2,18,0,1,0,30.63,0,0,6,2026-06,4
FBJ-0022,2026-06-14,Noche,A,Antena,AP-02,838,-82.4,21,16,173.6,43.4,2.984,2.04,8,0,0,0,1,0,13.71,1,0,6,2026-06,4
FBJ-0023,2026-06-14,Noche,A,Antena,AP-01,872,-78.5,21,16,173.6,43.4,2.23,1.5,6,1,4,0,1,0,12.46,1,0,6,2026-06,4
FBJ-0024,2026-06-14,Noche,A,Antena,AP-02,169,-58.3,21,16,173.6,43.4,6.317,3.44,6,1,29,0,1,0,17.7,1,0,6,2026-06,4
FBJ-0025,2026-06-14,Noche,A,Antena,AP-01,575,-73.2,21,16,173.6,43.4,2.233,2.21,5,0,0,0,1,0,11.87,1,0,6,2026-06,4
FBJ-0026,2026-06-14,Noche,A,Antena,AP-02,283,-64.0,21,16,173.6,43.4,4.608,2.66,5,0,0,0,1,0,16.87,1,0,6,2026-06,4
FBJ-0027,2026-06-14,Noche,A,Cable,,85,,21,16,173.6,43.4,3.962,1.57,3,0,0,0,1,0,20.69,0,0,6,2026-06,4
FBJ-0030,2026-06-14,Noche,A,Antena,AP-02,116,-54.6,21,16,173.6,43.4,12.492,3.46,7,0,0,0,1,0,29.72,1,0,6,2026-06,4
FBJ-0031,2026-06-14,Noche,B,Cable,,202,,21,13,146.2,36.6,7.338,3.2,4,0,0,0,1,0,25.13,0,0,6,2026-06,4
FBJ-0032,2026-06-14,Noche,B,Cable,,302,,21,13,146.2,36.6,11.142,3.81,5,0,0,0,1,0,24.91,0,0,6,2026-06,4
FBJ-0034,2026-06-14,Noche,B,Antena,AP-02,604,-72.2,21,13,146.2,36.6,2.246,1.25,8,0,0,0,1,0,15.07,1,0,6,2026-06,4
FBJ-0035,2026-06-14,Noche,B,Cable,,154,,21,13,146.2,36.6,6.312,1.92,8,1,5,0,1,0,23.23,0,0,6,2026-06,4
FBJ-0036,2026-06-14,Noche,B,Antena,AP-01,831,-77.3,21,13,146.2,36.6,4.767,2.75,3,0,0,0,1,0,16.57,1,0,6,2026-06,4
FBJ-0037,2026-06-14,Noche,B,Cable,,205,,21,13,146.2,36.6,7.918,2.97,7,0,0,0,1,0,26.87,0,0,6,2026-06,4
FBJ-0039,2026-06-14,Noche,B,Cable,,288,,21,13,146.2,36.6,4.913,1.67,1,0,0,0,1,0,24.45,0,0,6,2026-06,4
FBJ-0040,2026-06-14,Noche,B,Antena,AP-01,564,-73.1,21,13,146.2,36.6,3.11,2.59,6,0,0,0,1,0,12.39,1,0,6,2026-06,4
FBJ-0041,2026-06-14,Noche,B,Antena,AP-02,509,-69.1,21,13,146.2,36.6,9.275,3.26,2,0,0,0,1,0,20.21,1,0,6,2026-06,4
FBJ-0042,2026-06-14,Noche,B,Antena,AP-01,176,-53.0,21,13,146.2,36.6,10.512,3.12,4,0,0,0,1,0,22.61,1,0,6,2026-06,4
FBJ-0043,2026-06-14,Noche,B,Cable,,318,,21,13,146.2,36.6,14.044,2.54,7,1,38,0,1,0,35.0,0,1,6,2026-06,4
FBJ-0047,2026-06-14,Noche,B,Antena,AP-02,453,-71.2,21,13,146.2,36.6,3.901,1.9,6,0,0,0,1,0,17.72,1,0,6,2026-06,4
FBJ-0049,2026-06-14,Noche,B,Cable,,350,,21,13,146.2,36.6,12.603,3.18,1,0,0,0,1,0,26.76,0,0,6,2026-06,4
FBJ-0050,2026-06-14,Noche,B,Antena,AP-02,277,-61.0,21,13,146.2,36.6,11.511,3.88,5,1,18,0,1,0,20.75,1,0,6,2026-06,4
FBJ-0051,2026-06-14,Noche,B,Cable,,42,,21,13,146.2,36.6,12.403,2.38,7,0,0,0,1,0,35.0,0,1,6,2026-06,4
FBJ-0052,2026-06-14,Noche,B,Cable,,288,,21,13,146.2,36.6,9.449,2.52,4,0,0,0,1,0,32.31,0,0,6,2026-06,4
FBJ-0053,2026-06-14,Noche,B,Antena,AP-01,245,-55.9,21,13,146.2,36.6,12.02,3.34,8,0,0,0,1,0,22.4,1,0,6,2026-06,4
FBJ-0054,2026-06-14,Noche,B,Antena,AP-02,302,-59.5,21,13,146.2,36.6,6.838,2.66,1,0,0,0,1,0,18.62,1,0,6,2026-06,4
FBJ-0056,2026-06-14,Noche,B,Antena,AP-02,549,-70.0,21,13,146.2,36.6,5.573,2.17,2,0,0,0,1,0,18.21,1,0,6,2026-06,4
FBJ-0057,2026-06-14,Noche,B,Antena,AP-01,851,-81.4,21,13,146.2,36.6,4.69,2.96,5,1,33,0,1,0,15.74,1,0,6,2026-06,4
FBJ-0058,2026-06-14,Noche,B,Antena,AP-02,308,-59.0,21,13,146.2,36.6,6.018,1.79,6,0,0,0,1,0,24.73,1,0,6,2026-06,4
FBJ-0060,2026-06-14,Noche,B,Cable,,110,,21,13,146.2,36.6,13.234,2.89,8,0,0,0,1,0,30.11,0,0,6,2026-06,4
FBJ-0007,2026-06-15,Madrugada,A,Antena,AP-02,594,-68.6,2,2,7.7,1.9,4.035,2.19,6,0,0,0,0,0,15.36,1,0,0,2026-06,1
FBJ-0021,2026-06-15,Madrugada,A,Cable,,163,,2,2,7.7,1.9,2.255,0.51,8,0,0,0,0,0,33.46,0,0,0,2026-06,1
FBJ-0029,2026-06-15,Madrugada,A,Cable,,251,,2,2,7.7,1.9,2.772,0.61,6,0,0,0,0,0,35.0,0,1,0,2026-06,1
FBJ-0031,2026-06-15,Madrugada,B,Cable,,202,,8,5,73.4,18.4,0.671,0.2,5,0,0,0,0,0,26.32,0,0,0,2026-06,1
FBJ-0056,2026-06-15,Madrugada,B,Antena,AP-02,549,-70.0,8,5,73.4,18.4,2.529,1.36,7,0,0,0,0,0,17.28,1,0,0,2026-06,1
FBJ-0058,2026-06-15,Madrugada,B,Antena,AP-02,308,-59.0,8,5,73.4,18.4,3.905,1.85,8,0,0,0,0,0,22.14,1,0,0,2026-06,1
FBJ-0059,2026-06-15,Madrugada,B,Cable,,107,,8,5,73.4,18.4,6.96,1.65,2,0,0,0,0,0,35.0,0,1,0,2026-06,1
FBJ-0001,2026-06-15,Mañana,A,Antena,AP-01,625,-74.5,10,6,70.7,17.7,2.809,1.11,6,0,0,0,0,0,18.25,1,0,0,2026-06,2
FBJ-0004,2026-06-15,Mañana,A,Cable,,322,,10,6,70.7,17.7,4.279,1.3,7,0,0,0,0,0,28.76,0,0,0,2026-06,2
FBJ-0007,2026-06-15,Mañana,A,Antena,AP-02,594,-68.6,10,6,70.7,17.7,3.278,1.86,5,0,0,0,0,0,18.45,1,0,0,2026-06,2
FBJ-0010,2026-06-15,Mañana,A,Antena,AP-01,482,-67.3,10,6,70.7,17.7,5.167,1.94,8,0,0,0,0,0,16.98,1,0,0,2026-06,2
FBJ-0013,2026-06-15,Mañana,A,Antena,AP-02,111,-56.0,10,6,70.7,17.7,5.872,2.64,3,0,0,0,0,0,22.22,1,0,0,2026-06,2
FBJ-0015,2026-06-15,Mañana,A,Antena,AP-02,894,-83.5,10,6,70.7,17.7,1.79,1.88,8,2,66,0,0,0,10.84,1,0,0,2026-06,2
FBJ-0020,2026-06-15,Mañana,A,Antena,AP-01,244,-60.1,10,6,70.7,17.7,11.926,2.63,6,3,48,0,0,0,33.71,1,0,0,2026-06,2
FBJ-0031,2026-06-15,Mañana,B,Cable,,202,,15,8,69.0,17.3,13.233,3.24,3,0,0,0,0,0,35.0,0,1,0,2026-06,2
FBJ-0034,2026-06-15,Mañana,B,Antena,AP-02,604,-72.2,15,8,69.0,17.3,3.926,2.04,2,0,0,0,0,0,13.56,1,0,0,2026-06,2
FBJ-0035,2026-06-15,Mañana,B,Cable,,154,,15,8,69.0,17.3,9.122,2.55,7,0,0,0,0,0,30.22,0,0,0,2026-06,2
FBJ-0036,2026-06-15,Mañana,B,Antena,AP-01,831,-77.3,15,8,69.0,17.3,4.366,1.7,5,0,0,0,0,0,20.16,1,0,0,2026-06,2
FBJ-0037,2026-06-15,Mañana,B,Cable,,205,,15,8,69.0,17.3,0.661,0.2,3,0,0,0,0,0,33.09,0,0,0,2026-06,2
FBJ-0040,2026-06-15,Mañana,B,Antena,AP-01,564,-73.1,15,8,69.0,17.3,1.523,0.65,8,1,18,0,0,0,16.16,1,0,0,2026-06,2
FBJ-0047,2026-06-15,Mañana,B,Antena,AP-02,453,-71.2,15,8,69.0,17.3,4.39,2.41,1,0,0,0,0,0,16.93,1,0,0,2026-06,2
FBJ-0048,2026-06-15,Mañana,B,Antena,AP-01,721,-80.9,15,8,69.0,17.3,2.095,1.53,7,0,0,0,0,0,12.83,1,0,0,2026-06,2
FBJ-0051,2026-06-15,Mañana,B,Cable,,42,,15,8,69.0,17.3,5.421,1.45,5,0,0,0,0,0,35.0,0,1,0,2026-06,2
FBJ-0053,2026-06-15,Mañana,B,Antena,AP-01,245,-55.9,15,8,69.0,17.3,7.076,2.67,6,0,0,0,0,0,18.09,1,0,0,2026-06,2
FBJ-0054,2026-06-15,Mañana,B,Antena,AP-02,302,-59.5,15,8,69.0,17.3,8.681,2.6,7,0,0,0,0,0,25.42,1,0,0,2026-06,2
FBJ-0057,2026-06-15,Mañana,B,Antena,AP-01,851,-81.4,15,8,69.0,17.3,5.896,2.54,7,0,0,0,0,0,21.46,1,0,0,2026-06,2
FBJ-0059,2026-06-15,Mañana,B,Cable,,107,,15,8,69.0,17.3,6.352,2.07,6,0,0,0,0,0,35.0,0,1,0,2026-06,2
FBJ-0007,2026-06-15,Tarde,A,Antena,AP-02,594,-68.6,12,9,141.3,35.3,1.065,0.41,3,0,0,0,0,0,16.76,1,0,0,2026-06,3
FBJ-0009,2026-06-15,Tarde,A,Antena,AP-02,565,-72.0,12,9,141.3,35.3,2.243,1.57,5,0,0,0,0,0,15.53,1,0,0,2026-06,3
FBJ-0011,2026-06-15,Tarde,A,Antena,AP-02,440,-67.1,12,9,141.3,35.3,2.105,0.85,7,0,0,0,0,0,22.87,1,0,0,2026-06,3
FBJ-0012,2026-06-15,Tarde,A,Antena,AP-01,631,-74.1,12,9,141.3,35.3,4.895,2.33,5,0,0,0,0,0,14.32,1,0,0,2026-06,3
FBJ-0013,2026-06-15,Tarde,A,Antena,AP-02,111,-56.0,12,9,141.3,35.3,3.764,1.23,1,0,0,0,0,0,35.0,1,1,0,2026-06,3
FBJ-0018,2026-06-15,Tarde,A,Cable,,281,,12,9,141.3,35.3,7.322,1.6,5,0,0,0,0,0,35.0,0,1,0,2026-06,3
FBJ-0019,2026-06-15,Tarde,A,Cable,,81,,12,9,141.3,35.3,9.214,1.9,3,1,20,0,0,0,35.0,0,1,0,2026-06,3
FBJ-0020,2026-06-15,Tarde,A,Antena,AP-01,244,-60.1,12,9,141.3,35.3,9.704,2.75,4,0,0,0,0,0,26.29,1,0,0,2026-06,3
FBJ-0022,2026-06-15,Tarde,A,Antena,AP-02,838,-82.4,12,9,141.3,35.3,5.842,2.23,6,1,6,0,0,0,21.66,1,0,0,2026-06,3
FBJ-0024,2026-06-15,Tarde,A,Antena,AP-02,169,-58.3,12,9,141.3,35.3,1.826,0.49,1,1,24,0,0,0,29.36,1,0,0,2026-06,3
FBJ-0026,2026-06-15,Tarde,A,Antena,AP-02,283,-64.0,12,9,141.3,35.3,1.711,1.02,1,0,0,0,0,0,19.25,1,0,0,2026-06,3
FBJ-0029,2026-06-15,Tarde,A,Cable,,251,,12,9,141.3,35.3,11.504,3.15,3,0,0,0,0,0,32.52,0,0,0,2026-06,3
FBJ-0034,2026-06-15,Tarde,B,Antena,AP-02,604,-72.2,13,8,88.4,22.1,0.76,0.62,6,0,0,0,0,0,12.63,1,0,0,2026-06,3
FBJ-0035,2026-06-15,Tarde,B,Cable,,154,,13,8,88.4,22.1,6.564,1.62,5,0,0,0,0,0,35.0,0,1,0,2026-06,3
FBJ-0039,2026-06-15,Tarde,B,Cable,,288,,13,8,88.4,22.1,1.728,0.39,3,0,0,0,0,0,34.64,0,0,0,2026-06,3
FBJ-0042,2026-06-15,Tarde,B,Antena,AP-01,176,-53.0,13,8,88.4,22.1,3.441,0.87,3,0,0,0,0,0,30.34,1,0,0,2026-06,3
FBJ-0044,2026-06-15,Tarde,B,Cable,,86,,13,8,88.4,22.1,8.077,2.19,3,0,0,0,0,0,33.42,0,0,0,2026-06,3
FBJ-0045,2026-06-15,Tarde,B,Antena,AP-02,848,-81.7,13,8,88.4,22.1,5.824,2.43,7,0,0,0,0,0,16.74,1,0,0,2026-06,3
FBJ-0046,2026-06-15,Tarde,B,Antena,AP-01,177,-50.9,13,8,88.4,22.1,8.947,2.48,7,0,0,0,0,0,31.33,1,0,0,2026-06,3
FBJ-0049,2026-06-15,Tarde,B,Cable,,350,,13,8,88.4,22.1,4.169,0.99,5,0,0,0,0,0,30.34,0,0,0,2026-06,3
FBJ-0050,2026-06-15,Tarde,B,Antena,AP-02,277,-61.0,13,8,88.4,22.1,4.802,1.82,2,0,0,0,0,0,28.28,1,0,0,2026-06,3
FBJ-0052,2026-06-15,Tarde,B,Cable,,288,,13,8,88.4,22.1,5.431,1.41,8,0,0,0,0,0,31.13,0,0,0,2026-06,3
FBJ-0053,2026-06-15,Tarde,B,Antena,AP-01,245,-55.9,13,8,88.4,22.1,8.004,1.87,5,0,0,0,0,0,32.0,1,0,0,2026-06,3
FBJ-0060,2026-06-15,Tarde,B,Cable,,110,,13,8,88.4,22.1,7.752,1.84,2,0,0,0,0,0,35.0,0,1,0,2026-06,3
FBJ-0001,2026-06-15,Noche,A,Antena,AP-01,625,-74.5,14,9,64.7,16.2,7.862,2.27,3,0,0,0,0,0,24.48,1,0,0,2026-06,4
FBJ-0003,2026-06-15,Noche,A,Antena,AP-02,392,-66.0,14,9,64.7,16.2,6.654,3.67,3,0,0,0,0,0,13.85,1,0,0,2026-06,4
FBJ-0004,2026-06-15,Noche,A,Cable,,322,,14,9,64.7,16.2,1.964,0.63,4,0,0,0,0,0,35.0,0,1,0,2026-06,4
FBJ-0005,2026-06-15,Noche,A,Cable,,179,,14,9,64.7,16.2,13.939,2.75,6,0,0,0,0,0,35.0,0,1,0,2026-06,4
FBJ-0011,2026-06-15,Noche,A,Antena,AP-02,440,-67.1,14,9,64.7,16.2,3.312,1.84,4,0,0,0,0,0,16.98,1,0,0,2026-06,4
FBJ-0013,2026-06-15,Noche,A,Antena,AP-02,111,-56.0,14,9,64.7,16.2,6.099,2.44,4,0,0,0,0,0,21.97,1,0,0,2026-06,4
FBJ-0014,2026-06-15,Noche,A,Antena,AP-01,319,-62.5,14,9,64.7,16.2,4.132,1.96,8,0,0,0,0,0,18.78,1,0,0,2026-06,4
FBJ-0018,2026-06-15,Noche,A,Cable,,281,,14,9,64.7,16.2,11.328,2.48,5,0,0,0,0,0,35.0,0,1,0,2026-06,4
FBJ-0019,2026-06-15,Noche,A,Cable,,81,,14,9,64.7,16.2,11.815,2.3,3,0,0,0,0,0,35.0,0,1,0,2026-06,4
FBJ-0020,2026-06-15,Noche,A,Antena,AP-01,244,-60.1,14,9,64.7,16.2,10.449,3.28,4,0,0,0,0,0,21.22,1,0,0,2026-06,4
FBJ-0021,2026-06-15,Noche,A,Cable,,163,,14,9,64.7,16.2,6.511,1.85,1,0,0,0,0,0,31.89,0,0,0,2026-06,4
FBJ-0023,2026-06-15,Noche,A,Antena,AP-01,872,-78.5,14,9,64.7,16.2,3.34,1.79,1,0,0,0,0,0,14.26,1,0,0,2026-06,4
FBJ-0025,2026-06-15,Noche,A,Antena,AP-01,575,-73.2,14,9,64.7,16.2,5.566,3.53,2,0,0,0,0,0,15.66,1,0,0,2026-06,4
FBJ-0026,2026-06-15,Noche,A,Antena,AP-02,283,-64.0,14,9,64.7,16.2,4.758,1.44,7,0,0,0,0,0,28.64,1,0,0,2026-06,4
FBJ-0027,2026-06-15,Noche,A,Cable,,85,,14,9,64.7,16.2,2.955,0.66,2,0,0,0,0,0,34.06,0,0,0,2026-06,4
FBJ-0029,2026-06-15,Noche,A,Cable,,251,,14,9,64.7,16.2,9.907,2.34,5,0,0,0,0,0,34.93,0,1,0,2026-06,4
FBJ-0030,2026-06-15,Noche,A,Antena,AP-02,116,-54.6,14,9,64.7,16.2,10.771,3.18,7,0,0,0,0,0,33.5,1,0,0,2026-06,4
FBJ-0031,2026-06-15,Noche,B,Cable,,202,,21,13,142.0,35.5,8.155,3.17,7,0,0,0,0,0,30.98,0,0,0,2026-06,4
FBJ-0032,2026-06-15,Noche,B,Cable,,302,,21,13,142.0,35.5,3.872,1.28,5,0,0,0,0,0,29.17,0,0,0,2026-06,4
FBJ-0034,2026-06-15,Noche,B,Antena,AP-02,604,-72.2,21,13,142.0,35.5,4.333,2.5,6,0,0,0,0,0,13.47,1,0,0,2026-06,4
FBJ-0035,2026-06-15,Noche,B,Cable,,154,,21,13,142.0,35.5,11.194,2.29,8,0,0,0,0,0,35.0,0,1,0,2026-06,4
FBJ-0036,2026-06-15,Noche,B,Antena,AP-01,831,-77.3,21,13,142.0,35.5,6.471,2.55,8,0,0,0,0,0,16.5,1,0,0,2026-06,4
FBJ-0037,2026-06-15,Noche,B,Cable,,205,,21,13,142.0,35.5,6.619,2.43,2,0,0,0,0,0,27.46,0,0,0,2026-06,4
FBJ-0042,2026-06-15,Noche,B,Antena,AP-01,176,-53.0,21,13,142.0,35.5,4.377,1.76,4,0,0,0,0,0,23.74,1,0,0,2026-06,4
FBJ-0044,2026-06-15,Noche,B,Cable,,86,,21,13,142.0,35.5,7.95,1.75,8,0,0,0,0,0,35.0,0,1,0,2026-06,4
FBJ-0051,2026-06-15,Noche,B,Cable,,42,,21,13,142.0,35.5,10.707,2.42,1,0,0,0,0,0,34.29,0,0,0,2026-06,4
FBJ-0052,2026-06-15,Noche,B,Cable,,288,,21,13,142.0,35.5,6.079,1.28,5,0,0,0,0,0,33.09,0,0,0,2026-06,4
FBJ-0053,2026-06-15,Noche,B,Antena,AP-01,245,-55.9,21,13,142.0,35.5,4.863,1.92,4,0,0,0,0,0,23.46,1,0,0,2026-06,4
FBJ-0054,2026-06-15,Noche,B,Antena,AP-02,302,-59.5,21,13,142.0,35.5,6.87,2.64,8,1,37,0,0,0,18.68,1,0,0,2026-06,4
FBJ-0056,2026-06-15,Noche,B,Antena,AP-02,549,-70.0,21,13,142.0,35.5,8.032,3.55,5,0,0,0,0,0,18.07,1,0,0,2026-06,4
FBJ-0057,2026-06-15,Noche,B,Antena,AP-01,851,-81.4,21,13,142.0,35.5,2.811,1.66,5,1,25,0,0,0,14.9,1,0,0,2026-06,4
FBJ-0058,2026-06-15,Noche,B,Antena,AP-02,308,-59.0,21,13,142.0,35.5,8.486,3.63,8,0,0,0,0,0,20.88,1,0,0,2026-06,4
FBJ-0059,2026-06-15,Noche,B,Cable,,107,,21,13,142.0,35.5,10.335,2.68,8,0,0,0,0,0,32.2,0,0,0,2026-06,4
FBJ-0060,2026-06-15,Noche,B,Cable,,110,,21,13,142.0,35.5,10.302,2.39,3,0,0,0,0,0,28.18,0,0,0,2026-06,4
FBJ-0007,2026-06-16,Madrugada,A,Antena,AP-02,594,-68.6,6,5,50.2,12.5,4.323,1.97,8,0,0,0,0,0,21.16,1,0,1,2026-06,1
FBJ-0051,2026-06-16,Madrugada,B,Cable,,42,,4,3,20.0,5.0,13.346,2.29,5,0,0,0,0,0,35.0,0,1,1,2026-06,1
FBJ-0054,2026-06-16,Madrugada,B,Antena,AP-02,302,-59.5,4,3,20.0,5.0,0.969,0.23,6,0,0,0,0,0,31.43,1,0,1,2026-06,1
FBJ-0001,2026-06-16,Mañana,A,Antena,AP-01,625,-74.5,9,5,54.4,13.6,5.817,1.79,3,0,0,0,0,0,23.12,1,0,1,2026-06,2
FBJ-0004,2026-06-16,Mañana,A,Cable,,322,,9,5,54.4,13.6,1.68,0.45,6,0,0,0,0,0,34.73,0,0,1,2026-06,2
FBJ-0011,2026-06-16,Mañana,A,Antena,AP-02,440,-67.1,9,5,54.4,13.6,2.175,0.83,2,0,0,0,0,0,18.22,1,0,1,2026-06,2
FBJ-0014,2026-06-16,Mañana,A,Antena,AP-01,319,-62.5,9,5,54.4,13.6,7.64,2.61,3,1,12,0,0,0,23.61,1,0,1,2026-06,2
FBJ-0018,2026-06-16,Mañana,A,Cable,,281,,9,5,54.4,13.6,5.508,1.01,4,1,8,0,0,0,34.74,0,0,1,2026-06,2
FBJ-0020,2026-06-16,Mañana,A,Antena,AP-01,244,-60.1,9,5,54.4,13.6,7.216,2.29,2,1,35,0,0,0,28.23,1,0,1,2026-06,2
FBJ-0021,2026-06-16,Mañana,A,Cable,,163,,9,5,54.4,13.6,10.307,2.72,1,0,0,0,0,0,32.87,0,0,1,2026-06,2
FBJ-0022,2026-06-16,Mañana,A,Antena,AP-02,838,-82.4,9,5,54.4,13.6,1.927,1.42,7,0,0,0,0,0,11.2,1,0,1,2026-06,2
FBJ-0024,2026-06-16,Mañana,A,Antena,AP-02,169,-58.3,9,5,54.4,13.6,7.845,2.48,8,0,0,0,0,0,32.95,1,0,1,2026-06,2
FBJ-0030,2026-06-16,Mañana,A,Antena,AP-02,116,-54.6,9,5,54.4,13.6,5.426,1.95,2,0,0,0,0,0,24.93,1,0,1,2026-06,2
FBJ-0031,2026-06-16,Mañana,B,Cable,,202,,12,10,102.7,25.7,2.164,0.85,2,0,0,0,0,0,32.18,0,0,1,2026-06,2
FBJ-0035,2026-06-16,Mañana,B,Cable,,154,,12,10,102.7,25.7,6.795,1.83,8,0,0,0,0,0,35.0,0,1,1,2026-06,2
FBJ-0037,2026-06-16,Mañana,B,Cable,,205,,12,10,102.7,25.7,9.93,2.45,1,0,0,0,0,0,35.0,0,1,1,2026-06,2
FBJ-0040,2026-06-16,Mañana,B,Antena,AP-01,564,-73.1,12,10,102.7,25.7,2.25,1.25,7,0,0,0,0,0,16.81,1,0,1,2026-06,2
FBJ-0042,2026-06-16,Mañana,B,Antena,AP-01,176,-53.0,12,10,102.7,25.7,7.239,2.07,6,0,0,0,0,0,28.58,1,0,1,2026-06,2
FBJ-0043,2026-06-16,Mañana,B,Cable,,318,,12,10,102.7,25.7,1.657,0.55,3,0,0,0,0,0,22.25,0,0,1,2026-06,2
FBJ-0044,2026-06-16,Mañana,B,Cable,,86,,12,10,102.7,25.7,10.815,2.75,5,0,0,0,0,0,34.05,0,0,1,2026-06,2
FBJ-0045,2026-06-16,Mañana,B,Antena,AP-02,848,-81.7,12,10,102.7,25.7,4.882,2.22,1,0,0,0,0,0,21.92,1,0,1,2026-06,2
FBJ-0050,2026-06-16,Mañana,B,Antena,AP-02,277,-61.0,12,10,102.7,25.7,1.882,0.84,5,0,0,0,0,0,21.25,1,0,1,2026-06,2
FBJ-0051,2026-06-16,Mañana,B,Cable,,42,,12,10,102.7,25.7,10.385,1.8,8,0,0,0,0,0,35.0,0,1,1,2026-06,2
FBJ-0060,2026-06-16,Mañana,B,Cable,,110,,12,10,102.7,25.7,13.114,3.7,3,0,0,0,0,0,35.0,0,1,1,2026-06,2
FBJ-0001,2026-06-16,Tarde,A,Antena,AP-01,625,-74.5,8,5,21.8,5.4,1.32,0.82,5,1,39,0,0,0,11.6,1,0,1,2026-06,3
FBJ-0003,2026-06-16,Tarde,A,Antena,AP-02,392,-66.0,8,5,21.8,5.4,5.857,1.45,7,0,0,0,0,0,24.22,1,0,1,2026-06,3
FBJ-0004,2026-06-16,Tarde,A,Cable,,322,,8,5,21.8,5.4,3.578,1.22,2,0,0,0,0,0,29.56,0,0,1,2026-06,3
FBJ-0005,2026-06-16,Tarde,A,Cable,,179,,8,5,21.8,5.4,4.377,1.26,4,2,28,0,0,0,35.0,0,1,1,2026-06,3
FBJ-0009,2026-06-16,Tarde,A,Antena,AP-02,565,-72.0,8,5,21.8,5.4,7.522,3.03,3,0,0,0,0,0,22.17,1,0,1,2026-06,3
FBJ-0010,2026-06-16,Tarde,A,Antena,AP-01,482,-67.3,8,5,21.8,5.4,0.733,0.22,1,0,0,0,0,0,23.45,1,0,1,2026-06,3
FBJ-0014,2026-06-16,Tarde,A,Antena,AP-01,319,-62.5,8,5,21.8,5.4,5.487,1.84,6,0,0,0,0,0,25.74,1,0,1,2026-06,3
FBJ-0021,2026-06-16,Tarde,A,Cable,,163,,8,5,21.8,5.4,8.122,2.37,2,0,0,0,0,0,32.11,0,0,1,2026-06,3
FBJ-0025,2026-06-16,Tarde,A,Antena,AP-01,575,-73.2,8,5,21.8,5.4,4.834,2.9,1,0,0,0,0,0,16.65,1,0,1,2026-06,3
FBJ-0030,2026-06-16,Tarde,A,Antena,AP-02,116,-54.6,8,5,21.8,5.4,3.85,1.2,6,0,0,0,0,0,35.0,1,1,1,2026-06,3
FBJ-0031,2026-06-16,Tarde,B,Cable,,202,,10,5,32.7,8.2,1.709,0.63,8,0,0,0,0,0,34.37,0,0,1,2026-06,3
FBJ-0032,2026-06-16,Tarde,B,Cable,,302,,10,5,32.7,8.2,4.641,1.95,3,1,8,0,0,0,24.49,0,0,1,2026-06,3
FBJ-0033,2026-06-16,Tarde,B,Antena,AP-01,719,-77.6,10,5,32.7,8.2,3.215,1.17,3,0,0,0,0,0,18.62,1,0,1,2026-06,3
FBJ-0034,2026-06-16,Tarde,B,Antena,AP-02,604,-72.2,10,5,32.7,8.2,0.627,0.28,4,1,13,0,0,0,16.77,1,0,1,2026-06,3
FBJ-0035,2026-06-16,Tarde,B,Cable,,154,,10,5,32.7,8.2,5.516,1.34,6,0,0,0,0,0,34.21,0,0,1,2026-06,3
FBJ-0037,2026-06-16,Tarde,B,Cable,,205,,10,5,32.7,8.2,3.458,1.23,5,0,0,0,0,0,29.13,0,0,1,2026-06,3
FBJ-0039,2026-06-16,Tarde,B,Cable,,288,,10,5,32.7,8.2,6.483,1.87,4,0,0,0,0,0,25.58,0,0,1,2026-06,3
FBJ-0046,2026-06-16,Tarde,B,Antena,AP-01,177,-50.9,10,5,32.7,8.2,0.901,0.2,1,0,0,0,0,0,35.0,1,1,1,2026-06,3
FBJ-0048,2026-06-16,Tarde,B,Antena,AP-01,721,-80.9,10,5,32.7,8.2,1.696,0.86,3,0,0,0,0,0,20.34,1,0,1,2026-06,3
FBJ-0051,2026-06-16,Tarde,B,Cable,,42,,10,5,32.7,8.2,12.223,2.8,8,0,0,0,0,0,31.43,0,0,1,2026-06,3
FBJ-0052,2026-06-16,Tarde,B,Cable,,288,,10,5,32.7,8.2,8.007,2.09,6,0,0,0,0,0,31.96,0,0,1,2026-06,3
FBJ-0054,2026-06-16,Tarde,B,Antena,AP-02,302,-59.5,10,5,32.7,8.2,4.07,1.41,8,0,0,0,0,0,28.42,1,0,1,2026-06,3
FBJ-0059,2026-06-16,Tarde,B,Cable,,107,,10,5,32.7,8.2,2.822,0.75,7,0,0,0,0,0,28.95,0,0,1,2026-06,3
FBJ-0060,2026-06-16,Tarde,B,Cable,,110,,10,5,32.7,8.2,2.3,0.61,5,0,0,0,0,0,29.83,0,0,1,2026-06,3
FBJ-0001,2026-06-16,Noche,A,Antena,AP-01,625,-74.5,13,10,76.2,19.1,6.543,2.15,7,0,0,0,0,0,21.75,1,0,1,2026-06,4
FBJ-0007,2026-06-16,Noche,A,Antena,AP-02,594,-68.6,13,10,76.2,19.1,2.87,2.24,4,0,0,0,0,0,13.33,1,0,1,2026-06,4
FBJ-0010,2026-06-16,Noche,A,Antena,AP-01,482,-67.3,13,10,76.2,19.1,6.522,2.86,5,0,0,0,0,0,15.08,1,0,1,2026-06,4
FBJ-0012,2026-06-16,Noche,A,Antena,AP-01,631,-74.1,13,10,76.2,19.1,8.335,3.11,8,0,0,0,0,0,19.57,1,0,1,2026-06,4
FBJ-0013,2026-06-16,Noche,A,Antena,AP-02,111,-56.0,13,10,76.2,19.1,9.342,3.85,4,0,0,0,0,0,26.14,1,0,1,2026-06,4
FBJ-0018,2026-06-16,Noche,A,Cable,,281,,13,10,76.2,19.1,11.372,2.72,8,0,0,0,0,0,35.0,0,1,1,2026-06,4
FBJ-0020,2026-06-16,Noche,A,Antena,AP-01,244,-60.1,13,10,76.2,19.1,5.65,1.6,1,0,0,0,0,0,28.08,1,0,1,2026-06,4
FBJ-0021,2026-06-16,Noche,A,Cable,,163,,13,10,76.2,19.1,11.489,2.96,4,0,0,0,0,0,29.65,0,0,1,2026-06,4
FBJ-0022,2026-06-16,Noche,A,Antena,AP-02,838,-82.4,13,10,76.2,19.1,7.187,2.9,5,0,0,0,0,0,16.4,1,0,1,2026-06,4
FBJ-0024,2026-06-16,Noche,A,Antena,AP-02,169,-58.3,13,10,76.2,19.1,7.212,1.9,1,0,0,0,0,0,29.17,1,0,1,2026-06,4
FBJ-0025,2026-06-16,Noche,A,Antena,AP-01,575,-73.2,13,10,76.2,19.1,2.435,1.82,3,1,16,0,0,0,14.9,1,0,1,2026-06,4
FBJ-0026,2026-06-16,Noche,A,Antena,AP-02,283,-64.0,13,10,76.2,19.1,3.12,1.8,2,0,0,0,0,0,14.42,1,0,1,2026-06,4
FBJ-0027,2026-06-16,Noche,A,Cable,,85,,13,10,76.2,19.1,10.15,2.69,2,0,0,0,0,0,35.0,0,1,1,2026-06,4
FBJ-0029,2026-06-16,Noche,A,Cable,,251,,13,10,76.2,19.1,5.31,1.18,8,0,0,0,0,0,35.0,0,1,1,2026-06,4
FBJ-0031,2026-06-16,Noche,B,Cable,,202,,16,12,87.9,22.0,8.788,3.03,3,0,0,0,0,0,34.29,0,0,1,2026-06,4
FBJ-0032,2026-06-16,Noche,B,Cable,,302,,16,12,87.9,22.0,13.709,3.27,7,2,22,0,0,0,35.0,0,1,1,2026-06,4
FBJ-0035,2026-06-16,Noche,B,Cable,,154,,16,12,87.9,22.0,10.368,2.3,4,0,0,0,0,0,32.15,0,0,1,2026-06,4
FBJ-0039,2026-06-16,Noche,B,Cable,,288,,16,12,87.9,22.0,9.755,2.81,1,0,0,0,0,0,34.12,0,0,1,2026-06,4
FBJ-0040,2026-06-16,Noche,B,Antena,AP-01,564,-73.1,16,12,87.9,22.0,5.368,2.76,7,0,0,0,0,0,15.88,1,0,1,2026-06,4
FBJ-0041,2026-06-16,Noche,B,Antena,AP-02,509,-69.1,16,12,87.9,22.0,3.502,2.08,2,0,0,0,0,0,15.22,1,0,1,2026-06,4
FBJ-0043,2026-06-16,Noche,B,Cable,,318,,16,12,87.9,22.0,5.539,1.99,2,1,12,0,0,0,28.78,0,0,1,2026-06,4
FBJ-0044,2026-06-16,Noche,B,Cable,,86,,16,12,87.9,22.0,8.875,2.53,7,0,0,0,0,0,30.06,0,0,1,2026-06,4
FBJ-0045,2026-06-16,Noche,B,Antena,AP-02,848,-81.7,16,12,87.9,22.0,7.035,3.43,5,0,0,0,0,0,15.93,1,0,1,2026-06,4
FBJ-0046,2026-06-16,Noche,B,Antena,AP-01,177,-50.9,16,12,87.9,22.0,9.746,2.25,6,0,0,0,0,0,30.9,1,0,1,2026-06,4
FBJ-0048,2026-06-16,Noche,B,Antena,AP-01,721,-80.9,16,12,87.9,22.0,5.64,2.76,7,0,0,0,0,0,17.44,1,0,1,2026-06,4
FBJ-0049,2026-06-16,Noche,B,Cable,,350,,16,12,87.9,22.0,7.857,1.92,6,0,0,0,0,0,35.0,0,1,1,2026-06,4
FBJ-0050,2026-06-16,Noche,B,Antena,AP-02,277,-61.0,16,12,87.9,22.0,4.242,2.33,7,1,33,0,0,0,19.12,1,0,1,2026-06,4
FBJ-0051,2026-06-16,Noche,B,Cable,,42,,16,12,87.9,22.0,10.457,1.93,2,0,0,0,0,0,34.22,0,0,1,2026-06,4
FBJ-0053,2026-06-16,Noche,B,Antena,AP-01,245,-55.9,16,12,87.9,22.0,4.718,1.53,8,0,0,0,0,0,23.25,1,0,1,2026-06,4
FBJ-0056,2026-06-16,Noche,B,Antena,AP-02,549,-70.0,16,12,87.9,22.0,4.579,3.03,3,0,0,0,0,0,13.39,1,0,1,2026-06,4
FBJ-0058,2026-06-16,Noche,B,Antena,AP-02,308,-59.0,16,12,87.9,22.0,10.383,3.21,5,0,0,0,0,0,31.91,1,0,1,2026-06,4
FBJ-0060,2026-06-16,Noche,B,Cable,,110,,16,12,87.9,22.0,14.638,2.92,4,0,0,0,0,0,35.0,0,1,1,2026-06,4
FBJ-0021,2026-06-17,Madrugada,A,Cable,,163,,3,3,30.0,7.5,4.938,1.49,8,1,32,0,0,0,35.0,0,1,2,2026-06,1
FBJ-0007,2026-06-17,Mañana,A,Antena,AP-02,594,-68.6,8,5,33.7,8.4,4.524,2.4,6,0,0,0,0,0,19.16,1,0,2,2026-06,2
FBJ-0012,2026-06-17,Mañana,A,Antena,AP-01,631,-74.1,8,5,33.7,8.4,1.836,0.85,7,0,0,0,0,0,20.68,1,0,2,2026-06,2
FBJ-0014,2026-06-17,Mañana,A,Antena,AP-01,319,-62.5,8,5,33.7,8.4,4.05,1.59,4,0,0,0,0,0,23.46,1,0,2,2026-06,2
FBJ-0022,2026-06-17,Mañana,A,Antena,AP-02,838,-82.4,8,5,33.7,8.4,6.25,3.09,8,0,0,0,0,0,14.22,1,0,2,2026-06,2
FBJ-0029,2026-06-17,Mañana,A,Cable,,251,,8,5,33.7,8.4,8.263,1.87,5,0,0,0,0,0,35.0,0,1,2,2026-06,2
FBJ-0031,2026-06-17,Mañana,B,Cable,,202,,10,10,63.4,15.9,8.007,2.02,2,0,0,0,0,0,32.24,0,0,2,2026-06,2
FBJ-0033,2026-06-17,Mañana,B,Antena,AP-01,719,-77.6,10,10,63.4,15.9,7.473,1.76,8,0,0,0,0,0,26.28,1,0,2,2026-06,2
FBJ-0045,2026-06-17,Mañana,B,Antena,AP-02,848,-81.7,10,10,63.4,15.9,3.748,1.52,6,0,0,0,0,0,15.59,1,0,2,2026-06,2
FBJ-0047,2026-06-17,Mañana,B,Antena,AP-02,453,-71.2,10,10,63.4,15.9,0.402,0.2,6,0,0,0,0,0,18.46,1,0,2,2026-06,2
FBJ-0050,2026-06-17,Mañana,B,Antena,AP-02,277,-61.0,10,10,63.4,15.9,7.808,2.26,4,0,0,0,0,0,25.49,1,0,2,2026-06,2
FBJ-0054,2026-06-17,Mañana,B,Antena,AP-02,302,-59.5,10,10,63.4,15.9,4.348,1.66,5,0,0,0,0,0,24.2,1,0,2,2026-06,2
FBJ-0057,2026-06-17,Mañana,B,Antena,AP-01,851,-81.4,10,10,63.4,15.9,4.211,2.18,6,1,23,0,0,0,13.61,1,0,2,2026-06,2
FBJ-0059,2026-06-17,Mañana,B,Cable,,107,,10,10,63.4,15.9,9.392,2.51,8,0,0,0,0,0,34.82,0,0,2,2026-06,2
FBJ-0001,2026-06-17,Tarde,A,Antena,AP-01,625,-74.5,12,9,101.0,25.3,0.815,0.52,8,0,0,0,0,0,15.56,1,0,2,2026-06,3
FBJ-0003,2026-06-17,Tarde,A,Antena,AP-02,392,-66.0,12,9,101.0,25.3,1.562,0.62,6,1,37,0,0,0,24.88,1,0,2,2026-06,3
FBJ-0005,2026-06-17,Tarde,A,Cable,,179,,12,9,101.0,25.3,1.15,0.36,8,0,0,0,0,0,32.9,0,0,2,2026-06,3
FBJ-0009,2026-06-17,Tarde,A,Antena,AP-02,565,-72.0,12,9,101.0,25.3,4.186,1.05,5,0,0,0,0,0,27.73,1,0,2,2026-06,3
FBJ-0011,2026-06-17,Tarde,A,Antena,AP-02,440,-67.1,12,9,101.0,25.3,2.514,1.24,5,1,14,0,0,0,19.55,1,0,2,2026-06,3
FBJ-0012,2026-06-17,Tarde,A,Antena,AP-01,631,-74.1,12,9,101.0,25.3,2.146,1.46,4,0,0,0,0,0,14.07,1,0,2,2026-06,3
FBJ-0013,2026-06-17,Tarde,A,Antena,AP-02,111,-56.0,12,9,101.0,25.3,4.06,1.09,3,0,0,0,0,0,31.96,1,0,2,2026-06,3
FBJ-0014,2026-06-17,Tarde,A,Antena,AP-01,319,-62.5,12,9,101.0,25.3,2.859,1.22,7,0,0,0,0,0,14.96,1,0,2,2026-06,3
FBJ-0018,2026-06-17,Tarde,A,Cable,,281,,12,9,101.0,25.3,9.894,2.66,8,0,0,0,0,0,35.0,0,1,2,2026-06,3
FBJ-0021,2026-06-17,Tarde,A,Cable,,163,,12,9,101.0,25.3,6.552,1.82,2,0,0,0,0,0,35.0,0,1,2,2026-06,3
FBJ-0025,2026-06-17,Tarde,A,Antena,AP-01,575,-73.2,12,9,101.0,25.3,2.316,1.66,6,0,0,0,0,0,14.58,1,0,2,2026-06,3
FBJ-0029,2026-06-17,Tarde,A,Cable,,251,,12,9,101.0,25.3,11.32,2.4,7,0,0,0,0,0,35.0,0,1,2,2026-06,3
FBJ-0031,2026-06-17,Tarde,B,Cable,,202,,13,7,43.5,10.9,3.024,1.4,3,0,0,0,0,0,22.83,0,0,2,2026-06,3
FBJ-0032,2026-06-17,Tarde,B,Cable,,302,,13,7,43.5,10.9,6.345,1.44,4,1,34,0,0,0,35.0,0,1,2,2026-06,3
FBJ-0033,2026-06-17,Tarde,B,Antena,AP-01,719,-77.6,13,7,43.5,10.9,3.511,1.47,6,0,0,0,0,0,17.77,1,0,2,2026-06,3
FBJ-0034,2026-06-17,Tarde,B,Antena,AP-02,604,-72.2,13,7,43.5,10.9,1.028,0.59,4,0,0,0,0,0,18.03,1,0,2,2026-06,3
FBJ-0035,2026-06-17,Tarde,B,Cable,,154,,13,7,43.5,10.9,3.821,1.15,2,0,0,0,0,0,27.14,0,0,2,2026-06,3
FBJ-0037,2026-06-17,Tarde,B,Cable,,205,,13,7,43.5,10.9,2.367,0.77,5,0,0,0,0,0,30.59,0,0,2,2026-06,3
FBJ-0039,2026-06-17,Tarde,B,Cable,,288,,13,7,43.5,10.9,6.416,1.29,1,0,0,0,0,0,33.38,0,0,2,2026-06,3
FBJ-0042,2026-06-17,Tarde,B,Antena,AP-01,176,-53.0,13,7,43.5,10.9,8.903,2.43,6,0,0,0,0,0,34.53,1,0,2,2026-06,3
FBJ-0044,2026-06-17,Tarde,B,Cable,,86,,13,7,43.5,10.9,3.3,1.0,6,1,19,0,0,0,31.18,0,0,2,2026-06,3
FBJ-0046,2026-06-17,Tarde,B,Antena,AP-01,177,-50.9,13,7,43.5,10.9,7.294,1.66,1,0,0,0,0,0,26.19,1,0,2,2026-06,3
FBJ-0047,2026-06-17,Tarde,B,Antena,AP-02,453,-71.2,13,7,43.5,10.9,0.374,0.2,3,0,0,0,0,0,16.22,1,0,2,2026-06,3
FBJ-0048,2026-06-17,Tarde,B,Antena,AP-01,721,-80.9,13,7,43.5,10.9,1.158,0.61,6,3,60,0,0,0,18.55,1,0,2,2026-06,3
FBJ-0053,2026-06-17,Tarde,B,Antena,AP-01,245,-55.9,13,7,43.5,10.9,8.496,2.88,8,0,0,0,0,0,25.45,1,0,2,2026-06,3
FBJ-0057,2026-06-17,Tarde,B,Antena,AP-01,851,-81.4,13,7,43.5,10.9,3.311,1.74,2,0,0,0,0,0,18.95,1,0,2,2026-06,3
FBJ-0058,2026-06-17,Tarde,B,Antena,AP-02,308,-59.0,13,7,43.5,10.9,4.864,2.17,8,0,0,0,0,0,19.63,1,0,2,2026-06,3
FBJ-0001,2026-06-17,Noche,A,Antena,AP-01,625,-74.5,18,13,108.4,27.1,5.716,2.74,7,0,0,0,0,0,16.49,1,0,2,2026-06,4
FBJ-0005,2026-06-17,Noche,A,Cable,,179,,18,13,108.4,27.1,11.638,2.32,6,0,0,0,0,0,33.61,0,0,2,2026-06,4
FBJ-0007,2026-06-17,Noche,A,Antena,AP-02,594,-68.6,18,13,108.4,27.1,8.786,3.68,2,0,0,0,0,0,20.98,1,0,2,2026-06,4
FBJ-0009,2026-06-17,Noche,A,Antena,AP-02,565,-72.0,18,13,108.4,27.1,3.235,1.82,1,0,0,0,0,0,18.88,1,0,2,2026-06,4
FBJ-0010,2026-06-17,Noche,A,Antena,AP-01,482,-67.3,18,13,108.4,27.1,5.415,3.44,8,0,0,0,0,0,11.74,1,0,2,2026-06,4
FBJ-0012,2026-06-17,Noche,A,Antena,AP-01,631,-74.1,18,13,108.4,27.1,1.475,0.73,1,0,0,0,0,0,16.74,1,0,2,2026-06,4
FBJ-0013,2026-06-17,Noche,A,Antena,AP-02,111,-56.0,18,13,108.4,27.1,7.408,2.98,1,0,0,0,0,0,23.71,1,0,2,2026-06,4
FBJ-0018,2026-06-17,Noche,A,Cable,,281,,18,13,108.4,27.1,5.681,1.81,4,0,0,0,0,0,32.01,0,0,2,2026-06,4
FBJ-0021,2026-06-17,Noche,A,Cable,,163,,18,13,108.4,27.1,5.512,3.03,3,0,0,0,0,0,19.58,0,0,2,2026-06,4
FBJ-0022,2026-06-17,Noche,A,Antena,AP-02,838,-82.4,18,13,108.4,27.1,10.174,3.84,2,0,0,0,0,0,16.33,1,0,2,2026-06,4
FBJ-0025,2026-06-17,Noche,A,Antena,AP-01,575,-73.2,18,13,108.4,27.1,2.214,1.4,2,0,0,0,0,0,12.58,1,0,2,2026-06,4
FBJ-0026,2026-06-17,Noche,A,Antena,AP-02,283,-64.0,18,13,108.4,27.1,4.399,2.95,7,0,0,0,0,0,15.31,1,0,2,2026-06,4
FBJ-0027,2026-06-17,Noche,A,Cable,,85,,18,13,108.4,27.1,13.331,2.79,2,0,0,0,0,0,30.8,0,0,2,2026-06,4
FBJ-0029,2026-06-17,Noche,A,Cable,,251,,18,13,108.4,27.1,6.441,1.9,6,0,0,0,0,0,35.0,0,1,2,2026-06,4
FBJ-0031,2026-06-17,Noche,B,Cable,,202,,13,7,33.5,8.4,5.12,1.12,7,0,0,0,0,0,35.0,0,1,2,2026-06,4
FBJ-0032,2026-06-17,Noche,B,Cable,,302,,13,7,33.5,8.4,11.871,2.56,1,0,0,0,0,0,35.0,0,1,2,2026-06,4
FBJ-0033,2026-06-17,Noche,B,Antena,AP-01,719,-77.6,13,7,33.5,8.4,5.338,2.32,1,1,33,0,0,0,19.64,1,0,2,2026-06,4
FBJ-0034,2026-06-17,Noche,B,Antena,AP-02,604,-72.2,13,7,33.5,8.4,7.72,3.75,4,0,0,0,0,0,18.73,1,0,2,2026-06,4
FBJ-0036,2026-06-17,Noche,B,Antena,AP-01,831,-77.3,13,7,33.5,8.4,3.519,2.14,1,0,0,0,0,0,15.45,1,0,2,2026-06,4
FBJ-0039,2026-06-17,Noche,B,Cable,,288,,13,7,33.5,8.4,5.303,1.81,5,0,0,0,0,0,29.05,0,0,2,2026-06,4
FBJ-0041,2026-06-17,Noche,B,Antena,AP-02,509,-69.1,13,7,33.5,8.4,10.831,2.82,3,0,0,0,0,0,25.21,1,0,2,2026-06,4
FBJ-0042,2026-06-17,Noche,B,Antena,AP-01,176,-53.0,13,7,33.5,8.4,5.207,1.95,2,0,0,0,0,0,26.99,1,0,2,2026-06,4
FBJ-0043,2026-06-17,Noche,B,Cable,,318,,13,7,33.5,8.4,21.183,4.04,7,0,0,0,0,0,35.0,0,1,2,2026-06,4
FBJ-0044,2026-06-17,Noche,B,Cable,,86,,13,7,33.5,8.4,7.089,1.82,1,0,0,0,0,0,35.0,0,1,2,2026-06,4
FBJ-0045,2026-06-17,Noche,B,Antena,AP-02,848,-81.7,13,7,33.5,8.4,8.217,2.65,1,1,14,0,0,0,18.9,1,0,2,2026-06,4
FBJ-0047,2026-06-17,Noche,B,Antena,AP-02,453,-71.2,13,7,33.5,8.4,4.255,2.14,2,0,0,0,0,0,20.64,1,0,2,2026-06,4
FBJ-0048,2026-06-17,Noche,B,Antena,AP-01,721,-80.9,13,7,33.5,8.4,8.112,3.29,8,0,0,0,0,0,19.47,1,0,2,2026-06,4
FBJ-0049,2026-06-17,Noche,B,Cable,,350,,13,7,33.5,8.4,7.202,1.69,6,0,0,0,0,0,35.0,0,1,2,2026-06,4
FBJ-0050,2026-06-17,Noche,B,Antena,AP-02,277,-61.0,13,7,33.5,8.4,10.966,2.99,1,0,0,0,0,0,28.16,1,0,2,2026-06,4
FBJ-0051,2026-06-17,Noche,B,Cable,,42,,13,7,33.5,8.4,9.546,2.17,5,1,24,0,0,0,34.69,0,0,2,2026-06,4
FBJ-0052,2026-06-17,Noche,B,Cable,,288,,13,7,33.5,8.4,5.919,1.76,3,0,0,0,0,0,35.0,0,1,2,2026-06,4
FBJ-0053,2026-06-17,Noche,B,Antena,AP-01,245,-55.9,13,7,33.5,8.4,12.838,3.56,7,0,0,0,0,0,30.44,1,0,2,2026-06,4
FBJ-0054,2026-06-17,Noche,B,Antena,AP-02,302,-59.5,13,7,33.5,8.4,10.467,3.34,5,1,30,0,0,0,28.99,1,0,2,2026-06,4
FBJ-0056,2026-06-17,Noche,B,Antena,AP-02,549,-70.0,13,7,33.5,8.4,8.656,3.83,6,1,23,0,0,0,18.79,1,0,2,2026-06,4
FBJ-0057,2026-06-17,Noche,B,Antena,AP-01,851,-81.4,13,7,33.5,8.4,5.635,2.31,1,0,0,0,0,0,20.98,1,0,2,2026-06,4
FBJ-0059,2026-06-17,Noche,B,Cable,,107,,13,7,33.5,8.4,13.325,2.8,1,0,0,0,0,0,35.0,0,1,2,2026-06,4
FBJ-0007,2026-06-18,Madrugada,A,Antena,AP-02,594,-68.6,4,3,30.2,7.6,0.511,0.2,1,1,39,0,0,0,19.51,1,0,3,2026-06,1
FBJ-0014,2026-06-18,Madrugada,A,Antena,AP-01,319,-62.5,4,3,30.2,7.6,1.518,0.53,4,0,0,0,0,0,22.4,1,0,3,2026-06,1
FBJ-0022,2026-06-18,Madrugada,A,Antena,AP-02,838,-82.4,4,3,30.2,7.6,8.284,2.57,1,0,0,0,0,0,20.04,1,0,3,2026-06,1
FBJ-0023,2026-06-18,Madrugada,A,Antena,AP-01,872,-78.5,4,3,30.2,7.6,4.521,2.74,7,1,17,0,0,0,20.0,1,0,3,2026-06,1
FBJ-0024,2026-06-18,Madrugada,A,Antena,AP-02,169,-58.3,4,3,30.2,7.6,2.557,1.22,7,0,0,0,0,0,20.97,1,0,3,2026-06,1
FBJ-0029,2026-06-18,Madrugada,A,Cable,,251,,4,3,30.2,7.6,1.528,0.57,7,0,0,0,0,0,30.02,0,0,3,2026-06,1
FBJ-0039,2026-06-18,Madrugada,B,Cable,,288,,3,1,3.0,0.8,9.872,1.84,6,0,0,0,0,0,35.0,0,1,3,2026-06,1
FBJ-0050,2026-06-18,Madrugada,B,Antena,AP-02,277,-61.0,3,1,3.0,0.8,1.0,0.45,2,0,0,0,0,0,19.53,1,0,3,2026-06,1
FBJ-0003,2026-06-18,Mañana,A,Antena,AP-02,392,-66.0,14,9,171.9,43.0,5.541,2.21,8,0,0,0,0,0,18.31,1,0,3,2026-06,2
FBJ-0005,2026-06-18,Mañana,A,Cable,,179,,14,9,171.9,43.0,7.526,1.79,2,0,0,0,0,0,35.0,0,1,3,2026-06,2
FBJ-0007,2026-06-18,Mañana,A,Antena,AP-02,594,-68.6,14,9,171.9,43.0,4.671,1.73,1,0,0,0,0,0,19.12,1,0,3,2026-06,2
FBJ-0013,2026-06-18,Mañana,A,Antena,AP-02,111,-56.0,14,9,171.9,43.0,6.332,2.06,7,0,0,0,0,0,35.0,1,1,3,2026-06,2
FBJ-0015,2026-06-18,Mañana,A,Antena,AP-02,894,-83.5,14,9,171.9,43.0,4.372,2.13,6,0,0,0,0,0,16.9,1,0,3,2026-06,2
FBJ-0020,2026-06-18,Mañana,A,Antena,AP-01,244,-60.1,14,9,171.9,43.0,4.361,1.08,4,0,0,0,0,0,25.67,1,0,3,2026-06,2
FBJ-0023,2026-06-18,Mañana,A,Antena,AP-01,872,-78.5,14,9,171.9,43.0,3.258,1.56,2,2,66,0,0,0,17.13,1,0,3,2026-06,2
FBJ-0025,2026-06-18,Mañana,A,Antena,AP-01,575,-73.2,14,9,171.9,43.0,3.832,2.13,8,0,0,0,0,0,13.91,1,0,3,2026-06,2
FBJ-0027,2026-06-18,Mañana,A,Cable,,85,,14,9,171.9,43.0,6.014,2.16,7,1,34,0,0,0,27.12,0,0,3,2026-06,2
FBJ-0029,2026-06-18,Mañana,A,Cable,,251,,14,9,171.9,43.0,5.129,1.04,5,1,30,0,0,0,35.0,0,1,3,2026-06,2
FBJ-0031,2026-06-18,Mañana,B,Cable,,202,,10,7,65.0,16.3,5.485,1.34,6,0,0,0,0,0,33.32,0,0,3,2026-06,2
FBJ-0035,2026-06-18,Mañana,B,Cable,,154,,10,7,65.0,16.3,8.82,2.17,1,0,0,0,0,0,35.0,0,1,3,2026-06,2
FBJ-0037,2026-06-18,Mañana,B,Cable,,205,,10,7,65.0,16.3,4.213,1.42,4,0,0,0,0,0,35.0,0,1,3,2026-06,2
FBJ-0043,2026-06-18,Mañana,B,Cable,,318,,10,7,65.0,16.3,7.453,1.76,4,0,0,0,0,0,30.78,0,0,3,2026-06,2
FBJ-0046,2026-06-18,Mañana,B,Antena,AP-01,177,-50.9,10,7,65.0,16.3,13.458,2.9,1,0,0,0,0,0,29.29,1,0,3,2026-06,2
FBJ-0052,2026-06-18,Mañana,B,Cable,,288,,10,7,65.0,16.3,7.423,2.01,2,2,40,0,0,0,35.0,0,1,3,2026-06,2
FBJ-0053,2026-06-18,Mañana,B,Antena,AP-01,245,-55.9,10,7,65.0,16.3,4.724,1.73,6,0,0,0,0,0,24.88,1,0,3,2026-06,2
FBJ-0054,2026-06-18,Mañana,B,Antena,AP-02,302,-59.5,10,7,65.0,16.3,2.956,1.02,6,0,0,0,0,0,24.45,1,0,3,2026-06,2
FBJ-0003,2026-06-18,Tarde,A,Antena,AP-02,392,-66.0,8,7,32.6,8.1,2.944,1.03,3,0,0,0,0,0,21.72,1,0,3,2026-06,3
FBJ-0005,2026-06-18,Tarde,A,Cable,,179,,8,7,32.6,8.1,4.628,1.23,6,0,0,0,0,0,35.0,0,1,3,2026-06,3
FBJ-0007,2026-06-18,Tarde,A,Antena,AP-02,594,-68.6,8,7,32.6,8.1,3.663,1.7,4,0,0,0,0,0,18.62,1,0,3,2026-06,3
FBJ-0009,2026-06-18,Tarde,A,Antena,AP-02,565,-72.0,8,7,32.6,8.1,1.673,0.7,8,0,0,0,0,0,22.16,1,0,3,2026-06,3
FBJ-0011,2026-06-18,Tarde,A,Antena,AP-02,440,-67.1,8,7,32.6,8.1,6.451,2.65,6,0,0,0,0,0,24.0,1,0,3,2026-06,3
FBJ-0012,2026-06-18,Tarde,A,Antena,AP-01,631,-74.1,8,7,32.6,8.1,2.813,1.32,2,0,0,0,0,0,17.53,1,0,3,2026-06,3
FBJ-0013,2026-06-18,Tarde,A,Antena,AP-02,111,-56.0,8,7,32.6,8.1,6.31,1.67,8,0,0,0,0,0,32.43,1,0,3,2026-06,3
FBJ-0014,2026-06-18,Tarde,A,Antena,AP-01,319,-62.5,8,7,32.6,8.1,2.39,1.09,2,0,0,0,0,0,21.49,1,0,3,2026-06,3
FBJ-0018,2026-06-18,Tarde,A,Cable,,281,,8,7,32.6,8.1,6.731,1.42,8,0,0,0,0,0,32.74,0,0,3,2026-06,3
FBJ-0023,2026-06-18,Tarde,A,Antena,AP-01,872,-78.5,8,7,32.6,8.1,0.745,0.43,8,0,0,0,0,0,16.95,1,0,3,2026-06,3
FBJ-0025,2026-06-18,Tarde,A,Antena,AP-01,575,-73.2,8,7,32.6,8.1,1.395,0.87,5,0,0,0,0,0,14.77,1,0,3,2026-06,3
FBJ-0027,2026-06-18,Tarde,A,Cable,,85,,8,7,32.6,8.1,5.402,1.48,8,1,11,0,0,0,29.6,0,0,3,2026-06,3
FBJ-0032,2026-06-18,Tarde,B,Cable,,302,,11,9,81.8,20.5,5.386,1.92,1,0,0,0,0,0,29.03,0,0,3,2026-06,3
FBJ-0034,2026-06-18,Tarde,B,Antena,AP-02,604,-72.2,11,9,81.8,20.5,4.56,2.11,6,0,0,0,0,0,14.36,1,0,3,2026-06,3
FBJ-0035,2026-06-18,Tarde,B,Cable,,154,,11,9,81.8,20.5,6.964,1.51,5,0,0,0,0,0,35.0,0,1,3,2026-06,3
FBJ-0036,2026-06-18,Tarde,B,Antena,AP-01,831,-77.3,11,9,81.8,20.5,4.769,1.56,7,0,0,0,0,0,24.25,1,0,3,2026-06,3
FBJ-0043,2026-06-18,Tarde,B,Cable,,318,,11,9,81.8,20.5,4.503,1.16,1,0,0,0,0,0,27.58,0,0,3,2026-06,3
FBJ-0045,2026-06-18,Tarde,B,Antena,AP-02,848,-81.7,11,9,81.8,20.5,4.143,1.74,6,2,76,0,0,0,16.84,1,0,3,2026-06,3
FBJ-0047,2026-06-18,Tarde,B,Antena,AP-02,453,-71.2,11,9,81.8,20.5,4.109,2.17,6,0,0,0,0,0,14.84,1,0,3,2026-06,3
FBJ-0048,2026-06-18,Tarde,B,Antena,AP-01,721,-80.9,11,9,81.8,20.5,2.476,1.27,1,1,35,0,0,0,19.53,1,0,3,2026-06,3
FBJ-0049,2026-06-18,Tarde,B,Cable,,350,,11,9,81.8,20.5,1.578,0.35,8,0,0,0,0,0,35.0,0,1,3,2026-06,3
FBJ-0052,2026-06-18,Tarde,B,Cable,,288,,11,9,81.8,20.5,6.457,1.46,8,0,0,0,0,0,35.0,0,1,3,2026-06,3
FBJ-0054,2026-06-18,Tarde,B,Antena,AP-02,302,-59.5,11,9,81.8,20.5,7.807,2.77,3,0,0,0,0,0,29.7,1,0,3,2026-06,3
FBJ-0001,2026-06-18,Noche,A,Antena,AP-01,625,-74.5,14,12,83.2,20.8,3.876,1.36,7,0,0,0,0,0,19.66,1,0,3,2026-06,4
FBJ-0003,2026-06-18,Noche,A,Antena,AP-02,392,-66.0,14,12,83.2,20.8,8.381,2.87,2,0,0,0,0,0,19.22,1,0,3,2026-06,4
FBJ-0004,2026-06-18,Noche,A,Cable,,322,,14,12,83.2,20.8,7.846,2.81,7,0,0,0,0,0,29.56,0,0,3,2026-06,4
FBJ-0005,2026-06-18,Noche,A,Cable,,179,,14,12,83.2,20.8,9.85,2.09,7,0,0,0,0,0,35.0,0,1,3,2026-06,4
FBJ-0009,2026-06-18,Noche,A,Antena,AP-02,565,-72.0,14,12,83.2,20.8,3.19,2.79,1,0,0,0,0,0,12.34,1,0,3,2026-06,4
FBJ-0010,2026-06-18,Noche,A,Antena,AP-01,482,-67.3,14,12,83.2,20.8,2.641,1.23,2,0,0,0,0,0,14.44,1,0,3,2026-06,4
FBJ-0011,2026-06-18,Noche,A,Antena,AP-02,440,-67.1,14,12,83.2,20.8,4.517,2.37,1,0,0,0,0,0,16.49,1,0,3,2026-06,4
FBJ-0012,2026-06-18,Noche,A,Antena,AP-01,631,-74.1,14,12,83.2,20.8,4.507,2.17,6,0,0,0,0,0,19.71,1,0,3,2026-06,4
FBJ-0013,2026-06-18,Noche,A,Antena,AP-02,111,-56.0,14,12,83.2,20.8,10.355,3.47,8,0,0,0,0,0,25.42,1,0,3,2026-06,4
FBJ-0015,2026-06-18,Noche,A,Antena,AP-02,894,-83.5,14,12,83.2,20.8,3.083,1.91,1,0,0,0,0,0,16.9,1,0,3,2026-06,4
FBJ-0019,2026-06-18,Noche,A,Cable,,81,,14,12,83.2,20.8,8.535,1.97,2,0,0,0,0,0,35.0,0,1,3,2026-06,4
FBJ-0021,2026-06-18,Noche,A,Cable,,163,,14,12,83.2,20.8,8.064,1.9,3,0,0,0,0,0,31.58,0,0,3,2026-06,4
FBJ-0022,2026-06-18,Noche,A,Antena,AP-02,838,-82.4,14,12,83.2,20.8,7.441,3.32,1,1,39,0,0,0,15.05,1,0,3,2026-06,4
FBJ-0023,2026-06-18,Noche,A,Antena,AP-01,872,-78.5,14,12,83.2,20.8,3.624,1.87,5,0,0,0,0,0,17.59,1,0,3,2026-06,4
FBJ-0024,2026-06-18,Noche,A,Antena,AP-02,169,-58.3,14,12,83.2,20.8,7.417,3.5,7,0,0,0,0,0,18.49,1,0,3,2026-06,4
FBJ-0026,2026-06-18,Noche,A,Antena,AP-02,283,-64.0,14,12,83.2,20.8,6.632,3.88,8,0,0,0,0,0,15.26,1,0,3,2026-06,4
FBJ-0027,2026-06-18,Noche,A,Cable,,85,,14,12,83.2,20.8,6.656,2.15,1,0,0,0,0,0,27.17,0,0,3,2026-06,4
FBJ-0031,2026-06-18,Noche,B,Cable,,202,,16,12,127.0,31.8,10.672,3.54,3,0,0,0,0,0,35.0,0,1,3,2026-06,4
FBJ-0032,2026-06-18,Noche,B,Cable,,302,,16,12,127.0,31.8,7.044,1.65,4,0,0,0,0,0,31.58,0,0,3,2026-06,4
FBJ-0034,2026-06-18,Noche,B,Antena,AP-02,604,-72.2,16,12,127.0,31.8,4.762,2.21,2,0,0,0,0,0,14.71,1,0,3,2026-06,4
FBJ-0035,2026-06-18,Noche,B,Cable,,154,,16,12,127.0,31.8,5.083,1.3,5,0,0,0,0,0,29.96,0,0,3,2026-06,4
FBJ-0036,2026-06-18,Noche,B,Antena,AP-01,831,-77.3,16,12,127.0,31.8,3.887,1.68,7,0,0,0,0,0,18.63,1,0,3,2026-06,4
FBJ-0037,2026-06-18,Noche,B,Cable,,205,,16,12,127.0,31.8,5.368,2.45,2,0,0,0,0,0,25.79,0,0,3,2026-06,4
FBJ-0040,2026-06-18,Noche,B,Antena,AP-01,564,-73.1,16,12,127.0,31.8,4.159,2.11,1,0,0,0,0,0,14.84,1,0,3,2026-06,4
FBJ-0042,2026-06-18,Noche,B,Antena,AP-01,176,-53.0,16,12,127.0,31.8,2.821,0.91,1,1,17,0,0,0,28.6,1,0,3,2026-06,4
FBJ-0044,2026-06-18,Noche,B,Cable,,86,,16,12,127.0,31.8,12.186,2.95,7,0,0,0,0,0,31.26,0,0,3,2026-06,4
FBJ-0045,2026-06-18,Noche,B,Antena,AP-02,848,-81.7,16,12,127.0,31.8,5.867,2.38,1,0,0,0,0,0,21.72,1,0,3,2026-06,4
FBJ-0046,2026-06-18,Noche,B,Antena,AP-01,177,-50.9,16,12,127.0,31.8,2.637,0.61,3,0,0,0,0,0,33.06,1,0,3,2026-06,4
FBJ-0047,2026-06-18,Noche,B,Antena,AP-02,453,-71.2,16,12,127.0,31.8,6.408,2.81,8,1,18,0,0,0,18.1,1,0,3,2026-06,4
FBJ-0048,2026-06-18,Noche,B,Antena,AP-01,721,-80.9,16,12,127.0,31.8,6.18,2.31,8,1,8,0,0,0,20.36,1,0,3,2026-06,4
FBJ-0049,2026-06-18,Noche,B,Cable,,350,,16,12,127.0,31.8,6.399,1.95,4,0,0,0,0,0,26.21,0,0,3,2026-06,4
FBJ-0050,2026-06-18,Noche,B,Antena,AP-02,277,-61.0,16,12,127.0,31.8,7.901,2.13,5,0,0,0,0,0,27.0,1,0,3,2026-06,4
FBJ-0052,2026-06-18,Noche,B,Cable,,288,,16,12,127.0,31.8,6.214,1.84,3,0,0,0,0,0,30.49,0,0,3,2026-06,4
FBJ-0053,2026-06-18,Noche,B,Antena,AP-01,245,-55.9,16,12,127.0,31.8,9.675,3.13,7,0,0,0,0,0,22.86,1,0,3,2026-06,4
FBJ-0054,2026-06-18,Noche,B,Antena,AP-02,302,-59.5,16,12,127.0,31.8,6.653,2.78,8,0,0,0,0,0,22.05,1,0,3,2026-06,4
FBJ-0057,2026-06-18,Noche,B,Antena,AP-01,851,-81.4,16,12,127.0,31.8,6.243,3.07,5,0,0,0,0,0,18.21,1,0,3,2026-06,4
FBJ-0059,2026-06-18,Noche,B,Cable,,107,,16,12,127.0,31.8,6.555,1.7,2,0,0,0,0,0,31.67,0,0,3,2026-06,4
FBJ-0058,2026-06-19,Madrugada,B,Antena,AP-02,308,-59.0,3,3,12.7,3.2,3.672,1.61,2,0,0,0,0,0,19.83,1,0,4,2026-06,1
FBJ-0060,2026-06-19,Madrugada,B,Cable,,110,,3,3,12.7,3.2,4.17,1.04,5,0,0,0,0,0,32.27,0,0,4,2026-06,1
FBJ-0001,2026-06-19,Mañana,A,Antena,AP-01,625,-74.5,7,4,16.7,4.2,4.074,1.88,8,0,0,0,0,0,18.95,1,0,4,2026-06,2
FBJ-0018,2026-06-19,Mañana,A,Cable,,281,,7,4,16.7,4.2,4.056,1.15,8,1,9,0,0,0,30.58,0,0,4,2026-06,2
FBJ-0019,2026-06-19,Mañana,A,Cable,,81,,7,4,16.7,4.2,4.163,1.42,4,0,0,0,0,0,31.24,0,0,4,2026-06,2
FBJ-0020,2026-06-19,Mañana,A,Antena,AP-01,244,-60.1,7,4,16.7,4.2,4.829,1.93,2,0,0,0,0,0,24.52,1,0,4,2026-06,2
FBJ-0022,2026-06-19,Mañana,A,Antena,AP-02,838,-82.4,7,4,16.7,4.2,4.215,1.59,6,1,34,0,0,0,18.44,1,0,4,2026-06,2
FBJ-0023,2026-06-19,Mañana,A,Antena,AP-01,872,-78.5,7,4,16.7,4.2,7.163,2.82,5,3,15,0,0,0,23.01,1,0,4,2026-06,2
FBJ-0031,2026-06-19,Mañana,B,Cable,,202,,13,11,123.6,30.9,10.407,2.68,5,1,9,0,0,0,35.0,0,1,4,2026-06,2
FBJ-0036,2026-06-19,Mañana,B,Antena,AP-01,831,-77.3,13,11,123.6,30.9,2.818,1.81,1,0,0,0,0,0,12.79,1,0,4,2026-06,2
FBJ-0037,2026-06-19,Mañana,B,Cable,,205,,13,11,123.6,30.9,6.922,1.96,4,0,0,0,0,0,35.0,0,1,4,2026-06,2
FBJ-0040,2026-06-19,Mañana,B,Antena,AP-01,564,-73.1,13,11,123.6,30.9,4.167,1.92,5,0,0,0,0,0,15.64,1,0,4,2026-06,2
FBJ-0044,2026-06-19,Mañana,B,Cable,,86,,13,11,123.6,30.9,1.458,0.49,5,1,29,0,0,0,29.42,0,0,4,2026-06,2
FBJ-0047,2026-06-19,Mañana,B,Antena,AP-02,453,-71.2,13,11,123.6,30.9,1.007,0.49,1,0,0,0,0,0,15.33,1,0,4,2026-06,2
FBJ-0051,2026-06-19,Mañana,B,Cable,,42,,13,11,123.6,30.9,1.971,0.46,4,1,9,0,0,0,35.0,0,1,4,2026-06,2
FBJ-0052,2026-06-19,Mañana,B,Cable,,288,,13,11,123.6,30.9,5.193,1.43,2,0,0,0,0,0,35.0,0,1,4,2026-06,2
FBJ-0054,2026-06-19,Mañana,B,Antena,AP-02,302,-59.5,13,11,123.6,30.9,1.435,0.32,5,1,24,0,0,0,30.56,1,0,4,2026-06,2
FBJ-0057,2026-06-19,Mañana,B,Antena,AP-01,851,-81.4,13,11,123.6,30.9,4.159,1.58,7,0,0,0,0,0,19.19,1,0,4,2026-06,2
FBJ-0001,2026-06-19,Tarde,A,Antena,AP-01,625,-74.5,10,7,90.7,22.7,1.163,0.5,4,0,0,0,0,0,19.81,1,0,4,2026-06,3
FBJ-0003,2026-06-19,Tarde,A,Antena,AP-02,392,-66.0,10,7,90.7,22.7,7.206,2.18,4,0,0,0,0,0,22.05,1,0,4,2026-06,3
FBJ-0005,2026-06-19,Tarde,A,Cable,,179,,10,7,90.7,22.7,1.478,0.41,4,0,0,0,0,0,35.0,0,1,4,2026-06,3
FBJ-0014,2026-06-19,Tarde,A,Antena,AP-01,319,-62.5,10,7,90.7,22.7,3.122,1.65,4,0,0,0,0,0,16.46,1,0,4,2026-06,3
FBJ-0019,2026-06-19,Tarde,A,Cable,,81,,10,7,90.7,22.7,11.265,2.66,5,0,0,0,0,0,35.0,0,1,4,2026-06,3
FBJ-0021,2026-06-19,Tarde,A,Cable,,163,,10,7,90.7,22.7,7.463,2.12,3,0,0,0,0,0,35.0,0,1,4,2026-06,3
FBJ-0022,2026-06-19,Tarde,A,Antena,AP-02,838,-82.4,10,7,90.7,22.7,3.18,1.69,7,1,38,0,0,0,14.89,1,0,4,2026-06,3
FBJ-0023,2026-06-19,Tarde,A,Antena,AP-01,872,-78.5,10,7,90.7,22.7,3.377,1.92,2,1,4,0,0,0,21.82,1,0,4,2026-06,3
FBJ-0025,2026-06-19,Tarde,A,Antena,AP-01,575,-73.2,10,7,90.7,22.7,5.496,2.23,8,0,0,0,0,0,22.6,1,0,4,2026-06,3
FBJ-0033,2026-06-19,Tarde,B,Antena,AP-01,719,-77.6,12,7,58.2,14.6,4.031,1.85,8,1,16,0,0,0,14.4,1,0,4,2026-06,3
FBJ-0034,2026-06-19,Tarde,B,Antena,AP-02,604,-72.2,12,7,58.2,14.6,3.641,1.53,2,0,0,0,0,0,19.67,1,0,4,2026-06,3
FBJ-0037,2026-06-19,Tarde,B,Cable,,205,,12,7,58.2,14.6,0.833,0.2,8,0,0,0,0,0,35.0,0,1,4,2026-06,3
FBJ-0042,2026-06-19,Tarde,B,Antena,AP-01,176,-53.0,12,7,58.2,14.6,5.82,1.82,3,0,0,0,0,0,30.83,1,0,4,2026-06,3
FBJ-0045,2026-06-19,Tarde,B,Antena,AP-02,848,-81.7,12,7,58.2,14.6,0.773,0.3,6,0,0,0,0,0,16.34,1,0,4,2026-06,3
FBJ-0046,2026-06-19,Tarde,B,Antena,AP-01,177,-50.9,12,7,58.2,14.6,9.861,2.68,5,0,0,0,0,0,35.0,1,1,4,2026-06,3
FBJ-0048,2026-06-19,Tarde,B,Antena,AP-01,721,-80.9,12,7,58.2,14.6,2.295,1.41,8,0,0,0,0,0,17.15,1,0,4,2026-06,3
FBJ-0050,2026-06-19,Tarde,B,Antena,AP-02,277,-61.0,12,7,58.2,14.6,1.984,1.26,7,1,4,0,0,0,17.38,1,0,4,2026-06,3
FBJ-0052,2026-06-19,Tarde,B,Cable,,288,,12,7,58.2,14.6,0.744,0.2,6,0,0,0,0,0,31.34,0,0,4,2026-06,3
FBJ-0054,2026-06-19,Tarde,B,Antena,AP-02,302,-59.5,12,7,58.2,14.6,3.291,1.68,3,0,0,0,0,0,20.94,1,0,4,2026-06,3
FBJ-0056,2026-06-19,Tarde,B,Antena,AP-02,549,-70.0,12,7,58.2,14.6,3.751,1.23,3,0,0,0,0,0,19.77,1,0,4,2026-06,3
FBJ-0057,2026-06-19,Tarde,B,Antena,AP-01,851,-81.4,12,7,58.2,14.6,3.396,1.53,2,0,0,0,0,0,18.38,1,0,4,2026-06,3
FBJ-0059,2026-06-19,Tarde,B,Cable,,107,,12,7,58.2,14.6,0.833,0.2,5,1,8,0,0,0,34.98,0,1,4,2026-06,3
FBJ-0003,2026-06-19,Noche,A,Antena,AP-02,392,-66.0,19,15,198.2,49.6,3.038,1.6,3,0,0,0,0,0,15.5,1,0,4,2026-06,4
FBJ-0004,2026-06-19,Noche,A,Cable,,322,,19,15,198.2,49.6,8.868,3.47,1,0,0,0,0,0,24.53,0,0,4,2026-06,4
FBJ-0005,2026-06-19,Noche,A,Cable,,179,,19,15,198.2,49.6,2.759,0.68,7,0,0,0,0,0,28.41,0,0,4,2026-06,4
FBJ-0010,2026-06-19,Noche,A,Antena,AP-01,482,-67.3,19,15,198.2,49.6,4.89,2.22,1,1,19,0,0,0,15.01,1,0,4,2026-06,4
FBJ-0012,2026-06-19,Noche,A,Antena,AP-01,631,-74.1,19,15,198.2,49.6,6.824,3.23,4,0,0,0,0,0,14.54,1,0,4,2026-06,4
FBJ-0013,2026-06-19,Noche,A,Antena,AP-02,111,-56.0,19,15,198.2,49.6,4.5,1.48,7,1,18,0,0,0,27.4,1,0,4,2026-06,4
FBJ-0014,2026-06-19,Noche,A,Antena,AP-01,319,-62.5,19,15,198.2,49.6,5.442,2.12,2,1,11,0,0,0,21.17,1,0,4,2026-06,4
FBJ-0015,2026-06-19,Noche,A,Antena,AP-02,894,-83.5,19,15,198.2,49.6,3.839,2.43,4,1,6,0,0,0,12.46,1,0,4,2026-06,4
FBJ-0018,2026-06-19,Noche,A,Cable,,281,,19,15,198.2,49.6,7.184,1.9,3,0,0,0,0,0,34.43,0,0,4,2026-06,4
FBJ-0019,2026-06-19,Noche,A,Cable,,81,,19,15,198.2,49.6,10.586,2.88,7,0,0,0,0,0,34.49,0,0,4,2026-06,4
FBJ-0020,2026-06-19,Noche,A,Antena,AP-01,244,-60.1,19,15,198.2,49.6,7.969,3.86,7,0,0,0,0,0,15.0,1,0,4,2026-06,4
FBJ-0021,2026-06-19,Noche,A,Cable,,163,,19,15,198.2,49.6,7.369,1.92,2,0,0,0,0,0,30.28,0,0,4,2026-06,4
FBJ-0023,2026-06-19,Noche,A,Antena,AP-01,872,-78.5,19,15,198.2,49.6,2.073,2.06,8,1,16,0,0,0,12.59,1,0,4,2026-06,4
FBJ-0025,2026-06-19,Noche,A,Antena,AP-01,575,-73.2,19,15,198.2,49.6,3.393,1.59,1,0,0,0,0,0,18.25,1,0,4,2026-06,4
FBJ-0027,2026-06-19,Noche,A,Cable,,85,,19,15,198.2,49.6,5.583,1.93,2,0,0,0,0,0,19.54,0,0,4,2026-06,4
FBJ-0029,2026-06-19,Noche,A,Cable,,251,,19,15,198.2,49.6,8.941,3.42,2,0,0,0,0,0,28.0,0,0,4,2026-06,4
FBJ-0033,2026-06-19,Noche,B,Antena,AP-01,719,-77.6,13,7,92.2,23.0,7.606,2.96,1,0,0,0,0,0,17.18,1,0,4,2026-06,4
FBJ-0035,2026-06-19,Noche,B,Cable,,154,,13,7,92.2,23.0,10.103,2.31,1,0,0,0,0,0,35.0,0,1,4,2026-06,4
FBJ-0036,2026-06-19,Noche,B,Antena,AP-01,831,-77.3,13,7,92.2,23.0,4.405,2.5,7,0,0,0,0,0,18.04,1,0,4,2026-06,4
FBJ-0037,2026-06-19,Noche,B,Cable,,205,,13,7,92.2,23.0,9.769,2.18,1,0,0,0,0,0,35.0,0,1,4,2026-06,4
FBJ-0039,2026-06-19,Noche,B,Cable,,288,,13,7,92.2,23.0,8.217,2.18,7,0,0,0,0,0,28.47,0,0,4,2026-06,4
FBJ-0040,2026-06-19,Noche,B,Antena,AP-01,564,-73.1,13,7,92.2,23.0,5.329,2.15,2,0,0,0,0,0,23.84,1,0,4,2026-06,4
FBJ-0041,2026-06-19,Noche,B,Antena,AP-02,509,-69.1,13,7,92.2,23.0,5.287,3.11,7,0,0,0,0,0,12.54,1,0,4,2026-06,4
FBJ-0047,2026-06-19,Noche,B,Antena,AP-02,453,-71.2,13,7,92.2,23.0,3.81,1.45,7,0,0,0,0,0,20.9,1,0,4,2026-06,4
FBJ-0051,2026-06-19,Noche,B,Cable,,42,,13,7,92.2,23.0,14.428,3.39,7,1,14,0,0,0,35.0,0,1,4,2026-06,4
FBJ-0052,2026-06-19,Noche,B,Cable,,288,,13,7,92.2,23.0,10.144,2.12,2,1,6,0,0,0,33.06,0,0,4,2026-06,4
FBJ-0054,2026-06-19,Noche,B,Antena,AP-02,302,-59.5,13,7,92.2,23.0,7.005,2.41,7,0,0,0,0,0,30.53,1,0,4,2026-06,4
FBJ-0057,2026-06-19,Noche,B,Antena,AP-01,851,-81.4,13,7,92.2,23.0,6.05,2.55,1,2,60,0,0,0,20.24,1,0,4,2026-06,4
FBJ-0059,2026-06-19,Noche,B,Cable,,107,,13,7,92.2,23.0,7.48,2.0,7,0,0,0,0,0,32.44,0,0,4,2026-06,4
FBJ-0060,2026-06-19,Noche,B,Cable,,110,,13,7,92.2,23.0,13.424,2.83,7,0,0,0,0,0,35.0,0,1,4,2026-06,4
FBJ-0011,2026-06-20,Madrugada,A,Antena,AP-02,440,-67.1,3,1,35.0,8.8,3.313,1.84,7,0,0,0,1,1,16.78,1,0,5,2026-06,1
FBJ-0042,2026-06-20,Madrugada,B,Antena,AP-01,176,-53.0,2,2,26.5,6.6,3.404,0.92,7,0,0,0,1,1,29.1,1,0,5,2026-06,1
FBJ-0056,2026-06-20,Madrugada,B,Antena,AP-02,549,-70.0,2,2,26.5,6.6,2.863,1.12,7,0,0,0,1,1,17.43,1,0,5,2026-06,1
FBJ-0001,2026-06-20,Mañana,A,Antena,AP-01,625,-74.5,12,10,117.3,29.3,2.988,1.35,7,0,0,0,1,1,13.91,1,0,5,2026-06,2
FBJ-0004,2026-06-20,Mañana,A,Cable,,322,,12,10,117.3,29.3,5.686,2.03,7,0,0,0,1,1,29.34,0,0,5,2026-06,2
FBJ-0005,2026-06-20,Mañana,A,Cable,,179,,12,10,117.3,29.3,5.248,1.08,8,0,0,0,1,1,35.0,0,1,5,2026-06,2
FBJ-0007,2026-06-20,Mañana,A,Antena,AP-02,594,-68.6,12,10,117.3,29.3,2.561,1.12,5,0,0,0,1,1,15.54,1,0,5,2026-06,2
FBJ-0010,2026-06-20,Mañana,A,Antena,AP-01,482,-67.3,12,10,117.3,29.3,1.649,0.73,8,1,11,0,1,1,17.82,1,0,5,2026-06,2
FBJ-0012,2026-06-20,Mañana,A,Antena,AP-01,631,-74.1,12,10,117.3,29.3,4.766,1.72,1,0,0,0,1,1,19.17,1,0,5,2026-06,2
FBJ-0018,2026-06-20,Mañana,A,Cable,,281,,12,10,117.3,29.3,11.362,2.37,5,0,0,0,1,1,31.52,0,0,5,2026-06,2
FBJ-0019,2026-06-20,Mañana,A,Cable,,81,,12,10,117.3,29.3,12.351,3.3,5,0,0,0,1,1,27.91,0,0,5,2026-06,2
FBJ-0020,2026-06-20,Mañana,A,Antena,AP-01,244,-60.1,12,10,117.3,29.3,6.085,2.19,6,0,0,0,1,1,29.13,1,0,5,2026-06,2
FBJ-0021,2026-06-20,Mañana,A,Cable,,163,,12,10,117.3,29.3,11.288,2.82,2,0,0,0,1,1,35.0,0,1,5,2026-06,2
FBJ-0024,2026-06-20,Mañana,A,Antena,AP-02,169,-58.3,12,10,117.3,29.3,6.513,2.82,2,0,0,0,1,1,20.09,1,0,5,2026-06,2
FBJ-0027,2026-06-20,Mañana,A,Cable,,85,,12,10,117.3,29.3,2.717,0.56,4,0,0,0,1,1,31.36,0,0,5,2026-06,2
FBJ-0029,2026-06-20,Mañana,A,Cable,,251,,12,10,117.3,29.3,7.232,1.96,3,0,0,0,1,1,31.79,0,0,5,2026-06,2
FBJ-0031,2026-06-20,Mañana,B,Cable,,202,,11,5,55.3,13.8,3.746,1.0,7,0,0,0,1,1,35.0,0,1,5,2026-06,2
FBJ-0032,2026-06-20,Mañana,B,Cable,,302,,11,5,55.3,13.8,5.471,1.9,7,0,0,0,1,1,26.3,0,0,5,2026-06,2
FBJ-0033,2026-06-20,Mañana,B,Antena,AP-01,719,-77.6,11,5,55.3,13.8,4.225,1.87,5,0,0,0,1,1,18.47,1,0,5,2026-06,2
FBJ-0034,2026-06-20,Mañana,B,Antena,AP-02,604,-72.2,11,5,55.3,13.8,4.218,1.47,3,0,0,0,1,1,22.86,1,0,5,2026-06,2
FBJ-0037,2026-06-20,Mañana,B,Cable,,205,,11,5,55.3,13.8,9.72,2.41,2,0,0,0,1,1,35.0,0,1,5,2026-06,2
FBJ-0039,2026-06-20,Mañana,B,Cable,,288,,11,5,55.3,13.8,5.584,1.43,6,0,0,0,1,1,35.0,0,1,5,2026-06,2
FBJ-0040,2026-06-20,Mañana,B,Antena,AP-01,564,-73.1,11,5,55.3,13.8,3.645,1.75,4,0,0,0,1,1,19.44,1,0,5,2026-06,2
FBJ-0041,2026-06-20,Mañana,B,Antena,AP-02,509,-69.1,11,5,55.3,13.8,4.947,1.68,1,0,0,0,1,1,20.8,1,0,5,2026-06,2
FBJ-0043,2026-06-20,Mañana,B,Cable,,318,,11,5,55.3,13.8,7.698,2.37,5,0,0,0,1,1,30.16,0,0,5,2026-06,2
FBJ-0046,2026-06-20,Mañana,B,Antena,AP-01,177,-50.9,11,5,55.3,13.8,1.282,0.23,4,0,0,0,1,1,35.0,1,1,5,2026-06,2
FBJ-0047,2026-06-20,Mañana,B,Antena,AP-02,453,-71.2,11,5,55.3,13.8,2.174,1.6,2,0,0,0,1,1,16.15,1,0,5,2026-06,2
FBJ-0054,2026-06-20,Mañana,B,Antena,AP-02,302,-59.5,11,5,55.3,13.8,2.998,0.94,3,0,0,0,1,1,23.81,1,0,5,2026-06,2
FBJ-0056,2026-06-20,Mañana,B,Antena,AP-02,549,-70.0,11,5,55.3,13.8,4.036,1.6,3,0,0,0,1,1,18.31,1,0,5,2026-06,2
FBJ-0001,2026-06-20,Tarde,A,Antena,AP-01,625,-74.5,14,11,114.4,28.6,4.858,2.31,4,0,0,0,1,1,13.37,1,0,5,2026-06,3
FBJ-0003,2026-06-20,Tarde,A,Antena,AP-02,392,-66.0,14,11,114.4,28.6,2.841,0.84,3,1,12,0,1,1,21.86,1,0,5,2026-06,3
FBJ-0004,2026-06-20,Tarde,A,Cable,,322,,14,11,114.4,28.6,7.664,2.17,3,2,26,0,1,1,35.0,0,1,5,2026-06,3
FBJ-0005,2026-06-20,Tarde,A,Cable,,179,,14,11,114.4,28.6,7.599,2.54,3,0,0,0,1,1,29.59,0,0,5,2026-06,3
FBJ-0007,2026-06-20,Tarde,A,Antena,AP-02,594,-68.6,14,11,114.4,28.6,5.017,2.02,7,0,0,0,1,1,21.25,1,0,5,2026-06,3
FBJ-0009,2026-06-20,Tarde,A,Antena,AP-02,565,-72.0,14,11,114.4,28.6,4.422,2.07,5,0,0,0,1,1,14.51,1,0,5,2026-06,3
FBJ-0010,2026-06-20,Tarde,A,Antena,AP-01,482,-67.3,14,11,114.4,28.6,5.379,1.87,2,0,0,0,1,1,20.99,1,0,5,2026-06,3
FBJ-0011,2026-06-20,Tarde,A,Antena,AP-02,440,-67.1,14,11,114.4,28.6,3.143,1.72,5,0,0,0,1,1,19.5,1,0,5,2026-06,3
FBJ-0013,2026-06-20,Tarde,A,Antena,AP-02,111,-56.0,14,11,114.4,28.6,4.563,1.1,7,1,12,0,1,1,33.62,1,0,5,2026-06,3
FBJ-0014,2026-06-20,Tarde,A,Antena,AP-01,319,-62.5,14,11,114.4,28.6,5.212,1.93,1,0,0,0,1,1,22.25,1,0,5,2026-06,3
FBJ-0015,2026-06-20,Tarde,A,Antena,AP-02,894,-83.5,14,11,114.4,28.6,0.46,0.2,4,0,0,0,1,1,17.44,1,0,5,2026-06,3
FBJ-0018,2026-06-20,Tarde,A,Cable,,281,,14,11,114.4,28.6,2.266,0.47,8,0,0,0,1,1,31.76,0,0,5,2026-06,3
FBJ-0019,2026-06-20,Tarde,A,Cable,,81,,14,11,114.4,28.6,3.974,0.96,5,0,0,0,1,1,35.0,0,1,5,2026-06,3
FBJ-0020,2026-06-20,Tarde,A,Antena,AP-01,244,-60.1,14,11,114.4,28.6,3.624,1.61,4,0,0,0,1,1,21.94,1,0,5,2026-06,3
FBJ-0022,2026-06-20,Tarde,A,Antena,AP-02,838,-82.4,14,11,114.4,28.6,3.029,1.2,8,0,0,0,1,1,17.56,1,0,5,2026-06,3
FBJ-0026,2026-06-20,Tarde,A,Antena,AP-02,283,-64.0,14,11,114.4,28.6,1.985,1.26,7,0,0,0,1,1,16.75,1,0,5,2026-06,3
FBJ-0027,2026-06-20,Tarde,A,Cable,,85,,14,11,114.4,28.6,10.229,2.26,7,0,0,0,1,1,34.11,0,0,5,2026-06,3
FBJ-0030,2026-06-20,Tarde,A,Antena,AP-02,116,-54.6,14,11,114.4,28.6,2.688,1.03,6,0,0,0,1,1,21.27,1,0,5,2026-06,3
FBJ-0033,2026-06-20,Tarde,B,Antena,AP-01,719,-77.6,10,7,67.6,16.9,3.168,1.78,3,0,0,0,1,1,13.17,1,0,5,2026-06,3
FBJ-0036,2026-06-20,Tarde,B,Antena,AP-01,831,-77.3,10,7,67.6,16.9,4.283,1.53,2,0,0,0,1,1,22.67,1,0,5,2026-06,3
FBJ-0037,2026-06-20,Tarde,B,Cable,,205,,10,7,67.6,16.9,0.974,0.23,3,0,0,0,1,1,35.0,0,1,5,2026-06,3
FBJ-0039,2026-06-20,Tarde,B,Cable,,288,,10,7,67.6,16.9,4.371,1.3,2,0,0,0,1,1,35.0,0,1,5,2026-06,3
FBJ-0040,2026-06-20,Tarde,B,Antena,AP-01,564,-73.1,10,7,67.6,16.9,6.11,2.14,4,0,0,0,1,1,19.68,1,0,5,2026-06,3
FBJ-0041,2026-06-20,Tarde,B,Antena,AP-02,509,-69.1,10,7,67.6,16.9,4.263,1.45,2,1,20,0,1,1,19.08,1,0,5,2026-06,3
FBJ-0042,2026-06-20,Tarde,B,Antena,AP-01,176,-53.0,10,7,67.6,16.9,7.403,2.24,4,1,6,0,1,1,27.87,1,0,5,2026-06,3
FBJ-0045,2026-06-20,Tarde,B,Antena,AP-02,848,-81.7,10,7,67.6,16.9,3.779,1.77,5,0,0,0,1,1,15.23,1,0,5,2026-06,3
FBJ-0047,2026-06-20,Tarde,B,Antena,AP-02,453,-71.2,10,7,67.6,16.9,1.212,0.36,7,1,18,0,1,1,24.82,1,0,5,2026-06,3
FBJ-0048,2026-06-20,Tarde,B,Antena,AP-01,721,-80.9,10,7,67.6,16.9,2.712,1.9,4,0,0,0,1,1,16.19,1,0,5,2026-06,3
FBJ-0052,2026-06-20,Tarde,B,Cable,,288,,10,7,67.6,16.9,3.004,1.07,4,0,0,0,1,1,29.5,0,0,5,2026-06,3
FBJ-0054,2026-06-20,Tarde,B,Antena,AP-02,302,-59.5,10,7,67.6,16.9,4.265,1.32,7,0,0,0,1,1,23.29,1,0,5,2026-06,3
FBJ-0056,2026-06-20,Tarde,B,Antena,AP-02,549,-70.0,10,7,67.6,16.9,1.617,0.97,7,0,0,0,1,1,15.71,1,0,5,2026-06,3
FBJ-0057,2026-06-20,Tarde,B,Antena,AP-01,851,-81.4,10,7,67.6,16.9,3.981,1.74,3,1,31,0,1,1,16.34,1,0,5,2026-06,3
FBJ-0058,2026-06-20,Tarde,B,Antena,AP-02,308,-59.0,10,7,67.6,16.9,0.774,0.2,1,1,3,0,1,1,31.15,1,0,5,2026-06,3
FBJ-0059,2026-06-20,Tarde,B,Cable,,107,,10,7,67.6,16.9,4.707,1.0,6,0,0,0,1,1,35.0,0,1,5,2026-06,3
FBJ-0001,2026-06-20,Noche,A,Antena,AP-01,625,-74.5,20,16,169.5,42.4,5.238,2.82,7,0,0,0,1,1,13.53,1,0,5,2026-06,4
FBJ-0003,2026-06-20,Noche,A,Antena,AP-02,392,-66.0,20,16,169.5,42.4,2.174,1.48,7,0,0,0,1,1,13.94,1,0,5,2026-06,4
FBJ-0004,2026-06-20,Noche,A,Cable,,322,,20,16,169.5,42.4,6.393,2.32,3,0,0,0,1,1,26.62,0,0,5,2026-06,4
FBJ-0005,2026-06-20,Noche,A,Cable,,179,,20,16,169.5,42.4,7.652,2.38,3,0,0,0,1,1,32.88,0,0,5,2026-06,4
FBJ-0007,2026-06-20,Noche,A,Antena,AP-02,594,-68.6,20,16,169.5,42.4,2.982,2.36,2,1,12,0,1,1,12.59,1,0,5,2026-06,4
FBJ-0009,2026-06-20,Noche,A,Antena,AP-02,565,-72.0,20,16,169.5,42.4,2.089,1.88,6,0,0,0,1,1,8.76,1,0,5,2026-06,4
FBJ-0010,2026-06-20,Noche,A,Antena,AP-01,482,-67.3,20,16,169.5,42.4,2.195,1.27,2,0,0,0,1,1,14.18,1,0,5,2026-06,4
FBJ-0012,2026-06-20,Noche,A,Antena,AP-01,631,-74.1,20,16,169.5,42.4,3.313,2.01,4,0,0,0,1,1,12.68,1,0,5,2026-06,4
FBJ-0013,2026-06-20,Noche,A,Antena,AP-02,111,-56.0,20,16,169.5,42.4,5.314,2.32,5,0,0,0,1,1,17.36,1,0,5,2026-06,4
FBJ-0014,2026-06-20,Noche,A,Antena,AP-01,319,-62.5,20,16,169.5,42.4,3.301,2.23,6,1,18,0,1,1,14.36,1,0,5,2026-06,4
FBJ-0015,2026-06-20,Noche,A,Antena,AP-02,894,-83.5,20,16,169.5,42.4,3.03,3.0,8,1,16,0,1,1,11.88,1,0,5,2026-06,4
FBJ-0018,2026-06-20,Noche,A,Cable,,281,,20,16,169.5,42.4,6.308,2.4,7,0,0,0,1,1,23.24,0,0,5,2026-06,4
FBJ-0021,2026-06-20,Noche,A,Cable,,163,,20,16,169.5,42.4,7.995,2.76,8,0,0,0,1,1,31.73,0,0,5,2026-06,4
FBJ-0022,2026-06-20,Noche,A,Antena,AP-02,838,-82.4,20,16,169.5,42.4,4.992,2.26,1,0,0,0,1,1,14.07,1,0,5,2026-06,4
FBJ-0023,2026-06-20,Noche,A,Antena,AP-01,872,-78.5,20,16,169.5,42.4,2.111,1.99,3,0,0,0,1,1,13.46,1,0,5,2026-06,4
FBJ-0024,2026-06-20,Noche,A,Antena,AP-02,169,-58.3,20,16,169.5,42.4,2.49,1.51,8,1,28,0,1,1,14.54,1,0,5,2026-06,4
FBJ-0025,2026-06-20,Noche,A,Antena,AP-01,575,-73.2,20,16,169.5,42.4,3.097,2.05,2,0,0,0,1,1,13.62,1,0,5,2026-06,4
FBJ-0026,2026-06-20,Noche,A,Antena,AP-02,283,-64.0,20,16,169.5,42.4,4.034,2.73,4,0,0,0,1,1,15.0,1,0,5,2026-06,4
FBJ-0027,2026-06-20,Noche,A,Cable,,85,,20,16,169.5,42.4,6.93,1.54,3,0,0,0,1,1,32.82,0,0,5,2026-06,4
FBJ-0029,2026-06-20,Noche,A,Cable,,251,,20,16,169.5,42.4,5.61,2.25,6,0,0,0,1,1,25.5,0,0,5,2026-06,4
FBJ-0030,2026-06-20,Noche,A,Antena,AP-02,116,-54.6,20,16,169.5,42.4,2.995,1.52,6,0,0,0,1,1,21.22,1,0,5,2026-06,4
FBJ-0031,2026-06-20,Noche,B,Cable,,202,,22,9,73.8,18.4,6.912,1.79,1,0,0,0,1,1,30.54,0,0,5,2026-06,4
FBJ-0032,2026-06-20,Noche,B,Cable,,302,,22,9,73.8,18.4,7.557,2.22,5,0,0,0,1,1,28.38,0,0,5,2026-06,4
FBJ-0033,2026-06-20,Noche,B,Antena,AP-01,719,-77.6,22,9,73.8,18.4,4.372,2.09,3,1,36,0,1,1,17.06,1,0,5,2026-06,4
FBJ-0034,2026-06-20,Noche,B,Antena,AP-02,604,-72.2,22,9,73.8,18.4,4.672,2.21,4,0,0,0,1,1,14.59,1,0,5,2026-06,4
FBJ-0035,2026-06-20,Noche,B,Cable,,154,,22,9,73.8,18.4,7.069,2.18,2,1,30,0,1,1,30.81,0,0,5,2026-06,4
FBJ-0036,2026-06-20,Noche,B,Antena,AP-01,831,-77.3,22,9,73.8,18.4,7.263,3.34,8,0,0,0,1,1,14.48,1,0,5,2026-06,4
FBJ-0037,2026-06-20,Noche,B,Cable,,205,,22,9,73.8,18.4,5.685,2.08,7,0,0,0,1,1,31.57,0,0,5,2026-06,4
FBJ-0039,2026-06-20,Noche,B,Cable,,288,,22,9,73.8,18.4,8.313,1.86,2,0,0,0,1,1,30.59,0,0,5,2026-06,4
FBJ-0040,2026-06-20,Noche,B,Antena,AP-01,564,-73.1,22,9,73.8,18.4,2.724,1.09,8,0,0,0,1,1,19.86,1,0,5,2026-06,4
FBJ-0042,2026-06-20,Noche,B,Antena,AP-01,176,-53.0,22,9,73.8,18.4,6.518,2.6,1,0,0,0,1,1,23.02,1,0,5,2026-06,4
FBJ-0043,2026-06-20,Noche,B,Cable,,318,,22,9,73.8,18.4,9.859,2.46,3,0,0,0,1,1,33.0,0,0,5,2026-06,4
FBJ-0044,2026-06-20,Noche,B,Cable,,86,,22,9,73.8,18.4,13.881,2.92,8,0,0,0,1,1,35.0,0,1,5,2026-06,4
FBJ-0045,2026-06-20,Noche,B,Antena,AP-02,848,-81.7,22,9,73.8,18.4,5.591,3.41,6,1,11,0,1,1,16.36,1,0,5,2026-06,4
FBJ-0046,2026-06-20,Noche,B,Antena,AP-01,177,-50.9,22,9,73.8,18.4,13.07,2.21,4,1,21,0,1,1,35.0,1,1,5,2026-06,4
FBJ-0048,2026-06-20,Noche,B,Antena,AP-01,721,-80.9,22,9,73.8,18.4,4.591,2.6,4,0,0,0,1,1,16.22,1,0,5,2026-06,4
FBJ-0051,2026-06-20,Noche,B,Cable,,42,,22,9,73.8,18.4,13.611,3.81,7,0,0,0,1,1,29.3,0,0,5,2026-06,4
FBJ-0054,2026-06-20,Noche,B,Antena,AP-02,302,-59.5,22,9,73.8,18.4,7.967,3.48,7,0,0,0,1,1,21.78,1,0,5,2026-06,4
FBJ-0056,2026-06-20,Noche,B,Antena,AP-02,549,-70.0,22,9,73.8,18.4,6.567,2.74,8,0,0,0,1,1,19.53,1,0,5,2026-06,4
FBJ-0057,2026-06-20,Noche,B,Antena,AP-01,851,-81.4,22,9,73.8,18.4,4.392,1.7,1,1,17,0,1,1,18.56,1,0,5,2026-06,4
FBJ-0058,2026-06-20,Noche,B,Antena,AP-02,308,-59.0,22,9,73.8,18.4,17.145,4.3,1,0,0,0,1,1,30.44,1,0,5,2026-06,4
FBJ-0059,2026-06-20,Noche,B,Cable,,107,,22,9,73.8,18.4,5.129,1.51,7,0,0,0,1,1,32.26,0,0,5,2026-06,4
FBJ-0060,2026-06-20,Noche,B,Cable,,110,,22,9,73.8,18.4,10.885,2.38,5,0,0,0,1,1,35.0,0,1,5,2026-06,4
FBJ-0009,2026-06-21,Madrugada,A,Antena,AP-02,565,-72.0,2,2,28.4,7.1,0.859,0.45,2,0,0,0,1,0,17.26,1,0,6,2026-06,1
FBJ-0010,2026-06-21,Madrugada,A,Antena,AP-01,482,-67.3,2,2,28.4,7.1,3.946,1.54,2,0,0,0,1,0,18.26,1,0,6,2026-06,1
FBJ-0014,2026-06-21,Madrugada,A,Antena,AP-01,319,-62.5,2,2,28.4,7.1,3.539,0.98,2,0,0,0,1,0,23.2,1,0,6,2026-06,1
FBJ-0022,2026-06-21,Madrugada,A,Antena,AP-02,838,-82.4,2,2,28.4,7.1,1.981,0.59,3,1,22,0,1,0,23.79,1,0,6,2026-06,1
FBJ-0027,2026-06-21,Madrugada,A,Cable,,85,,2,2,28.4,7.1,7.163,1.66,3,0,0,0,1,0,28.85,0,0,6,2026-06,1
FBJ-0033,2026-06-21,Madrugada,B,Antena,AP-01,719,-77.6,5,4,42.5,10.6,4.095,1.71,7,0,0,0,1,0,17.3,1,0,6,2026-06,1
FBJ-0040,2026-06-21,Madrugada,B,Antena,AP-01,564,-73.1,5,4,42.5,10.6,1.782,0.88,8,0,0,0,1,0,14.61,1,0,6,2026-06,1
FBJ-0045,2026-06-21,Madrugada,B,Antena,AP-02,848,-81.7,5,4,42.5,10.6,0.552,0.2,4,0,0,0,1,0,25.41,1,0,6,2026-06,1
FBJ-0048,2026-06-21,Madrugada,B,Antena,AP-01,721,-80.9,5,4,42.5,10.6,0.554,0.23,5,0,0,0,1,0,17.66,1,0,6,2026-06,1
FBJ-0052,2026-06-21,Madrugada,B,Cable,,288,,5,4,42.5,10.6,7.014,1.65,4,0,0,0,1,0,35.0,0,1,6,2026-06,1
FBJ-0001,2026-06-21,Mañana,A,Antena,AP-01,625,-74.5,12,10,107.9,27.0,1.421,0.53,3,0,0,0,1,0,17.38,1,0,6,2026-06,2
FBJ-0003,2026-06-21,Mañana,A,Antena,AP-02,392,-66.0,12,10,107.9,27.0,2.948,0.85,8,0,0,0,1,0,20.76,1,0,6,2026-06,2
FBJ-0005,2026-06-21,Mañana,A,Cable,,179,,12,10,107.9,27.0,2.978,0.79,8,0,0,0,1,0,35.0,0,1,6,2026-06,2
FBJ-0007,2026-06-21,Mañana,A,Antena,AP-02,594,-68.6,12,10,107.9,27.0,0.948,0.39,4,1,20,0,1,0,18.9,1,0,6,2026-06,2
FBJ-0011,2026-06-21,Mañana,A,Antena,AP-02,440,-67.1,12,10,107.9,27.0,4.183,2.0,7,0,0,0,1,0,18.22,1,0,6,2026-06,2
FBJ-0013,2026-06-21,Mañana,A,Antena,AP-02,111,-56.0,12,10,107.9,27.0,2.409,0.82,4,0,0,0,1,0,33.92,1,0,6,2026-06,2
FBJ-0015,2026-06-21,Mañana,A,Antena,AP-02,894,-83.5,12,10,107.9,27.0,4.323,2.48,2,0,0,0,1,0,20.23,1,0,6,2026-06,2
FBJ-0018,2026-06-21,Mañana,A,Cable,,281,,12,10,107.9,27.0,9.004,1.98,1,0,0,0,1,0,35.0,0,1,6,2026-06,2
FBJ-0019,2026-06-21,Mañana,A,Cable,,81,,12,10,107.9,27.0,8.83,2.52,5,1,30,0,1,0,28.31,0,0,6,2026-06,2
FBJ-0023,2026-06-21,Mañana,A,Antena,AP-01,872,-78.5,12,10,107.9,27.0,3.497,2.25,6,1,25,0,1,0,12.63,1,0,6,2026-06,2
FBJ-0025,2026-06-21,Mañana,A,Antena,AP-01,575,-73.2,12,10,107.9,27.0,1.316,0.76,1,1,18,0,1,0,16.78,1,0,6,2026-06,2
FBJ-0027,2026-06-21,Mañana,A,Cable,,85,,12,10,107.9,27.0,8.342,1.59,8,0,0,0,1,0,35.0,0,1,6,2026-06,2
FBJ-0032,2026-06-21,Mañana,B,Cable,,302,,15,14,130.1,32.5,4.194,0.96,6,0,0,0,1,0,33.12,0,0,6,2026-06,2
FBJ-0033,2026-06-21,Mañana,B,Antena,AP-01,719,-77.6,15,14,130.1,32.5,3.892,1.49,5,0,0,0,1,0,16.4,1,0,6,2026-06,2
FBJ-0036,2026-06-21,Mañana,B,Antena,AP-01,831,-77.3,15,14,130.1,32.5,5.137,2.5,3,0,0,0,1,0,14.06,1,0,6,2026-06,2
FBJ-0037,2026-06-21,Mañana,B,Cable,,205,,15,14,130.1,32.5,4.979,1.49,2,0,0,0,1,0,34.11,0,0,6,2026-06,2
FBJ-0039,2026-06-21,Mañana,B,Cable,,288,,15,14,130.1,32.5,9.823,2.28,3,1,19,0,1,0,35.0,0,1,6,2026-06,2
FBJ-0043,2026-06-21,Mañana,B,Cable,,318,,15,14,130.1,32.5,8.17,2.05,3,0,0,0,1,0,33.25,0,0,6,2026-06,2
FBJ-0045,2026-06-21,Mañana,B,Antena,AP-02,848,-81.7,15,14,130.1,32.5,2.184,1.06,3,1,37,0,1,0,17.25,1,0,6,2026-06,2
FBJ-0046,2026-06-21,Mañana,B,Antena,AP-01,177,-50.9,15,14,130.1,32.5,1.65,0.59,3,0,0,0,1,0,23.58,1,0,6,2026-06,2
FBJ-0047,2026-06-21,Mañana,B,Antena,AP-02,453,-71.2,15,14,130.1,32.5,3.813,2.54,1,0,0,0,1,0,15.35,1,0,6,2026-06,2
FBJ-0051,2026-06-21,Mañana,B,Cable,,42,,15,14,130.1,32.5,7.784,1.91,2,0,0,0,1,0,35.0,0,1,6,2026-06,2
FBJ-0052,2026-06-21,Mañana,B,Cable,,288,,15,14,130.1,32.5,0.53,0.2,7,0,0,0,1,0,22.48,0,0,6,2026-06,2
FBJ-0056,2026-06-21,Mañana,B,Antena,AP-02,549,-70.0,15,14,130.1,32.5,2.566,1.73,5,0,0,0,1,0,12.9,1,0,6,2026-06,2
FBJ-0057,2026-06-21,Mañana,B,Antena,AP-01,851,-81.4,15,14,130.1,32.5,4.775,1.95,2,0,0,0,1,0,17.19,1,0,6,2026-06,2
FBJ-0058,2026-06-21,Mañana,B,Antena,AP-02,308,-59.0,15,14,130.1,32.5,3.053,1.32,8,0,0,0,1,0,20.24,1,0,6,2026-06,2
FBJ-0003,2026-06-21,Tarde,A,Antena,AP-02,392,-66.0,16,11,103.1,25.8,5.493,1.79,4,0,0,0,1,0,20.5,1,0,6,2026-06,3
FBJ-0004,2026-06-21,Tarde,A,Cable,,322,,16,11,103.1,25.8,0.655,0.2,5,0,0,0,1,0,35.0,0,1,6,2026-06,3
FBJ-0010,2026-06-21,Tarde,A,Antena,AP-01,482,-67.3,16,11,103.1,25.8,5.932,2.03,1,0,0,0,1,0,23.66,1,0,6,2026-06,3
FBJ-0012,2026-06-21,Tarde,A,Antena,AP-01,631,-74.1,16,11,103.1,25.8,6.326,2.17,5,0,0,0,1,0,19.83,1,0,6,2026-06,3
FBJ-0014,2026-06-21,Tarde,A,Antena,AP-01,319,-62.5,16,11,103.1,25.8,5.171,2.03,6,0,0,0,1,0,23.84,1,0,6,2026-06,3
FBJ-0015,2026-06-21,Tarde,A,Antena,AP-02,894,-83.5,16,11,103.1,25.8,1.326,0.8,4,1,21,0,1,0,18.58,1,0,6,2026-06,3
FBJ-0018,2026-06-21,Tarde,A,Cable,,281,,16,11,103.1,25.8,6.934,1.87,2,1,7,0,1,0,35.0,0,1,6,2026-06,3
FBJ-0020,2026-06-21,Tarde,A,Antena,AP-01,244,-60.1,16,11,103.1,25.8,4.131,1.64,6,0,0,0,1,0,22.84,1,0,6,2026-06,3
FBJ-0022,2026-06-21,Tarde,A,Antena,AP-02,838,-82.4,16,11,103.1,25.8,3.918,1.1,8,4,120,0,1,0,22.31,1,0,6,2026-06,3
FBJ-0023,2026-06-21,Tarde,A,Antena,AP-01,872,-78.5,16,11,103.1,25.8,2.234,1.11,7,0,0,0,1,0,17.57,1,0,6,2026-06,3
FBJ-0024,2026-06-21,Tarde,A,Antena,AP-02,169,-58.3,16,11,103.1,25.8,10.02,2.33,2,0,0,0,1,0,34.94,1,1,6,2026-06,3
FBJ-0027,2026-06-21,Tarde,A,Cable,,85,,16,11,103.1,25.8,9.736,1.74,1,0,0,0,1,0,35.0,0,1,6,2026-06,3
FBJ-0030,2026-06-21,Tarde,A,Antena,AP-02,116,-54.6,16,11,103.1,25.8,4.66,1.33,5,0,0,0,1,0,27.54,1,0,6,2026-06,3
FBJ-0031,2026-06-21,Tarde,B,Cable,,202,,19,15,148.0,37.0,7.831,1.73,2,0,0,0,1,0,35.0,0,1,6,2026-06,3
FBJ-0033,2026-06-21,Tarde,B,Antena,AP-01,719,-77.6,19,15,148.0,37.0,2.774,1.62,2,0,0,0,1,0,11.0,1,0,6,2026-06,3
FBJ-0034,2026-06-21,Tarde,B,Antena,AP-02,604,-72.2,19,15,148.0,37.0,2.77,1.78,1,0,0,0,1,0,11.54,1,0,6,2026-06,3
FBJ-0035,2026-06-21,Tarde,B,Cable,,154,,19,15,148.0,37.0,5.166,1.73,1,0,0,0,1,0,31.75,0,0,6,2026-06,3
FBJ-0036,2026-06-21,Tarde,B,Antena,AP-01,831,-77.3,19,15,148.0,37.0,2.018,1.09,6,0,0,0,1,0,14.77,1,0,6,2026-06,3
FBJ-0037,2026-06-21,Tarde,B,Cable,,205,,19,15,148.0,37.0,4.858,2.02,6,0,0,0,1,0,25.56,0,0,6,2026-06,3
FBJ-0039,2026-06-21,Tarde,B,Cable,,288,,19,15,148.0,37.0,4.364,1.43,1,0,0,0,1,0,33.11,0,0,6,2026-06,3
FBJ-0042,2026-06-21,Tarde,B,Antena,AP-01,176,-53.0,19,15,148.0,37.0,5.256,2.14,7,0,0,0,1,0,21.72,1,0,6,2026-06,3
FBJ-0046,2026-06-21,Tarde,B,Antena,AP-01,177,-50.9,19,15,148.0,37.0,5.015,1.32,1,0,0,0,1,0,22.64,1,0,6,2026-06,3
FBJ-0051,2026-06-21,Tarde,B,Cable,,42,,19,15,148.0,37.0,8.414,2.36,3,0,0,0,1,0,27.27,0,0,6,2026-06,3
FBJ-0053,2026-06-21,Tarde,B,Antena,AP-01,245,-55.9,19,15,148.0,37.0,7.182,2.19,8,1,26,0,1,0,20.01,1,0,6,2026-06,3
FBJ-0054,2026-06-21,Tarde,B,Antena,AP-02,302,-59.5,19,15,148.0,37.0,4.361,2.35,4,0,0,0,1,0,18.17,1,0,6,2026-06,3
FBJ-0057,2026-06-21,Tarde,B,Antena,AP-01,851,-81.4,19,15,148.0,37.0,2.4,1.25,5,0,0,0,1,0,13.47,1,0,6,2026-06,3
FBJ-0058,2026-06-21,Tarde,B,Antena,AP-02,308,-59.0,19,15,148.0,37.0,1.538,0.68,7,0,0,0,1,0,18.77,1,0,6,2026-06,3
FBJ-0001,2026-06-21,Noche,A,Antena,AP-01,625,-74.5,21,11,142.2,35.6,5.447,2.57,7,1,24,0,1,0,15.62,1,0,6,2026-06,4
FBJ-0003,2026-06-21,Noche,A,Antena,AP-02,392,-66.0,21,11,142.2,35.6,6.192,2.72,1,0,0,0,1,0,21.53,1,0,6,2026-06,4
FBJ-0004,2026-06-21,Noche,A,Cable,,322,,21,11,142.2,35.6,7.311,2.2,4,1,33,0,1,0,34.55,0,0,6,2026-06,4
FBJ-0005,2026-06-21,Noche,A,Cable,,179,,21,11,142.2,35.6,7.541,1.9,6,0,0,0,1,0,26.32,0,0,6,2026-06,4
FBJ-0009,2026-06-21,Noche,A,Antena,AP-02,565,-72.0,21,11,142.2,35.6,5.263,2.37,8,0,0,0,1,0,15.78,1,0,6,2026-06,4
FBJ-0010,2026-06-21,Noche,A,Antena,AP-01,482,-67.3,21,11,142.2,35.6,5.674,2.02,3,0,0,0,1,0,19.54,1,0,6,2026-06,4
FBJ-0011,2026-06-21,Noche,A,Antena,AP-02,440,-67.1,21,11,142.2,35.6,8.455,3.35,1,0,0,0,1,0,17.75,1,0,6,2026-06,4
FBJ-0013,2026-06-21,Noche,A,Antena,AP-02,111,-56.0,21,11,142.2,35.6,7.052,2.14,6,0,0,0,1,0,23.85,1,0,6,2026-06,4
FBJ-0015,2026-06-21,Noche,A,Antena,AP-02,894,-83.5,21,11,142.2,35.6,4.458,2.54,5,1,33,0,1,0,17.98,1,0,6,2026-06,4
FBJ-0018,2026-06-21,Noche,A,Cable,,281,,21,11,142.2,35.6,9.735,2.54,8,0,0,0,1,0,28.46,0,0,6,2026-06,4
FBJ-0021,2026-06-21,Noche,A,Cable,,163,,21,11,142.2,35.6,6.511,1.35,2,0,0,0,1,0,35.0,0,1,6,2026-06,4
FBJ-0022,2026-06-21,Noche,A,Antena,AP-02,838,-82.4,21,11,142.2,35.6,6.084,1.85,8,0,0,0,1,0,21.35,1,0,6,2026-06,4
FBJ-0023,2026-06-21,Noche,A,Antena,AP-01,872,-78.5,21,11,142.2,35.6,4.496,2.71,8,2,70,0,1,0,16.11,1,0,6,2026-06,4
FBJ-0024,2026-06-21,Noche,A,Antena,AP-02,169,-58.3,21,11,142.2,35.6,15.334,4.43,5,0,0,0,1,0,31.17,1,0,6,2026-06,4
FBJ-0025,2026-06-21,Noche,A,Antena,AP-01,575,-73.2,21,11,142.2,35.6,5.54,2.78,2,1,38,0,1,0,16.43,1,0,6,2026-06,4
FBJ-0026,2026-06-21,Noche,A,Antena,AP-02,283,-64.0,21,11,142.2,35.6,4.243,2.35,1,0,0,0,1,0,16.89,1,0,6,2026-06,4
FBJ-0027,2026-06-21,Noche,A,Cable,,85,,21,11,142.2,35.6,14.581,3.05,3,0,0,0,1,0,30.96,0,0,6,2026-06,4
FBJ-0029,2026-06-21,Noche,A,Cable,,251,,21,11,142.2,35.6,5.791,1.65,1,0,0,0,1,0,27.93,0,0,6,2026-06,4
FBJ-0030,2026-06-21,Noche,A,Antena,AP-02,116,-54.6,21,11,142.2,35.6,5.397,2.09,1,0,0,0,1,0,31.15,1,0,6,2026-06,4
FBJ-0031,2026-06-21,Noche,B,Cable,,202,,25,20,143.0,35.8,7.174,2.38,8,0,0,0,1,0,23.36,0,0,6,2026-06,4
FBJ-0032,2026-06-21,Noche,B,Cable,,302,,25,20,143.0,35.8,5.135,2.07,5,0,0,0,1,0,18.43,0,0,6,2026-06,4
FBJ-0033,2026-06-21,Noche,B,Antena,AP-01,719,-77.6,25,20,143.0,35.8,3.134,2.81,2,0,0,0,1,0,9.41,1,0,6,2026-06,4
FBJ-0034,2026-06-21,Noche,B,Antena,AP-02,604,-72.2,25,20,143.0,35.8,3.658,2.67,4,0,0,0,1,0,11.68,1,0,6,2026-06,4
FBJ-0041,2026-06-21,Noche,B,Antena,AP-02,509,-69.1,25,20,143.0,35.8,2.279,1.56,7,0,0,0,1,0,12.42,1,0,6,2026-06,4
FBJ-0042,2026-06-21,Noche,B,Antena,AP-01,176,-53.0,25,20,143.0,35.8,3.685,1.9,3,0,0,0,1,0,18.07,1,0,6,2026-06,4
FBJ-0043,2026-06-21,Noche,B,Cable,,318,,25,20,143.0,35.8,5.887,2.59,3,1,32,0,1,0,15.34,0,0,6,2026-06,4
FBJ-0044,2026-06-21,Noche,B,Cable,,86,,25,20,143.0,35.8,8.445,3.63,1,0,0,0,1,0,23.18,0,0,6,2026-06,4
FBJ-0045,2026-06-21,Noche,B,Antena,AP-02,848,-81.7,25,20,143.0,35.8,3.374,2.71,7,1,4,0,1,0,11.44,1,0,6,2026-06,4
FBJ-0046,2026-06-21,Noche,B,Antena,AP-01,177,-50.9,25,20,143.0,35.8,7.809,3.03,8,0,0,0,1,0,17.46,1,0,6,2026-06,4
FBJ-0048,2026-06-21,Noche,B,Antena,AP-01,721,-80.9,25,20,143.0,35.8,2.742,2.65,1,1,32,0,1,0,8.91,1,0,6,2026-06,4
FBJ-0049,2026-06-21,Noche,B,Cable,,350,,25,20,143.0,35.8,5.322,1.83,7,0,0,0,1,0,18.31,0,0,6,2026-06,4
FBJ-0050,2026-06-21,Noche,B,Antena,AP-02,277,-61.0,25,20,143.0,35.8,6.592,3.94,4,0,0,0,1,0,14.91,1,0,6,2026-06,4
FBJ-0051,2026-06-21,Noche,B,Cable,,42,,25,20,143.0,35.8,9.279,3.23,5,0,0,0,1,0,22.39,0,0,6,2026-06,4
FBJ-0052,2026-06-21,Noche,B,Cable,,288,,25,20,143.0,35.8,10.78,3.68,6,0,0,0,1,0,23.04,0,0,6,2026-06,4
FBJ-0053,2026-06-21,Noche,B,Antena,AP-01,245,-55.9,25,20,143.0,35.8,3.655,1.15,6,0,0,0,1,0,19.39,1,0,6,2026-06,4
FBJ-0054,2026-06-21,Noche,B,Antena,AP-02,302,-59.5,25,20,143.0,35.8,3.091,2.45,2,0,0,0,1,0,12.29,1,0,6,2026-06,4
FBJ-0057,2026-06-21,Noche,B,Antena,AP-01,851,-81.4,25,20,143.0,35.8,3.923,1.99,6,1,39,0,1,0,14.02,1,0,6,2026-06,4
FBJ-0058,2026-06-21,Noche,B,Antena,AP-02,308,-59.0,25,20,143.0,35.8,1.803,1.31,3,1,14,0,1,0,13.81,1,0,6,2026-06,4
FBJ-0059,2026-06-21,Noche,B,Cable,,107,,25,20,143.0,35.8,5.739,2.17,1,0,0,0,1,0,22.16,0,0,6,2026-06,4
FBJ-0060,2026-06-21,Noche,B,Cable,,110,,25,20,143.0,35.8,7.56,3.25,3,0,0,0,1,0,20.29,0,0,6,2026-06,4
FBJ-0001,2026-06-22,Madrugada,A,Antena,AP-01,625,-74.5,6,5,45.0,11.3,1.783,1.04,5,0,0,0,0,0,16.05,1,0,0,2026-06,1
FBJ-0025,2026-06-22,Madrugada,A,Antena,AP-01,575,-73.2,6,5,45.0,11.3,1.061,0.41,1,0,0,0,0,0,21.85,1,0,0,2026-06,1
FBJ-0037,2026-06-22,Madrugada,B,Cable,,205,,2,1,7.3,1.8,2.223,0.61,8,0,0,0,0,0,35.0,0,1,0,2026-06,1
FBJ-0040,2026-06-22,Madrugada,B,Antena,AP-01,564,-73.1,2,1,7.3,1.8,0.327,0.2,7,0,0,0,0,0,16.77,1,0,0,2026-06,1
FBJ-0041,2026-06-22,Madrugada,B,Antena,AP-02,509,-69.1,2,1,7.3,1.8,4.294,1.54,8,0,0,0,0,0,17.25,1,0,0,2026-06,1
FBJ-0042,2026-06-22,Madrugada,B,Antena,AP-01,176,-53.0,2,1,7.3,1.8,5.243,1.94,5,0,0,0,0,0,27.91,1,0,0,2026-06,1
FBJ-0045,2026-06-22,Madrugada,B,Antena,AP-02,848,-81.7,2,1,7.3,1.8,4.037,1.62,2,0,0,0,0,0,22.32,1,0,0,2026-06,1
FBJ-0054,2026-06-22,Madrugada,B,Antena,AP-02,302,-59.5,2,1,7.3,1.8,3.999,1.12,8,0,0,0,0,0,27.6,1,0,0,2026-06,1
FBJ-0003,2026-06-22,Mañana,A,Antena,AP-02,392,-66.0,9,7,107.9,27.0,6.205,1.95,7,0,0,0,0,0,20.24,1,0,0,2026-06,2
FBJ-0007,2026-06-22,Mañana,A,Antena,AP-02,594,-68.6,9,7,107.9,27.0,2.633,1.46,6,1,13,0,0,0,17.9,1,0,0,2026-06,2
FBJ-0010,2026-06-22,Mañana,A,Antena,AP-01,482,-67.3,9,7,107.9,27.0,0.371,0.2,8,1,4,0,0,0,16.73,1,0,0,2026-06,2
FBJ-0013,2026-06-22,Mañana,A,Antena,AP-02,111,-56.0,9,7,107.9,27.0,11.727,2.69,2,1,28,0,0,0,35.0,1,1,0,2026-06,2
FBJ-0014,2026-06-22,Mañana,A,Antena,AP-01,319,-62.5,9,7,107.9,27.0,2.231,0.88,7,0,0,0,0,0,23.03,1,0,0,2026-06,2
FBJ-0018,2026-06-22,Mañana,A,Cable,,281,,9,7,107.9,27.0,5.99,1.6,7,0,0,0,0,0,35.0,0,1,0,2026-06,2
FBJ-0019,2026-06-22,Mañana,A,Cable,,81,,9,7,107.9,27.0,2.15,0.42,3,0,0,0,0,0,34.98,0,1,0,2026-06,2
FBJ-0023,2026-06-22,Mañana,A,Antena,AP-01,872,-78.5,9,7,107.9,27.0,2.015,1.14,8,0,0,0,0,0,18.37,1,0,0,2026-06,2
FBJ-0024,2026-06-22,Mañana,A,Antena,AP-02,169,-58.3,9,7,107.9,27.0,6.372,1.45,1,0,0,0,0,0,30.04,1,0,0,2026-06,2
FBJ-0029,2026-06-22,Mañana,A,Cable,,251,,9,7,107.9,27.0,15.066,3.25,6,0,0,0,0,0,35.0,0,1,0,2026-06,2
FBJ-0034,2026-06-22,Mañana,B,Antena,AP-02,604,-72.2,11,9,55.9,14.0,6.199,1.82,7,0,0,0,0,0,23.34,1,0,0,2026-06,2
FBJ-0039,2026-06-22,Mañana,B,Cable,,288,,11,9,55.9,14.0,6.72,2.07,1,0,0,0,0,0,34.12,0,0,0,2026-06,2
FBJ-0044,2026-06-22,Mañana,B,Cable,,86,,11,9,55.9,14.0,11.165,2.61,1,1,9,0,0,0,33.41,0,0,0,2026-06,2
FBJ-0047,2026-06-22,Mañana,B,Antena,AP-02,453,-71.2,11,9,55.9,14.0,2.54,1.37,8,0,0,0,0,0,19.48,1,0,0,2026-06,2
FBJ-0048,2026-06-22,Mañana,B,Antena,AP-01,721,-80.9,11,9,55.9,14.0,7.096,2.5,8,1,28,0,0,0,21.6,1,0,0,2026-06,2
FBJ-0049,2026-06-22,Mañana,B,Cable,,350,,11,9,55.9,14.0,8.442,1.87,6,1,5,0,0,0,32.85,0,0,0,2026-06,2
FBJ-0053,2026-06-22,Mañana,B,Antena,AP-01,245,-55.9,11,9,55.9,14.0,5.205,1.29,8,0,0,0,0,0,34.34,1,0,0,2026-06,2
FBJ-0054,2026-06-22,Mañana,B,Antena,AP-02,302,-59.5,11,9,55.9,14.0,6.015,2.01,1,0,0,0,0,0,24.46,1,0,0,2026-06,2
FBJ-0056,2026-06-22,Mañana,B,Antena,AP-02,549,-70.0,11,9,55.9,14.0,3.552,1.01,7,0,0,0,0,0,20.71,1,0,0,2026-06,2
FBJ-0059,2026-06-22,Mañana,B,Cable,,107,,11,9,55.9,14.0,4.107,1.03,3,0,0,0,0,0,35.0,0,1,0,2026-06,2
FBJ-0001,2026-06-22,Tarde,A,Antena,AP-01,625,-74.5,11,5,46.3,11.6,4.103,2.01,6,0,0,0,0,0,19.33,1,0,0,2026-06,3
FBJ-0004,2026-06-22,Tarde,A,Cable,,322,,11,5,46.3,11.6,3.591,1.17,1,0,0,0,0,0,33.26,0,0,0,2026-06,3
FBJ-0005,2026-06-22,Tarde,A,Cable,,179,,11,5,46.3,11.6,7.046,1.6,6,0,0,0,0,0,29.05,0,0,0,2026-06,3
FBJ-0007,2026-06-22,Tarde,A,Antena,AP-02,594,-68.6,11,5,46.3,11.6,1.739,0.69,3,0,0,0,0,0,17.57,1,0,0,2026-06,3
FBJ-0010,2026-06-22,Tarde,A,Antena,AP-01,482,-67.3,11,5,46.3,11.6,5.11,1.57,8,0,0,0,0,0,20.99,1,0,0,2026-06,3
FBJ-0011,2026-06-22,Tarde,A,Antena,AP-02,440,-67.1,11,5,46.3,11.6,3.471,1.8,7,0,0,0,0,0,18.85,1,0,0,2026-06,3
FBJ-0014,2026-06-22,Tarde,A,Antena,AP-01,319,-62.5,11,5,46.3,11.6,3.649,1.1,3,0,0,0,0,0,25.48,1,0,0,2026-06,3
FBJ-0015,2026-06-22,Tarde,A,Antena,AP-02,894,-83.5,11,5,46.3,11.6,1.484,0.87,1,0,0,0,0,0,17.34,1,0,0,2026-06,3
FBJ-0018,2026-06-22,Tarde,A,Cable,,281,,11,5,46.3,11.6,6.636,1.66,1,0,0,0,0,0,35.0,0,1,0,2026-06,3
FBJ-0020,2026-06-22,Tarde,A,Antena,AP-01,244,-60.1,11,5,46.3,11.6,1.229,0.32,4,1,19,0,0,0,27.85,1,0,0,2026-06,3
FBJ-0022,2026-06-22,Tarde,A,Antena,AP-02,838,-82.4,11,5,46.3,11.6,5.567,2.58,4,0,0,0,0,0,20.95,1,0,0,2026-06,3
FBJ-0026,2026-06-22,Tarde,A,Antena,AP-02,283,-64.0,11,5,46.3,11.6,2.968,1.76,4,0,0,0,0,0,17.28,1,0,0,2026-06,3
FBJ-0029,2026-06-22,Tarde,A,Cable,,251,,11,5,46.3,11.6,3.849,1.1,4,0,0,0,0,0,35.0,0,1,0,2026-06,3
FBJ-0031,2026-06-22,Tarde,B,Cable,,202,,12,10,91.8,22.9,10.014,2.37,2,0,0,0,0,0,33.94,0,0,0,2026-06,3
FBJ-0032,2026-06-22,Tarde,B,Cable,,302,,12,10,91.8,22.9,3.561,1.21,6,0,0,0,0,0,33.77,0,0,0,2026-06,3
FBJ-0034,2026-06-22,Tarde,B,Antena,AP-02,604,-72.2,12,10,91.8,22.9,1.424,0.84,8,0,0,0,0,0,16.67,1,0,0,2026-06,3
FBJ-0040,2026-06-22,Tarde,B,Antena,AP-01,564,-73.1,12,10,91.8,22.9,3.406,1.74,6,1,30,0,0,0,14.5,1,0,0,2026-06,3
FBJ-0042,2026-06-22,Tarde,B,Antena,AP-01,176,-53.0,12,10,91.8,22.9,4.574,1.09,8,0,0,0,0,0,27.56,1,0,0,2026-06,3
FBJ-0043,2026-06-22,Tarde,B,Cable,,318,,12,10,91.8,22.9,5.144,1.36,8,1,14,0,0,0,26.78,0,0,0,2026-06,3
FBJ-0044,2026-06-22,Tarde,B,Cable,,86,,12,10,91.8,22.9,2.617,0.86,2,0,0,0,0,0,35.0,0,1,0,2026-06,3
FBJ-0045,2026-06-22,Tarde,B,Antena,AP-02,848,-81.7,12,10,91.8,22.9,4.644,1.88,5,1,8,0,0,0,15.75,1,0,0,2026-06,3
FBJ-0047,2026-06-22,Tarde,B,Antena,AP-02,453,-71.2,12,10,91.8,22.9,2.216,1.35,5,0,0,0,0,0,14.41,1,0,0,2026-06,3
FBJ-0050,2026-06-22,Tarde,B,Antena,AP-02,277,-61.0,12,10,91.8,22.9,4.464,1.79,4,0,0,0,0,0,23.36,1,0,0,2026-06,3
FBJ-0053,2026-06-22,Tarde,B,Antena,AP-01,245,-55.9,12,10,91.8,22.9,6.667,1.6,3,0,0,0,0,0,26.94,1,0,0,2026-06,3
FBJ-0057,2026-06-22,Tarde,B,Antena,AP-01,851,-81.4,12,10,91.8,22.9,2.016,1.55,6,0,0,0,0,0,13.8,1,0,0,2026-06,3
FBJ-0058,2026-06-22,Tarde,B,Antena,AP-02,308,-59.0,12,10,91.8,22.9,2.612,1.17,8,0,0,0,0,0,18.42,1,0,0,2026-06,3
FBJ-0059,2026-06-22,Tarde,B,Cable,,107,,12,10,91.8,22.9,2.929,1.01,5,0,0,0,0,0,28.72,0,0,0,2026-06,3
FBJ-0001,2026-06-22,Noche,A,Antena,AP-01,625,-74.5,14,10,112.4,28.1,4.595,1.57,4,0,0,0,0,0,20.43,1,0,0,2026-06,4
FBJ-0007,2026-06-22,Noche,A,Antena,AP-02,594,-68.6,14,10,112.4,28.1,4.996,2.53,8,0,0,0,0,0,15.7,1,0,0,2026-06,4
FBJ-0009,2026-06-22,Noche,A,Antena,AP-02,565,-72.0,14,10,112.4,28.1,10.631,3.44,4,0,0,0,0,0,21.37,1,0,0,2026-06,4
FBJ-0010,2026-06-22,Noche,A,Antena,AP-01,482,-67.3,14,10,112.4,28.1,9.222,3.56,3,0,0,0,0,0,22.61,1,0,0,2026-06,4
FBJ-0012,2026-06-22,Noche,A,Antena,AP-01,631,-74.1,14,10,112.4,28.1,4.429,2.06,7,0,0,0,0,0,16.69,1,0,0,2026-06,4
FBJ-0015,2026-06-22,Noche,A,Antena,AP-02,894,-83.5,14,10,112.4,28.1,3.844,2.3,2,1,23,0,0,0,15.55,1,0,0,2026-06,4
FBJ-0019,2026-06-22,Noche,A,Cable,,81,,14,10,112.4,28.1,10.779,2.08,5,1,26,0,0,0,35.0,0,1,0,2026-06,4
FBJ-0020,2026-06-22,Noche,A,Antena,AP-01,244,-60.1,14,10,112.4,28.1,9.239,2.12,1,0,0,0,0,0,29.4,1,0,0,2026-06,4
FBJ-0021,2026-06-22,Noche,A,Cable,,163,,14,10,112.4,28.1,12.275,2.78,7,0,0,0,0,0,30.81,0,0,0,2026-06,4
FBJ-0026,2026-06-22,Noche,A,Antena,AP-02,283,-64.0,14,10,112.4,28.1,3.519,2.06,3,0,0,0,0,0,19.83,1,0,0,2026-06,4
FBJ-0027,2026-06-22,Noche,A,Cable,,85,,14,10,112.4,28.1,13.77,3.44,6,0,0,0,0,0,35.0,0,1,0,2026-06,4
FBJ-0030,2026-06-22,Noche,A,Antena,AP-02,116,-54.6,14,10,112.4,28.1,6.86,2.11,8,0,0,0,0,0,29.83,1,0,0,2026-06,4
FBJ-0032,2026-06-22,Noche,B,Cable,,302,,20,12,110.9,27.7,7.358,1.9,3,0,0,0,0,0,35.0,0,1,0,2026-06,4
FBJ-0034,2026-06-22,Noche,B,Antena,AP-02,604,-72.2,20,12,110.9,27.7,6.533,2.36,1,0,0,0,0,0,22.57,1,0,0,2026-06,4
FBJ-0036,2026-06-22,Noche,B,Antena,AP-01,831,-77.3,20,12,110.9,27.7,9.151,3.76,4,0,0,0,0,0,18.05,1,0,0,2026-06,4
FBJ-0037,2026-06-22,Noche,B,Cable,,205,,20,12,110.9,27.7,11.447,2.99,5,0,0,0,0,0,35.0,0,1,0,2026-06,4
FBJ-0039,2026-06-22,Noche,B,Cable,,288,,20,12,110.9,27.7,11.044,2.93,2,0,0,0,0,0,34.12,0,0,0,2026-06,4
FBJ-0042,2026-06-22,Noche,B,Antena,AP-01,176,-53.0,20,12,110.9,27.7,6.84,1.93,8,0,0,0,0,0,33.49,1,0,0,2026-06,4
FBJ-0045,2026-06-22,Noche,B,Antena,AP-02,848,-81.7,20,12,110.9,27.7,5.334,2.42,6,0,0,0,0,0,19.6,1,0,0,2026-06,4
FBJ-0046,2026-06-22,Noche,B,Antena,AP-01,177,-50.9,20,12,110.9,27.7,8.412,1.88,5,0,0,0,0,0,27.27,1,0,0,2026-06,4
FBJ-0047,2026-06-22,Noche,B,Antena,AP-02,453,-71.2,20,12,110.9,27.7,6.328,2.76,7,0,0,0,0,0,20.56,1,0,0,2026-06,4
FBJ-0048,2026-06-22,Noche,B,Antena,AP-01,721,-80.9,20,12,110.9,27.7,6.356,2.79,8,0,0,0,0,0,17.05,1,0,0,2026-06,4
FBJ-0049,2026-06-22,Noche,B,Cable,,350,,20,12,110.9,27.7,9.172,2.74,5,0,0,0,0,0,28.29,0,0,0,2026-06,4
FBJ-0050,2026-06-22,Noche,B,Antena,AP-02,277,-61.0,20,12,110.9,27.7,7.443,2.97,8,0,0,0,0,0,24.7,1,0,0,2026-06,4
FBJ-0053,2026-06-22,Noche,B,Antena,AP-01,245,-55.9,20,12,110.9,27.7,7.987,2.2,5,0,0,0,0,0,28.56,1,0,0,2026-06,4
FBJ-0054,2026-06-22,Noche,B,Antena,AP-02,302,-59.5,20,12,110.9,27.7,7.193,2.48,3,0,0,0,0,0,24.32,1,0,0,2026-06,4
FBJ-0056,2026-06-22,Noche,B,Antena,AP-02,549,-70.0,20,12,110.9,27.7,3.746,2.16,1,0,0,0,0,0,12.15,1,0,0,2026-06,4
FBJ-0059,2026-06-22,Noche,B,Cable,,107,,20,12,110.9,27.7,15.26,3.05,3,0,0,0,0,0,35.0,0,1,0,2026-06,4
FBJ-0060,2026-06-22,Noche,B,Cable,,110,,20,12,110.9,27.7,5.53,1.96,2,0,0,0,0,0,28.72,0,0,0,2026-06,4
FBJ-0019,2026-06-23,Madrugada,A,Cable,,81,,2,2,12.8,3.2,7.413,1.6,7,0,0,0,0,0,35.0,0,1,1,2026-06,1
FBJ-0026,2026-06-23,Madrugada,A,Antena,AP-02,283,-64.0,2,2,12.8,3.2,1.714,0.92,4,1,31,0,0,0,21.73,1,0,1,2026-06,1
FBJ-0039,2026-06-23,Madrugada,B,Cable,,288,,3,2,18.7,4.7,6.64,1.54,1,0,0,0,0,0,29.43,0,0,1,2026-06,1
FBJ-0001,2026-06-23,Mañana,A,Antena,AP-01,625,-74.5,12,7,127.9,32.0,3.942,2.48,6,0,0,0,0,0,15.58,1,0,1,2026-06,2
FBJ-0004,2026-06-23,Mañana,A,Cable,,322,,12,7,127.9,32.0,5.13,1.79,2,0,0,0,0,0,32.14,0,0,1,2026-06,2
FBJ-0011,2026-06-23,Mañana,A,Antena,AP-02,440,-67.1,12,7,127.9,32.0,3.213,1.64,3,0,0,0,0,0,15.4,1,0,1,2026-06,2
FBJ-0019,2026-06-23,Mañana,A,Cable,,81,,12,7,127.9,32.0,14.652,3.52,2,0,0,0,0,0,31.42,0,0,1,2026-06,2
FBJ-0020,2026-06-23,Mañana,A,Antena,AP-01,244,-60.1,12,7,127.9,32.0,3.607,1.09,7,0,0,0,0,0,27.0,1,0,1,2026-06,2
FBJ-0023,2026-06-23,Mañana,A,Antena,AP-01,872,-78.5,12,7,127.9,32.0,3.541,2.04,1,1,19,0,0,0,14.03,1,0,1,2026-06,2
FBJ-0026,2026-06-23,Mañana,A,Antena,AP-02,283,-64.0,12,7,127.9,32.0,4.989,1.86,5,0,0,0,0,0,21.98,1,0,1,2026-06,2
FBJ-0027,2026-06-23,Mañana,A,Cable,,85,,12,7,127.9,32.0,4.435,1.1,8,0,0,0,0,0,35.0,0,1,1,2026-06,2
FBJ-0029,2026-06-23,Mañana,A,Cable,,251,,12,7,127.9,32.0,2.277,0.61,2,0,0,0,0,0,35.0,0,1,1,2026-06,2
FBJ-0031,2026-06-23,Mañana,B,Cable,,202,,8,4,24.8,6.2,3.391,1.02,3,0,0,0,0,0,35.0,0,1,1,2026-06,2
FBJ-0033,2026-06-23,Mañana,B,Antena,AP-01,719,-77.6,8,4,24.8,6.2,3.325,1.53,4,0,0,0,0,0,15.67,1,0,1,2026-06,2
FBJ-0037,2026-06-23,Mañana,B,Cable,,205,,8,4,24.8,6.2,2.69,0.8,1,0,0,0,0,0,31.83,0,0,1,2026-06,2
FBJ-0039,2026-06-23,Mañana,B,Cable,,288,,8,4,24.8,6.2,13.293,2.51,2,1,9,0,0,0,35.0,0,1,1,2026-06,2
FBJ-0001,2026-06-23,Tarde,A,Antena,AP-01,625,-74.5,13,8,63.5,15.9,4.707,2.31,5,0,0,0,0,0,13.96,1,0,1,2026-06,3
FBJ-0003,2026-06-23,Tarde,A,Antena,AP-02,392,-66.0,13,8,63.5,15.9,2.215,1.02,7,0,0,0,0,0,18.15,1,0,1,2026-06,3
FBJ-0004,2026-06-23,Tarde,A,Cable,,322,,13,8,63.5,15.9,5.442,1.46,7,0,0,0,0,0,28.35,0,0,1,2026-06,3
FBJ-0007,2026-06-23,Tarde,A,Antena,AP-02,594,-68.6,13,8,63.5,15.9,4.219,1.65,6,1,5,0,0,0,21.99,1,0,1,2026-06,3
FBJ-0009,2026-06-23,Tarde,A,Antena,AP-02,565,-72.0,13,8,63.5,15.9,3.849,1.75,4,0,0,0,0,0,16.88,1,0,1,2026-06,3
FBJ-0010,2026-06-23,Tarde,A,Antena,AP-01,482,-67.3,13,8,63.5,15.9,4.341,1.93,8,0,0,0,0,0,14.9,1,0,1,2026-06,3
FBJ-0012,2026-06-23,Tarde,A,Antena,AP-01,631,-74.1,13,8,63.5,15.9,2.28,1.15,6,0,0,0,0,0,20.79,1,0,1,2026-06,3
FBJ-0013,2026-06-23,Tarde,A,Antena,AP-02,111,-56.0,13,8,63.5,15.9,4.308,1.67,8,0,0,0,0,0,25.21,1,0,1,2026-06,3
FBJ-0015,2026-06-23,Tarde,A,Antena,AP-02,894,-83.5,13,8,63.5,15.9,2.752,1.69,3,3,96,0,0,0,14.51,1,0,1,2026-06,3
FBJ-0018,2026-06-23,Tarde,A,Cable,,281,,13,8,63.5,15.9,4.597,1.28,1,0,0,0,0,0,35.0,0,1,1,2026-06,3
FBJ-0020,2026-06-23,Tarde,A,Antena,AP-01,244,-60.1,13,8,63.5,15.9,5.516,2.0,8,0,0,0,0,0,20.02,1,0,1,2026-06,3
FBJ-0026,2026-06-23,Tarde,A,Antena,AP-02,283,-64.0,13,8,63.5,15.9,1.588,0.88,3,0,0,0,0,0,16.91,1,0,1,2026-06,3
FBJ-0027,2026-06-23,Tarde,A,Cable,,85,,13,8,63.5,15.9,3.669,0.99,3,0,0,0,0,0,33.67,0,0,1,2026-06,3
FBJ-0032,2026-06-23,Tarde,B,Cable,,302,,8,7,94.9,23.7,8.217,2.5,6,0,0,0,0,0,35.0,0,1,1,2026-06,3
FBJ-0033,2026-06-23,Tarde,B,Antena,AP-01,719,-77.6,8,7,94.9,23.7,1.594,0.5,2,1,35,0,0,0,19.5,1,0,1,2026-06,3
FBJ-0034,2026-06-23,Tarde,B,Antena,AP-02,604,-72.2,8,7,94.9,23.7,2.921,1.67,8,0,0,0,0,0,14.23,1,0,1,2026-06,3
FBJ-0036,2026-06-23,Tarde,B,Antena,AP-01,831,-77.3,8,7,94.9,23.7,2.861,1.14,6,0,0,0,0,0,17.63,1,0,1,2026-06,3
FBJ-0037,2026-06-23,Tarde,B,Cable,,205,,8,7,94.9,23.7,3.063,0.71,6,0,0,0,0,0,35.0,0,1,1,2026-06,3
FBJ-0043,2026-06-23,Tarde,B,Cable,,318,,8,7,94.9,23.7,2.574,0.59,5,0,0,0,0,0,35.0,0,1,1,2026-06,3
FBJ-0045,2026-06-23,Tarde,B,Antena,AP-02,848,-81.7,8,7,94.9,23.7,3.34,1.56,1,0,0,0,0,0,15.02,1,0,1,2026-06,3
FBJ-0046,2026-06-23,Tarde,B,Antena,AP-01,177,-50.9,8,7,94.9,23.7,4.433,0.78,7,0,0,0,0,0,34.16,1,0,1,2026-06,3
FBJ-0048,2026-06-23,Tarde,B,Antena,AP-01,721,-80.9,8,7,94.9,23.7,1.164,0.59,3,2,58,0,0,0,19.42,1,0,1,2026-06,3
FBJ-0049,2026-06-23,Tarde,B,Cable,,350,,8,7,94.9,23.7,16.901,3.0,6,0,0,0,0,0,33.95,0,0,1,2026-06,3
FBJ-0051,2026-06-23,Tarde,B,Cable,,42,,8,7,94.9,23.7,5.572,1.53,1,0,0,0,0,0,28.8,0,0,1,2026-06,3
FBJ-0053,2026-06-23,Tarde,B,Antena,AP-01,245,-55.9,8,7,94.9,23.7,0.79,0.2,6,0,0,0,0,0,24.82,1,0,1,2026-06,3
FBJ-0057,2026-06-23,Tarde,B,Antena,AP-01,851,-81.4,8,7,94.9,23.7,4.329,1.64,5,0,0,0,0,0,18.14,1,0,1,2026-06,3
FBJ-0058,2026-06-23,Tarde,B,Antena,AP-02,308,-59.0,8,7,94.9,23.7,6.207,1.99,1,0,0,0,0,0,22.72,1,0,1,2026-06,3
FBJ-0059,2026-06-23,Tarde,B,Cable,,107,,8,7,94.9,23.7,7.641,2.21,3,0,0,0,0,0,26.76,0,0,1,2026-06,3
FBJ-0001,2026-06-23,Noche,A,Antena,AP-01,625,-74.5,17,15,131.7,32.9,4.03,2.23,6,1,11,0,0,0,12.73,1,0,1,2026-06,4
FBJ-0003,2026-06-23,Noche,A,Antena,AP-02,392,-66.0,17,15,131.7,32.9,5.305,2.36,3,0,0,0,0,0,14.82,1,0,1,2026-06,4
FBJ-0007,2026-06-23,Noche,A,Antena,AP-02,594,-68.6,17,15,131.7,32.9,6.052,3.23,1,0,0,0,0,0,13.54,1,0,1,2026-06,4
FBJ-0009,2026-06-23,Noche,A,Antena,AP-02,565,-72.0,17,15,131.7,32.9,4.765,1.68,7,0,0,0,0,0,19.49,1,0,1,2026-06,4
FBJ-0011,2026-06-23,Noche,A,Antena,AP-02,440,-67.1,17,15,131.7,32.9,3.432,1.75,2,0,0,0,0,0,16.7,1,0,1,2026-06,4
FBJ-0012,2026-06-23,Noche,A,Antena,AP-01,631,-74.1,17,15,131.7,32.9,5.102,3.5,5,0,0,0,0,0,16.22,1,0,1,2026-06,4
FBJ-0014,2026-06-23,Noche,A,Antena,AP-01,319,-62.5,17,15,131.7,32.9,7.169,3.07,8,0,0,0,0,0,16.87,1,0,1,2026-06,4
FBJ-0018,2026-06-23,Noche,A,Cable,,281,,17,15,131.7,32.9,3.756,1.23,5,0,0,0,0,0,25.44,0,0,1,2026-06,4
FBJ-0020,2026-06-23,Noche,A,Antena,AP-01,244,-60.1,17,15,131.7,32.9,4.368,1.78,7,0,0,0,0,0,21.92,1,0,1,2026-06,4
FBJ-0021,2026-06-23,Noche,A,Cable,,163,,17,15,131.7,32.9,12.014,3.55,7,0,0,0,0,0,24.15,0,0,1,2026-06,4
FBJ-0022,2026-06-23,Noche,A,Antena,AP-02,838,-82.4,17,15,131.7,32.9,6.083,2.67,7,1,14,0,0,0,18.2,1,0,1,2026-06,4
FBJ-0023,2026-06-23,Noche,A,Antena,AP-01,872,-78.5,17,15,131.7,32.9,3.557,2.53,4,0,0,0,0,0,10.79,1,0,1,2026-06,4
FBJ-0024,2026-06-23,Noche,A,Antena,AP-02,169,-58.3,17,15,131.7,32.9,10.02,3.68,6,0,0,0,0,0,21.79,1,0,1,2026-06,4
FBJ-0025,2026-06-23,Noche,A,Antena,AP-01,575,-73.2,17,15,131.7,32.9,3.184,2.78,1,0,0,0,0,0,13.94,1,0,1,2026-06,4
FBJ-0027,2026-06-23,Noche,A,Cable,,85,,17,15,131.7,32.9,10.599,3.91,7,0,0,0,0,0,23.58,0,0,1,2026-06,4
FBJ-0031,2026-06-23,Noche,B,Cable,,202,,17,14,134.3,33.6,8.033,2.56,8,0,0,0,0,0,33.44,0,0,1,2026-06,4
FBJ-0032,2026-06-23,Noche,B,Cable,,302,,17,14,134.3,33.6,10.288,3.19,2,0,0,0,0,0,26.58,0,0,1,2026-06,4
FBJ-0033,2026-06-23,Noche,B,Antena,AP-01,719,-77.6,17,14,134.3,33.6,2.729,1.23,1,0,0,0,0,0,14.21,1,0,1,2026-06,4
FBJ-0035,2026-06-23,Noche,B,Cable,,154,,17,14,134.3,33.6,9.116,2.64,7,0,0,0,0,0,24.74,0,0,1,2026-06,4
FBJ-0036,2026-06-23,Noche,B,Antena,AP-01,831,-77.3,17,14,134.3,33.6,2.779,1.23,6,0,0,0,0,0,17.72,1,0,1,2026-06,4
FBJ-0037,2026-06-23,Noche,B,Cable,,205,,17,14,134.3,33.6,3.758,1.82,8,0,0,0,0,0,21.63,0,0,1,2026-06,4
FBJ-0039,2026-06-23,Noche,B,Cable,,288,,17,14,134.3,33.6,11.112,3.16,3,0,0,0,0,0,31.54,0,0,1,2026-06,4
FBJ-0041,2026-06-23,Noche,B,Antena,AP-02,509,-69.1,17,14,134.3,33.6,2.992,2.15,5,0,0,0,0,0,13.91,1,0,1,2026-06,4
FBJ-0045,2026-06-23,Noche,B,Antena,AP-02,848,-81.7,17,14,134.3,33.6,5.061,1.99,7,0,0,0,0,0,16.68,1,0,1,2026-06,4
FBJ-0046,2026-06-23,Noche,B,Antena,AP-01,177,-50.9,17,14,134.3,33.6,14.34,2.6,4,0,0,0,0,0,33.57,1,0,1,2026-06,4
FBJ-0048,2026-06-23,Noche,B,Antena,AP-01,721,-80.9,17,14,134.3,33.6,5.233,3.03,2,0,0,0,0,0,16.69,1,0,1,2026-06,4
FBJ-0049,2026-06-23,Noche,B,Cable,,350,,17,14,134.3,33.6,8.694,2.18,1,0,0,0,0,0,27.98,0,0,1,2026-06,4
FBJ-0050,2026-06-23,Noche,B,Antena,AP-02,277,-61.0,17,14,134.3,33.6,4.852,2.54,6,0,0,0,0,0,15.1,1,0,1,2026-06,4
FBJ-0052,2026-06-23,Noche,B,Cable,,288,,17,14,134.3,33.6,2.949,0.92,5,0,0,0,0,0,31.77,0,0,1,2026-06,4
FBJ-0053,2026-06-23,Noche,B,Antena,AP-01,245,-55.9,17,14,134.3,33.6,5.883,1.63,4,0,0,0,0,0,23.4,1,0,1,2026-06,4
FBJ-0057,2026-06-23,Noche,B,Antena,AP-01,851,-81.4,17,14,134.3,33.6,5.447,3.65,3,0,0,0,0,0,14.01,1,0,1,2026-06,4
FBJ-0059,2026-06-23,Noche,B,Cable,,107,,17,14,134.3,33.6,17.82,3.68,6,0,0,0,0,0,35.0,0,1,1,2026-06,4
FBJ-0007,2026-06-24,Madrugada,A,Antena,AP-02,594,-68.6,2,1,10.2,2.6,1.393,0.62,3,0,0,0,0,0,20.56,1,0,2,2026-06,1
FBJ-0019,2026-06-24,Madrugada,A,Cable,,81,,2,1,10.2,2.6,3.486,1.42,4,0,0,0,0,0,26.0,0,0,2,2026-06,1
FBJ-0023,2026-06-24,Madrugada,A,Antena,AP-01,872,-78.5,2,1,10.2,2.6,0.48,0.2,2,1,27,0,0,0,20.68,1,0,2,2026-06,1
FBJ-0024,2026-06-24,Madrugada,A,Antena,AP-02,169,-58.3,2,1,10.2,2.6,7.338,1.79,4,0,0,0,0,0,35.0,1,1,2,2026-06,1
FBJ-0030,2026-06-24,Madrugada,A,Antena,AP-02,116,-54.6,2,1,10.2,2.6,4.78,1.37,2,0,0,0,0,0,26.29,1,0,2,2026-06,1
FBJ-0044,2026-06-24,Madrugada,B,Cable,,86,,5,4,28.3,7.1,4.186,1.05,2,0,0,0,0,0,35.0,0,1,2,2026-06,1
FBJ-0004,2026-06-24,Mañana,A,Cable,,322,,7,6,70.5,17.6,2.616,0.97,2,0,0,0,0,0,25.32,0,0,2,2026-06,2
FBJ-0009,2026-06-24,Mañana,A,Antena,AP-02,565,-72.0,7,6,70.5,17.6,3.584,2.3,5,1,33,0,0,0,15.61,1,0,2,2026-06,2
FBJ-0012,2026-06-24,Mañana,A,Antena,AP-01,631,-74.1,7,6,70.5,17.6,7.115,3.33,8,0,0,0,0,0,19.83,1,0,2,2026-06,2
FBJ-0020,2026-06-24,Mañana,A,Antena,AP-01,244,-60.1,7,6,70.5,17.6,5.45,2.0,1,0,0,0,0,0,22.99,1,0,2,2026-06,2
FBJ-0021,2026-06-24,Mañana,A,Cable,,163,,7,6,70.5,17.6,8.654,2.22,1,0,0,0,0,0,35.0,0,1,2,2026-06,2
FBJ-0025,2026-06-24,Mañana,A,Antena,AP-01,575,-73.2,7,6,70.5,17.6,0.241,0.2,8,0,0,0,0,0,12.83,1,0,2,2026-06,2
FBJ-0026,2026-06-24,Mañana,A,Antena,AP-02,283,-64.0,7,6,70.5,17.6,2.544,1.3,4,1,38,0,0,0,17.76,1,0,2,2026-06,2
FBJ-0031,2026-06-24,Mañana,B,Cable,,202,,3,3,16.3,4.1,8.759,2.31,4,0,0,0,0,0,35.0,0,1,2,2026-06,2
FBJ-0033,2026-06-24,Mañana,B,Antena,AP-01,719,-77.6,3,3,16.3,4.1,6.953,2.16,2,0,0,0,0,0,21.54,1,0,2,2026-06,2
FBJ-0036,2026-06-24,Mañana,B,Antena,AP-01,831,-77.3,3,3,16.3,4.1,7.281,2.79,7,0,0,0,0,0,19.26,1,0,2,2026-06,2
FBJ-0039,2026-06-24,Mañana,B,Cable,,288,,3,3,16.3,4.1,4.835,1.56,5,0,0,0,0,0,32.44,0,0,2,2026-06,2
FBJ-0042,2026-06-24,Mañana,B,Antena,AP-01,176,-53.0,3,3,16.3,4.1,9.418,1.92,1,0,0,0,0,0,35.0,1,1,2,2026-06,2
FBJ-0044,2026-06-24,Mañana,B,Cable,,86,,3,3,16.3,4.1,5.609,1.77,2,0,0,0,0,0,33.99,0,0,2,2026-06,2
FBJ-0048,2026-06-24,Mañana,B,Antena,AP-01,721,-80.9,3,3,16.3,4.1,4.268,1.69,3,1,26,0,0,0,23.35,1,0,2,2026-06,2
FBJ-0049,2026-06-24,Mañana,B,Cable,,350,,3,3,16.3,4.1,11.625,2.9,5,0,0,0,0,0,29.64,0,0,2,2026-06,2
FBJ-0058,2026-06-24,Mañana,B,Antena,AP-02,308,-59.0,3,3,16.3,4.1,5.006,1.91,1,1,6,0,0,0,24.09,1,0,2,2026-06,2
FBJ-0004,2026-06-24,Tarde,A,Cable,,322,,14,12,130.5,32.6,0.594,0.2,2,0,0,0,0,0,26.86,0,0,2,2026-06,3
FBJ-0007,2026-06-24,Tarde,A,Antena,AP-02,594,-68.6,14,12,130.5,32.6,3.606,1.92,8,0,0,0,0,0,16.39,1,0,2,2026-06,3
FBJ-0009,2026-06-24,Tarde,A,Antena,AP-02,565,-72.0,14,12,130.5,32.6,2.968,0.89,4,1,28,0,0,0,21.78,1,0,2,2026-06,3
FBJ-0010,2026-06-24,Tarde,A,Antena,AP-01,482,-67.3,14,12,130.5,32.6,4.447,2.56,3,0,0,0,0,0,15.51,1,0,2,2026-06,3
FBJ-0014,2026-06-24,Tarde,A,Antena,AP-01,319,-62.5,14,12,130.5,32.6,3.681,1.87,4,0,0,0,0,0,18.59,1,0,2,2026-06,3
FBJ-0015,2026-06-24,Tarde,A,Antena,AP-02,894,-83.5,14,12,130.5,32.6,4.439,1.63,1,1,20,0,0,0,21.08,1,0,2,2026-06,3
FBJ-0019,2026-06-24,Tarde,A,Cable,,81,,14,12,130.5,32.6,9.733,2.23,3,0,0,0,0,0,34.96,0,1,2,2026-06,3
FBJ-0020,2026-06-24,Tarde,A,Antena,AP-01,244,-60.1,14,12,130.5,32.6,6.649,2.48,8,0,0,0,0,0,23.79,1,0,2,2026-06,3
FBJ-0021,2026-06-24,Tarde,A,Cable,,163,,14,12,130.5,32.6,4.72,1.32,5,0,0,0,0,0,35.0,0,1,2,2026-06,3
FBJ-0023,2026-06-24,Tarde,A,Antena,AP-01,872,-78.5,14,12,130.5,32.6,2.164,0.94,7,1,31,0,0,0,18.11,1,0,2,2026-06,3
FBJ-0024,2026-06-24,Tarde,A,Antena,AP-02,169,-58.3,14,12,130.5,32.6,3.402,1.32,6,0,0,0,0,0,26.96,1,0,2,2026-06,3
FBJ-0027,2026-06-24,Tarde,A,Cable,,85,,14,12,130.5,32.6,8.615,2.47,7,0,0,0,0,0,27.52,0,0,2,2026-06,3
FBJ-0032,2026-06-24,Tarde,B,Cable,,302,,14,9,84.0,21.0,18.86,3.98,3,0,0,0,0,0,35.0,0,1,2,2026-06,3
FBJ-0033,2026-06-24,Tarde,B,Antena,AP-01,719,-77.6,14,9,84.0,21.0,3.119,1.44,3,0,0,0,0,0,16.49,1,0,2,2026-06,3
FBJ-0034,2026-06-24,Tarde,B,Antena,AP-02,604,-72.2,14,9,84.0,21.0,1.554,0.53,1,0,0,0,0,0,22.14,1,0,2,2026-06,3
FBJ-0035,2026-06-24,Tarde,B,Cable,,154,,14,9,84.0,21.0,9.748,2.43,7,0,0,0,0,0,33.32,0,0,2,2026-06,3
FBJ-0037,2026-06-24,Tarde,B,Cable,,205,,14,9,84.0,21.0,8.171,2.73,3,0,0,0,0,0,34.34,0,0,2,2026-06,3
FBJ-0041,2026-06-24,Tarde,B,Antena,AP-02,509,-69.1,14,9,84.0,21.0,0.812,0.43,3,0,0,0,0,0,18.42,1,0,2,2026-06,3
FBJ-0042,2026-06-24,Tarde,B,Antena,AP-01,176,-53.0,14,9,84.0,21.0,6.963,1.68,6,0,0,0,0,0,32.81,1,0,2,2026-06,3
FBJ-0044,2026-06-24,Tarde,B,Cable,,86,,14,9,84.0,21.0,2.437,0.9,8,0,0,0,0,0,29.18,0,0,2,2026-06,3
FBJ-0046,2026-06-24,Tarde,B,Antena,AP-01,177,-50.9,14,9,84.0,21.0,7.482,2.18,5,0,0,0,0,0,24.31,1,0,2,2026-06,3
FBJ-0047,2026-06-24,Tarde,B,Antena,AP-02,453,-71.2,14,9,84.0,21.0,2.536,1.29,6,0,0,0,0,0,17.24,1,0,2,2026-06,3
FBJ-0048,2026-06-24,Tarde,B,Antena,AP-01,721,-80.9,14,9,84.0,21.0,2.504,1.37,4,0,0,0,0,0,17.4,1,0,2,2026-06,3
FBJ-0053,2026-06-24,Tarde,B,Antena,AP-01,245,-55.9,14,9,84.0,21.0,2.576,0.56,6,0,0,0,0,0,28.33,1,0,2,2026-06,3
FBJ-0057,2026-06-24,Tarde,B,Antena,AP-01,851,-81.4,14,9,84.0,21.0,1.356,0.73,5,0,0,0,0,0,19.39,1,0,2,2026-06,3
FBJ-0001,2026-06-24,Noche,A,Antena,AP-01,625,-74.5,16,14,108.2,27.1,3.007,1.43,7,0,0,0,0,0,13.22,1,0,2,2026-06,4
FBJ-0007,2026-06-24,Noche,A,Antena,AP-02,594,-68.6,16,14,108.2,27.1,3.666,1.73,6,0,0,0,0,0,16.0,1,0,2,2026-06,4
FBJ-0009,2026-06-24,Noche,A,Antena,AP-02,565,-72.0,16,14,108.2,27.1,5.245,2.39,1,0,0,0,0,0,16.41,1,0,2,2026-06,4
FBJ-0013,2026-06-24,Noche,A,Antena,AP-02,111,-56.0,16,14,108.2,27.1,11.643,4.04,4,0,0,0,0,0,23.17,1,0,2,2026-06,4
FBJ-0018,2026-06-24,Noche,A,Cable,,281,,16,14,108.2,27.1,6.492,1.89,3,0,0,0,0,0,27.28,0,0,2,2026-06,4
FBJ-0019,2026-06-24,Noche,A,Cable,,81,,16,14,108.2,27.1,12.238,3.06,1,0,0,0,0,0,33.74,0,0,2,2026-06,4
FBJ-0020,2026-06-24,Noche,A,Antena,AP-01,244,-60.1,16,14,108.2,27.1,6.263,3.65,7,0,0,0,0,0,16.36,1,0,2,2026-06,4
FBJ-0021,2026-06-24,Noche,A,Cable,,163,,16,14,108.2,27.1,6.356,1.7,5,2,68,0,0,0,29.62,0,0,2,2026-06,4
FBJ-0022,2026-06-24,Noche,A,Antena,AP-02,838,-82.4,16,14,108.2,27.1,5.619,2.4,4,2,22,0,0,0,14.56,1,0,2,2026-06,4
FBJ-0023,2026-06-24,Noche,A,Antena,AP-01,872,-78.5,16,14,108.2,27.1,1.882,1.26,4,1,29,0,0,0,16.69,1,0,2,2026-06,4
FBJ-0025,2026-06-24,Noche,A,Antena,AP-01,575,-73.2,16,14,108.2,27.1,5.182,2.81,5,0,0,0,0,0,14.57,1,0,2,2026-06,4
FBJ-0026,2026-06-24,Noche,A,Antena,AP-02,283,-64.0,16,14,108.2,27.1,2.858,1.7,8,1,13,0,0,0,14.97,1,0,2,2026-06,4
FBJ-0027,2026-06-24,Noche,A,Cable,,85,,16,14,108.2,27.1,15.515,3.64,4,0,0,0,0,0,26.82,0,0,2,2026-06,4
FBJ-0029,2026-06-24,Noche,A,Cable,,251,,16,14,108.2,27.1,11.374,3.06,8,0,0,0,0,0,32.43,0,0,2,2026-06,4
FBJ-0030,2026-06-24,Noche,A,Antena,AP-02,116,-54.6,16,14,108.2,27.1,9.114,3.71,3,0,0,0,0,0,24.74,1,0,2,2026-06,4
FBJ-0031,2026-06-24,Noche,B,Cable,,202,,16,12,92.7,23.2,14.406,3.24,4,0,0,0,0,0,35.0,0,1,2,2026-06,4
FBJ-0034,2026-06-24,Noche,B,Antena,AP-02,604,-72.2,16,12,92.7,23.2,5.908,2.86,5,0,0,0,0,0,15.87,1,0,2,2026-06,4
FBJ-0035,2026-06-24,Noche,B,Cable,,154,,16,12,92.7,23.2,8.088,2.48,4,0,0,0,0,0,35.0,0,1,2,2026-06,4
FBJ-0037,2026-06-24,Noche,B,Cable,,205,,16,12,92.7,23.2,13.35,3.12,1,0,0,0,0,0,35.0,0,1,2,2026-06,4
FBJ-0039,2026-06-24,Noche,B,Cable,,288,,16,12,92.7,23.2,9.303,2.54,7,0,0,0,0,0,26.47,0,0,2,2026-06,4
FBJ-0042,2026-06-24,Noche,B,Antena,AP-01,176,-53.0,16,12,92.7,23.2,6.189,2.29,3,0,0,0,0,0,23.74,1,0,2,2026-06,4
FBJ-0043,2026-06-24,Noche,B,Cable,,318,,16,12,92.7,23.2,8.733,2.21,6,0,0,0,0,0,35.0,0,1,2,2026-06,4
FBJ-0044,2026-06-24,Noche,B,Cable,,86,,16,12,92.7,23.2,10.281,2.78,5,0,0,0,0,0,27.51,0,0,2,2026-06,4
FBJ-0046,2026-06-24,Noche,B,Antena,AP-01,177,-50.9,16,12,92.7,23.2,7.252,1.78,2,1,4,0,0,0,24.55,1,0,2,2026-06,4
FBJ-0047,2026-06-24,Noche,B,Antena,AP-02,453,-71.2,16,12,92.7,23.2,5.74,2.62,5,0,0,0,0,0,20.94,1,0,2,2026-06,4
FBJ-0049,2026-06-24,Noche,B,Cable,,350,,16,12,92.7,23.2,8.384,2.72,3,0,0,0,0,0,27.24,0,0,2,2026-06,4
FBJ-0051,2026-06-24,Noche,B,Cable,,42,,16,12,92.7,23.2,16.109,3.53,7,0,0,0,0,0,33.17,0,0,2,2026-06,4
FBJ-0056,2026-06-24,Noche,B,Antena,AP-02,549,-70.0,16,12,92.7,23.2,5.495,2.62,2,1,20,0,0,0,17.54,1,0,2,2026-06,4
FBJ-0058,2026-06-24,Noche,B,Antena,AP-02,308,-59.0,16,12,92.7,23.2,5.41,2.14,8,0,0,0,0,0,24.92,1,0,2,2026-06,4
FBJ-0009,2026-06-25,Madrugada,A,Antena,AP-02,565,-72.0,2,2,4.3,1.1,4.201,1.56,4,0,0,0,0,0,20.25,1,0,3,2026-06,1
FBJ-0012,2026-06-25,Madrugada,A,Antena,AP-01,631,-74.1,2,2,4.3,1.1,0.614,0.22,5,0,0,0,0,0,20.23,1,0,3,2026-06,1
FBJ-0019,2026-06-25,Madrugada,A,Cable,,81,,2,2,4.3,1.1,12.376,2.67,2,0,0,0,0,0,31.99,0,0,3,2026-06,1
FBJ-0020,2026-06-25,Madrugada,A,Antena,AP-01,244,-60.1,2,2,4.3,1.1,3.389,1.05,6,0,0,0,0,0,22.55,1,0,3,2026-06,1
FBJ-0021,2026-06-25,Madrugada,A,Cable,,163,,2,2,4.3,1.1,1.449,0.37,8,0,0,0,0,0,30.8,0,0,3,2026-06,1
FBJ-0022,2026-06-25,Madrugada,A,Antena,AP-02,838,-82.4,2,2,4.3,1.1,1.59,0.57,3,0,0,0,0,0,17.7,1,0,3,2026-06,1
FBJ-0033,2026-06-25,Madrugada,B,Antena,AP-01,719,-77.6,3,3,15.9,4.0,4.196,1.66,8,0,0,0,0,0,16.54,1,0,3,2026-06,1
FBJ-0046,2026-06-25,Madrugada,B,Antena,AP-01,177,-50.9,3,3,15.9,4.0,3.229,0.71,1,0,0,0,0,0,35.0,1,1,3,2026-06,1
FBJ-0001,2026-06-25,Mañana,A,Antena,AP-01,625,-74.5,6,2,23.9,6.0,4.002,1.93,2,0,0,0,0,0,17.66,1,0,3,2026-06,2
FBJ-0009,2026-06-25,Mañana,A,Antena,AP-02,565,-72.0,6,2,23.9,6.0,2.017,1.03,3,0,0,0,0,0,14.68,1,0,3,2026-06,2
FBJ-0010,2026-06-25,Mañana,A,Antena,AP-01,482,-67.3,6,2,23.9,6.0,1.926,0.78,7,0,0,0,0,0,18.63,1,0,3,2026-06,2
FBJ-0013,2026-06-25,Mañana,A,Antena,AP-02,111,-56.0,6,2,23.9,6.0,5.863,1.84,2,0,0,0,0,0,28.79,1,0,3,2026-06,2
FBJ-0019,2026-06-25,Mañana,A,Cable,,81,,6,2,23.9,6.0,3.348,0.94,6,0,0,0,0,0,34.49,0,0,3,2026-06,2
FBJ-0020,2026-06-25,Mañana,A,Antena,AP-01,244,-60.1,6,2,23.9,6.0,5.463,1.61,7,1,39,0,0,0,26.65,1,0,3,2026-06,2
FBJ-0024,2026-06-25,Mañana,A,Antena,AP-02,169,-58.3,6,2,23.9,6.0,6.905,3.25,3,0,0,0,0,0,22.18,1,0,3,2026-06,2
FBJ-0033,2026-06-25,Mañana,B,Antena,AP-01,719,-77.6,14,13,124.1,31.0,2.945,1.85,8,0,0,0,0,0,13.0,1,0,3,2026-06,2
FBJ-0041,2026-06-25,Mañana,B,Antena,AP-02,509,-69.1,14,13,124.1,31.0,2.134,1.49,6,0,0,0,0,0,14.12,1,0,3,2026-06,2
FBJ-0043,2026-06-25,Mañana,B,Cable,,318,,14,13,124.1,31.0,2.517,0.55,7,0,0,0,0,0,34.51,0,0,3,2026-06,2
FBJ-0048,2026-06-25,Mañana,B,Antena,AP-01,721,-80.9,14,13,124.1,31.0,2.899,2.12,5,1,37,0,0,0,14.03,1,0,3,2026-06,2
FBJ-0054,2026-06-25,Mañana,B,Antena,AP-02,302,-59.5,14,13,124.1,31.0,6.346,2.57,5,0,0,0,0,0,21.07,1,0,3,2026-06,2
FBJ-0058,2026-06-25,Mañana,B,Antena,AP-02,308,-59.0,14,13,124.1,31.0,2.561,1.32,1,0,0,0,0,0,17.48,1,0,3,2026-06,2
FBJ-0059,2026-06-25,Mañana,B,Cable,,107,,14,13,124.1,31.0,11.23,2.56,7,0,0,0,0,0,31.82,0,0,3,2026-06,2
FBJ-0060,2026-06-25,Mañana,B,Cable,,110,,14,13,124.1,31.0,6.405,1.89,2,0,0,0,0,0,28.06,0,0,3,2026-06,2
FBJ-0001,2026-06-25,Tarde,A,Antena,AP-01,625,-74.5,10,8,51.1,12.8,4.429,1.44,1,0,0,0,0,0,20.8,1,0,3,2026-06,3
FBJ-0004,2026-06-25,Tarde,A,Cable,,322,,10,8,51.1,12.8,2.222,0.57,6,0,0,0,0,0,31.72,0,0,3,2026-06,3
FBJ-0005,2026-06-25,Tarde,A,Cable,,179,,10,8,51.1,12.8,6.1,1.61,7,0,0,0,0,0,32.52,0,0,3,2026-06,3
FBJ-0011,2026-06-25,Tarde,A,Antena,AP-02,440,-67.1,10,8,51.1,12.8,3.666,1.47,3,0,0,0,0,0,18.26,1,0,3,2026-06,3
FBJ-0012,2026-06-25,Tarde,A,Antena,AP-01,631,-74.1,10,8,51.1,12.8,0.409,0.3,4,0,0,0,0,0,14.53,1,0,3,2026-06,3
FBJ-0013,2026-06-25,Tarde,A,Antena,AP-02,111,-56.0,10,8,51.1,12.8,8.35,2.14,5,1,19,0,0,0,29.47,1,0,3,2026-06,3
FBJ-0014,2026-06-25,Tarde,A,Antena,AP-01,319,-62.5,10,8,51.1,12.8,0.977,0.5,4,0,0,0,0,0,16.7,1,0,3,2026-06,3
FBJ-0015,2026-06-25,Tarde,A,Antena,AP-02,894,-83.5,10,8,51.1,12.8,4.146,1.95,2,1,39,0,0,0,16.76,1,0,3,2026-06,3
FBJ-0018,2026-06-25,Tarde,A,Cable,,281,,10,8,51.1,12.8,6.768,1.73,3,0,0,0,0,0,29.78,0,0,3,2026-06,3
FBJ-0019,2026-06-25,Tarde,A,Cable,,81,,10,8,51.1,12.8,2.792,0.72,5,0,0,0,0,0,35.0,0,1,3,2026-06,3
FBJ-0025,2026-06-25,Tarde,A,Antena,AP-01,575,-73.2,10,8,51.1,12.8,2.548,1.74,8,0,0,0,0,0,17.39,1,0,3,2026-06,3
FBJ-0026,2026-06-25,Tarde,A,Antena,AP-02,283,-64.0,10,8,51.1,12.8,8.116,2.28,8,0,0,0,0,0,27.07,1,0,3,2026-06,3
FBJ-0027,2026-06-25,Tarde,A,Cable,,85,,10,8,51.1,12.8,9.15,1.71,5,0,0,0,0,0,32.04,0,0,3,2026-06,3
FBJ-0029,2026-06-25,Tarde,A,Cable,,251,,10,8,51.1,12.8,7.557,2.03,7,1,15,0,0,0,34.19,0,0,3,2026-06,3
FBJ-0030,2026-06-25,Tarde,A,Antena,AP-02,116,-54.6,10,8,51.1,12.8,3.922,1.33,3,0,0,0,0,0,27.5,1,0,3,2026-06,3
FBJ-0035,2026-06-25,Tarde,B,Cable,,154,,17,14,62.5,15.6,5.374,1.43,4,0,0,0,0,0,27.62,0,0,3,2026-06,3
FBJ-0036,2026-06-25,Tarde,B,Antena,AP-01,831,-77.3,17,14,62.5,15.6,1.743,0.97,4,1,26,0,0,0,13.24,1,0,3,2026-06,3
FBJ-0039,2026-06-25,Tarde,B,Cable,,288,,17,14,62.5,15.6,5.601,1.92,3,0,0,0,0,0,29.65,0,0,3,2026-06,3
FBJ-0040,2026-06-25,Tarde,B,Antena,AP-01,564,-73.1,17,14,62.5,15.6,4.252,2.05,6,0,0,0,0,0,15.67,1,0,3,2026-06,3
FBJ-0041,2026-06-25,Tarde,B,Antena,AP-02,509,-69.1,17,14,62.5,15.6,2.316,1.33,4,0,0,0,0,0,12.91,1,0,3,2026-06,3
FBJ-0042,2026-06-25,Tarde,B,Antena,AP-01,176,-53.0,17,14,62.5,15.6,2.053,0.94,5,0,0,0,0,0,19.94,1,0,3,2026-06,3
FBJ-0043,2026-06-25,Tarde,B,Cable,,318,,17,14,62.5,15.6,2.62,0.84,1,0,0,0,0,0,29.26,0,0,3,2026-06,3
FBJ-0044,2026-06-25,Tarde,B,Cable,,86,,17,14,62.5,15.6,3.197,1.19,1,0,0,0,0,0,25.13,0,0,3,2026-06,3
FBJ-0047,2026-06-25,Tarde,B,Antena,AP-02,453,-71.2,17,14,62.5,15.6,1.366,0.76,3,0,0,0,0,0,14.97,1,0,3,2026-06,3
FBJ-0049,2026-06-25,Tarde,B,Cable,,350,,17,14,62.5,15.6,5.282,1.7,8,0,0,0,0,0,29.86,0,0,3,2026-06,3
FBJ-0050,2026-06-25,Tarde,B,Antena,AP-02,277,-61.0,17,14,62.5,15.6,2.926,1.41,1,0,0,0,0,0,15.1,1,0,3,2026-06,3
FBJ-0052,2026-06-25,Tarde,B,Cable,,288,,17,14,62.5,15.6,7.321,1.54,7,0,0,0,0,0,34.51,0,0,3,2026-06,3
FBJ-0053,2026-06-25,Tarde,B,Antena,AP-01,245,-55.9,17,14,62.5,15.6,6.59,1.82,4,0,0,0,0,0,23.03,1,0,3,2026-06,3
FBJ-0056,2026-06-25,Tarde,B,Antena,AP-02,549,-70.0,17,14,62.5,15.6,2.303,1.53,6,0,0,0,0,0,13.25,1,0,3,2026-06,3
FBJ-0059,2026-06-25,Tarde,B,Cable,,107,,17,14,62.5,15.6,3.557,1.31,3,0,0,0,0,0,23.21,0,0,3,2026-06,3
FBJ-0001,2026-06-25,Noche,A,Antena,AP-01,625,-74.5,15,13,116.9,29.2,2.516,1.33,5,0,0,0,0,0,15.57,1,0,3,2026-06,4
FBJ-0003,2026-06-25,Noche,A,Antena,AP-02,392,-66.0,15,13,116.9,29.2,5.652,3.03,3,0,0,0,0,0,13.73,1,0,3,2026-06,4
FBJ-0007,2026-06-25,Noche,A,Antena,AP-02,594,-68.6,15,13,116.9,29.2,6.111,3.06,4,0,0,0,0,0,13.01,1,0,3,2026-06,4
FBJ-0010,2026-06-25,Noche,A,Antena,AP-01,482,-67.3,15,13,116.9,29.2,5.649,2.71,7,0,0,0,0,0,17.46,1,0,3,2026-06,4
FBJ-0013,2026-06-25,Noche,A,Antena,AP-02,111,-56.0,15,13,116.9,29.2,9.003,2.51,5,0,0,0,0,0,25.99,1,0,3,2026-06,4
FBJ-0015,2026-06-25,Noche,A,Antena,AP-02,894,-83.5,15,13,116.9,29.2,4.0,3.29,8,1,26,0,0,0,12.96,1,0,3,2026-06,4
FBJ-0021,2026-06-25,Noche,A,Cable,,163,,15,13,116.9,29.2,6.878,2.28,2,0,0,0,0,0,28.73,0,0,3,2026-06,4
FBJ-0022,2026-06-25,Noche,A,Antena,AP-02,838,-82.4,15,13,116.9,29.2,1.254,0.86,2,0,0,0,0,0,14.45,1,0,3,2026-06,4
FBJ-0023,2026-06-25,Noche,A,Antena,AP-01,872,-78.5,15,13,116.9,29.2,3.557,2.12,5,0,0,0,0,0,15.15,1,0,3,2026-06,4
FBJ-0024,2026-06-25,Noche,A,Antena,AP-02,169,-58.3,15,13,116.9,29.2,6.07,2.4,3,0,0,0,0,0,21.46,1,0,3,2026-06,4
FBJ-0025,2026-06-25,Noche,A,Antena,AP-01,575,-73.2,15,13,116.9,29.2,3.576,2.49,4,0,0,0,0,0,15.19,1,0,3,2026-06,4
FBJ-0026,2026-06-25,Noche,A,Antena,AP-02,283,-64.0,15,13,116.9,29.2,3.871,2.4,7,0,0,0,0,0,19.06,1,0,3,2026-06,4
FBJ-0027,2026-06-25,Noche,A,Cable,,85,,15,13,116.9,29.2,10.993,2.82,6,0,0,0,0,0,35.0,0,1,3,2026-06,4
FBJ-0030,2026-06-25,Noche,A,Antena,AP-02,116,-54.6,15,13,116.9,29.2,6.066,1.95,7,1,25,0,0,0,23.84,1,0,3,2026-06,4
FBJ-0031,2026-06-25,Noche,B,Cable,,202,,17,11,96.2,24.1,8.119,2.54,3,0,0,0,0,0,28.04,0,0,3,2026-06,4
FBJ-0032,2026-06-25,Noche,B,Cable,,302,,17,11,96.2,24.1,10.31,2.56,1,0,0,0,0,0,35.0,0,1,3,2026-06,4
FBJ-0034,2026-06-25,Noche,B,Antena,AP-02,604,-72.2,17,11,96.2,24.1,3.775,1.91,1,0,0,0,0,0,16.86,1,0,3,2026-06,4
FBJ-0035,2026-06-25,Noche,B,Cable,,154,,17,11,96.2,24.1,9.216,2.76,7,0,0,0,0,0,35.0,0,1,3,2026-06,4
FBJ-0037,2026-06-25,Noche,B,Cable,,205,,17,11,96.2,24.1,7.24,2.07,7,0,0,0,0,0,33.73,0,0,3,2026-06,4
FBJ-0039,2026-06-25,Noche,B,Cable,,288,,17,11,96.2,24.1,8.246,1.81,7,0,0,0,0,0,30.54,0,0,3,2026-06,4
FBJ-0041,2026-06-25,Noche,B,Antena,AP-02,509,-69.1,17,11,96.2,24.1,8.241,2.76,1,0,0,0,0,0,22.85,1,0,3,2026-06,4
FBJ-0042,2026-06-25,Noche,B,Antena,AP-01,176,-53.0,17,11,96.2,24.1,12.301,2.98,2,0,0,0,0,0,28.86,1,0,3,2026-06,4
FBJ-0043,2026-06-25,Noche,B,Cable,,318,,17,11,96.2,24.1,5.822,2.32,6,0,0,0,0,0,24.43,0,0,3,2026-06,4
FBJ-0044,2026-06-25,Noche,B,Cable,,86,,17,11,96.2,24.1,6.078,1.99,8,0,0,0,0,0,35.0,0,1,3,2026-06,4
FBJ-0045,2026-06-25,Noche,B,Antena,AP-02,848,-81.7,17,11,96.2,24.1,3.616,2.3,1,0,0,0,0,0,15.79,1,0,3,2026-06,4
FBJ-0046,2026-06-25,Noche,B,Antena,AP-01,177,-50.9,17,11,96.2,24.1,13.917,3.14,4,0,0,0,0,0,29.39,1,0,3,2026-06,4
FBJ-0048,2026-06-25,Noche,B,Antena,AP-01,721,-80.9,17,11,96.2,24.1,3.697,1.48,4,0,0,0,0,0,18.02,1,0,3,2026-06,4
FBJ-0051,2026-06-25,Noche,B,Cable,,42,,17,11,96.2,24.1,7.473,1.41,4,1,30,0,0,0,34.71,0,0,3,2026-06,4
FBJ-0053,2026-06-25,Noche,B,Antena,AP-01,245,-55.9,17,11,96.2,24.1,12.515,2.19,5,0,0,0,0,0,35.0,1,1,3,2026-06,4
FBJ-0054,2026-06-25,Noche,B,Antena,AP-02,302,-59.5,17,11,96.2,24.1,5.229,2.19,4,0,0,0,0,0,21.53,1,0,3,2026-06,4
FBJ-0056,2026-06-25,Noche,B,Antena,AP-02,549,-70.0,17,11,96.2,24.1,4.574,2.34,2,0,0,0,0,0,16.46,1,0,3,2026-06,4
FBJ-0057,2026-06-25,Noche,B,Antena,AP-01,851,-81.4,17,11,96.2,24.1,5.597,3.16,8,0,0,0,0,0,15.96,1,0,3,2026-06,4
FBJ-0059,2026-06-25,Noche,B,Cable,,107,,17,11,96.2,24.1,10.607,3.21,8,0,0,0,0,0,26.61,0,0,3,2026-06,4
FBJ-0060,2026-06-25,Noche,B,Cable,,110,,17,11,96.2,24.1,17.515,3.83,4,0,0,0,0,0,35.0,0,1,3,2026-06,4
FBJ-0022,2026-06-26,Madrugada,A,Antena,AP-02,838,-82.4,1,1,3.0,0.7,3.219,1.46,8,2,22,0,0,0,18.29,1,0,4,2026-06,1
FBJ-0001,2026-06-26,Mañana,A,Antena,AP-01,625,-74.5,7,5,25.5,6.4,2.33,1.19,2,0,0,0,0,0,12.92,1,0,4,2026-06,2
FBJ-0005,2026-06-26,Mañana,A,Cable,,179,,7,5,25.5,6.4,3.012,0.82,5,0,0,0,0,0,24.54,0,0,4,2026-06,2
FBJ-0009,2026-06-26,Mañana,A,Antena,AP-02,565,-72.0,7,5,25.5,6.4,1.57,0.82,1,0,0,0,0,0,16.69,1,0,4,2026-06,2
FBJ-0010,2026-06-26,Mañana,A,Antena,AP-01,482,-67.3,7,5,25.5,6.4,0.563,0.2,5,0,0,0,0,0,20.0,1,0,4,2026-06,2
FBJ-0011,2026-06-26,Mañana,A,Antena,AP-02,440,-67.1,7,5,25.5,6.4,3.22,1.48,7,0,0,0,0,0,16.55,1,0,4,2026-06,2
FBJ-0012,2026-06-26,Mañana,A,Antena,AP-01,631,-74.1,7,5,25.5,6.4,3.315,2.04,4,0,0,0,0,0,15.27,1,0,4,2026-06,2
FBJ-0014,2026-06-26,Mañana,A,Antena,AP-01,319,-62.5,7,5,25.5,6.4,4.366,1.04,1,0,0,0,0,0,28.66,1,0,4,2026-06,2
FBJ-0015,2026-06-26,Mañana,A,Antena,AP-02,894,-83.5,7,5,25.5,6.4,2.79,1.62,6,0,0,0,0,0,13.48,1,0,4,2026-06,2
FBJ-0018,2026-06-26,Mañana,A,Cable,,281,,7,5,25.5,6.4,4.648,0.9,6,1,5,0,0,0,35.0,0,1,4,2026-06,2
FBJ-0019,2026-06-26,Mañana,A,Cable,,81,,7,5,25.5,6.4,5.312,1.34,2,0,0,0,0,0,35.0,0,1,4,2026-06,2
FBJ-0020,2026-06-26,Mañana,A,Antena,AP-01,244,-60.1,7,5,25.5,6.4,4.205,1.64,4,0,0,0,0,0,19.48,1,0,4,2026-06,2
FBJ-0024,2026-06-26,Mañana,A,Antena,AP-02,169,-58.3,7,5,25.5,6.4,2.104,0.65,6,0,0,0,0,0,31.55,1,0,4,2026-06,2
FBJ-0029,2026-06-26,Mañana,A,Cable,,251,,7,5,25.5,6.4,3.864,1.11,8,0,0,0,0,0,35.0,0,1,4,2026-06,2
FBJ-0046,2026-06-26,Mañana,B,Antena,AP-01,177,-50.9,11,8,120.3,30.1,2.752,0.8,6,0,0,0,0,0,30.58,1,0,4,2026-06,2
FBJ-0050,2026-06-26,Mañana,B,Antena,AP-02,277,-61.0,11,8,120.3,30.1,3.6,1.25,2,0,0,0,0,0,23.93,1,0,4,2026-06,2
FBJ-0053,2026-06-26,Mañana,B,Antena,AP-01,245,-55.9,11,8,120.3,30.1,3.154,0.88,1,0,0,0,0,0,24.19,1,0,4,2026-06,2
FBJ-0056,2026-06-26,Mañana,B,Antena,AP-02,549,-70.0,11,8,120.3,30.1,6.851,2.01,5,0,0,0,0,0,21.91,1,0,4,2026-06,2
FBJ-0059,2026-06-26,Mañana,B,Cable,,107,,11,8,120.3,30.1,6.479,1.32,5,0,0,0,0,0,34.62,0,0,4,2026-06,2
FBJ-0003,2026-06-26,Tarde,A,Antena,AP-02,392,-66.0,13,11,205.3,51.3,3.474,1.31,1,0,0,0,0,0,22.59,1,0,4,2026-06,3
FBJ-0004,2026-06-26,Tarde,A,Cable,,322,,13,11,205.3,51.3,7.271,1.99,2,0,0,0,0,0,28.32,0,0,4,2026-06,3
FBJ-0007,2026-06-26,Tarde,A,Antena,AP-02,594,-68.6,13,11,205.3,51.3,1.129,0.73,4,0,0,0,0,0,10.47,1,0,4,2026-06,3
FBJ-0009,2026-06-26,Tarde,A,Antena,AP-02,565,-72.0,13,11,205.3,51.3,4.971,1.48,6,0,0,0,0,0,24.14,1,0,4,2026-06,3
FBJ-0010,2026-06-26,Tarde,A,Antena,AP-01,482,-67.3,13,11,205.3,51.3,1.901,0.93,5,0,0,0,0,0,15.83,1,0,4,2026-06,3
FBJ-0012,2026-06-26,Tarde,A,Antena,AP-01,631,-74.1,13,11,205.3,51.3,5.047,2.56,1,0,0,0,0,0,14.56,1,0,4,2026-06,3
FBJ-0019,2026-06-26,Tarde,A,Cable,,81,,13,11,205.3,51.3,8.316,1.77,7,0,0,0,0,0,35.0,0,1,4,2026-06,3
FBJ-0021,2026-06-26,Tarde,A,Cable,,163,,13,11,205.3,51.3,6.205,1.72,6,0,0,0,0,0,35.0,0,1,4,2026-06,3
FBJ-0023,2026-06-26,Tarde,A,Antena,AP-01,872,-78.5,13,11,205.3,51.3,1.463,0.69,1,0,0,0,0,0,21.53,1,0,4,2026-06,3
FBJ-0024,2026-06-26,Tarde,A,Antena,AP-02,169,-58.3,13,11,205.3,51.3,7.93,2.29,5,0,0,0,0,0,28.58,1,0,4,2026-06,3
FBJ-0027,2026-06-26,Tarde,A,Cable,,85,,13,11,205.3,51.3,2.021,0.72,8,0,0,0,0,0,27.36,0,0,4,2026-06,3
FBJ-0030,2026-06-26,Tarde,A,Antena,AP-02,116,-54.6,13,11,205.3,51.3,4.244,1.31,7,0,0,0,0,0,35.0,1,1,4,2026-06,3
FBJ-0031,2026-06-26,Tarde,B,Cable,,202,,13,8,72.0,18.0,4.517,1.07,1,1,23,0,0,0,35.0,0,1,4,2026-06,3
FBJ-0032,2026-06-26,Tarde,B,Cable,,302,,13,8,72.0,18.0,3.983,0.85,1,0,0,0,0,0,35.0,0,1,4,2026-06,3
FBJ-0034,2026-06-26,Tarde,B,Antena,AP-02,604,-72.2,13,8,72.0,18.0,2.616,1.46,8,0,0,0,0,0,16.82,1,0,4,2026-06,3
FBJ-0035,2026-06-26,Tarde,B,Cable,,154,,13,8,72.0,18.0,3.61,1.04,3,1,10,0,0,0,35.0,0,1,4,2026-06,3
FBJ-0039,2026-06-26,Tarde,B,Cable,,288,,13,8,72.0,18.0,2.616,1.11,4,1,37,0,0,0,25.52,0,0,4,2026-06,3
FBJ-0040,2026-06-26,Tarde,B,Antena,AP-01,564,-73.1,13,8,72.0,18.0,1.944,1.01,4,0,0,0,0,0,17.08,1,0,4,2026-06,3
FBJ-0042,2026-06-26,Tarde,B,Antena,AP-01,176,-53.0,13,8,72.0,18.0,9.721,2.07,8,0,0,0,0,0,33.57,1,0,4,2026-06,3
FBJ-0045,2026-06-26,Tarde,B,Antena,AP-02,848,-81.7,13,8,72.0,18.0,1.425,0.93,5,0,0,0,0,0,14.42,1,0,4,2026-06,3
FBJ-0046,2026-06-26,Tarde,B,Antena,AP-01,177,-50.9,13,8,72.0,18.0,11.738,2.59,4,0,0,0,0,0,33.75,1,0,4,2026-06,3
FBJ-0047,2026-06-26,Tarde,B,Antena,AP-02,453,-71.2,13,8,72.0,18.0,3.089,1.56,7,0,0,0,0,0,17.5,1,0,4,2026-06,3
FBJ-0049,2026-06-26,Tarde,B,Cable,,350,,13,8,72.0,18.0,5.153,1.47,5,0,0,0,0,0,28.09,0,0,4,2026-06,3
FBJ-0054,2026-06-26,Tarde,B,Antena,AP-02,302,-59.5,13,8,72.0,18.0,0.883,0.2,7,0,0,0,0,0,31.54,1,0,4,2026-06,3
FBJ-0057,2026-06-26,Tarde,B,Antena,AP-01,851,-81.4,13,8,72.0,18.0,4.717,1.38,6,0,0,0,0,0,23.61,1,0,4,2026-06,3
FBJ-0004,2026-06-26,Noche,A,Cable,,322,,14,12,122.7,30.7,10.258,3.11,1,0,0,0,0,0,27.15,0,0,4,2026-06,4
FBJ-0005,2026-06-26,Noche,A,Cable,,179,,14,12,122.7,30.7,5.166,1.47,7,0,0,0,0,0,35.0,0,1,4,2026-06,4
FBJ-0009,2026-06-26,Noche,A,Antena,AP-02,565,-72.0,14,12,122.7,30.7,4.398,3.06,3,0,0,0,0,0,12.9,1,0,4,2026-06,4
FBJ-0010,2026-06-26,Noche,A,Antena,AP-01,482,-67.3,14,12,122.7,30.7,3.971,2.54,5,0,0,0,0,0,14.64,1,0,4,2026-06,4
FBJ-0011,2026-06-26,Noche,A,Antena,AP-02,440,-67.1,14,12,122.7,30.7,5.698,1.99,3,0,0,0,0,0,22.39,1,0,4,2026-06,4
FBJ-0012,2026-06-26,Noche,A,Antena,AP-01,631,-74.1,14,12,122.7,30.7,2.552,1.64,4,0,0,0,0,0,16.21,1,0,4,2026-06,4
FBJ-0014,2026-06-26,Noche,A,Antena,AP-01,319,-62.5,14,12,122.7,30.7,2.822,1.37,5,0,0,0,0,0,21.57,1,0,4,2026-06,4
FBJ-0015,2026-06-26,Noche,A,Antena,AP-02,894,-83.5,14,12,122.7,30.7,6.788,3.34,1,0,0,0,0,0,18.02,1,0,4,2026-06,4
FBJ-0018,2026-06-26,Noche,A,Cable,,281,,14,12,122.7,30.7,7.903,2.71,4,1,20,0,0,0,30.37,0,0,4,2026-06,4
FBJ-0020,2026-06-26,Noche,A,Antena,AP-01,244,-60.1,14,12,122.7,30.7,10.577,3.36,8,0,0,0,0,0,20.11,1,0,4,2026-06,4
FBJ-0021,2026-06-26,Noche,A,Cable,,163,,14,12,122.7,30.7,11.354,3.14,2,0,0,0,0,0,29.0,0,0,4,2026-06,4
FBJ-0023,2026-06-26,Noche,A,Antena,AP-01,872,-78.5,14,12,122.7,30.7,2.501,1.99,1,2,8,0,0,0,13.05,1,0,4,2026-06,4
FBJ-0024,2026-06-26,Noche,A,Antena,AP-02,169,-58.3,14,12,122.7,30.7,4.19,1.85,5,0,0,0,0,0,25.21,1,0,4,2026-06,4
FBJ-0025,2026-06-26,Noche,A,Antena,AP-01,575,-73.2,14,12,122.7,30.7,3.999,2.09,2,0,0,0,0,0,18.23,1,0,4,2026-06,4
FBJ-0026,2026-06-26,Noche,A,Antena,AP-02,283,-64.0,14,12,122.7,30.7,5.284,2.42,6,0,0,0,0,0,17.84,1,0,4,2026-06,4
FBJ-0030,2026-06-26,Noche,A,Antena,AP-02,116,-54.6,14,12,122.7,30.7,7.505,2.83,2,0,0,0,0,0,21.79,1,0,4,2026-06,4
FBJ-0031,2026-06-26,Noche,B,Cable,,202,,17,14,142.6,35.6,5.057,2.29,2,0,0,0,0,0,28.12,0,0,4,2026-06,4
FBJ-0032,2026-06-26,Noche,B,Cable,,302,,17,14,142.6,35.6,9.126,2.51,8,0,0,0,0,0,26.59,0,0,4,2026-06,4
FBJ-0033,2026-06-26,Noche,B,Antena,AP-01,719,-77.6,17,14,142.6,35.6,3.702,2.22,1,2,64,0,0,0,12.71,1,0,4,2026-06,4
FBJ-0034,2026-06-26,Noche,B,Antena,AP-02,604,-72.2,17,14,142.6,35.6,2.448,1.07,7,0,0,0,0,0,14.61,1,0,4,2026-06,4
FBJ-0037,2026-06-26,Noche,B,Cable,,205,,17,14,142.6,35.6,7.256,3.21,7,0,0,0,0,0,18.5,0,0,4,2026-06,4
FBJ-0041,2026-06-26,Noche,B,Antena,AP-02,509,-69.1,17,14,142.6,35.6,4.306,2.77,3,1,14,0,0,0,13.13,1,0,4,2026-06,4
FBJ-0042,2026-06-26,Noche,B,Antena,AP-01,176,-53.0,17,14,142.6,35.6,7.384,2.15,4,0,0,0,0,0,30.8,1,0,4,2026-06,4
FBJ-0043,2026-06-26,Noche,B,Cable,,318,,17,14,142.6,35.6,8.222,2.1,1,0,0,0,0,0,27.04,0,0,4,2026-06,4
FBJ-0046,2026-06-26,Noche,B,Antena,AP-01,177,-50.9,17,14,142.6,35.6,7.05,1.71,8,0,0,0,0,0,27.87,1,0,4,2026-06,4
FBJ-0047,2026-06-26,Noche,B,Antena,AP-02,453,-71.2,17,14,142.6,35.6,6.133,2.48,8,0,0,0,0,0,19.51,1,0,4,2026-06,4
FBJ-0050,2026-06-26,Noche,B,Antena,AP-02,277,-61.0,17,14,142.6,35.6,4.659,2.26,8,1,29,0,0,0,21.17,1,0,4,2026-06,4
FBJ-0051,2026-06-26,Noche,B,Cable,,42,,17,14,142.6,35.6,8.115,2.03,8,0,0,0,0,0,28.15,0,0,4,2026-06,4
FBJ-0053,2026-06-26,Noche,B,Antena,AP-01,245,-55.9,17,14,142.6,35.6,8.121,1.92,3,0,0,0,0,0,26.49,1,0,4,2026-06,4
FBJ-0054,2026-06-26,Noche,B,Antena,AP-02,302,-59.5,17,14,142.6,35.6,3.973,1.55,6,0,0,0,0,0,18.52,1,0,4,2026-06,4
FBJ-0056,2026-06-26,Noche,B,Antena,AP-02,549,-70.0,17,14,142.6,35.6,4.389,2.92,4,1,17,0,0,0,9.42,1,0,4,2026-06,4
FBJ-0057,2026-06-26,Noche,B,Antena,AP-01,851,-81.4,17,14,142.6,35.6,4.594,2.23,7,0,0,0,0,0,15.17,1,0,4,2026-06,4
FBJ-0058,2026-06-26,Noche,B,Antena,AP-02,308,-59.0,17,14,142.6,35.6,7.803,2.98,3,0,0,0,0,0,24.35,1,0,4,2026-06,4
FBJ-0059,2026-06-26,Noche,B,Cable,,107,,17,14,142.6,35.6,5.825,2.06,8,0,0,0,0,0,29.89,0,0,4,2026-06,4
FBJ-0019,2026-06-27,Madrugada,A,Cable,,81,,4,3,17.6,4.4,0.705,0.2,7,0,0,0,1,0,35.0,0,1,5,2026-06,1
FBJ-0024,2026-06-27,Madrugada,A,Antena,AP-02,169,-58.3,4,3,17.6,4.4,6.623,1.85,8,0,0,0,1,0,28.26,1,0,5,2026-06,1
FBJ-0041,2026-06-27,Madrugada,B,Antena,AP-02,509,-69.1,1,1,3.4,0.9,0.495,0.2,4,0,0,0,1,0,17.16,1,0,5,2026-06,1
FBJ-0051,2026-06-27,Madrugada,B,Cable,,42,,1,1,3.4,0.9,2.712,1.03,6,2,62,0,1,0,21.81,0,0,5,2026-06,1
FBJ-0003,2026-06-27,Mañana,A,Antena,AP-02,392,-66.0,14,9,112.8,28.2,0.517,0.2,2,0,0,0,1,0,24.61,1,0,5,2026-06,2
FBJ-0005,2026-06-27,Mañana,A,Cable,,179,,14,9,112.8,28.2,11.371,2.4,6,0,0,0,1,0,35.0,0,1,5,2026-06,2
FBJ-0009,2026-06-27,Mañana,A,Antena,AP-02,565,-72.0,14,9,112.8,28.2,5.57,2.58,6,0,0,0,1,0,18.01,1,0,5,2026-06,2
FBJ-0010,2026-06-27,Mañana,A,Antena,AP-01,482,-67.3,14,9,112.8,28.2,2.624,1.49,1,0,0,0,1,0,17.38,1,0,5,2026-06,2
FBJ-0011,2026-06-27,Mañana,A,Antena,AP-02,440,-67.1,14,9,112.8,28.2,4.791,2.21,3,0,0,0,1,0,19.25,1,0,5,2026-06,2
FBJ-0014,2026-06-27,Mañana,A,Antena,AP-01,319,-62.5,14,9,112.8,28.2,4.107,1.62,3,0,0,0,1,0,24.41,1,0,5,2026-06,2
FBJ-0019,2026-06-27,Mañana,A,Cable,,81,,14,9,112.8,28.2,4.46,1.26,3,0,0,0,1,0,35.0,0,1,5,2026-06,2
FBJ-0021,2026-06-27,Mañana,A,Cable,,163,,14,9,112.8,28.2,4.242,0.91,8,0,0,0,1,0,35.0,0,1,5,2026-06,2
FBJ-0023,2026-06-27,Mañana,A,Antena,AP-01,872,-78.5,14,9,112.8,28.2,0.638,0.36,3,0,0,0,1,0,17.42,1,0,5,2026-06,2
FBJ-0025,2026-06-27,Mañana,A,Antena,AP-01,575,-73.2,14,9,112.8,28.2,1.744,1.08,5,1,27,0,1,0,14.49,1,0,5,2026-06,2
FBJ-0026,2026-06-27,Mañana,A,Antena,AP-02,283,-64.0,14,9,112.8,28.2,3.567,1.35,8,0,0,0,1,0,20.88,1,0,5,2026-06,2
FBJ-0032,2026-06-27,Mañana,B,Cable,,302,,17,10,57.0,14.3,5.369,1.24,8,0,0,0,1,0,32.15,0,0,5,2026-06,2
FBJ-0042,2026-06-27,Mañana,B,Antena,AP-01,176,-53.0,17,10,57.0,14.3,8.072,2.18,8,0,0,0,1,0,26.45,1,0,5,2026-06,2
FBJ-0043,2026-06-27,Mañana,B,Cable,,318,,17,10,57.0,14.3,6.714,1.72,6,0,0,0,1,0,24.79,0,0,5,2026-06,2
FBJ-0044,2026-06-27,Mañana,B,Cable,,86,,17,10,57.0,14.3,7.825,1.91,4,0,0,0,1,0,35.0,0,1,5,2026-06,2
FBJ-0048,2026-06-27,Mañana,B,Antena,AP-01,721,-80.9,17,10,57.0,14.3,3.491,2.38,1,1,21,0,1,0,16.43,1,0,5,2026-06,2
FBJ-0052,2026-06-27,Mañana,B,Cable,,288,,17,10,57.0,14.3,5.251,1.38,2,0,0,0,1,0,32.2,0,0,5,2026-06,2
FBJ-0053,2026-06-27,Mañana,B,Antena,AP-01,245,-55.9,17,10,57.0,14.3,5.066,1.36,5,1,31,0,1,0,24.33,1,0,5,2026-06,2
FBJ-0054,2026-06-27,Mañana,B,Antena,AP-02,302,-59.5,17,10,57.0,14.3,5.001,2.24,3,0,0,0,1,0,19.78,1,0,5,2026-06,2
FBJ-0057,2026-06-27,Mañana,B,Antena,AP-01,851,-81.4,17,10,57.0,14.3,3.406,1.77,4,0,0,0,1,0,17.54,1,0,5,2026-06,2
FBJ-0058,2026-06-27,Mañana,B,Antena,AP-02,308,-59.0,17,10,57.0,14.3,4.801,2.12,2,0,0,0,1,0,19.52,1,0,5,2026-06,2
FBJ-0059,2026-06-27,Mañana,B,Cable,,107,,17,10,57.0,14.3,5.856,1.59,8,1,30,0,1,0,35.0,0,1,5,2026-06,2
FBJ-0001,2026-06-27,Tarde,A,Antena,AP-01,625,-74.5,15,11,170.0,42.5,2.113,1.12,1,0,0,0,1,0,16.8,1,0,5,2026-06,3
FBJ-0004,2026-06-27,Tarde,A,Cable,,322,,15,11,170.0,42.5,8.191,1.78,8,0,0,0,1,0,35.0,0,1,5,2026-06,3
FBJ-0007,2026-06-27,Tarde,A,Antena,AP-02,594,-68.6,15,11,170.0,42.5,1.404,0.73,8,0,0,0,1,0,15.99,1,0,5,2026-06,3
FBJ-0009,2026-06-27,Tarde,A,Antena,AP-02,565,-72.0,15,11,170.0,42.5,2.958,1.21,7,0,0,0,1,0,20.11,1,0,5,2026-06,3
FBJ-0011,2026-06-27,Tarde,A,Antena,AP-02,440,-67.1,15,11,170.0,42.5,1.887,0.99,7,0,0,0,1,0,15.8,1,0,5,2026-06,3
FBJ-0013,2026-06-27,Tarde,A,Antena,AP-02,111,-56.0,15,11,170.0,42.5,0.492,0.2,2,0,0,0,1,0,28.44,1,0,5,2026-06,3
FBJ-0014,2026-06-27,Tarde,A,Antena,AP-01,319,-62.5,15,11,170.0,42.5,6.406,2.08,2,0,0,0,1,0,19.66,1,0,5,2026-06,3
FBJ-0015,2026-06-27,Tarde,A,Antena,AP-02,894,-83.5,15,11,170.0,42.5,3.88,1.6,6,0,0,0,1,0,19.26,1,0,5,2026-06,3
FBJ-0018,2026-06-27,Tarde,A,Cable,,281,,15,11,170.0,42.5,2.371,0.57,6,1,24,0,1,0,34.74,0,0,5,2026-06,3
FBJ-0019,2026-06-27,Tarde,A,Cable,,81,,15,11,170.0,42.5,4.957,1.09,4,0,0,0,1,0,35.0,0,1,5,2026-06,3
FBJ-0023,2026-06-27,Tarde,A,Antena,AP-01,872,-78.5,15,11,170.0,42.5,0.312,0.2,6,0,0,0,1,0,16.65,1,0,5,2026-06,3
FBJ-0024,2026-06-27,Tarde,A,Antena,AP-02,169,-58.3,15,11,170.0,42.5,3.365,1.53,3,0,0,0,1,0,22.14,1,0,5,2026-06,3
FBJ-0026,2026-06-27,Tarde,A,Antena,AP-02,283,-64.0,15,11,170.0,42.5,3.552,1.58,1,1,37,0,1,0,20.91,1,0,5,2026-06,3
FBJ-0027,2026-06-27,Tarde,A,Cable,,85,,15,11,170.0,42.5,5.814,1.41,1,0,0,0,1,0,34.19,0,0,5,2026-06,3
FBJ-0029,2026-06-27,Tarde,A,Cable,,251,,15,11,170.0,42.5,1.366,0.42,5,0,0,0,1,0,35.0,0,1,5,2026-06,3
FBJ-0030,2026-06-27,Tarde,A,Antena,AP-02,116,-54.6,15,11,170.0,42.5,4.999,1.21,1,0,0,0,1,0,31.78,1,0,5,2026-06,3
FBJ-0031,2026-06-27,Tarde,B,Cable,,202,,13,10,58.3,14.6,0.697,0.2,2,0,0,0,1,0,32.84,0,0,5,2026-06,3
FBJ-0033,2026-06-27,Tarde,B,Antena,AP-01,719,-77.6,13,10,58.3,14.6,1.254,0.62,4,0,0,0,1,0,19.62,1,0,5,2026-06,3
FBJ-0034,2026-06-27,Tarde,B,Antena,AP-02,604,-72.2,13,10,58.3,14.6,3.84,1.78,1,0,0,0,1,0,20.24,1,0,5,2026-06,3
FBJ-0035,2026-06-27,Tarde,B,Cable,,154,,13,10,58.3,14.6,1.334,0.39,4,0,0,0,1,0,33.21,0,0,5,2026-06,3
FBJ-0037,2026-06-27,Tarde,B,Cable,,205,,13,10,58.3,14.6,5.958,1.43,2,0,0,0,1,0,35.0,0,1,5,2026-06,3
FBJ-0039,2026-06-27,Tarde,B,Cable,,288,,13,10,58.3,14.6,5.249,1.11,4,0,0,0,1,0,35.0,0,1,5,2026-06,3
FBJ-0043,2026-06-27,Tarde,B,Cable,,318,,13,10,58.3,14.6,10.312,2.39,7,0,0,0,1,0,35.0,0,1,5,2026-06,3
FBJ-0045,2026-06-27,Tarde,B,Antena,AP-02,848,-81.7,13,10,58.3,14.6,3.362,1.25,4,0,0,0,1,0,19.97,1,0,5,2026-06,3
FBJ-0046,2026-06-27,Tarde,B,Antena,AP-01,177,-50.9,13,10,58.3,14.6,4.259,1.47,7,0,0,0,1,0,26.48,1,0,5,2026-06,3
FBJ-0047,2026-06-27,Tarde,B,Antena,AP-02,453,-71.2,13,10,58.3,14.6,0.772,0.38,2,0,0,0,1,0,17.9,1,0,5,2026-06,3
FBJ-0049,2026-06-27,Tarde,B,Cable,,350,,13,10,58.3,14.6,12.166,2.49,5,0,0,0,1,0,30.45,0,0,5,2026-06,3
FBJ-0050,2026-06-27,Tarde,B,Antena,AP-02,277,-61.0,13,10,58.3,14.6,4.156,1.75,5,0,0,0,1,0,24.77,1,0,5,2026-06,3
FBJ-0053,2026-06-27,Tarde,B,Antena,AP-01,245,-55.9,13,10,58.3,14.6,8.648,2.07,7,1,23,0,1,0,35.0,1,1,5,2026-06,3
FBJ-0054,2026-06-27,Tarde,B,Antena,AP-02,302,-59.5,13,10,58.3,14.6,1.34,0.51,5,0,0,0,1,0,24.67,1,0,5,2026-06,3
FBJ-0056,2026-06-27,Tarde,B,Antena,AP-02,549,-70.0,13,10,58.3,14.6,7.618,3.12,8,0,0,0,1,0,18.97,1,0,5,2026-06,3
FBJ-0059,2026-06-27,Tarde,B,Cable,,107,,13,10,58.3,14.6,4.25,1.69,3,0,0,0,1,0,23.16,0,0,5,2026-06,3
FBJ-0060,2026-06-27,Tarde,B,Cable,,110,,13,10,58.3,14.6,6.785,1.25,3,0,0,0,1,0,35.0,0,1,5,2026-06,3
FBJ-0003,2026-06-27,Noche,A,Antena,AP-02,392,-66.0,19,12,116.8,29.2,8.36,3.0,2,0,0,0,1,0,16.89,1,0,5,2026-06,4
FBJ-0004,2026-06-27,Noche,A,Cable,,322,,19,12,116.8,29.2,6.265,1.38,1,0,0,0,1,0,34.31,0,0,5,2026-06,4
FBJ-0007,2026-06-27,Noche,A,Antena,AP-02,594,-68.6,19,12,116.8,29.2,4.285,2.37,5,0,0,0,1,0,17.12,1,0,5,2026-06,4
FBJ-0009,2026-06-27,Noche,A,Antena,AP-02,565,-72.0,19,12,116.8,29.2,7.31,3.75,4,0,0,0,1,0,14.39,1,0,5,2026-06,4
FBJ-0012,2026-06-27,Noche,A,Antena,AP-01,631,-74.1,19,12,116.8,29.2,4.036,2.94,8,0,0,0,1,0,13.39,1,0,5,2026-06,4
FBJ-0014,2026-06-27,Noche,A,Antena,AP-01,319,-62.5,19,12,116.8,29.2,8.53,2.77,5,0,0,0,1,0,19.99,1,0,5,2026-06,4
FBJ-0018,2026-06-27,Noche,A,Cable,,281,,19,12,116.8,29.2,11.069,2.32,1,0,0,0,1,0,35.0,0,1,5,2026-06,4
FBJ-0019,2026-06-27,Noche,A,Cable,,81,,19,12,116.8,29.2,8.076,2.12,6,0,0,0,1,0,34.46,0,0,5,2026-06,4
FBJ-0020,2026-06-27,Noche,A,Antena,AP-01,244,-60.1,19,12,116.8,29.2,8.457,3.48,3,0,0,0,1,0,21.01,1,0,5,2026-06,4
FBJ-0021,2026-06-27,Noche,A,Cable,,163,,19,12,116.8,29.2,14.996,3.69,5,0,0,0,1,0,33.95,0,0,5,2026-06,4
FBJ-0022,2026-06-27,Noche,A,Antena,AP-02,838,-82.4,19,12,116.8,29.2,5.099,2.3,7,1,3,0,1,0,16.13,1,0,5,2026-06,4
FBJ-0023,2026-06-27,Noche,A,Antena,AP-01,872,-78.5,19,12,116.8,29.2,3.542,2.58,7,0,0,0,1,0,14.3,1,0,5,2026-06,4
FBJ-0024,2026-06-27,Noche,A,Antena,AP-02,169,-58.3,19,12,116.8,29.2,3.282,1.45,2,0,0,0,1,0,20.61,1,0,5,2026-06,4
FBJ-0025,2026-06-27,Noche,A,Antena,AP-01,575,-73.2,19,12,116.8,29.2,2.113,1.78,8,0,0,0,1,0,13.57,1,0,5,2026-06,4
FBJ-0026,2026-06-27,Noche,A,Antena,AP-02,283,-64.0,19,12,116.8,29.2,4.79,2.93,8,0,0,0,1,0,17.48,1,0,5,2026-06,4
FBJ-0027,2026-06-27,Noche,A,Cable,,85,,19,12,116.8,29.2,13.877,2.71,8,0,0,0,1,0,35.0,0,1,5,2026-06,4
FBJ-0029,2026-06-27,Noche,A,Cable,,251,,19,12,116.8,29.2,4.072,1.07,8,0,0,0,1,0,35.0,0,1,5,2026-06,4
FBJ-0030,2026-06-27,Noche,A,Antena,AP-02,116,-54.6,19,12,116.8,29.2,9.327,3.11,7,0,0,0,1,0,25.54,1,0,5,2026-06,4
FBJ-0031,2026-06-27,Noche,B,Cable,,202,,23,18,139.5,34.9,2.885,1.0,3,0,0,0,1,0,29.36,0,0,5,2026-06,4
FBJ-0033,2026-06-27,Noche,B,Antena,AP-01,719,-77.6,23,18,139.5,34.9,2.3,1.96,6,0,0,0,1,0,10.6,1,0,5,2026-06,4
FBJ-0034,2026-06-27,Noche,B,Antena,AP-02,604,-72.2,23,18,139.5,34.9,3.277,2.38,5,0,0,0,1,0,8.88,1,0,5,2026-06,4
FBJ-0035,2026-06-27,Noche,B,Cable,,154,,23,18,139.5,34.9,6.667,2.7,2,0,0,0,1,0,25.33,0,0,5,2026-06,4
FBJ-0036,2026-06-27,Noche,B,Antena,AP-01,831,-77.3,23,18,139.5,34.9,1.879,1.13,8,0,0,0,1,0,16.06,1,0,5,2026-06,4
FBJ-0037,2026-06-27,Noche,B,Cable,,205,,23,18,139.5,34.9,8.818,3.47,8,0,0,0,1,0,19.52,0,0,5,2026-06,4
FBJ-0039,2026-06-27,Noche,B,Cable,,288,,23,18,139.5,34.9,2.945,1.16,3,1,7,0,1,0,26.39,0,0,5,2026-06,4
FBJ-0040,2026-06-27,Noche,B,Antena,AP-01,564,-73.1,23,18,139.5,34.9,4.669,3.07,2,0,0,0,1,0,13.23,1,0,5,2026-06,4
FBJ-0041,2026-06-27,Noche,B,Antena,AP-02,509,-69.1,23,18,139.5,34.9,2.323,2.09,3,0,0,0,1,0,11.03,1,0,5,2026-06,4
FBJ-0042,2026-06-27,Noche,B,Antena,AP-01,176,-53.0,23,18,139.5,34.9,4.318,1.59,1,0,0,0,1,0,23.33,1,0,5,2026-06,4
FBJ-0044,2026-06-27,Noche,B,Cable,,86,,23,18,139.5,34.9,10.012,3.3,1,0,0,0,1,0,25.37,0,0,5,2026-06,4
FBJ-0046,2026-06-27,Noche,B,Antena,AP-01,177,-50.9,23,18,139.5,34.9,2.232,1.4,2,0,0,0,1,0,15.38,1,0,5,2026-06,4
FBJ-0047,2026-06-27,Noche,B,Antena,AP-02,453,-71.2,23,18,139.5,34.9,2.394,2.39,5,0,0,0,1,0,10.51,1,0,5,2026-06,4
FBJ-0048,2026-06-27,Noche,B,Antena,AP-01,721,-80.9,23,18,139.5,34.9,3.598,2.08,7,1,30,0,1,0,13.25,1,0,5,2026-06,4
FBJ-0049,2026-06-27,Noche,B,Cable,,350,,23,18,139.5,34.9,7.566,3.1,1,0,0,0,1,0,20.89,0,0,5,2026-06,4
FBJ-0050,2026-06-27,Noche,B,Antena,AP-02,277,-61.0,23,18,139.5,34.9,2.535,1.61,3,0,0,0,1,0,14.39,1,0,5,2026-06,4
FBJ-0051,2026-06-27,Noche,B,Cable,,42,,23,18,139.5,34.9,8.233,3.17,2,0,0,0,1,0,21.23,0,0,5,2026-06,4
FBJ-0053,2026-06-27,Noche,B,Antena,AP-01,245,-55.9,23,18,139.5,34.9,7.348,2.86,4,0,0,0,1,0,15.22,1,0,5,2026-06,4
FBJ-0054,2026-06-27,Noche,B,Antena,AP-02,302,-59.5,23,18,139.5,34.9,3.822,2.16,7,0,0,0,1,0,17.28,1,0,5,2026-06,4
FBJ-0056,2026-06-27,Noche,B,Antena,AP-02,549,-70.0,23,18,139.5,34.9,4.438,3.08,8,0,0,0,1,0,11.99,1,0,5,2026-06,4
FBJ-0057,2026-06-27,Noche,B,Antena,AP-01,851,-81.4,23,18,139.5,34.9,2.525,2.29,5,3,21,0,1,0,9.56,1,0,5,2026-06,4
FBJ-0058,2026-06-27,Noche,B,Antena,AP-02,308,-59.0,23,18,139.5,34.9,5.372,3.48,1,0,0,0,1,0,16.69,1,0,5,2026-06,4
FBJ-0059,2026-06-27,Noche,B,Cable,,107,,23,18,139.5,34.9,5.036,1.76,1,0,0,0,1,0,25.54,0,0,5,2026-06,4
FBJ-0060,2026-06-27,Noche,B,Cable,,110,,23,18,139.5,34.9,3.962,1.99,8,0,0,0,1,0,20.88,0,0,5,2026-06,4
FBJ-0003,2026-06-28,Madrugada,A,Antena,AP-02,392,-66.0,1,1,14.6,3.7,3.593,1.28,2,0,0,0,1,0,17.69,1,0,6,2026-06,1
FBJ-0005,2026-06-28,Madrugada,A,Cable,,179,,1,1,14.6,3.7,0.674,0.2,3,0,0,0,1,0,32.21,0,0,6,2026-06,1
FBJ-0012,2026-06-28,Madrugada,A,Antena,AP-01,631,-74.1,1,1,14.6,3.7,2.645,1.34,6,0,0,0,1,0,21.68,1,0,6,2026-06,1
FBJ-0018,2026-06-28,Madrugada,A,Cable,,281,,1,1,14.6,3.7,6.9,1.3,4,0,0,0,1,0,35.0,0,1,6,2026-06,1
FBJ-0027,2026-06-28,Madrugada,A,Cable,,85,,1,1,14.6,3.7,7.955,1.72,5,0,0,0,1,0,34.8,0,0,6,2026-06,1
FBJ-0031,2026-06-28,Madrugada,B,Cable,,202,,3,3,31.1,7.8,2.845,1.29,7,0,0,0,1,0,25.66,0,0,6,2026-06,1
FBJ-0035,2026-06-28,Madrugada,B,Cable,,154,,3,3,31.1,7.8,6.572,2.19,1,0,0,0,1,0,28.98,0,0,6,2026-06,1
FBJ-0043,2026-06-28,Madrugada,B,Cable,,318,,3,3,31.1,7.8,2.965,0.58,3,0,0,0,1,0,35.0,0,1,6,2026-06,1
FBJ-0060,2026-06-28,Madrugada,B,Cable,,110,,3,3,31.1,7.8,3.844,1.02,5,0,0,0,1,0,32.53,0,0,6,2026-06,1
FBJ-0003,2026-06-28,Mañana,A,Antena,AP-02,392,-66.0,10,7,85.6,21.4,2.7,1.13,4,0,0,0,1,0,20.04,1,0,6,2026-06,2
FBJ-0005,2026-06-28,Mañana,A,Cable,,179,,10,7,85.6,21.4,4.554,0.93,2,0,0,0,1,0,35.0,0,1,6,2026-06,2
FBJ-0009,2026-06-28,Mañana,A,Antena,AP-02,565,-72.0,10,7,85.6,21.4,3.218,1.65,8,0,0,0,1,0,17.44,1,0,6,2026-06,2
FBJ-0011,2026-06-28,Mañana,A,Antena,AP-02,440,-67.1,10,7,85.6,21.4,4.572,2.82,1,0,0,0,1,0,15.35,1,0,6,2026-06,2
FBJ-0013,2026-06-28,Mañana,A,Antena,AP-02,111,-56.0,10,7,85.6,21.4,9.353,2.3,6,0,0,0,1,0,35.0,1,1,6,2026-06,2
FBJ-0014,2026-06-28,Mañana,A,Antena,AP-01,319,-62.5,10,7,85.6,21.4,5.105,2.05,1,0,0,0,1,0,19.36,1,0,6,2026-06,2
FBJ-0015,2026-06-28,Mañana,A,Antena,AP-02,894,-83.5,10,7,85.6,21.4,0.32,0.2,8,0,0,0,1,0,14.8,1,0,6,2026-06,2
FBJ-0018,2026-06-28,Mañana,A,Cable,,281,,10,7,85.6,21.4,9.82,1.94,5,0,0,0,1,0,35.0,0,1,6,2026-06,2
FBJ-0019,2026-06-28,Mañana,A,Cable,,81,,10,7,85.6,21.4,4.185,1.3,6,1,5,0,1,0,33.38,0,0,6,2026-06,2
FBJ-0020,2026-06-28,Mañana,A,Antena,AP-01,244,-60.1,10,7,85.6,21.4,2.345,0.9,4,0,0,0,1,0,21.82,1,0,6,2026-06,2
FBJ-0021,2026-06-28,Mañana,A,Cable,,163,,10,7,85.6,21.4,6.312,1.55,7,0,0,0,1,0,34.19,0,0,6,2026-06,2
FBJ-0022,2026-06-28,Mañana,A,Antena,AP-02,838,-82.4,10,7,85.6,21.4,3.252,1.22,6,2,40,0,1,0,20.91,1,0,6,2026-06,2
FBJ-0023,2026-06-28,Mañana,A,Antena,AP-01,872,-78.5,10,7,85.6,21.4,1.411,1.1,2,1,32,0,1,0,15.02,1,0,6,2026-06,2
FBJ-0027,2026-06-28,Mañana,A,Cable,,85,,10,7,85.6,21.4,7.777,1.35,5,0,0,0,1,0,35.0,0,1,6,2026-06,2
FBJ-0029,2026-06-28,Mañana,A,Cable,,251,,10,7,85.6,21.4,5.016,1.1,1,0,0,0,1,0,34.53,0,0,6,2026-06,2
FBJ-0030,2026-06-28,Mañana,A,Antena,AP-02,116,-54.6,10,7,85.6,21.4,5.252,1.63,7,0,0,0,1,0,24.73,1,0,6,2026-06,2
FBJ-0033,2026-06-28,Mañana,B,Antena,AP-01,719,-77.6,12,8,85.9,21.5,6.108,2.41,6,0,0,0,1,0,20.57,1,0,6,2026-06,2
FBJ-0037,2026-06-28,Mañana,B,Cable,,205,,12,8,85.9,21.5,8.901,2.47,6,0,0,0,1,0,30.28,0,0,6,2026-06,2
FBJ-0040,2026-06-28,Mañana,B,Antena,AP-01,564,-73.1,12,8,85.9,21.5,5.136,2.83,3,0,0,0,1,0,18.7,1,0,6,2026-06,2
FBJ-0042,2026-06-28,Mañana,B,Antena,AP-01,176,-53.0,12,8,85.9,21.5,3.36,1.31,6,0,0,0,1,0,23.05,1,0,6,2026-06,2
FBJ-0046,2026-06-28,Mañana,B,Antena,AP-01,177,-50.9,12,8,85.9,21.5,9.727,2.19,4,0,0,0,1,0,34.76,1,0,6,2026-06,2
FBJ-0047,2026-06-28,Mañana,B,Antena,AP-02,453,-71.2,12,8,85.9,21.5,2.376,1.25,3,0,0,0,1,0,20.19,1,0,6,2026-06,2
FBJ-0048,2026-06-28,Mañana,B,Antena,AP-01,721,-80.9,12,8,85.9,21.5,1.285,0.57,8,0,0,0,1,0,16.61,1,0,6,2026-06,2
FBJ-0050,2026-06-28,Mañana,B,Antena,AP-02,277,-61.0,12,8,85.9,21.5,3.144,1.42,5,0,0,0,1,0,22.88,1,0,6,2026-06,2
FBJ-0051,2026-06-28,Mañana,B,Cable,,42,,12,8,85.9,21.5,11.432,2.14,7,1,16,0,1,0,35.0,0,1,6,2026-06,2
FBJ-0052,2026-06-28,Mañana,B,Cable,,288,,12,8,85.9,21.5,3.978,1.3,8,0,0,0,1,0,30.85,0,0,6,2026-06,2
FBJ-0058,2026-06-28,Mañana,B,Antena,AP-02,308,-59.0,12,8,85.9,21.5,5.709,2.21,2,0,0,0,1,0,21.32,1,0,6,2026-06,2
FBJ-0003,2026-06-28,Tarde,A,Antena,AP-02,392,-66.0,15,12,85.7,21.4,0.506,0.25,2,0,0,0,1,0,20.36,1,0,6,2026-06,3
FBJ-0004,2026-06-28,Tarde,A,Cable,,322,,15,12,85.7,21.4,10.761,3.49,7,0,0,0,1,0,35.0,0,1,6,2026-06,3
FBJ-0007,2026-06-28,Tarde,A,Antena,AP-02,594,-68.6,15,12,85.7,21.4,0.888,0.43,1,0,0,0,1,0,16.83,1,0,6,2026-06,3
FBJ-0010,2026-06-28,Tarde,A,Antena,AP-01,482,-67.3,15,12,85.7,21.4,4.333,2.09,1,0,0,0,1,0,17.28,1,0,6,2026-06,3
FBJ-0012,2026-06-28,Tarde,A,Antena,AP-01,631,-74.1,15,12,85.7,21.4,3.647,1.78,5,0,0,0,1,0,14.33,1,0,6,2026-06,3
FBJ-0013,2026-06-28,Tarde,A,Antena,AP-02,111,-56.0,15,12,85.7,21.4,0.833,0.32,2,1,20,0,1,0,18.87,1,0,6,2026-06,3
FBJ-0015,2026-06-28,Tarde,A,Antena,AP-02,894,-83.5,15,12,85.7,21.4,3.072,1.47,7,0,0,0,1,0,17.73,1,0,6,2026-06,3
FBJ-0018,2026-06-28,Tarde,A,Cable,,281,,15,12,85.7,21.4,4.445,1.13,8,0,0,0,1,0,35.0,0,1,6,2026-06,3
FBJ-0020,2026-06-28,Tarde,A,Antena,AP-01,244,-60.1,15,12,85.7,21.4,2.59,0.83,3,0,0,0,1,0,27.4,1,0,6,2026-06,3
FBJ-0022,2026-06-28,Tarde,A,Antena,AP-02,838,-82.4,15,12,85.7,21.4,2.046,1.3,8,0,0,0,1,0,15.26,1,0,6,2026-06,3
FBJ-0023,2026-06-28,Tarde,A,Antena,AP-01,872,-78.5,15,12,85.7,21.4,1.9,1.22,8,1,8,0,1,0,17.47,1,0,6,2026-06,3
FBJ-0024,2026-06-28,Tarde,A,Antena,AP-02,169,-58.3,15,12,85.7,21.4,2.133,0.78,1,0,0,0,1,0,23.99,1,0,6,2026-06,3
FBJ-0025,2026-06-28,Tarde,A,Antena,AP-01,575,-73.2,15,12,85.7,21.4,4.766,2.56,6,0,0,0,1,0,15.99,1,0,6,2026-06,3
FBJ-0026,2026-06-28,Tarde,A,Antena,AP-02,283,-64.0,15,12,85.7,21.4,3.177,1.56,5,1,7,0,1,0,16.68,1,0,6,2026-06,3
FBJ-0029,2026-06-28,Tarde,A,Cable,,251,,15,12,85.7,21.4,3.607,0.75,5,0,0,0,1,0,34.11,0,0,6,2026-06,3
FBJ-0032,2026-06-28,Tarde,B,Cable,,302,,20,12,109.3,27.3,8.252,1.81,7,0,0,0,1,0,35.0,0,1,6,2026-06,3
FBJ-0033,2026-06-28,Tarde,B,Antena,AP-01,719,-77.6,20,12,109.3,27.3,0.905,0.53,7,1,7,0,1,0,14.87,1,0,6,2026-06,3
FBJ-0035,2026-06-28,Tarde,B,Cable,,154,,20,12,109.3,27.3,9.288,2.23,2,1,38,0,1,0,31.76,0,0,6,2026-06,3
FBJ-0043,2026-06-28,Tarde,B,Cable,,318,,20,12,109.3,27.3,8.106,2.37,1,0,0,0,1,0,30.31,0,0,6,2026-06,3
FBJ-0045,2026-06-28,Tarde,B,Antena,AP-02,848,-81.7,20,12,109.3,27.3,2.939,1.1,7,1,4,0,1,0,16.44,1,0,6,2026-06,3
FBJ-0050,2026-06-28,Tarde,B,Antena,AP-02,277,-61.0,20,12,109.3,27.3,1.419,0.58,5,0,0,0,1,0,26.29,1,0,6,2026-06,3
FBJ-0051,2026-06-28,Tarde,B,Cable,,42,,20,12,109.3,27.3,7.561,1.92,3,0,0,0,1,0,26.64,0,0,6,2026-06,3
FBJ-0057,2026-06-28,Tarde,B,Antena,AP-01,851,-81.4,20,12,109.3,27.3,2.923,1.72,8,1,16,0,1,0,17.38,1,0,6,2026-06,3
FBJ-0058,2026-06-28,Tarde,B,Antena,AP-02,308,-59.0,20,12,109.3,27.3,3.329,1.63,8,0,0,0,1,0,21.24,1,0,6,2026-06,3
FBJ-0060,2026-06-28,Tarde,B,Cable,,110,,20,12,109.3,27.3,2.096,0.98,3,0,0,0,1,0,21.7,0,0,6,2026-06,3
FBJ-0003,2026-06-28,Noche,A,Antena,AP-02,392,-66.0,18,13,149.6,37.4,6.388,2.93,7,0,0,0,1,0,15.76,1,0,6,2026-06,4
FBJ-0004,2026-06-28,Noche,A,Cable,,322,,18,13,149.6,37.4,6.319,2.03,3,0,0,0,1,0,24.27,0,0,6,2026-06,4
FBJ-0005,2026-06-28,Noche,A,Cable,,179,,18,13,149.6,37.4,4.822,1.97,5,0,0,0,1,0,21.69,0,0,6,2026-06,4
FBJ-0009,2026-06-28,Noche,A,Antena,AP-02,565,-72.0,18,13,149.6,37.4,3.997,2.36,8,0,0,0,1,0,14.49,1,0,6,2026-06,4
FBJ-0010,2026-06-28,Noche,A,Antena,AP-01,482,-67.3,18,13,149.6,37.4,6.605,3.1,4,0,0,0,1,0,16.87,1,0,6,2026-06,4
FBJ-0011,2026-06-28,Noche,A,Antena,AP-02,440,-67.1,18,13,149.6,37.4,8.721,2.83,4,0,0,0,1,0,21.61,1,0,6,2026-06,4
FBJ-0012,2026-06-28,Noche,A,Antena,AP-01,631,-74.1,18,13,149.6,37.4,5.485,2.48,2,0,0,0,1,0,21.12,1,0,6,2026-06,4
FBJ-0014,2026-06-28,Noche,A,Antena,AP-01,319,-62.5,18,13,149.6,37.4,2.034,0.93,7,0,0,0,1,0,16.52,1,0,6,2026-06,4
FBJ-0018,2026-06-28,Noche,A,Cable,,281,,18,13,149.6,37.4,11.573,2.8,7,0,0,0,1,0,28.88,0,0,6,2026-06,4
FBJ-0019,2026-06-28,Noche,A,Cable,,81,,18,13,149.6,37.4,7.915,2.03,8,0,0,0,1,0,27.67,0,0,6,2026-06,4
FBJ-0020,2026-06-28,Noche,A,Antena,AP-01,244,-60.1,18,13,149.6,37.4,7.221,2.39,1,0,0,0,1,0,21.12,1,0,6,2026-06,4
FBJ-0021,2026-06-28,Noche,A,Cable,,163,,18,13,149.6,37.4,4.377,1.05,5,0,0,0,1,0,32.96,0,0,6,2026-06,4
FBJ-0022,2026-06-28,Noche,A,Antena,AP-02,838,-82.4,18,13,149.6,37.4,1.105,0.64,4,0,0,0,1,0,14.94,1,0,6,2026-06,4
FBJ-0023,2026-06-28,Noche,A,Antena,AP-01,872,-78.5,18,13,149.6,37.4,4.514,3.21,4,0,0,0,1,0,17.11,1,0,6,2026-06,4
FBJ-0024,2026-06-28,Noche,A,Antena,AP-02,169,-58.3,18,13,149.6,37.4,2.349,1.02,2,0,0,0,1,0,22.18,1,0,6,2026-06,4
FBJ-0025,2026-06-28,Noche,A,Antena,AP-01,575,-73.2,18,13,149.6,37.4,2.163,1.15,6,0,0,0,1,0,14.64,1,0,6,2026-06,4
FBJ-0026,2026-06-28,Noche,A,Antena,AP-02,283,-64.0,18,13,149.6,37.4,4.41,1.97,4,0,0,0,1,0,21.14,1,0,6,2026-06,4
FBJ-0027,2026-06-28,Noche,A,Cable,,85,,18,13,149.6,37.4,11.699,2.68,6,0,0,0,1,0,27.06,0,0,6,2026-06,4
FBJ-0029,2026-06-28,Noche,A,Cable,,251,,18,13,149.6,37.4,7.566,2.0,3,0,0,0,1,0,31.49,0,0,6,2026-06,4
FBJ-0030,2026-06-28,Noche,A,Antena,AP-02,116,-54.6,18,13,149.6,37.4,8.535,2.23,1,0,0,0,1,0,29.85,1,0,6,2026-06,4
FBJ-0031,2026-06-28,Noche,B,Cable,,202,,24,17,117.2,29.3,3.733,1.59,7,0,0,0,1,0,22.71,0,0,6,2026-06,4
FBJ-0032,2026-06-28,Noche,B,Cable,,302,,24,17,117.2,29.3,7.187,3.57,1,0,0,0,1,0,21.49,0,0,6,2026-06,4
FBJ-0033,2026-06-28,Noche,B,Antena,AP-01,719,-77.6,24,17,117.2,29.3,4.071,2.46,2,0,0,0,1,0,12.5,1,0,6,2026-06,4
FBJ-0034,2026-06-28,Noche,B,Antena,AP-02,604,-72.2,24,17,117.2,29.3,3.925,2.7,3,0,0,0,1,0,11.67,1,0,6,2026-06,4
FBJ-0036,2026-06-28,Noche,B,Antena,AP-01,831,-77.3,24,17,117.2,29.3,2.389,2.01,1,0,0,0,1,0,11.04,1,0,6,2026-06,4
FBJ-0037,2026-06-28,Noche,B,Cable,,205,,24,17,117.2,29.3,4.004,1.85,2,1,20,0,1,0,19.44,0,0,6,2026-06,4
FBJ-0039,2026-06-28,Noche,B,Cable,,288,,24,17,117.2,29.3,9.914,1.86,4,0,0,0,1,0,35.0,0,1,6,2026-06,4
FBJ-0040,2026-06-28,Noche,B,Antena,AP-01,564,-73.1,24,17,117.2,29.3,7.649,3.23,5,1,32,0,1,0,16.63,1,0,6,2026-06,4
FBJ-0041,2026-06-28,Noche,B,Antena,AP-02,509,-69.1,24,17,117.2,29.3,4.854,2.89,2,0,0,0,1,0,11.61,1,0,6,2026-06,4
FBJ-0042,2026-06-28,Noche,B,Antena,AP-01,176,-53.0,24,17,117.2,29.3,4.57,1.76,8,0,0,0,1,0,18.86,1,0,6,2026-06,4
FBJ-0043,2026-06-28,Noche,B,Cable,,318,,24,17,117.2,29.3,6.237,2.09,7,0,0,0,1,0,23.62,0,0,6,2026-06,4
FBJ-0044,2026-06-28,Noche,B,Cable,,86,,24,17,117.2,29.3,9.557,2.16,6,0,0,0,1,0,35.0,0,1,6,2026-06,4
FBJ-0046,2026-06-28,Noche,B,Antena,AP-01,177,-50.9,24,17,117.2,29.3,9.355,3.03,2,0,0,0,1,0,21.07,1,0,6,2026-06,4
FBJ-0047,2026-06-28,Noche,B,Antena,AP-02,453,-71.2,24,17,117.2,29.3,3.03,2.03,7,0,0,0,1,0,10.78,1,0,6,2026-06,4
FBJ-0048,2026-06-28,Noche,B,Antena,AP-01,721,-80.9,24,17,117.2,29.3,4.082,3.17,2,1,39,0,1,0,11.96,1,0,6,2026-06,4
FBJ-0049,2026-06-28,Noche,B,Cable,,350,,24,17,117.2,29.3,8.015,2.17,6,0,0,0,1,0,26.94,0,0,6,2026-06,4
FBJ-0050,2026-06-28,Noche,B,Antena,AP-02,277,-61.0,24,17,117.2,29.3,3.579,2.36,2,0,0,0,1,0,16.46,1,0,6,2026-06,4
FBJ-0051,2026-06-28,Noche,B,Cable,,42,,24,17,117.2,29.3,11.971,3.32,3,0,0,0,1,0,25.5,0,0,6,2026-06,4
FBJ-0052,2026-06-28,Noche,B,Cable,,288,,24,17,117.2,29.3,4.011,1.51,7,0,0,0,1,0,23.14,0,0,6,2026-06,4
FBJ-0053,2026-06-28,Noche,B,Antena,AP-01,245,-55.9,24,17,117.2,29.3,7.033,2.76,4,0,0,0,1,0,20.26,1,0,6,2026-06,4
FBJ-0054,2026-06-28,Noche,B,Antena,AP-02,302,-59.5,24,17,117.2,29.3,4.811,3.42,6,0,0,0,1,0,11.28,1,0,6,2026-06,4
FBJ-0056,2026-06-28,Noche,B,Antena,AP-02,549,-70.0,24,17,117.2,29.3,3.367,1.97,7,0,0,0,1,0,10.38,1,0,6,2026-06,4
FBJ-0057,2026-06-28,Noche,B,Antena,AP-01,851,-81.4,24,17,117.2,29.3,4.146,2.52,6,0,0,0,1,0,12.98,1,0,6,2026-06,4
FBJ-0058,2026-06-28,Noche,B,Antena,AP-02,308,-59.0,24,17,117.2,29.3,5.224,3.3,7,1,12,0,1,0,18.41,1,0,6,2026-06,4
FBJ-0059,2026-06-28,Noche,B,Cable,,107,,24,17,117.2,29.3,4.816,2.69,4,0,0,0,1,0,17.75,0,0,6,2026-06,4
FBJ-0060,2026-06-28,Noche,B,Cable,,110,,24,17,117.2,29.3,5.463,2.63,3,0,0,0,1,0,20.19,0,0,6,2026-06,4
FBJ-0015,2026-06-29,Madrugada,A,Antena,AP-02,894,-83.5,4,2,20.5,5.1,3.234,1.89,7,0,0,1,0,0,12.9,1,0,0,2026-06,1
FBJ-0039,2026-06-29,Madrugada,B,Cable,,288,,4,3,9.1,2.3,1.865,0.64,6,1,39,1,0,0,29.55,0,0,0,2026-06,1
FBJ-0050,2026-06-29,Madrugada,B,Antena,AP-02,277,-61.0,4,3,9.1,2.3,5.756,2.14,5,2,28,1,0,0,20.73,1,0,0,2026-06,1
FBJ-0051,2026-06-29,Madrugada,B,Cable,,42,,4,3,9.1,2.3,2.853,0.81,5,1,27,1,0,0,24.51,0,0,0,2026-06,1
FBJ-0052,2026-06-29,Madrugada,B,Cable,,288,,4,3,9.1,2.3,4.538,1.24,4,1,19,1,0,0,30.29,0,0,0,2026-06,1
FBJ-0054,2026-06-29,Madrugada,B,Antena,AP-02,302,-59.5,4,3,9.1,2.3,1.975,1.0,2,1,23,1,0,0,15.36,1,0,0,2026-06,1
FBJ-0060,2026-06-29,Madrugada,B,Cable,,110,,4,3,9.1,2.3,2.072,0.47,3,0,0,1,0,0,35.0,0,1,0,2026-06,1
FBJ-0003,2026-06-29,Mañana,A,Antena,AP-02,392,-66.0,8,4,47.8,12.0,6.337,3.1,1,0,0,1,0,0,15.19,1,0,0,2026-06,2
FBJ-0005,2026-06-29,Mañana,A,Cable,,179,,8,4,47.8,12.0,4.978,2.22,4,0,0,1,0,0,21.09,0,0,0,2026-06,2
FBJ-0015,2026-06-29,Mañana,A,Antena,AP-02,894,-83.5,8,4,47.8,12.0,0.915,0.66,8,3,12,1,0,0,10.31,1,0,0,2026-06,2
FBJ-0018,2026-06-29,Mañana,A,Cable,,281,,8,4,47.8,12.0,7.097,2.56,1,2,16,1,0,0,21.64,0,0,0,2026-06,2
FBJ-0019,2026-06-29,Mañana,A,Cable,,81,,8,4,47.8,12.0,10.86,2.88,4,0,0,1,0,0,29.8,0,0,0,2026-06,2
FBJ-0023,2026-06-29,Mañana,A,Antena,AP-01,872,-78.5,8,4,47.8,12.0,1.337,1.16,8,3,30,1,0,0,12.08,1,0,0,2026-06,2
FBJ-0027,2026-06-29,Mañana,A,Cable,,85,,8,4,47.8,12.0,3.192,1.03,4,2,60,1,0,0,24.98,0,0,0,2026-06,2
FBJ-0031,2026-06-29,Mañana,B,Cable,,202,,11,10,133.9,33.5,3.124,1.23,6,0,0,1,0,0,30.02,0,0,0,2026-06,2
FBJ-0033,2026-06-29,Mañana,B,Antena,AP-01,719,-77.6,11,10,133.9,33.5,1.301,0.89,5,1,27,1,0,0,10.43,1,0,0,2026-06,2
FBJ-0035,2026-06-29,Mañana,B,Cable,,154,,11,10,133.9,33.5,5.194,2.09,4,0,0,1,0,0,28.4,0,0,0,2026-06,2
FBJ-0037,2026-06-29,Mañana,B,Cable,,205,,11,10,133.9,33.5,3.875,1.63,1,2,78,1,0,0,29.11,0,0,0,2026-06,2
FBJ-0041,2026-06-29,Mañana,B,Antena,AP-02,509,-69.1,11,10,133.9,33.5,3.862,1.79,7,3,90,1,0,0,14.42,1,0,0,2026-06,2
FBJ-0042,2026-06-29,Mañana,B,Antena,AP-01,176,-53.0,11,10,133.9,33.5,1.902,0.53,5,0,0,1,0,0,23.35,1,0,0,2026-06,2
FBJ-0044,2026-06-29,Mañana,B,Cable,,86,,11,10,133.9,33.5,8.511,2.37,3,1,3,1,0,0,35.0,0,1,0,2026-06,2
FBJ-0045,2026-06-29,Mañana,B,Antena,AP-02,848,-81.7,11,10,133.9,33.5,3.031,1.88,6,4,28,1,0,0,12.02,1,0,0,2026-06,2
FBJ-0049,2026-06-29,Mañana,B,Cable,,350,,11,10,133.9,33.5,13.448,2.72,8,3,15,1,0,0,32.04,0,0,0,2026-06,2
FBJ-0051,2026-06-29,Mañana,B,Cable,,42,,11,10,133.9,33.5,4.884,1.85,1,1,25,1,0,0,25.47,0,0,0,2026-06,2
FBJ-0053,2026-06-29,Mañana,B,Antena,AP-01,245,-55.9,11,10,133.9,33.5,3.046,1.09,8,0,0,1,0,0,19.86,1,0,0,2026-06,2
FBJ-0004,2026-06-29,Tarde,A,Cable,,322,,17,12,137.4,34.3,3.276,1.07,5,1,31,1,0,0,24.48,0,0,0,2026-06,3
FBJ-0005,2026-06-29,Tarde,A,Cable,,179,,17,12,137.4,34.3,7.133,2.06,8,0,0,1,0,0,27.96,0,0,0,2026-06,3
FBJ-0013,2026-06-29,Tarde,A,Antena,AP-02,111,-56.0,17,12,137.4,34.3,6.375,2.11,3,1,33,1,0,0,24.72,1,0,0,2026-06,3
FBJ-0014,2026-06-29,Tarde,A,Antena,AP-01,319,-62.5,17,12,137.4,34.3,1.678,0.72,6,2,72,1,0,0,16.5,1,0,0,2026-06,3
FBJ-0015,2026-06-29,Tarde,A,Antena,AP-02,894,-83.5,17,12,137.4,34.3,1.66,1.17,6,3,30,1,0,0,13.05,1,0,0,2026-06,3
FBJ-0019,2026-06-29,Tarde,A,Cable,,81,,17,12,137.4,34.3,3.864,1.89,1,1,22,1,0,0,22.97,0,0,0,2026-06,3
FBJ-0020,2026-06-29,Tarde,A,Antena,AP-01,244,-60.1,17,12,137.4,34.3,2.091,1.17,3,1,4,1,0,0,17.86,1,0,0,2026-06,3
FBJ-0022,2026-06-29,Tarde,A,Antena,AP-02,838,-82.4,17,12,137.4,34.3,2.492,1.48,4,3,30,1,0,0,10.32,1,0,0,2026-06,3
FBJ-0023,2026-06-29,Tarde,A,Antena,AP-01,872,-78.5,17,12,137.4,34.3,2.955,1.63,1,2,52,1,0,0,15.8,1,0,0,2026-06,3
FBJ-0025,2026-06-29,Tarde,A,Antena,AP-01,575,-73.2,17,12,137.4,34.3,2.226,1.68,4,2,16,1,0,0,15.37,1,0,0,2026-06,3
FBJ-0031,2026-06-29,Tarde,B,Cable,,202,,9,5,53.6,13.4,1.22,0.66,6,2,58,1,0,0,19.94,0,0,0,2026-06,3
FBJ-0034,2026-06-29,Tarde,B,Antena,AP-02,604,-72.2,9,5,53.6,13.4,1.069,0.61,7,0,0,1,0,0,12.38,1,0,0,2026-06,3
FBJ-0037,2026-06-29,Tarde,B,Cable,,205,,9,5,53.6,13.4,4.835,1.85,6,0,0,1,0,0,25.52,0,0,0,2026-06,3
FBJ-0040,2026-06-29,Tarde,B,Antena,AP-01,564,-73.1,9,5,53.6,13.4,0.946,0.61,2,1,7,1,0,0,10.84,1,0,0,2026-06,3
FBJ-0041,2026-06-29,Tarde,B,Antena,AP-02,509,-69.1,9,5,53.6,13.4,2.207,1.8,6,3,42,1,0,0,11.63,1,0,0,2026-06,3
FBJ-0042,2026-06-29,Tarde,B,Antena,AP-01,176,-53.0,9,5,53.6,13.4,1.564,0.61,7,0,0,1,0,0,17.07,1,0,0,2026-06,3
FBJ-0043,2026-06-29,Tarde,B,Cable,,318,,9,5,53.6,13.4,3.061,0.74,8,0,0,1,0,0,31.28,0,0,0,2026-06,3
FBJ-0045,2026-06-29,Tarde,B,Antena,AP-02,848,-81.7,9,5,53.6,13.4,2.192,1.43,2,5,160,1,0,0,12.54,1,0,0,2026-06,3
FBJ-0046,2026-06-29,Tarde,B,Antena,AP-01,177,-50.9,9,5,53.6,13.4,6.455,1.83,4,2,6,1,0,0,27.33,1,0,0,2026-06,3
FBJ-0047,2026-06-29,Tarde,B,Antena,AP-02,453,-71.2,9,5,53.6,13.4,2.967,1.88,1,0,0,1,0,0,11.66,1,0,0,2026-06,3
FBJ-0051,2026-06-29,Tarde,B,Cable,,42,,9,5,53.6,13.4,6.255,1.43,3,0,0,1,0,0,28.43,0,0,0,2026-06,3
FBJ-0052,2026-06-29,Tarde,B,Cable,,288,,9,5,53.6,13.4,2.394,0.65,5,4,88,1,0,0,29.04,0,0,0,2026-06,3
FBJ-0054,2026-06-29,Tarde,B,Antena,AP-02,302,-59.5,9,5,53.6,13.4,3.871,1.22,7,1,30,1,0,0,20.69,1,0,0,2026-06,3
FBJ-0058,2026-06-29,Tarde,B,Antena,AP-02,308,-59.0,9,5,53.6,13.4,5.026,2.48,8,2,24,1,0,0,22.66,1,0,0,2026-06,3
FBJ-0059,2026-06-29,Tarde,B,Cable,,107,,9,5,53.6,13.4,5.023,2.74,3,1,13,1,0,0,20.96,0,0,0,2026-06,3
FBJ-0001,2026-06-29,Noche,A,Antena,AP-01,625,-74.5,17,12,170.8,42.7,3.399,1.78,3,2,76,1,0,0,13.29,1,0,0,2026-06,4
FBJ-0003,2026-06-29,Noche,A,Antena,AP-02,392,-66.0,17,12,170.8,42.7,4.364,3.33,5,0,0,1,0,0,9.68,1,0,0,2026-06,4
FBJ-0007,2026-06-29,Noche,A,Antena,AP-02,594,-68.6,17,12,170.8,42.7,3.604,2.33,6,0,0,1,0,0,10.36,1,0,0,2026-06,4
FBJ-0009,2026-06-29,Noche,A,Antena,AP-02,565,-72.0,17,12,170.8,42.7,2.719,1.76,7,1,17,1,0,0,12.29,1,0,0,2026-06,4
FBJ-0010,2026-06-29,Noche,A,Antena,AP-01,482,-67.3,17,12,170.8,42.7,5.065,3.32,1,1,35,1,0,0,15.53,1,0,0,2026-06,4
FBJ-0011,2026-06-29,Noche,A,Antena,AP-02,440,-67.1,17,12,170.8,42.7,4.885,2.81,3,0,0,1,0,0,13.07,1,0,0,2026-06,4
FBJ-0019,2026-06-29,Noche,A,Cable,,81,,17,12,170.8,42.7,3.41,1.6,8,1,27,1,0,0,19.9,0,0,0,2026-06,4
FBJ-0020,2026-06-29,Noche,A,Antena,AP-01,244,-60.1,17,12,170.8,42.7,3.63,1.32,7,0,0,1,0,0,20.73,1,0,0,2026-06,4
FBJ-0021,2026-06-29,Noche,A,Cable,,163,,17,12,170.8,42.7,6.407,2.49,6,3,72,1,0,0,26.76,0,0,0,2026-06,4
FBJ-0023,2026-06-29,Noche,A,Antena,AP-01,872,-78.5,17,12,170.8,42.7,2.702,2.48,5,5,25,1,0,0,11.49,1,0,0,2026-06,4
FBJ-0024,2026-06-29,Noche,A,Antena,AP-02,169,-58.3,17,12,170.8,42.7,4.721,2.31,3,0,0,1,0,0,19.25,1,0,0,2026-06,4
FBJ-0026,2026-06-29,Noche,A,Antena,AP-02,283,-64.0,17,12,170.8,42.7,4.942,3.14,2,0,0,1,0,0,13.7,1,0,0,2026-06,4
FBJ-0027,2026-06-29,Noche,A,Cable,,85,,17,12,170.8,42.7,13.037,3.35,5,0,0,1,0,0,30.04,0,0,0,2026-06,4
FBJ-0029,2026-06-29,Noche,A,Cable,,251,,17,12,170.8,42.7,4.412,1.58,3,0,0,1,0,0,23.83,0,0,0,2026-06,4
FBJ-0030,2026-06-29,Noche,A,Antena,AP-02,116,-54.6,17,12,170.8,42.7,7.087,3.36,2,1,34,1,0,0,19.96,1,0,0,2026-06,4
FBJ-0031,2026-06-29,Noche,B,Cable,,202,,18,15,110.4,27.6,6.266,2.33,6,0,0,1,0,0,21.24,0,0,0,2026-06,4
FBJ-0032,2026-06-29,Noche,B,Cable,,302,,18,15,110.4,27.6,4.043,1.67,7,1,31,1,0,0,20.78,0,0,0,2026-06,4
FBJ-0033,2026-06-29,Noche,B,Antena,AP-01,719,-77.6,18,15,110.4,27.6,1.26,1.09,6,1,32,1,0,0,10.12,1,0,0,2026-06,4
FBJ-0034,2026-06-29,Noche,B,Antena,AP-02,604,-72.2,18,15,110.4,27.6,3.024,2.68,1,4,72,1,0,0,8.87,1,0,0,2026-06,4
FBJ-0037,2026-06-29,Noche,B,Cable,,205,,18,15,110.4,27.6,2.486,1.51,3,0,0,1,0,0,19.42,0,0,0,2026-06,4
FBJ-0039,2026-06-29,Noche,B,Cable,,288,,18,15,110.4,27.6,7.975,2.48,7,1,39,1,0,0,21.79,0,0,0,2026-06,4
FBJ-0040,2026-06-29,Noche,B,Antena,AP-01,564,-73.1,18,15,110.4,27.6,2.71,1.92,4,1,5,1,0,0,11.32,1,0,0,2026-06,4
FBJ-0041,2026-06-29,Noche,B,Antena,AP-02,509,-69.1,18,15,110.4,27.6,1.271,1.45,1,2,34,1,0,0,8.24,1,0,0,2026-06,4
FBJ-0042,2026-06-29,Noche,B,Antena,AP-01,176,-53.0,18,15,110.4,27.6,2.509,1.34,8,4,68,1,0,0,16.24,1,0,0,2026-06,4
FBJ-0043,2026-06-29,Noche,B,Cable,,318,,18,15,110.4,27.6,4.622,2.23,2,3,30,1,0,0,18.55,0,0,0,2026-06,4
FBJ-0044,2026-06-29,Noche,B,Cable,,86,,18,15,110.4,27.6,5.565,3.04,2,4,156,1,0,0,17.56,0,0,0,2026-06,4
FBJ-0046,2026-06-29,Noche,B,Antena,AP-01,177,-50.9,18,15,110.4,27.6,4.291,2.42,2,1,4,1,0,0,17.3,1,0,0,2026-06,4
FBJ-0047,2026-06-29,Noche,B,Antena,AP-02,453,-71.2,18,15,110.4,27.6,2.77,3.12,6,1,5,1,0,0,9.89,1,0,0,2026-06,4
FBJ-0048,2026-06-29,Noche,B,Antena,AP-01,721,-80.9,18,15,110.4,27.6,5.231,4.02,4,1,29,1,0,0,9.94,1,0,0,2026-06,4
FBJ-0051,2026-06-29,Noche,B,Cable,,42,,18,15,110.4,27.6,1.331,0.47,5,2,66,1,0,0,24.23,0,0,0,2026-06,4
FBJ-0054,2026-06-29,Noche,B,Antena,AP-02,302,-59.5,18,15,110.4,27.6,5.922,3.43,8,3,117,1,0,0,14.89,1,0,0,2026-06,4
FBJ-0057,2026-06-29,Noche,B,Antena,AP-01,851,-81.4,18,15,110.4,27.6,1.6,1.69,4,5,20,1,0,0,8.13,1,0,0,2026-06,4
FBJ-0058,2026-06-29,Noche,B,Antena,AP-02,308,-59.0,18,15,110.4,27.6,4.151,2.32,7,1,33,1,0,0,18.55,1,0,0,2026-06,4
FBJ-0060,2026-06-29,Noche,B,Cable,,110,,18,15,110.4,27.6,6.893,1.99,8,1,12,1,0,0,25.79,0,0,0,2026-06,4
FBJ-0001,2026-06-30,Madrugada,A,Antena,AP-01,625,-74.5,2,2,18.2,4.5,2.259,1.54,4,0,0,0,0,0,14.61,1,0,1,2026-06,1
FBJ-0014,2026-06-30,Madrugada,A,Antena,AP-01,319,-62.5,2,2,18.2,4.5,2.112,0.66,7,0,0,0,0,0,21.36,1,0,1,2026-06,1
FBJ-0034,2026-06-30,Madrugada,B,Antena,AP-02,604,-72.2,2,2,32.4,8.1,1.249,0.55,3,0,0,0,0,0,19.35,1,0,1,2026-06,1
FBJ-0035,2026-06-30,Madrugada,B,Cable,,154,,2,2,32.4,8.1,0.537,0.2,8,0,0,0,0,0,24.66,0,0,1,2026-06,1
FBJ-0037,2026-06-30,Madrugada,B,Cable,,205,,2,2,32.4,8.1,4.492,1.39,6,0,0,0,0,0,35.0,0,1,1,2026-06,1
FBJ-0041,2026-06-30,Madrugada,B,Antena,AP-02,509,-69.1,2,2,32.4,8.1,4.553,1.81,5,0,0,0,0,0,21.35,1,0,1,2026-06,1
FBJ-0058,2026-06-30,Madrugada,B,Antena,AP-02,308,-59.0,2,2,32.4,8.1,3.184,1.26,7,0,0,0,0,0,24.93,1,0,1,2026-06,1
FBJ-0059,2026-06-30,Madrugada,B,Cable,,107,,2,2,32.4,8.1,1.325,0.35,6,0,0,0,0,0,35.0,0,1,1,2026-06,1
FBJ-0003,2026-06-30,Mañana,A,Antena,AP-02,392,-66.0,9,6,76.0,19.0,2.706,1.66,6,0,0,0,0,0,15.17,1,0,1,2026-06,2
FBJ-0012,2026-06-30,Mañana,A,Antena,AP-01,631,-74.1,9,6,76.0,19.0,3.233,1.63,2,0,0,0,0,0,16.17,1,0,1,2026-06,2
FBJ-0013,2026-06-30,Mañana,A,Antena,AP-02,111,-56.0,9,6,76.0,19.0,2.707,0.85,1,0,0,0,0,0,24.42,1,0,1,2026-06,2
FBJ-0014,2026-06-30,Mañana,A,Antena,AP-01,319,-62.5,9,6,76.0,19.0,8.544,2.96,7,0,0,0,0,0,25.7,1,0,1,2026-06,2
FBJ-0020,2026-06-30,Mañana,A,Antena,AP-01,244,-60.1,9,6,76.0,19.0,6.443,1.92,1,0,0,0,0,0,22.42,1,0,1,2026-06,2
FBJ-0021,2026-06-30,Mañana,A,Cable,,163,,9,6,76.0,19.0,7.195,1.87,6,1,39,0,0,0,26.63,0,0,1,2026-06,2
FBJ-0022,2026-06-30,Mañana,A,Antena,AP-02,838,-82.4,9,6,76.0,19.0,2.006,1.16,2,1,7,0,0,0,16.37,1,0,1,2026-06,2
FBJ-0025,2026-06-30,Mañana,A,Antena,AP-01,575,-73.2,9,6,76.0,19.0,1.95,0.92,2,1,35,0,0,0,18.76,1,0,1,2026-06,2
FBJ-0026,2026-06-30,Mañana,A,Antena,AP-02,283,-64.0,9,6,76.0,19.0,5.674,2.27,7,0,0,0,0,0,20.78,1,0,1,2026-06,2
FBJ-0033,2026-06-30,Mañana,B,Antena,AP-01,719,-77.6,10,8,124.6,31.1,6.876,2.11,4,0,0,0,0,0,21.93,1,0,1,2026-06,2
FBJ-0035,2026-06-30,Mañana,B,Cable,,154,,10,8,124.6,31.1,4.196,1.32,8,1,21,0,0,0,29.77,0,0,1,2026-06,2
FBJ-0044,2026-06-30,Mañana,B,Cable,,86,,10,8,124.6,31.1,4.915,1.41,7,0,0,0,0,0,33.9,0,0,1,2026-06,2
FBJ-0048,2026-06-30,Mañana,B,Antena,AP-01,721,-80.9,10,8,124.6,31.1,3.839,2.13,8,0,0,0,0,0,18.27,1,0,1,2026-06,2
FBJ-0050,2026-06-30,Mañana,B,Antena,AP-02,277,-61.0,10,8,124.6,31.1,4.681,1.56,2,0,0,0,0,0,27.2,1,0,1,2026-06,2
FBJ-0051,2026-06-30,Mañana,B,Cable,,42,,10,8,124.6,31.1,7.49,1.37,3,0,0,0,0,0,35.0,0,1,1,2026-06,2
FBJ-0054,2026-06-30,Mañana,B,Antena,AP-02,302,-59.5,10,8,124.6,31.1,5.725,1.86,3,0,0,0,0,0,23.89,1,0,1,2026-06,2
FBJ-0056,2026-06-30,Mañana,B,Antena,AP-02,549,-70.0,10,8,124.6,31.1,1.266,0.55,6,0,0,0,0,0,19.5,1,0,1,2026-06,2
FBJ-0058,2026-06-30,Mañana,B,Antena,AP-02,308,-59.0,10,8,124.6,31.1,1.985,0.93,2,0,0,0,0,0,22.46,1,0,1,2026-06,2
FBJ-0059,2026-06-30,Mañana,B,Cable,,107,,10,8,124.6,31.1,6.969,1.89,1,0,0,0,0,0,35.0,0,1,1,2026-06,2
FBJ-0060,2026-06-30,Mañana,B,Cable,,110,,10,8,124.6,31.1,5.792,1.28,8,0,0,0,0,0,35.0,0,1,1,2026-06,2
FBJ-0003,2026-06-30,Tarde,A,Antena,AP-02,392,-66.0,14,12,161.2,40.3,5.669,1.62,3,0,0,0,0,0,22.35,1,0,1,2026-06,3
FBJ-0004,2026-06-30,Tarde,A,Cable,,322,,14,12,161.2,40.3,5.913,1.98,2,0,0,0,0,0,35.0,0,1,1,2026-06,3
FBJ-0009,2026-06-30,Tarde,A,Antena,AP-02,565,-72.0,14,12,161.2,40.3,3.002,1.04,4,1,31,0,0,0,18.91,1,0,1,2026-06,3
FBJ-0013,2026-06-30,Tarde,A,Antena,AP-02,111,-56.0,14,12,161.2,40.3,0.534,0.2,7,0,0,0,0,0,21.6,1,0,1,2026-06,3
FBJ-0014,2026-06-30,Tarde,A,Antena,AP-01,319,-62.5,14,12,161.2,40.3,2.687,1.35,4,0,0,0,0,0,16.56,1,0,1,2026-06,3
FBJ-0019,2026-06-30,Tarde,A,Cable,,81,,14,12,161.2,40.3,10.137,2.2,6,0,0,0,0,0,35.0,0,1,1,2026-06,3
FBJ-0020,2026-06-30,Tarde,A,Antena,AP-01,244,-60.1,14,12,161.2,40.3,6.195,1.58,3,1,6,0,0,0,26.18,1,0,1,2026-06,3
FBJ-0027,2026-06-30,Tarde,A,Cable,,85,,14,12,161.2,40.3,6.655,1.61,1,0,0,0,0,0,33.56,0,0,1,2026-06,3
FBJ-0029,2026-06-30,Tarde,A,Cable,,251,,14,12,161.2,40.3,3.415,1.15,7,0,0,0,0,0,33.03,0,0,1,2026-06,3
FBJ-0032,2026-06-30,Tarde,B,Cable,,302,,14,9,55.5,13.9,7.822,2.42,7,0,0,0,0,0,35.0,0,1,1,2026-06,3
FBJ-0033,2026-06-30,Tarde,B,Antena,AP-01,719,-77.6,14,9,55.5,13.9,2.803,1.14,2,0,0,0,0,0,17.01,1,0,1,2026-06,3
FBJ-0034,2026-06-30,Tarde,B,Antena,AP-02,604,-72.2,14,9,55.5,13.9,3.045,1.1,3,0,0,0,0,0,22.93,1,0,1,2026-06,3
FBJ-0039,2026-06-30,Tarde,B,Cable,,288,,14,9,55.5,13.9,8.641,2.3,6,0,0,0,0,0,35.0,0,1,1,2026-06,3
FBJ-0041,2026-06-30,Tarde,B,Antena,AP-02,509,-69.1,14,9,55.5,13.9,6.081,1.89,7,0,0,0,0,0,20.53,1,0,1,2026-06,3
FBJ-0042,2026-06-30,Tarde,B,Antena,AP-01,176,-53.0,14,9,55.5,13.9,6.013,1.8,1,0,0,0,0,0,28.08,1,0,1,2026-06,3
FBJ-0046,2026-06-30,Tarde,B,Antena,AP-01,177,-50.9,14,9,55.5,13.9,4.906,1.19,2,0,0,0,0,0,27.79,1,0,1,2026-06,3
FBJ-0049,2026-06-30,Tarde,B,Cable,,350,,14,9,55.5,13.9,7.37,1.58,6,1,18,0,0,0,28.06,0,0,1,2026-06,3
FBJ-0050,2026-06-30,Tarde,B,Antena,AP-02,277,-61.0,14,9,55.5,13.9,3.343,1.09,6,0,0,0,0,0,23.19,1,0,1,2026-06,3
FBJ-0051,2026-06-30,Tarde,B,Cable,,42,,14,9,55.5,13.9,0.632,0.2,5,0,0,0,0,0,29.09,0,0,1,2026-06,3
FBJ-0052,2026-06-30,Tarde,B,Cable,,288,,14,9,55.5,13.9,6.791,2.01,4,0,0,0,0,0,35.0,0,1,1,2026-06,3
FBJ-0053,2026-06-30,Tarde,B,Antena,AP-01,245,-55.9,14,9,55.5,13.9,3.352,1.49,3,1,8,0,0,0,20.76,1,0,1,2026-06,3
FBJ-0056,2026-06-30,Tarde,B,Antena,AP-02,549,-70.0,14,9,55.5,13.9,2.388,0.8,4,0,0,0,0,0,20.09,1,0,1,2026-06,3
FBJ-0059,2026-06-30,Tarde,B,Cable,,107,,14,9,55.5,13.9,7.867,1.91,1,0,0,0,0,0,32.49,0,0,1,2026-06,3
FBJ-0001,2026-06-30,Noche,A,Antena,AP-01,625,-74.5,15,10,81.3,20.3,4.949,2.97,3,0,0,0,0,0,15.88,1,0,1,2026-06,4
FBJ-0007,2026-06-30,Noche,A,Antena,AP-02,594,-68.6,15,10,81.3,20.3,5.594,2.42,8,0,0,0,0,0,16.81,1,0,1,2026-06,4
FBJ-0009,2026-06-30,Noche,A,Antena,AP-02,565,-72.0,15,10,81.3,20.3,5.359,2.56,6,0,0,0,0,0,18.86,1,0,1,2026-06,4
FBJ-0010,2026-06-30,Noche,A,Antena,AP-01,482,-67.3,15,10,81.3,20.3,5.684,2.13,6,0,0,0,0,0,19.11,1,0,1,2026-06,4
FBJ-0011,2026-06-30,Noche,A,Antena,AP-02,440,-67.1,15,10,81.3,20.3,4.545,2.93,7,1,28,0,0,0,16.53,1,0,1,2026-06,4
FBJ-0013,2026-06-30,Noche,A,Antena,AP-02,111,-56.0,15,10,81.3,20.3,11.229,2.91,5,0,0,0,0,0,28.53,1,0,1,2026-06,4
FBJ-0014,2026-06-30,Noche,A,Antena,AP-01,319,-62.5,15,10,81.3,20.3,5.99,2.45,2,0,0,0,0,0,18.65,1,0,1,2026-06,4
FBJ-0015,2026-06-30,Noche,A,Antena,AP-02,894,-83.5,15,10,81.3,20.3,3.743,1.88,4,0,0,0,0,0,22.46,1,0,1,2026-06,4
FBJ-0018,2026-06-30,Noche,A,Cable,,281,,15,10,81.3,20.3,4.041,1.05,7,0,0,0,0,0,35.0,0,1,1,2026-06,4
FBJ-0019,2026-06-30,Noche,A,Cable,,81,,15,10,81.3,20.3,18.382,4.16,5,0,0,0,0,0,32.44,0,0,1,2026-06,4
FBJ-0020,2026-06-30,Noche,A,Antena,AP-01,244,-60.1,15,10,81.3,20.3,5.292,1.42,2,0,0,0,0,0,33.0,1,0,1,2026-06,4
FBJ-0022,2026-06-30,Noche,A,Antena,AP-02,838,-82.4,15,10,81.3,20.3,3.273,1.52,5,0,0,0,0,0,18.94,1,0,1,2026-06,4
FBJ-0023,2026-06-30,Noche,A,Antena,AP-01,872,-78.5,15,10,81.3,20.3,4.925,1.96,6,0,0,0,0,0,21.79,1,0,1,2026-06,4
FBJ-0024,2026-06-30,Noche,A,Antena,AP-02,169,-58.3,15,10,81.3,20.3,3.2,1.02,4,0,0,0,0,0,25.2,1,0,1,2026-06,4
FBJ-0026,2026-06-30,Noche,A,Antena,AP-02,283,-64.0,15,10,81.3,20.3,5.009,2.39,1,0,0,0,0,0,21.29,1,0,1,2026-06,4
FBJ-0031,2026-06-30,Noche,B,Cable,,202,,12,10,95.0,23.8,9.612,3.1,4,0,0,0,0,0,33.77,0,0,1,2026-06,4
FBJ-0033,2026-06-30,Noche,B,Antena,AP-01,719,-77.6,12,10,95.0,23.8,5.665,2.37,8,0,0,0,0,0,19.32,1,0,1,2026-06,4
FBJ-0035,2026-06-30,Noche,B,Cable,,154,,12,10,95.0,23.8,12.44,3.78,3,0,0,0,0,0,35.0,0,1,1,2026-06,4
FBJ-0039,2026-06-30,Noche,B,Cable,,288,,12,10,95.0,23.8,7.178,2.32,6,1,7,0,0,0,30.92,0,0,1,2026-06,4
FBJ-0040,2026-06-30,Noche,B,Antena,AP-01,564,-73.1,12,10,95.0,23.8,5.055,2.05,1,2,32,0,0,0,20.17,1,0,1,2026-06,4
FBJ-0041,2026-06-30,Noche,B,Antena,AP-02,509,-69.1,12,10,95.0,23.8,3.3,1.57,1,0,0,0,0,0,21.51,1,0,1,2026-06,4
FBJ-0044,2026-06-30,Noche,B,Cable,,86,,12,10,95.0,23.8,16.968,3.53,5,0,0,0,0,0,35.0,0,1,1,2026-06,4
FBJ-0045,2026-06-30,Noche,B,Antena,AP-02,848,-81.7,12,10,95.0,23.8,2.443,1.41,5,2,64,0,0,0,17.01,1,0,1,2026-06,4
FBJ-0050,2026-06-30,Noche,B,Antena,AP-02,277,-61.0,12,10,95.0,23.8,4.139,1.79,4,0,0,0,0,0,24.12,1,0,1,2026-06,4
FBJ-0051,2026-06-30,Noche,B,Cable,,42,,12,10,95.0,23.8,11.19,2.73,8,0,0,0,0,0,34.76,0,0,1,2026-06,4
FBJ-0052,2026-06-30,Noche,B,Cable,,288,,12,10,95.0,23.8,9.548,2.78,1,0,0,0,0,0,32.8,0,0,1,2026-06,4
FBJ-0053,2026-06-30,Noche,B,Antena,AP-01,245,-55.9,12,10,95.0,23.8,5.502,1.32,8,0,0,0,0,0,29.33,1,0,1,2026-06,4
FBJ-0054,2026-06-30,Noche,B,Antena,AP-02,302,-59.5,12,10,95.0,23.8,8.375,2.69,6,0,0,0,0,0,24.4,1,0,1,2026-06,4
FBJ-0056,2026-06-30,Noche,B,Antena,AP-02,549,-70.0,12,10,95.0,23.8,2.958,2.06,4,0,0,0,0,0,13.15,1,0,1,2026-06,4
FBJ-0058,2026-06-30,Noche,B,Antena,AP-02,308,-59.0,12,10,95.0,23.8,4.611,1.93,6,0,0,0,0,0,23.64,1,0,1,2026-06,4
FBJ-0019,2026-07-01,Madrugada,A,Cable,,81,,2,1,2.4,0.6,0.653,0.2,6,0,0,0,0,0,31.78,0,0,2,2026-07,1
FBJ-0022,2026-07-01,Madrugada,A,Antena,AP-02,838,-82.4,2,1,2.4,0.6,4.951,2.9,4,2,16,0,0,0,16.99,1,0,2,2026-07,1
FBJ-0003,2026-07-01,Mañana,A,Antena,AP-02,392,-66.0,10,6,43.5,10.9,2.872,1.19,4,0,0,0,0,0,14.9,1,0,2,2026-07,2
FBJ-0004,2026-07-01,Mañana,A,Cable,,322,,10,6,43.5,10.9,6.628,1.57,1,0,0,0,0,0,33.67,0,0,2,2026-07,2
FBJ-0005,2026-07-01,Mañana,A,Cable,,179,,10,6,43.5,10.9,6.629,1.64,8,0,0,0,0,0,35.0,0,1,2,2026-07,2
FBJ-0010,2026-07-01,Mañana,A,Antena,AP-01,482,-67.3,10,6,43.5,10.9,1.594,0.83,8,0,0,0,0,0,17.61,1,0,2,2026-07,2
FBJ-0012,2026-07-01,Mañana,A,Antena,AP-01,631,-74.1,10,6,43.5,10.9,5.875,2.16,1,1,24,0,0,0,19.99,1,0,2,2026-07,2
FBJ-0014,2026-07-01,Mañana,A,Antena,AP-01,319,-62.5,10,6,43.5,10.9,4.517,1.58,3,0,0,0,0,0,18.91,1,0,2,2026-07,2
FBJ-0018,2026-07-01,Mañana,A,Cable,,281,,10,6,43.5,10.9,6.904,1.38,5,0,0,0,0,0,35.0,0,1,2,2026-07,2
FBJ-0026,2026-07-01,Mañana,A,Antena,AP-02,283,-64.0,10,6,43.5,10.9,6.104,1.77,5,0,0,0,0,0,26.62,1,0,2,2026-07,2
FBJ-0033,2026-07-01,Mañana,B,Antena,AP-01,719,-77.6,11,7,36.1,9.0,3.269,1.92,3,0,0,0,0,0,11.79,1,0,2,2026-07,2
FBJ-0040,2026-07-01,Mañana,B,Antena,AP-01,564,-73.1,11,7,36.1,9.0,4.251,1.72,6,0,0,0,0,0,16.61,1,0,2,2026-07,2
FBJ-0044,2026-07-01,Mañana,B,Cable,,86,,11,7,36.1,9.0,3.406,0.87,4,0,0,0,0,0,30.0,0,0,2,2026-07,2
FBJ-0045,2026-07-01,Mañana,B,Antena,AP-02,848,-81.7,11,7,36.1,9.0,4.207,1.55,7,0,0,0,0,0,18.06,1,0,2,2026-07,2
FBJ-0049,2026-07-01,Mañana,B,Cable,,350,,11,7,36.1,9.0,6.116,1.52,8,0,0,0,0,0,31.61,0,0,2,2026-07,2
FBJ-0050,2026-07-01,Mañana,B,Antena,AP-02,277,-61.0,11,7,36.1,9.0,1.832,0.6,3,0,0,0,0,0,22.28,1,0,2,2026-07,2
FBJ-0051,2026-07-01,Mañana,B,Cable,,42,,11,7,36.1,9.0,10.799,2.59,8,0,0,0,0,0,33.54,0,0,2,2026-07,2
FBJ-0054,2026-07-01,Mañana,B,Antena,AP-02,302,-59.5,11,7,36.1,9.0,6.535,1.29,8,0,0,0,0,0,35.0,1,1,2,2026-07,2
FBJ-0057,2026-07-01,Mañana,B,Antena,AP-01,851,-81.4,11,7,36.1,9.0,1.736,1.12,8,1,17,0,0,0,13.86,1,0,2,2026-07,2
FBJ-0058,2026-07-01,Mañana,B,Antena,AP-02,308,-59.0,11,7,36.1,9.0,4.217,1.62,1,0,0,0,0,0,21.99,1,0,2,2026-07,2
FBJ-0001,2026-07-01,Tarde,A,Antena,AP-01,625,-74.5,11,9,96.7,24.2,1.005,0.57,4,0,0,0,0,0,15.09,1,0,2,2026-07,3
FBJ-0003,2026-07-01,Tarde,A,Antena,AP-02,392,-66.0,11,9,96.7,24.2,2.162,0.87,2,0,0,0,0,0,17.64,1,0,2,2026-07,3
FBJ-0004,2026-07-01,Tarde,A,Cable,,322,,11,9,96.7,24.2,5.334,1.48,5,0,0,0,0,0,27.66,0,0,2,2026-07,3
FBJ-0005,2026-07-01,Tarde,A,Cable,,179,,11,9,96.7,24.2,8.248,1.61,5,0,0,0,0,0,35.0,0,1,2,2026-07,3
FBJ-0010,2026-07-01,Tarde,A,Antena,AP-01,482,-67.3,11,9,96.7,24.2,1.254,0.67,8,0,0,0,0,0,16.57,1,0,2,2026-07,3
FBJ-0011,2026-07-01,Tarde,A,Antena,AP-02,440,-67.1,11,9,96.7,24.2,5.013,2.36,5,0,0,0,0,0,20.68,1,0,2,2026-07,3
FBJ-0013,2026-07-01,Tarde,A,Antena,AP-02,111,-56.0,11,9,96.7,24.2,7.134,2.48,5,0,0,0,0,0,25.94,1,0,2,2026-07,3
FBJ-0014,2026-07-01,Tarde,A,Antena,AP-01,319,-62.5,11,9,96.7,24.2,4.371,1.79,1,0,0,0,0,0,21.21,1,0,2,2026-07,3
FBJ-0023,2026-07-01,Tarde,A,Antena,AP-01,872,-78.5,11,9,96.7,24.2,2.96,1.62,4,0,0,0,0,0,18.46,1,0,2,2026-07,3
FBJ-0025,2026-07-01,Tarde,A,Antena,AP-01,575,-73.2,11,9,96.7,24.2,4.563,2.05,3,0,0,0,0,0,18.85,1,0,2,2026-07,3
FBJ-0027,2026-07-01,Tarde,A,Cable,,85,,11,9,96.7,24.2,3.701,0.99,3,0,0,0,0,0,34.65,0,0,2,2026-07,3
FBJ-0029,2026-07-01,Tarde,A,Cable,,251,,11,9,96.7,24.2,6.003,1.49,7,0,0,0,0,0,32.17,0,0,2,2026-07,3
FBJ-0031,2026-07-01,Tarde,B,Cable,,202,,12,8,65.9,16.5,4.247,1.12,8,0,0,0,0,0,30.27,0,0,2,2026-07,3
FBJ-0032,2026-07-01,Tarde,B,Cable,,302,,12,8,65.9,16.5,0.74,0.2,3,0,0,0,0,0,31.96,0,0,2,2026-07,3
FBJ-0033,2026-07-01,Tarde,B,Antena,AP-01,719,-77.6,12,8,65.9,16.5,1.881,0.93,8,0,0,0,0,0,17.79,1,0,2,2026-07,3
FBJ-0034,2026-07-01,Tarde,B,Antena,AP-02,604,-72.2,12,8,65.9,16.5,0.538,0.2,6,0,0,0,0,0,20.68,1,0,2,2026-07,3
FBJ-0035,2026-07-01,Tarde,B,Cable,,154,,12,8,65.9,16.5,3.467,1.08,2,0,0,0,0,0,35.0,0,1,2,2026-07,3
FBJ-0036,2026-07-01,Tarde,B,Antena,AP-01,831,-77.3,12,8,65.9,16.5,1.56,0.92,3,0,0,0,0,0,15.72,1,0,2,2026-07,3
FBJ-0040,2026-07-01,Tarde,B,Antena,AP-01,564,-73.1,12,8,65.9,16.5,1.26,0.51,1,0,0,0,0,0,18.72,1,0,2,2026-07,3
FBJ-0041,2026-07-01,Tarde,B,Antena,AP-02,509,-69.1,12,8,65.9,16.5,3.182,1.14,5,1,32,0,0,0,17.09,1,0,2,2026-07,3
FBJ-0042,2026-07-01,Tarde,B,Antena,AP-01,176,-53.0,12,8,65.9,16.5,3.8,1.33,4,1,30,0,0,0,30.19,1,0,2,2026-07,3
FBJ-0044,2026-07-01,Tarde,B,Cable,,86,,12,8,65.9,16.5,6.469,2.57,4,0,0,0,0,0,28.61,0,0,2,2026-07,3
FBJ-0045,2026-07-01,Tarde,B,Antena,AP-02,848,-81.7,12,8,65.9,16.5,2.685,1.66,6,0,0,0,0,0,15.04,1,0,2,2026-07,3
FBJ-0049,2026-07-01,Tarde,B,Cable,,350,,12,8,65.9,16.5,7.547,1.29,7,0,0,0,0,0,35.0,0,1,2,2026-07,3
FBJ-0050,2026-07-01,Tarde,B,Antena,AP-02,277,-61.0,12,8,65.9,16.5,4.057,1.31,1,0,0,0,0,0,23.64,1,0,2,2026-07,3
FBJ-0052,2026-07-01,Tarde,B,Cable,,288,,12,8,65.9,16.5,2.369,0.6,8,0,0,0,0,0,30.93,0,0,2,2026-07,3
FBJ-0053,2026-07-01,Tarde,B,Antena,AP-01,245,-55.9,12,8,65.9,16.5,3.286,0.84,1,0,0,0,0,0,26.75,1,0,2,2026-07,3
FBJ-0054,2026-07-01,Tarde,B,Antena,AP-02,302,-59.5,12,8,65.9,16.5,4.981,2.04,3,0,0,0,0,0,19.93,1,0,2,2026-07,3
FBJ-0056,2026-07-01,Tarde,B,Antena,AP-02,549,-70.0,12,8,65.9,16.5,3.154,1.18,8,0,0,0,0,0,16.56,1,0,2,2026-07,3
FBJ-0058,2026-07-01,Tarde,B,Antena,AP-02,308,-59.0,12,8,65.9,16.5,2.882,1.04,5,0,0,0,0,0,32.33,1,0,2,2026-07,3
FBJ-0060,2026-07-01,Tarde,B,Cable,,110,,12,8,65.9,16.5,11.964,2.2,3,0,0,0,0,0,35.0,0,1,2,2026-07,3
FBJ-0001,2026-07-01,Noche,A,Antena,AP-01,625,-74.5,17,13,165.2,41.3,4.601,2.31,4,0,0,0,0,0,17.81,1,0,2,2026-07,4
FBJ-0007,2026-07-01,Noche,A,Antena,AP-02,594,-68.6,17,13,165.2,41.3,4.267,2.7,4,1,24,0,0,0,12.83,1,0,2,2026-07,4
FBJ-0009,2026-07-01,Noche,A,Antena,AP-02,565,-72.0,17,13,165.2,41.3,4.168,2.45,2,0,0,0,0,0,11.11,1,0,2,2026-07,4
FBJ-0012,2026-07-01,Noche,A,Antena,AP-01,631,-74.1,17,13,165.2,41.3,3.187,2.58,8,1,3,0,0,0,12.22,1,0,2,2026-07,4
FBJ-0014,2026-07-01,Noche,A,Antena,AP-01,319,-62.5,17,13,165.2,41.3,6.582,3.61,7,0,0,0,0,0,18.79,1,0,2,2026-07,4
FBJ-0015,2026-07-01,Noche,A,Antena,AP-02,894,-83.5,17,13,165.2,41.3,5.326,2.73,3,0,0,0,0,0,15.49,1,0,2,2026-07,4
FBJ-0018,2026-07-01,Noche,A,Cable,,281,,17,13,165.2,41.3,4.747,1.7,8,0,0,0,0,0,24.55,0,0,2,2026-07,4
FBJ-0019,2026-07-01,Noche,A,Cable,,81,,17,13,165.2,41.3,7.232,1.6,6,0,0,0,0,0,33.78,0,0,2,2026-07,4
FBJ-0020,2026-07-01,Noche,A,Antena,AP-01,244,-60.1,17,13,165.2,41.3,1.104,0.32,8,0,0,0,0,0,23.47,1,0,2,2026-07,4
FBJ-0021,2026-07-01,Noche,A,Cable,,163,,17,13,165.2,41.3,11.223,3.25,2,0,0,0,0,0,29.2,0,0,2,2026-07,4
FBJ-0022,2026-07-01,Noche,A,Antena,AP-02,838,-82.4,17,13,165.2,41.3,4.775,2.6,6,1,26,0,0,0,14.48,1,0,2,2026-07,4
FBJ-0023,2026-07-01,Noche,A,Antena,AP-01,872,-78.5,17,13,165.2,41.3,5.17,2.82,3,1,39,0,0,0,15.56,1,0,2,2026-07,4
FBJ-0024,2026-07-01,Noche,A,Antena,AP-02,169,-58.3,17,13,165.2,41.3,4.805,1.85,5,0,0,0,0,0,23.49,1,0,2,2026-07,4
FBJ-0025,2026-07-01,Noche,A,Antena,AP-01,575,-73.2,17,13,165.2,41.3,2.211,1.48,2,0,0,0,0,0,12.85,1,0,2,2026-07,4
FBJ-0027,2026-07-01,Noche,A,Cable,,85,,17,13,165.2,41.3,13.159,2.43,1,0,0,0,0,0,34.48,0,0,2,2026-07,4
FBJ-0029,2026-07-01,Noche,A,Cable,,251,,17,13,165.2,41.3,8.127,2.57,8,1,8,0,0,0,30.72,0,0,2,2026-07,4
FBJ-0030,2026-07-01,Noche,A,Antena,AP-02,116,-54.6,17,13,165.2,41.3,5.873,2.57,8,0,0,0,0,0,25.96,1,0,2,2026-07,4
FBJ-0031,2026-07-01,Noche,B,Cable,,202,,18,12,94.7,23.7,13.947,3.27,4,0,0,0,0,0,35.0,0,1,2,2026-07,4
FBJ-0033,2026-07-01,Noche,B,Antena,AP-01,719,-77.6,18,12,94.7,23.7,9.455,2.7,5,1,10,0,0,0,22.23,1,0,2,2026-07,4
FBJ-0034,2026-07-01,Noche,B,Antena,AP-02,604,-72.2,18,12,94.7,23.7,4.669,2.37,2,0,0,0,0,0,16.42,1,0,2,2026-07,4
FBJ-0036,2026-07-01,Noche,B,Antena,AP-01,831,-77.3,18,12,94.7,23.7,2.269,1.4,4,0,0,0,0,0,13.32,1,0,2,2026-07,4
FBJ-0039,2026-07-01,Noche,B,Cable,,288,,18,12,94.7,23.7,6.204,1.37,2,0,0,0,0,0,35.0,0,1,2,2026-07,4
FBJ-0041,2026-07-01,Noche,B,Antena,AP-02,509,-69.1,18,12,94.7,23.7,5.888,2.39,7,0,0,0,0,0,17.55,1,0,2,2026-07,4
FBJ-0044,2026-07-01,Noche,B,Cable,,86,,18,12,94.7,23.7,10.328,3.42,7,0,0,0,0,0,31.74,0,0,2,2026-07,4
FBJ-0046,2026-07-01,Noche,B,Antena,AP-01,177,-50.9,18,12,94.7,23.7,11.625,3.4,3,0,0,0,0,0,33.43,1,0,2,2026-07,4
FBJ-0047,2026-07-01,Noche,B,Antena,AP-02,453,-71.2,18,12,94.7,23.7,6.29,2.75,6,0,0,0,0,0,17.49,1,0,2,2026-07,4
FBJ-0048,2026-07-01,Noche,B,Antena,AP-01,721,-80.9,18,12,94.7,23.7,5.793,2.37,3,1,29,0,0,0,19.7,1,0,2,2026-07,4
FBJ-0049,2026-07-01,Noche,B,Cable,,350,,18,12,94.7,23.7,14.695,3.03,6,0,0,0,0,0,29.79,0,0,2,2026-07,4
FBJ-0051,2026-07-01,Noche,B,Cable,,42,,18,12,94.7,23.7,7.067,2.07,7,0,0,0,0,0,29.09,0,0,2,2026-07,4
FBJ-0053,2026-07-01,Noche,B,Antena,AP-01,245,-55.9,18,12,94.7,23.7,12.824,2.97,3,0,0,0,0,0,26.95,1,0,2,2026-07,4
FBJ-0058,2026-07-01,Noche,B,Antena,AP-02,308,-59.0,18,12,94.7,23.7,9.464,3.48,4,0,0,0,0,0,23.27,1,0,2,2026-07,4
FBJ-0060,2026-07-01,Noche,B,Cable,,110,,18,12,94.7,23.7,10.663,2.4,6,0,0,0,0,0,34.53,0,0,2,2026-07,4
FBJ-0013,2026-07-02,Madrugada,A,Antena,AP-02,111,-56.0,3,2,20.6,5.2,2.184,0.75,7,0,0,0,0,0,24.94,1,0,3,2026-07,1
FBJ-0026,2026-07-02,Madrugada,A,Antena,AP-02,283,-64.0,3,2,20.6,5.2,1.485,0.46,1,0,0,0,0,0,26.12,1,0,3,2026-07,1
FBJ-0029,2026-07-02,Madrugada,A,Cable,,251,,3,2,20.6,5.2,4.173,0.96,4,0,0,0,0,0,35.0,0,1,3,2026-07,1
FBJ-0035,2026-07-02,Madrugada,B,Cable,,154,,2,1,6.7,1.7,4.416,1.41,8,0,0,0,0,0,27.16,0,0,3,2026-07,1
FBJ-0036,2026-07-02,Madrugada,B,Antena,AP-01,831,-77.3,2,1,6.7,1.7,1.59,0.72,5,0,0,0,0,0,19.18,1,0,3,2026-07,1
FBJ-0047,2026-07-02,Madrugada,B,Antena,AP-02,453,-71.2,2,1,6.7,1.7,1.708,0.71,4,0,0,0,0,0,21.21,1,0,3,2026-07,1
FBJ-0052,2026-07-02,Madrugada,B,Cable,,288,,2,1,6.7,1.7,2.435,0.55,6,0,0,0,0,0,35.0,0,1,3,2026-07,1
FBJ-0001,2026-07-02,Mañana,A,Antena,AP-01,625,-74.5,13,10,97.6,24.4,4.305,1.3,2,0,0,0,0,0,21.06,1,0,3,2026-07,2
FBJ-0003,2026-07-02,Mañana,A,Antena,AP-02,392,-66.0,13,10,97.6,24.4,1.019,0.49,3,0,0,0,0,0,16.14,1,0,3,2026-07,2
FBJ-0004,2026-07-02,Mañana,A,Cable,,322,,13,10,97.6,24.4,6.613,2.03,3,0,0,0,0,0,35.0,0,1,3,2026-07,2
FBJ-0012,2026-07-02,Mañana,A,Antena,AP-01,631,-74.1,13,10,97.6,24.4,4.628,2.58,3,0,0,0,0,0,17.32,1,0,3,2026-07,2
FBJ-0013,2026-07-02,Mañana,A,Antena,AP-02,111,-56.0,13,10,97.6,24.4,6.03,1.54,6,0,0,0,0,0,28.74,1,0,3,2026-07,2
FBJ-0014,2026-07-02,Mañana,A,Antena,AP-01,319,-62.5,13,10,97.6,24.4,8.078,2.08,8,0,0,0,0,0,25.09,1,0,3,2026-07,2
FBJ-0025,2026-07-02,Mañana,A,Antena,AP-01,575,-73.2,13,10,97.6,24.4,2.033,1.32,4,0,0,0,0,0,16.85,1,0,3,2026-07,2
FBJ-0029,2026-07-02,Mañana,A,Cable,,251,,13,10,97.6,24.4,1.045,0.33,2,0,0,0,0,0,27.09,0,0,3,2026-07,2
FBJ-0031,2026-07-02,Mañana,B,Cable,,202,,8,5,20.4,5.1,4.441,1.05,5,0,0,0,0,0,33.83,0,0,3,2026-07,2
FBJ-0032,2026-07-02,Mañana,B,Cable,,302,,8,5,20.4,5.1,4.332,1.42,8,1,20,0,0,0,29.73,0,0,3,2026-07,2
FBJ-0033,2026-07-02,Mañana,B,Antena,AP-01,719,-77.6,8,5,20.4,5.1,4.85,2.27,7,0,0,0,0,0,18.17,1,0,3,2026-07,2
FBJ-0036,2026-07-02,Mañana,B,Antena,AP-01,831,-77.3,8,5,20.4,5.1,1.189,0.6,8,0,0,0,0,0,18.76,1,0,3,2026-07,2
FBJ-0039,2026-07-02,Mañana,B,Cable,,288,,8,5,20.4,5.1,14.003,3.23,1,0,0,0,0,0,35.0,0,1,3,2026-07,2
FBJ-0040,2026-07-02,Mañana,B,Antena,AP-01,564,-73.1,8,5,20.4,5.1,3.301,1.96,2,0,0,0,0,0,17.29,1,0,3,2026-07,2
FBJ-0044,2026-07-02,Mañana,B,Cable,,86,,8,5,20.4,5.1,0.787,0.2,2,0,0,0,0,0,35.0,0,1,3,2026-07,2
FBJ-0045,2026-07-02,Mañana,B,Antena,AP-02,848,-81.7,8,5,20.4,5.1,3.047,1.15,7,1,29,0,0,0,18.32,1,0,3,2026-07,2
FBJ-0046,2026-07-02,Mañana,B,Antena,AP-01,177,-50.9,8,5,20.4,5.1,7.014,2.09,4,0,0,0,0,0,28.08,1,0,3,2026-07,2
FBJ-0050,2026-07-02,Mañana,B,Antena,AP-02,277,-61.0,8,5,20.4,5.1,7.656,2.03,7,0,0,0,0,0,28.9,1,0,3,2026-07,2
FBJ-0051,2026-07-02,Mañana,B,Cable,,42,,8,5,20.4,5.1,3.4,0.74,8,0,0,0,0,0,33.49,0,0,3,2026-07,2
FBJ-0052,2026-07-02,Mañana,B,Cable,,288,,8,5,20.4,5.1,10.804,2.68,7,0,0,0,0,0,33.8,0,0,3,2026-07,2
FBJ-0054,2026-07-02,Mañana,B,Antena,AP-02,302,-59.5,8,5,20.4,5.1,5.631,1.66,4,0,0,0,0,0,26.26,1,0,3,2026-07,2
FBJ-0059,2026-07-02,Mañana,B,Cable,,107,,8,5,20.4,5.1,8.427,1.66,3,0,0,0,0,0,35.0,0,1,3,2026-07,2
FBJ-0004,2026-07-02,Tarde,A,Cable,,322,,17,14,113.9,28.5,7.63,2.43,4,0,0,0,0,0,29.87,0,0,3,2026-07,3
FBJ-0010,2026-07-02,Tarde,A,Antena,AP-01,482,-67.3,17,14,113.9,28.5,1.303,1.04,6,0,0,0,0,0,12.13,1,0,3,2026-07,3
FBJ-0011,2026-07-02,Tarde,A,Antena,AP-02,440,-67.1,17,14,113.9,28.5,1.922,0.9,6,0,0,0,0,0,14.64,1,0,3,2026-07,3
FBJ-0015,2026-07-02,Tarde,A,Antena,AP-02,894,-83.5,17,14,113.9,28.5,1.303,0.84,7,0,0,0,0,0,13.4,1,0,3,2026-07,3
FBJ-0018,2026-07-02,Tarde,A,Cable,,281,,17,14,113.9,28.5,8.398,2.5,1,0,0,0,0,0,34.18,0,0,3,2026-07,3
FBJ-0023,2026-07-02,Tarde,A,Antena,AP-01,872,-78.5,17,14,113.9,28.5,1.838,0.74,1,2,40,0,0,0,19.55,1,0,3,2026-07,3
FBJ-0025,2026-07-02,Tarde,A,Antena,AP-01,575,-73.2,17,14,113.9,28.5,1.51,1.12,2,0,0,0,0,0,14.98,1,0,3,2026-07,3
FBJ-0032,2026-07-02,Tarde,B,Cable,,302,,15,10,47.6,11.9,2.787,0.91,5,0,0,0,0,0,35.0,0,1,3,2026-07,3
FBJ-0033,2026-07-02,Tarde,B,Antena,AP-01,719,-77.6,15,10,47.6,11.9,4.414,1.54,2,0,0,0,0,0,19.99,1,0,3,2026-07,3
FBJ-0034,2026-07-02,Tarde,B,Antena,AP-02,604,-72.2,15,10,47.6,11.9,3.414,1.98,3,0,0,0,0,0,18.15,1,0,3,2026-07,3
FBJ-0035,2026-07-02,Tarde,B,Cable,,154,,15,10,47.6,11.9,2.903,1.04,5,0,0,0,0,0,32.24,0,0,3,2026-07,3
FBJ-0042,2026-07-02,Tarde,B,Antena,AP-01,176,-53.0,15,10,47.6,11.9,7.792,1.6,8,0,0,0,0,0,32.33,1,0,3,2026-07,3
FBJ-0045,2026-07-02,Tarde,B,Antena,AP-02,848,-81.7,15,10,47.6,11.9,2.78,1.08,5,0,0,0,0,0,22.95,1,0,3,2026-07,3
FBJ-0046,2026-07-02,Tarde,B,Antena,AP-01,177,-50.9,15,10,47.6,11.9,3.463,0.87,7,0,0,0,0,0,27.3,1,0,3,2026-07,3
FBJ-0048,2026-07-02,Tarde,B,Antena,AP-01,721,-80.9,15,10,47.6,11.9,2.96,1.51,4,0,0,0,0,0,18.06,1,0,3,2026-07,3
FBJ-0049,2026-07-02,Tarde,B,Cable,,350,,15,10,47.6,11.9,2.856,0.62,1,0,0,0,0,0,35.0,0,1,3,2026-07,3
FBJ-0054,2026-07-02,Tarde,B,Antena,AP-02,302,-59.5,15,10,47.6,11.9,3.782,1.08,7,0,0,0,0,0,23.09,1,0,3,2026-07,3
FBJ-0056,2026-07-02,Tarde,B,Antena,AP-02,549,-70.0,15,10,47.6,11.9,3.724,2.04,1,0,0,0,0,0,12.82,1,0,3,2026-07,3
FBJ-0060,2026-07-02,Tarde,B,Cable,,110,,15,10,47.6,11.9,9.688,1.82,1,0,0,0,0,0,35.0,0,1,3,2026-07,3
FBJ-0001,2026-07-02,Noche,A,Antena,AP-01,625,-74.5,15,11,93.6,23.4,4.125,1.95,8,0,0,0,0,0,19.07,1,0,3,2026-07,4
FBJ-0007,2026-07-02,Noche,A,Antena,AP-02,594,-68.6,15,11,93.6,23.4,4.863,1.99,2,0,0,0,0,0,18.11,1,0,3,2026-07,4
FBJ-0009,2026-07-02,Noche,A,Antena,AP-02,565,-72.0,15,11,93.6,23.4,7.96,2.99,7,0,0,0,0,0,18.98,1,0,3,2026-07,4
FBJ-0013,2026-07-02,Noche,A,Antena,AP-02,111,-56.0,15,11,93.6,23.4,6.022,1.88,5,0,0,0,0,0,27.35,1,0,3,2026-07,4
FBJ-0014,2026-07-02,Noche,A,Antena,AP-01,319,-62.5,15,11,93.6,23.4,7.871,2.52,7,0,0,0,0,0,23.32,1,0,3,2026-07,4
FBJ-0015,2026-07-02,Noche,A,Antena,AP-02,894,-83.5,15,11,93.6,23.4,5.613,2.47,5,0,0,0,0,0,18.06,1,0,3,2026-07,4
FBJ-0018,2026-07-02,Noche,A,Cable,,281,,15,11,93.6,23.4,5.609,1.09,5,0,0,0,0,0,35.0,0,1,3,2026-07,4
FBJ-0019,2026-07-02,Noche,A,Cable,,81,,15,11,93.6,23.4,6.438,2.02,3,0,0,0,0,0,29.6,0,0,3,2026-07,4
FBJ-0020,2026-07-02,Noche,A,Antena,AP-01,244,-60.1,15,11,93.6,23.4,4.074,1.52,1,0,0,0,0,0,20.61,1,0,3,2026-07,4
FBJ-0021,2026-07-02,Noche,A,Cable,,163,,15,11,93.6,23.4,16.056,3.94,4,0,0,0,0,0,31.6,0,0,3,2026-07,4
FBJ-0023,2026-07-02,Noche,A,Antena,AP-01,872,-78.5,15,11,93.6,23.4,5.924,3.32,3,1,39,0,0,0,15.45,1,0,3,2026-07,4
FBJ-0024,2026-07-02,Noche,A,Antena,AP-02,169,-58.3,15,11,93.6,23.4,8.187,3.47,6,0,0,0,0,0,25.01,1,0,3,2026-07,4
FBJ-0026,2026-07-02,Noche,A,Antena,AP-02,283,-64.0,15,11,93.6,23.4,4.535,1.86,8,0,0,0,0,0,22.71,1,0,3,2026-07,4
FBJ-0027,2026-07-02,Noche,A,Cable,,85,,15,11,93.6,23.4,15.33,3.75,5,0,0,0,0,0,35.0,0,1,3,2026-07,4
FBJ-0029,2026-07-02,Noche,A,Cable,,251,,15,11,93.6,23.4,11.063,3.0,7,0,0,0,0,0,35.0,0,1,3,2026-07,4
FBJ-0030,2026-07-02,Noche,A,Antena,AP-02,116,-54.6,15,11,93.6,23.4,6.62,2.45,8,0,0,0,0,0,27.33,1,0,3,2026-07,4
FBJ-0031,2026-07-02,Noche,B,Cable,,202,,19,16,136.6,34.1,7.713,3.57,6,1,28,0,0,0,25.89,0,0,3,2026-07,4
FBJ-0033,2026-07-02,Noche,B,Antena,AP-01,719,-77.6,19,16,136.6,34.1,4.038,1.64,1,0,0,0,0,0,16.02,1,0,3,2026-07,4
FBJ-0036,2026-07-02,Noche,B,Antena,AP-01,831,-77.3,19,16,136.6,34.1,4.413,3.59,2,1,31,0,0,0,10.27,1,0,3,2026-07,4
FBJ-0040,2026-07-02,Noche,B,Antena,AP-01,564,-73.1,19,16,136.6,34.1,1.862,1.88,5,1,28,0,0,0,10.68,1,0,3,2026-07,4
FBJ-0043,2026-07-02,Noche,B,Cable,,318,,19,16,136.6,34.1,10.318,2.35,2,0,0,0,0,0,35.0,0,1,3,2026-07,4
FBJ-0044,2026-07-02,Noche,B,Cable,,86,,19,16,136.6,34.1,5.056,1.51,5,0,0,0,0,0,29.01,0,0,3,2026-07,4
FBJ-0045,2026-07-02,Noche,B,Antena,AP-02,848,-81.7,19,16,136.6,34.1,4.933,1.79,2,1,30,0,0,0,16.99,1,0,3,2026-07,4
FBJ-0046,2026-07-02,Noche,B,Antena,AP-01,177,-50.9,19,16,136.6,34.1,8.881,3.0,7,0,0,0,0,0,22.56,1,0,3,2026-07,4
FBJ-0047,2026-07-02,Noche,B,Antena,AP-02,453,-71.2,19,16,136.6,34.1,4.31,2.47,8,0,0,0,0,0,16.28,1,0,3,2026-07,4
FBJ-0048,2026-07-02,Noche,B,Antena,AP-01,721,-80.9,19,16,136.6,34.1,2.217,1.71,8,0,0,0,0,0,12.85,1,0,3,2026-07,4
FBJ-0049,2026-07-02,Noche,B,Cable,,350,,19,16,136.6,34.1,9.295,2.63,2,0,0,0,0,0,21.17,0,0,3,2026-07,4
FBJ-0050,2026-07-02,Noche,B,Antena,AP-02,277,-61.0,19,16,136.6,34.1,5.096,3.09,7,0,0,0,0,0,13.39,1,0,3,2026-07,4
FBJ-0051,2026-07-02,Noche,B,Cable,,42,,19,16,136.6,34.1,6.975,1.99,3,0,0,0,0,0,24.16,0,0,3,2026-07,4
FBJ-0052,2026-07-02,Noche,B,Cable,,288,,19,16,136.6,34.1,5.858,2.7,5,0,0,0,0,0,21.6,0,0,3,2026-07,4
FBJ-0054,2026-07-02,Noche,B,Antena,AP-02,302,-59.5,19,16,136.6,34.1,3.709,1.45,3,0,0,0,0,0,16.67,1,0,3,2026-07,4
FBJ-0056,2026-07-02,Noche,B,Antena,AP-02,549,-70.0,19,16,136.6,34.1,2.735,1.55,3,1,14,0,0,0,10.55,1,0,3,2026-07,4
FBJ-0060,2026-07-02,Noche,B,Cable,,110,,19,16,136.6,34.1,6.11,2.48,1,0,0,0,0,0,24.16,0,0,3,2026-07,4
FBJ-0005,2026-07-03,Madrugada,A,Cable,,179,,3,3,45.2,11.3,9.075,1.98,7,0,0,0,0,0,34.65,0,0,4,2026-07,1
FBJ-0009,2026-07-03,Madrugada,A,Antena,AP-02,565,-72.0,3,3,45.2,11.3,1.06,0.69,2,0,0,0,0,0,15.39,1,0,4,2026-07,1
FBJ-0019,2026-07-03,Madrugada,A,Cable,,81,,3,3,45.2,11.3,7.146,2.14,3,0,0,0,0,0,35.0,0,1,4,2026-07,1
FBJ-0026,2026-07-03,Madrugada,A,Antena,AP-02,283,-64.0,3,3,45.2,11.3,0.943,0.41,8,0,0,0,0,0,19.79,1,0,4,2026-07,1
FBJ-0039,2026-07-03,Madrugada,B,Cable,,288,,5,4,14.2,3.6,5.176,1.19,1,0,0,0,0,0,35.0,0,1,4,2026-07,1
FBJ-0044,2026-07-03,Madrugada,B,Cable,,86,,5,4,14.2,3.6,0.82,0.27,1,1,33,0,0,0,35.0,0,1,4,2026-07,1
FBJ-0052,2026-07-03,Madrugada,B,Cable,,288,,5,4,14.2,3.6,7.13,1.92,5,0,0,0,0,0,31.35,0,0,4,2026-07,1
FBJ-0058,2026-07-03,Madrugada,B,Antena,AP-02,308,-59.0,5,4,14.2,3.6,4.187,1.76,1,0,0,0,0,0,23.26,1,0,4,2026-07,1
FBJ-0003,2026-07-03,Mañana,A,Antena,AP-02,392,-66.0,9,7,59.7,14.9,3.106,1.28,4,0,0,0,0,0,17.19,1,0,4,2026-07,2
FBJ-0004,2026-07-03,Mañana,A,Cable,,322,,9,7,59.7,14.9,5.615,1.84,4,1,23,0,0,0,35.0,0,1,4,2026-07,2
FBJ-0012,2026-07-03,Mañana,A,Antena,AP-01,631,-74.1,9,7,59.7,14.9,3.807,1.75,3,0,0,0,0,0,18.08,1,0,4,2026-07,2
FBJ-0019,2026-07-03,Mañana,A,Cable,,81,,9,7,59.7,14.9,0.882,0.27,4,0,0,0,0,0,27.21,0,0,4,2026-07,2
FBJ-0020,2026-07-03,Mañana,A,Antena,AP-01,244,-60.1,9,7,59.7,14.9,4.937,1.58,1,0,0,0,0,0,22.11,1,0,4,2026-07,2
FBJ-0022,2026-07-03,Mañana,A,Antena,AP-02,838,-82.4,9,7,59.7,14.9,3.111,1.23,1,0,0,0,0,0,16.38,1,0,4,2026-07,2
FBJ-0027,2026-07-03,Mañana,A,Cable,,85,,9,7,59.7,14.9,7.121,1.78,5,0,0,0,0,0,35.0,0,1,4,2026-07,2
FBJ-0030,2026-07-03,Mañana,A,Antena,AP-02,116,-54.6,9,7,59.7,14.9,3.737,1.02,6,0,0,0,0,0,30.53,1,0,4,2026-07,2
FBJ-0031,2026-07-03,Mañana,B,Cable,,202,,9,6,29.8,7.5,4.911,1.08,3,0,0,0,0,0,34.96,0,1,4,2026-07,2
FBJ-0032,2026-07-03,Mañana,B,Cable,,302,,9,6,29.8,7.5,4.244,1.22,2,0,0,0,0,0,29.69,0,0,4,2026-07,2
FBJ-0033,2026-07-03,Mañana,B,Antena,AP-01,719,-77.6,9,6,29.8,7.5,7.048,2.63,6,0,0,0,0,0,15.93,1,0,4,2026-07,2
FBJ-0034,2026-07-03,Mañana,B,Antena,AP-02,604,-72.2,9,6,29.8,7.5,3.633,2.18,6,0,0,0,0,0,16.98,1,0,4,2026-07,2
FBJ-0035,2026-07-03,Mañana,B,Cable,,154,,9,6,29.8,7.5,2.053,0.51,8,0,0,0,0,0,35.0,0,1,4,2026-07,2
FBJ-0036,2026-07-03,Mañana,B,Antena,AP-01,831,-77.3,9,6,29.8,7.5,3.212,2.14,7,0,0,0,0,0,15.31,1,0,4,2026-07,2
FBJ-0039,2026-07-03,Mañana,B,Cable,,288,,9,6,29.8,7.5,8.822,2.69,8,0,0,0,0,0,35.0,0,1,4,2026-07,2
FBJ-0040,2026-07-03,Mañana,B,Antena,AP-01,564,-73.1,9,6,29.8,7.5,3.529,1.71,8,0,0,0,0,0,20.91,1,0,4,2026-07,2
FBJ-0041,2026-07-03,Mañana,B,Antena,AP-02,509,-69.1,9,6,29.8,7.5,6.206,1.89,3,0,0,0,0,0,20.26,1,0,4,2026-07,2
FBJ-0042,2026-07-03,Mañana,B,Antena,AP-01,176,-53.0,9,6,29.8,7.5,2.091,0.54,1,0,0,0,0,0,26.5,1,0,4,2026-07,2
FBJ-0043,2026-07-03,Mañana,B,Cable,,318,,9,6,29.8,7.5,7.903,2.24,4,0,0,0,0,0,26.63,0,0,4,2026-07,2
FBJ-0044,2026-07-03,Mañana,B,Cable,,86,,9,6,29.8,7.5,6.245,1.27,1,0,0,0,0,0,35.0,0,1,4,2026-07,2
FBJ-0050,2026-07-03,Mañana,B,Antena,AP-02,277,-61.0,9,6,29.8,7.5,5.351,1.64,3,0,0,0,0,0,27.15,1,0,4,2026-07,2
FBJ-0052,2026-07-03,Mañana,B,Cable,,288,,9,6,29.8,7.5,3.927,1.13,1,0,0,0,0,0,35.0,0,1,4,2026-07,2
FBJ-0053,2026-07-03,Mañana,B,Antena,AP-01,245,-55.9,9,6,29.8,7.5,9.061,2.69,1,0,0,0,0,0,24.54,1,0,4,2026-07,2
FBJ-0056,2026-07-03,Mañana,B,Antena,AP-02,549,-70.0,9,6,29.8,7.5,6.138,2.78,4,0,0,0,0,0,14.15,1,0,4,2026-07,2
FBJ-0058,2026-07-03,Mañana,B,Antena,AP-02,308,-59.0,9,6,29.8,7.5,6.993,2.05,7,0,0,0,0,0,26.78,1,0,4,2026-07,2
FBJ-0001,2026-07-03,Tarde,A,Antena,AP-01,625,-74.5,7,4,36.8,9.2,6.294,2.0,8,0,0,0,0,0,19.93,1,0,4,2026-07,3
FBJ-0003,2026-07-03,Tarde,A,Antena,AP-02,392,-66.0,7,4,36.8,9.2,2.994,1.25,7,0,0,0,0,0,17.06,1,0,4,2026-07,3
FBJ-0005,2026-07-03,Tarde,A,Cable,,179,,7,4,36.8,9.2,7.703,1.68,4,0,0,0,0,0,33.44,0,0,4,2026-07,3
FBJ-0007,2026-07-03,Tarde,A,Antena,AP-02,594,-68.6,7,4,36.8,9.2,6.408,2.58,7,0,0,0,0,0,16.22,1,0,4,2026-07,3
FBJ-0009,2026-07-03,Tarde,A,Antena,AP-02,565,-72.0,7,4,36.8,9.2,4.13,1.84,4,0,0,0,0,0,16.8,1,0,4,2026-07,3
FBJ-0010,2026-07-03,Tarde,A,Antena,AP-01,482,-67.3,7,4,36.8,9.2,2.962,1.48,2,0,0,0,0,0,16.91,1,0,4,2026-07,3
FBJ-0011,2026-07-03,Tarde,A,Antena,AP-02,440,-67.1,7,4,36.8,9.2,0.625,0.22,5,0,0,0,0,0,21.07,1,0,4,2026-07,3
FBJ-0013,2026-07-03,Tarde,A,Antena,AP-02,111,-56.0,7,4,36.8,9.2,4.633,1.89,3,0,0,0,0,0,25.0,1,0,4,2026-07,3
FBJ-0014,2026-07-03,Tarde,A,Antena,AP-01,319,-62.5,7,4,36.8,9.2,2.25,0.74,6,0,0,0,0,0,26.89,1,0,4,2026-07,3
FBJ-0020,2026-07-03,Tarde,A,Antena,AP-01,244,-60.1,7,4,36.8,9.2,1.835,0.74,7,1,7,0,0,0,19.56,1,0,4,2026-07,3
FBJ-0022,2026-07-03,Tarde,A,Antena,AP-02,838,-82.4,7,4,36.8,9.2,3.309,1.94,8,0,0,0,0,0,15.73,1,0,4,2026-07,3
FBJ-0023,2026-07-03,Tarde,A,Antena,AP-01,872,-78.5,7,4,36.8,9.2,0.669,0.52,8,0,0,0,0,0,14.89,1,0,4,2026-07,3
FBJ-0025,2026-07-03,Tarde,A,Antena,AP-01,575,-73.2,7,4,36.8,9.2,2.421,1.25,1,0,0,0,0,0,17.52,1,0,4,2026-07,3
FBJ-0032,2026-07-03,Tarde,B,Cable,,302,,12,9,68.4,17.1,5.837,1.76,5,0,0,0,0,0,35.0,0,1,4,2026-07,3
FBJ-0034,2026-07-03,Tarde,B,Antena,AP-02,604,-72.2,12,9,68.4,17.1,1.946,1.42,3,0,0,0,0,0,13.09,1,0,4,2026-07,3
FBJ-0035,2026-07-03,Tarde,B,Cable,,154,,12,9,68.4,17.1,7.431,2.14,4,0,0,0,0,0,29.91,0,0,4,2026-07,3
FBJ-0036,2026-07-03,Tarde,B,Antena,AP-01,831,-77.3,12,9,68.4,17.1,4.929,1.82,5,0,0,0,0,0,22.66,1,0,4,2026-07,3
FBJ-0041,2026-07-03,Tarde,B,Antena,AP-02,509,-69.1,12,9,68.4,17.1,2.433,0.95,1,0,0,0,0,0,17.08,1,0,4,2026-07,3
FBJ-0043,2026-07-03,Tarde,B,Cable,,318,,12,9,68.4,17.1,5.292,1.53,3,0,0,0,0,0,35.0,0,1,4,2026-07,3
FBJ-0044,2026-07-03,Tarde,B,Cable,,86,,12,9,68.4,17.1,4.374,1.38,7,0,0,0,0,0,35.0,0,1,4,2026-07,3
FBJ-0045,2026-07-03,Tarde,B,Antena,AP-02,848,-81.7,12,9,68.4,17.1,5.947,3.13,6,3,117,0,0,0,17.52,1,0,4,2026-07,3
FBJ-0046,2026-07-03,Tarde,B,Antena,AP-01,177,-50.9,12,9,68.4,17.1,3.004,0.69,7,0,0,0,0,0,29.71,1,0,4,2026-07,3
FBJ-0051,2026-07-03,Tarde,B,Cable,,42,,12,9,68.4,17.1,4.276,1.31,7,0,0,0,0,0,31.97,0,0,4,2026-07,3
FBJ-0052,2026-07-03,Tarde,B,Cable,,288,,12,9,68.4,17.1,5.624,1.47,7,0,0,0,0,0,32.78,0,0,4,2026-07,3
FBJ-0056,2026-07-03,Tarde,B,Antena,AP-02,549,-70.0,12,9,68.4,17.1,1.191,0.5,8,0,0,0,0,0,14.97,1,0,4,2026-07,3
FBJ-0057,2026-07-03,Tarde,B,Antena,AP-01,851,-81.4,12,9,68.4,17.1,2.848,1.53,7,0,0,0,0,0,13.57,1,0,4,2026-07,3
FBJ-0060,2026-07-03,Tarde,B,Cable,,110,,12,9,68.4,17.1,3.755,1.07,5,0,0,0,0,0,33.33,0,0,4,2026-07,3
FBJ-0001,2026-07-03,Noche,A,Antena,AP-01,625,-74.5,11,7,57.2,14.3,8.539,3.16,6,1,18,0,0,0,16.98,1,0,4,2026-07,4
FBJ-0004,2026-07-03,Noche,A,Cable,,322,,11,7,57.2,14.3,6.998,2.12,3,0,0,0,0,0,35.0,0,1,4,2026-07,4
FBJ-0007,2026-07-03,Noche,A,Antena,AP-02,594,-68.6,11,7,57.2,14.3,7.22,2.55,3,1,29,0,0,0,18.31,1,0,4,2026-07,4
FBJ-0009,2026-07-03,Noche,A,Antena,AP-02,565,-72.0,11,7,57.2,14.3,5.286,2.43,3,0,0,0,0,0,17.76,1,0,4,2026-07,4
FBJ-0010,2026-07-03,Noche,A,Antena,AP-01,482,-67.3,11,7,57.2,14.3,5.619,2.84,4,0,0,0,0,0,18.03,1,0,4,2026-07,4
FBJ-0014,2026-07-03,Noche,A,Antena,AP-01,319,-62.5,11,7,57.2,14.3,10.446,4.41,8,0,0,0,0,0,24.1,1,0,4,2026-07,4
FBJ-0018,2026-07-03,Noche,A,Cable,,281,,11,7,57.2,14.3,7.451,2.02,8,0,0,0,0,0,30.93,0,0,4,2026-07,4
FBJ-0020,2026-07-03,Noche,A,Antena,AP-01,244,-60.1,11,7,57.2,14.3,3.997,1.26,5,0,0,0,0,0,21.57,1,0,4,2026-07,4
FBJ-0023,2026-07-03,Noche,A,Antena,AP-01,872,-78.5,11,7,57.2,14.3,4.495,2.49,2,2,36,0,0,0,17.99,1,0,4,2026-07,4
FBJ-0024,2026-07-03,Noche,A,Antena,AP-02,169,-58.3,11,7,57.2,14.3,5.486,1.77,6,0,0,0,0,0,21.44,1,0,4,2026-07,4
FBJ-0025,2026-07-03,Noche,A,Antena,AP-01,575,-73.2,11,7,57.2,14.3,2.841,1.53,5,0,0,0,0,0,19.05,1,0,4,2026-07,4
FBJ-0026,2026-07-03,Noche,A,Antena,AP-02,283,-64.0,11,7,57.2,14.3,6.464,2.35,1,0,0,0,0,0,24.89,1,0,4,2026-07,4
FBJ-0035,2026-07-03,Noche,B,Cable,,154,,20,15,165.1,41.3,7.196,2.39,3,0,0,0,0,0,30.32,0,0,4,2026-07,4
FBJ-0036,2026-07-03,Noche,B,Antena,AP-01,831,-77.3,20,15,165.1,41.3,5.023,2.24,4,0,0,0,0,0,14.34,1,0,4,2026-07,4
FBJ-0037,2026-07-03,Noche,B,Cable,,205,,20,15,165.1,41.3,7.018,2.19,7,0,0,0,0,0,29.09,0,0,4,2026-07,4
FBJ-0040,2026-07-03,Noche,B,Antena,AP-01,564,-73.1,20,15,165.1,41.3,2.43,1.46,3,0,0,0,0,0,12.43,1,0,4,2026-07,4
FBJ-0044,2026-07-03,Noche,B,Cable,,86,,20,15,165.1,41.3,3.711,2.16,7,0,0,0,0,0,20.02,0,0,4,2026-07,4
FBJ-0047,2026-07-03,Noche,B,Antena,AP-02,453,-71.2,20,15,165.1,41.3,4.3,1.95,2,0,0,0,0,0,16.21,1,0,4,2026-07,4
FBJ-0048,2026-07-03,Noche,B,Antena,AP-01,721,-80.9,20,15,165.1,41.3,3.618,2.41,3,0,0,0,0,0,12.62,1,0,4,2026-07,4
FBJ-0050,2026-07-03,Noche,B,Antena,AP-02,277,-61.0,20,15,165.1,41.3,5.855,3.47,2,0,0,0,0,0,18.05,1,0,4,2026-07,4
FBJ-0051,2026-07-03,Noche,B,Cable,,42,,20,15,165.1,41.3,5.151,0.96,3,0,0,0,0,0,32.24,0,0,4,2026-07,4
FBJ-0053,2026-07-03,Noche,B,Antena,AP-01,245,-55.9,20,15,165.1,41.3,5.357,2.14,7,0,0,0,0,0,23.08,1,0,4,2026-07,4
FBJ-0054,2026-07-03,Noche,B,Antena,AP-02,302,-59.5,20,15,165.1,41.3,7.214,3.05,5,1,35,0,0,0,18.55,1,0,4,2026-07,4
FBJ-0056,2026-07-03,Noche,B,Antena,AP-02,549,-70.0,20,15,165.1,41.3,5.215,2.92,1,0,0,0,0,0,11.78,1,0,4,2026-07,4
FBJ-0058,2026-07-03,Noche,B,Antena,AP-02,308,-59.0,20,15,165.1,41.3,2.89,2.04,7,1,35,0,0,0,16.45,1,0,4,2026-07,4
FBJ-0060,2026-07-03,Noche,B,Cable,,110,,20,15,165.1,41.3,9.336,3.03,3,0,0,0,0,0,29.06,0,0,4,2026-07,4
FBJ-0003,2026-07-04,Madrugada,A,Antena,AP-02,392,-66.0,4,2,7.7,1.9,0.782,0.2,8,1,9,0,1,0,24.94,1,0,5,2026-07,1
FBJ-0007,2026-07-04,Madrugada,A,Antena,AP-02,594,-68.6,4,2,7.7,1.9,0.544,0.23,1,0,0,0,1,0,16.16,1,0,5,2026-07,1
FBJ-0009,2026-07-04,Madrugada,A,Antena,AP-02,565,-72.0,4,2,7.7,1.9,1.324,0.72,8,0,0,0,1,0,19.37,1,0,5,2026-07,1
FBJ-0027,2026-07-04,Madrugada,A,Cable,,85,,4,2,7.7,1.9,5.545,1.01,4,0,0,0,1,0,32.98,0,0,5,2026-07,1
FBJ-0035,2026-07-04,Madrugada,B,Cable,,154,,6,5,20.7,5.2,2.517,0.61,8,0,0,0,1,0,35.0,0,1,5,2026-07,1
FBJ-0037,2026-07-04,Madrugada,B,Cable,,205,,6,5,20.7,5.2,3.479,1.1,6,0,0,0,1,0,35.0,0,1,5,2026-07,1
FBJ-0042,2026-07-04,Madrugada,B,Antena,AP-01,176,-53.0,6,5,20.7,5.2,1.316,0.37,6,1,4,0,1,0,24.1,1,0,5,2026-07,1
FBJ-0044,2026-07-04,Madrugada,B,Cable,,86,,6,5,20.7,5.2,4.347,1.86,2,0,0,0,1,0,25.3,0,0,5,2026-07,1
FBJ-0051,2026-07-04,Madrugada,B,Cable,,42,,6,5,20.7,5.2,3.578,0.67,8,0,0,0,1,0,32.03,0,0,5,2026-07,1
FBJ-0003,2026-07-04,Mañana,A,Antena,AP-02,392,-66.0,15,9,120.4,30.1,4.57,1.71,4,0,0,0,1,0,21.57,1,0,5,2026-07,2
FBJ-0005,2026-07-04,Mañana,A,Cable,,179,,15,9,120.4,30.1,7.147,2.06,6,0,0,0,1,0,35.0,0,1,5,2026-07,2
FBJ-0009,2026-07-04,Mañana,A,Antena,AP-02,565,-72.0,15,9,120.4,30.1,1.441,0.84,5,0,0,0,1,0,16.7,1,0,5,2026-07,2
FBJ-0010,2026-07-04,Mañana,A,Antena,AP-01,482,-67.3,15,9,120.4,30.1,5.82,1.69,4,0,0,0,1,0,22.53,1,0,5,2026-07,2
FBJ-0012,2026-07-04,Mañana,A,Antena,AP-01,631,-74.1,15,9,120.4,30.1,3.591,1.99,6,0,0,0,1,0,14.0,1,0,5,2026-07,2
FBJ-0014,2026-07-04,Mañana,A,Antena,AP-01,319,-62.5,15,9,120.4,30.1,4.0,1.2,1,0,0,0,1,0,29.42,1,0,5,2026-07,2
FBJ-0015,2026-07-04,Mañana,A,Antena,AP-02,894,-83.5,15,9,120.4,30.1,5.276,2.06,1,0,0,0,1,0,20.67,1,0,5,2026-07,2
FBJ-0018,2026-07-04,Mañana,A,Cable,,281,,15,9,120.4,30.1,0.872,0.2,8,0,0,0,1,0,35.0,0,1,5,2026-07,2
FBJ-0021,2026-07-04,Mañana,A,Cable,,163,,15,9,120.4,30.1,3.637,1.14,1,0,0,0,1,0,35.0,0,1,5,2026-07,2
FBJ-0023,2026-07-04,Mañana,A,Antena,AP-01,872,-78.5,15,9,120.4,30.1,1.91,1.55,5,1,5,0,1,0,14.81,1,0,5,2026-07,2
FBJ-0024,2026-07-04,Mañana,A,Antena,AP-02,169,-58.3,15,9,120.4,30.1,0.697,0.2,6,1,25,0,1,0,26.57,1,0,5,2026-07,2
FBJ-0025,2026-07-04,Mañana,A,Antena,AP-01,575,-73.2,15,9,120.4,30.1,2.238,1.69,3,0,0,0,1,0,16.66,1,0,5,2026-07,2
FBJ-0026,2026-07-04,Mañana,A,Antena,AP-02,283,-64.0,15,9,120.4,30.1,1.601,0.68,1,0,0,0,1,0,19.5,1,0,5,2026-07,2
FBJ-0027,2026-07-04,Mañana,A,Cable,,85,,15,9,120.4,30.1,5.219,1.15,1,0,0,0,1,0,35.0,0,1,5,2026-07,2
FBJ-0029,2026-07-04,Mañana,A,Cable,,251,,15,9,120.4,30.1,2.038,0.59,5,0,0,0,1,0,25.82,0,0,5,2026-07,2
FBJ-0030,2026-07-04,Mañana,A,Antena,AP-02,116,-54.6,15,9,120.4,30.1,4.779,1.72,2,0,0,0,1,0,22.5,1,0,5,2026-07,2
FBJ-0032,2026-07-04,Mañana,B,Cable,,302,,14,14,105.2,26.3,4.201,1.17,7,0,0,0,1,0,26.13,0,0,5,2026-07,2
FBJ-0033,2026-07-04,Mañana,B,Antena,AP-01,719,-77.6,14,14,105.2,26.3,3.738,1.84,3,0,0,0,1,0,12.49,1,0,5,2026-07,2
FBJ-0037,2026-07-04,Mañana,B,Cable,,205,,14,14,105.2,26.3,4.772,1.4,8,0,0,0,1,0,35.0,0,1,5,2026-07,2
FBJ-0040,2026-07-04,Mañana,B,Antena,AP-01,564,-73.1,14,14,105.2,26.3,2.965,1.53,7,0,0,0,1,0,14.62,1,0,5,2026-07,2
FBJ-0041,2026-07-04,Mañana,B,Antena,AP-02,509,-69.1,14,14,105.2,26.3,1.482,0.59,4,0,0,0,1,0,18.07,1,0,5,2026-07,2
FBJ-0042,2026-07-04,Mañana,B,Antena,AP-01,176,-53.0,14,14,105.2,26.3,5.818,2.17,4,0,0,0,1,0,27.37,1,0,5,2026-07,2
FBJ-0045,2026-07-04,Mañana,B,Antena,AP-02,848,-81.7,14,14,105.2,26.3,4.523,2.46,7,1,7,0,1,0,14.33,1,0,5,2026-07,2
FBJ-0047,2026-07-04,Mañana,B,Antena,AP-02,453,-71.2,14,14,105.2,26.3,2.177,2.41,7,0,0,0,1,0,9.26,1,0,5,2026-07,2
FBJ-0049,2026-07-04,Mañana,B,Cable,,350,,14,14,105.2,26.3,9.411,2.22,6,1,24,0,1,0,29.49,0,0,5,2026-07,2
FBJ-0058,2026-07-04,Mañana,B,Antena,AP-02,308,-59.0,14,14,105.2,26.3,2.557,1.3,6,0,0,0,1,0,16.25,1,0,5,2026-07,2
FBJ-0060,2026-07-04,Mañana,B,Cable,,110,,14,14,105.2,26.3,6.683,2.3,1,0,0,0,1,0,21.89,0,0,5,2026-07,2
FBJ-0001,2026-07-04,Tarde,A,Antena,AP-01,625,-74.5,14,12,121.5,30.4,2.092,1.36,3,0,0,0,1,0,14.2,1,0,5,2026-07,3
FBJ-0003,2026-07-04,Tarde,A,Antena,AP-02,392,-66.0,14,12,121.5,30.4,0.468,0.2,4,0,0,0,1,0,21.73,1,0,5,2026-07,3
FBJ-0004,2026-07-04,Tarde,A,Cable,,322,,14,12,121.5,30.4,0.849,0.2,7,0,0,0,1,0,35.0,0,1,5,2026-07,3
FBJ-0005,2026-07-04,Tarde,A,Cable,,179,,14,12,121.5,30.4,4.674,1.81,3,1,12,0,1,0,25.9,0,0,5,2026-07,3
FBJ-0009,2026-07-04,Tarde,A,Antena,AP-02,565,-72.0,14,12,121.5,30.4,3.259,1.21,7,0,0,0,1,0,18.11,1,0,5,2026-07,3
FBJ-0010,2026-07-04,Tarde,A,Antena,AP-01,482,-67.3,14,12,121.5,30.4,1.49,0.97,3,0,0,0,1,0,14.37,1,0,5,2026-07,3
FBJ-0012,2026-07-04,Tarde,A,Antena,AP-01,631,-74.1,14,12,121.5,30.4,5.03,2.18,7,1,24,0,1,0,16.97,1,0,5,2026-07,3
FBJ-0013,2026-07-04,Tarde,A,Antena,AP-02,111,-56.0,14,12,121.5,30.4,5.505,1.61,5,0,0,0,1,0,26.6,1,0,5,2026-07,3
FBJ-0015,2026-07-04,Tarde,A,Antena,AP-02,894,-83.5,14,12,121.5,30.4,3.78,2.22,4,0,0,0,1,0,15.39,1,0,5,2026-07,3
FBJ-0019,2026-07-04,Tarde,A,Cable,,81,,14,12,121.5,30.4,2.619,0.91,8,0,0,0,1,0,28.46,0,0,5,2026-07,3
FBJ-0020,2026-07-04,Tarde,A,Antena,AP-01,244,-60.1,14,12,121.5,30.4,6.538,2.41,2,0,0,0,1,0,20.2,1,0,5,2026-07,3
FBJ-0022,2026-07-04,Tarde,A,Antena,AP-02,838,-82.4,14,12,121.5,30.4,2.475,1.42,2,0,0,0,1,0,15.98,1,0,5,2026-07,3
FBJ-0023,2026-07-04,Tarde,A,Antena,AP-01,872,-78.5,14,12,121.5,30.4,0.269,0.2,5,0,0,0,1,0,12.96,1,0,5,2026-07,3
FBJ-0029,2026-07-04,Tarde,A,Cable,,251,,14,12,121.5,30.4,3.836,1.34,4,0,0,0,1,0,27.18,0,0,5,2026-07,3
FBJ-0030,2026-07-04,Tarde,A,Antena,AP-02,116,-54.6,14,12,121.5,30.4,3.819,1.43,1,0,0,0,1,0,29.21,1,0,5,2026-07,3
FBJ-0033,2026-07-04,Tarde,B,Antena,AP-01,719,-77.6,11,6,35.1,8.8,3.171,1.37,1,0,0,0,1,0,17.25,1,0,5,2026-07,3
FBJ-0036,2026-07-04,Tarde,B,Antena,AP-01,831,-77.3,11,6,35.1,8.8,5.025,2.08,2,1,6,0,1,0,24.02,1,0,5,2026-07,3
FBJ-0037,2026-07-04,Tarde,B,Cable,,205,,11,6,35.1,8.8,1.898,0.83,4,0,0,0,1,0,26.77,0,0,5,2026-07,3
FBJ-0039,2026-07-04,Tarde,B,Cable,,288,,11,6,35.1,8.8,4.915,1.12,5,0,0,0,1,0,33.89,0,0,5,2026-07,3
FBJ-0040,2026-07-04,Tarde,B,Antena,AP-01,564,-73.1,11,6,35.1,8.8,2.583,0.86,3,0,0,0,1,0,20.74,1,0,5,2026-07,3
FBJ-0043,2026-07-04,Tarde,B,Cable,,318,,11,6,35.1,8.8,3.872,0.94,2,0,0,0,1,0,35.0,0,1,5,2026-07,3
FBJ-0044,2026-07-04,Tarde,B,Cable,,86,,11,6,35.1,8.8,7.936,1.94,2,0,0,0,1,0,35.0,0,1,5,2026-07,3
FBJ-0045,2026-07-04,Tarde,B,Antena,AP-02,848,-81.7,11,6,35.1,8.8,4.255,2.22,2,1,17,0,1,0,15.58,1,0,5,2026-07,3
FBJ-0046,2026-07-04,Tarde,B,Antena,AP-01,177,-50.9,11,6,35.1,8.8,2.528,0.45,5,0,0,0,1,0,33.06,1,0,5,2026-07,3
FBJ-0049,2026-07-04,Tarde,B,Cable,,350,,11,6,35.1,8.8,6.004,1.76,8,1,4,0,1,0,26.72,0,0,5,2026-07,3
FBJ-0051,2026-07-04,Tarde,B,Cable,,42,,11,6,35.1,8.8,5.208,1.43,5,0,0,0,1,0,35.0,0,1,5,2026-07,3
FBJ-0052,2026-07-04,Tarde,B,Cable,,288,,11,6,35.1,8.8,3.765,0.89,1,0,0,0,1,0,31.07,0,0,5,2026-07,3
FBJ-0054,2026-07-04,Tarde,B,Antena,AP-02,302,-59.5,11,6,35.1,8.8,3.631,1.11,3,0,0,0,1,0,22.49,1,0,5,2026-07,3
FBJ-0056,2026-07-04,Tarde,B,Antena,AP-02,549,-70.0,11,6,35.1,8.8,2.045,0.87,4,0,0,0,1,0,15.4,1,0,5,2026-07,3
FBJ-0057,2026-07-04,Tarde,B,Antena,AP-01,851,-81.4,11,6,35.1,8.8,3.584,1.65,4,2,52,0,1,0,17.66,1,0,5,2026-07,3
FBJ-0058,2026-07-04,Tarde,B,Antena,AP-02,308,-59.0,11,6,35.1,8.8,5.346,1.72,7,0,0,0,1,0,22.63,1,0,5,2026-07,3
FBJ-0059,2026-07-04,Tarde,B,Cable,,107,,11,6,35.1,8.8,5.095,1.15,7,0,0,0,1,0,33.29,0,0,5,2026-07,3
FBJ-0001,2026-07-04,Noche,A,Antena,AP-01,625,-74.5,18,15,131.1,32.8,3.588,1.52,1,0,0,0,1,0,16.1,1,0,5,2026-07,4
FBJ-0003,2026-07-04,Noche,A,Antena,AP-02,392,-66.0,18,15,131.1,32.8,1.677,0.96,4,1,16,0,1,0,15.88,1,0,5,2026-07,4
FBJ-0005,2026-07-04,Noche,A,Cable,,179,,18,15,131.1,32.8,9.091,2.1,4,0,0,0,1,0,35.0,0,1,5,2026-07,4
FBJ-0007,2026-07-04,Noche,A,Antena,AP-02,594,-68.6,18,15,131.1,32.8,4.664,2.93,2,0,0,0,1,0,11.85,1,0,5,2026-07,4
FBJ-0009,2026-07-04,Noche,A,Antena,AP-02,565,-72.0,18,15,131.1,32.8,3.733,2.25,4,0,0,0,1,0,14.56,1,0,5,2026-07,4
FBJ-0011,2026-07-04,Noche,A,Antena,AP-02,440,-67.1,18,15,131.1,32.8,4.219,2.35,7,0,0,0,1,0,13.2,1,0,5,2026-07,4
FBJ-0012,2026-07-04,Noche,A,Antena,AP-01,631,-74.1,18,15,131.1,32.8,2.289,1.28,7,0,0,0,1,0,13.35,1,0,5,2026-07,4
FBJ-0018,2026-07-04,Noche,A,Cable,,281,,18,15,131.1,32.8,7.7,3.04,7,0,0,0,1,0,26.27,0,0,5,2026-07,4
FBJ-0019,2026-07-04,Noche,A,Cable,,81,,18,15,131.1,32.8,13.198,2.79,5,0,0,0,1,0,32.46,0,0,5,2026-07,4
FBJ-0020,2026-07-04,Noche,A,Antena,AP-01,244,-60.1,18,15,131.1,32.8,3.31,1.75,2,0,0,0,1,0,16.78,1,0,5,2026-07,4
FBJ-0022,2026-07-04,Noche,A,Antena,AP-02,838,-82.4,18,15,131.1,32.8,4.752,3.5,2,0,0,0,1,0,13.19,1,0,5,2026-07,4
FBJ-0024,2026-07-04,Noche,A,Antena,AP-02,169,-58.3,18,15,131.1,32.8,5.904,2.52,6,0,0,0,1,0,21.52,1,0,5,2026-07,4
FBJ-0025,2026-07-04,Noche,A,Antena,AP-01,575,-73.2,18,15,131.1,32.8,3.566,2.29,5,0,0,0,1,0,15.15,1,0,5,2026-07,4
FBJ-0029,2026-07-04,Noche,A,Cable,,251,,18,15,131.1,32.8,8.28,2.6,8,0,0,0,1,0,35.0,0,1,5,2026-07,4
FBJ-0030,2026-07-04,Noche,A,Antena,AP-02,116,-54.6,18,15,131.1,32.8,7.084,2.26,2,1,28,0,1,0,23.66,1,0,5,2026-07,4
FBJ-0031,2026-07-04,Noche,B,Cable,,202,,23,12,71.0,17.8,7.103,2.38,1,0,0,0,1,0,35.0,0,1,5,2026-07,4
FBJ-0032,2026-07-04,Noche,B,Cable,,302,,23,12,71.0,17.8,4.111,1.43,2,1,20,0,1,0,29.1,0,0,5,2026-07,4
FBJ-0033,2026-07-04,Noche,B,Antena,AP-01,719,-77.6,23,12,71.0,17.8,4.873,2.29,8,0,0,0,1,0,18.77,1,0,5,2026-07,4
FBJ-0034,2026-07-04,Noche,B,Antena,AP-02,604,-72.2,23,12,71.0,17.8,4.126,2.64,3,0,0,0,1,0,14.35,1,0,5,2026-07,4
FBJ-0035,2026-07-04,Noche,B,Cable,,154,,23,12,71.0,17.8,8.497,2.91,6,1,20,0,1,0,28.71,0,0,5,2026-07,4
FBJ-0037,2026-07-04,Noche,B,Cable,,205,,23,12,71.0,17.8,5.61,2.27,1,0,0,0,1,0,25.71,0,0,5,2026-07,4
FBJ-0040,2026-07-04,Noche,B,Antena,AP-01,564,-73.1,23,12,71.0,17.8,2.367,0.88,1,0,0,0,1,0,23.67,1,0,5,2026-07,4
FBJ-0041,2026-07-04,Noche,B,Antena,AP-02,509,-69.1,23,12,71.0,17.8,5.058,2.23,2,0,0,0,1,0,17.68,1,0,5,2026-07,4
FBJ-0042,2026-07-04,Noche,B,Antena,AP-01,176,-53.0,23,12,71.0,17.8,11.194,3.12,4,0,0,0,1,0,33.38,1,0,5,2026-07,4
FBJ-0043,2026-07-04,Noche,B,Cable,,318,,23,12,71.0,17.8,3.387,0.9,6,0,0,0,1,0,34.22,0,0,5,2026-07,4
FBJ-0044,2026-07-04,Noche,B,Cable,,86,,23,12,71.0,17.8,8.662,1.98,6,0,0,0,1,0,32.12,0,0,5,2026-07,4
FBJ-0045,2026-07-04,Noche,B,Antena,AP-02,848,-81.7,23,12,71.0,17.8,5.896,2.31,2,1,17,0,1,0,17.47,1,0,5,2026-07,4
FBJ-0047,2026-07-04,Noche,B,Antena,AP-02,453,-71.2,23,12,71.0,17.8,4.029,2.09,6,0,0,0,1,0,15.27,1,0,5,2026-07,4
FBJ-0048,2026-07-04,Noche,B,Antena,AP-01,721,-80.9,23,12,71.0,17.8,2.247,1.47,2,0,0,0,1,0,16.33,1,0,5,2026-07,4
FBJ-0049,2026-07-04,Noche,B,Cable,,350,,23,12,71.0,17.8,5.838,1.52,3,0,0,0,1,0,24.1,0,0,5,2026-07,4
FBJ-0050,2026-07-04,Noche,B,Antena,AP-02,277,-61.0,23,12,71.0,17.8,6.078,2.32,6,0,0,0,1,0,19.72,1,0,5,2026-07,4
FBJ-0052,2026-07-04,Noche,B,Cable,,288,,23,12,71.0,17.8,10.523,3.23,7,0,0,0,1,0,34.87,0,0,5,2026-07,4
FBJ-0053,2026-07-04,Noche,B,Antena,AP-01,245,-55.9,23,12,71.0,17.8,8.506,2.68,2,0,0,0,1,0,28.63,1,0,5,2026-07,4
FBJ-0056,2026-07-04,Noche,B,Antena,AP-02,549,-70.0,23,12,71.0,17.8,3.285,1.31,2,0,0,0,1,0,16.63,1,0,5,2026-07,4
FBJ-0057,2026-07-04,Noche,B,Antena,AP-01,851,-81.4,23,12,71.0,17.8,8.273,3.16,3,0,0,0,1,0,17.99,1,0,5,2026-07,4
FBJ-0058,2026-07-04,Noche,B,Antena,AP-02,308,-59.0,23,12,71.0,17.8,2.998,1.48,4,1,9,0,1,0,17.62,1,0,5,2026-07,4
FBJ-0059,2026-07-04,Noche,B,Cable,,107,,23,12,71.0,17.8,14.969,2.96,3,0,0,0,1,0,35.0,0,1,5,2026-07,4
FBJ-0003,2026-07-05,Madrugada,A,Antena,AP-02,392,-66.0,2,1,3.2,0.8,5.401,2.17,4,0,0,0,1,0,20.64,1,0,6,2026-07,1
FBJ-0013,2026-07-05,Madrugada,A,Antena,AP-02,111,-56.0,2,1,3.2,0.8,0.708,0.2,3,0,0,0,1,0,27.52,1,0,6,2026-07,1
FBJ-0018,2026-07-05,Madrugada,A,Cable,,281,,2,1,3.2,0.8,5.754,1.56,4,0,0,0,1,0,35.0,0,1,6,2026-07,1
FBJ-0020,2026-07-05,Madrugada,A,Antena,AP-01,244,-60.1,2,1,3.2,0.8,3.983,0.99,2,0,0,0,1,0,30.69,1,0,6,2026-07,1
FBJ-0023,2026-07-05,Madrugada,A,Antena,AP-01,872,-78.5,2,1,3.2,0.8,1.299,0.89,2,0,0,0,1,0,16.63,1,0,6,2026-07,1
FBJ-0025,2026-07-05,Madrugada,A,Antena,AP-01,575,-73.2,2,1,3.2,0.8,3.356,1.34,2,0,0,0,1,0,20.63,1,0,6,2026-07,1
FBJ-0027,2026-07-05,Madrugada,A,Cable,,85,,2,1,3.2,0.8,6.127,1.09,7,1,3,0,1,0,35.0,0,1,6,2026-07,1
FBJ-0036,2026-07-05,Madrugada,B,Antena,AP-01,831,-77.3,6,5,37.6,9.4,1.517,0.95,6,0,0,0,1,0,16.39,1,0,6,2026-07,1
FBJ-0043,2026-07-05,Madrugada,B,Cable,,318,,6,5,37.6,9.4,3.579,0.7,7,0,0,0,1,0,34.2,0,0,6,2026-07,1
FBJ-0047,2026-07-05,Madrugada,B,Antena,AP-02,453,-71.2,6,5,37.6,9.4,3.707,1.77,5,0,0,0,1,0,18.98,1,0,6,2026-07,1
FBJ-0053,2026-07-05,Madrugada,B,Antena,AP-01,245,-55.9,6,5,37.6,9.4,1.773,0.38,1,0,0,0,1,0,30.2,1,0,6,2026-07,1
FBJ-0054,2026-07-05,Madrugada,B,Antena,AP-02,302,-59.5,6,5,37.6,9.4,4.463,1.9,3,0,0,0,1,0,19.55,1,0,6,2026-07,1
FBJ-0058,2026-07-05,Madrugada,B,Antena,AP-02,308,-59.0,6,5,37.6,9.4,1.778,0.77,5,0,0,0,1,0,26.37,1,0,6,2026-07,1
FBJ-0001,2026-07-05,Mañana,A,Antena,AP-01,625,-74.5,13,9,112.6,28.1,2.853,1.32,4,0,0,0,1,0,15.76,1,0,6,2026-07,2
FBJ-0004,2026-07-05,Mañana,A,Cable,,322,,13,9,112.6,28.1,12.732,3.02,1,0,0,0,1,0,35.0,0,1,6,2026-07,2
FBJ-0005,2026-07-05,Mañana,A,Cable,,179,,13,9,112.6,28.1,5.498,1.36,1,0,0,0,1,0,35.0,0,1,6,2026-07,2
FBJ-0007,2026-07-05,Mañana,A,Antena,AP-02,594,-68.6,13,9,112.6,28.1,1.669,0.61,8,0,0,0,1,0,19.13,1,0,6,2026-07,2
FBJ-0009,2026-07-05,Mañana,A,Antena,AP-02,565,-72.0,13,9,112.6,28.1,0.907,0.42,6,0,0,0,1,0,18.98,1,0,6,2026-07,2
FBJ-0010,2026-07-05,Mañana,A,Antena,AP-01,482,-67.3,13,9,112.6,28.1,4.099,1.43,7,0,0,0,1,0,20.97,1,0,6,2026-07,2
FBJ-0013,2026-07-05,Mañana,A,Antena,AP-02,111,-56.0,13,9,112.6,28.1,10.9,2.86,1,0,0,0,1,0,30.06,1,0,6,2026-07,2
FBJ-0014,2026-07-05,Mañana,A,Antena,AP-01,319,-62.5,13,9,112.6,28.1,4.327,1.58,2,0,0,0,1,0,23.51,1,0,6,2026-07,2
FBJ-0023,2026-07-05,Mañana,A,Antena,AP-01,872,-78.5,13,9,112.6,28.1,2.496,1.49,7,1,5,0,1,0,20.27,1,0,6,2026-07,2
FBJ-0024,2026-07-05,Mañana,A,Antena,AP-02,169,-58.3,13,9,112.6,28.1,4.574,2.1,5,1,35,0,1,0,17.95,1,0,6,2026-07,2
FBJ-0026,2026-07-05,Mañana,A,Antena,AP-02,283,-64.0,13,9,112.6,28.1,5.991,2.15,1,0,0,0,1,0,27.34,1,0,6,2026-07,2
FBJ-0030,2026-07-05,Mañana,A,Antena,AP-02,116,-54.6,13,9,112.6,28.1,0.725,0.2,3,0,0,0,1,0,29.42,1,0,6,2026-07,2
FBJ-0031,2026-07-05,Mañana,B,Cable,,202,,10,3,17.8,4.5,6.926,1.8,7,1,19,0,1,0,32.73,0,0,6,2026-07,2
FBJ-0032,2026-07-05,Mañana,B,Cable,,302,,10,3,17.8,4.5,5.119,1.39,5,0,0,0,1,0,26.47,0,0,6,2026-07,2
FBJ-0033,2026-07-05,Mañana,B,Antena,AP-01,719,-77.6,10,3,17.8,4.5,5.588,2.14,2,0,0,0,1,0,20.08,1,0,6,2026-07,2
FBJ-0034,2026-07-05,Mañana,B,Antena,AP-02,604,-72.2,10,3,17.8,4.5,1.933,0.83,2,0,0,0,1,0,18.33,1,0,6,2026-07,2
FBJ-0036,2026-07-05,Mañana,B,Antena,AP-01,831,-77.3,10,3,17.8,4.5,1.689,0.65,8,0,0,0,1,0,16.95,1,0,6,2026-07,2
FBJ-0040,2026-07-05,Mañana,B,Antena,AP-01,564,-73.1,10,3,17.8,4.5,2.864,1.55,4,0,0,0,1,0,16.81,1,0,6,2026-07,2
FBJ-0041,2026-07-05,Mañana,B,Antena,AP-02,509,-69.1,10,3,17.8,4.5,6.094,2.17,4,0,0,0,1,0,19.6,1,0,6,2026-07,2
FBJ-0042,2026-07-05,Mañana,B,Antena,AP-01,176,-53.0,10,3,17.8,4.5,5.172,1.79,3,0,0,0,1,0,22.36,1,0,6,2026-07,2
FBJ-0045,2026-07-05,Mañana,B,Antena,AP-02,848,-81.7,10,3,17.8,4.5,7.049,2.46,7,2,56,0,1,0,17.83,1,0,6,2026-07,2
FBJ-0046,2026-07-05,Mañana,B,Antena,AP-01,177,-50.9,10,3,17.8,4.5,11.533,2.52,3,0,0,0,1,0,28.55,1,0,6,2026-07,2
FBJ-0048,2026-07-05,Mañana,B,Antena,AP-01,721,-80.9,10,3,17.8,4.5,3.746,1.68,1,2,72,0,1,0,18.98,1,0,6,2026-07,2
FBJ-0049,2026-07-05,Mañana,B,Cable,,350,,10,3,17.8,4.5,5.048,0.99,3,0,0,0,1,0,33.22,0,0,6,2026-07,2
FBJ-0053,2026-07-05,Mañana,B,Antena,AP-01,245,-55.9,10,3,17.8,4.5,5.877,1.39,3,0,0,0,1,0,25.55,1,0,6,2026-07,2
FBJ-0057,2026-07-05,Mañana,B,Antena,AP-01,851,-81.4,10,3,17.8,4.5,2.895,1.77,4,1,23,0,1,0,16.49,1,0,6,2026-07,2
FBJ-0058,2026-07-05,Mañana,B,Antena,AP-02,308,-59.0,10,3,17.8,4.5,0.566,0.2,4,0,0,0,1,0,26.3,1,0,6,2026-07,2
FBJ-0060,2026-07-05,Mañana,B,Cable,,110,,10,3,17.8,4.5,3.336,0.7,6,0,0,0,1,0,35.0,0,1,6,2026-07,2
FBJ-0003,2026-07-05,Tarde,A,Antena,AP-02,392,-66.0,15,11,86.1,21.5,6.971,2.52,3,0,0,0,1,0,21.63,1,0,6,2026-07,3
FBJ-0004,2026-07-05,Tarde,A,Cable,,322,,15,11,86.1,21.5,3.981,1.01,2,0,0,0,1,0,34.28,0,0,6,2026-07,3
FBJ-0005,2026-07-05,Tarde,A,Cable,,179,,15,11,86.1,21.5,7.559,2.02,8,0,0,0,1,0,30.04,0,0,6,2026-07,3
FBJ-0011,2026-07-05,Tarde,A,Antena,AP-02,440,-67.1,15,11,86.1,21.5,1.489,1.03,3,1,26,0,1,0,14.95,1,0,6,2026-07,3
FBJ-0012,2026-07-05,Tarde,A,Antena,AP-01,631,-74.1,15,11,86.1,21.5,1.946,1.3,6,0,0,0,1,0,15.03,1,0,6,2026-07,3
FBJ-0013,2026-07-05,Tarde,A,Antena,AP-02,111,-56.0,15,11,86.1,21.5,6.016,1.91,5,0,0,0,1,0,25.42,1,0,6,2026-07,3
FBJ-0014,2026-07-05,Tarde,A,Antena,AP-01,319,-62.5,15,11,86.1,21.5,5.412,2.07,2,0,0,0,1,0,22.21,1,0,6,2026-07,3
FBJ-0015,2026-07-05,Tarde,A,Antena,AP-02,894,-83.5,15,11,86.1,21.5,2.612,0.99,8,2,54,0,1,0,19.72,1,0,6,2026-07,3
FBJ-0019,2026-07-05,Tarde,A,Cable,,81,,15,11,86.1,21.5,2.371,0.84,2,0,0,0,1,0,27.33,0,0,6,2026-07,3
FBJ-0020,2026-07-05,Tarde,A,Antena,AP-01,244,-60.1,15,11,86.1,21.5,1.06,0.43,5,0,0,0,1,0,21.84,1,0,6,2026-07,3
FBJ-0021,2026-07-05,Tarde,A,Cable,,163,,15,11,86.1,21.5,6.971,2.0,8,0,0,0,1,0,28.99,0,0,6,2026-07,3
FBJ-0023,2026-07-05,Tarde,A,Antena,AP-01,872,-78.5,15,11,86.1,21.5,4.615,1.94,7,1,20,0,1,0,18.64,1,0,6,2026-07,3
FBJ-0026,2026-07-05,Tarde,A,Antena,AP-02,283,-64.0,15,11,86.1,21.5,2.888,1.13,1,0,0,0,1,0,22.41,1,0,6,2026-07,3
FBJ-0027,2026-07-05,Tarde,A,Cable,,85,,15,11,86.1,21.5,6.646,1.33,3,0,0,0,1,0,35.0,0,1,6,2026-07,3
FBJ-0029,2026-07-05,Tarde,A,Cable,,251,,15,11,86.1,21.5,2.717,0.96,4,0,0,0,1,0,29.14,0,0,6,2026-07,3
FBJ-0030,2026-07-05,Tarde,A,Antena,AP-02,116,-54.6,15,11,86.1,21.5,0.609,0.2,7,0,0,0,1,0,24.52,1,0,6,2026-07,3
FBJ-0032,2026-07-05,Tarde,B,Cable,,302,,14,7,68.0,17.0,0.878,0.25,5,0,0,0,1,0,35.0,0,1,6,2026-07,3
FBJ-0033,2026-07-05,Tarde,B,Antena,AP-01,719,-77.6,14,7,68.0,17.0,2.372,1.01,1,0,0,0,1,0,17.13,1,0,6,2026-07,3
FBJ-0036,2026-07-05,Tarde,B,Antena,AP-01,831,-77.3,14,7,68.0,17.0,4.035,1.83,6,0,0,0,1,0,16.98,1,0,6,2026-07,3
FBJ-0039,2026-07-05,Tarde,B,Cable,,288,,14,7,68.0,17.0,7.26,1.86,8,0,0,0,1,0,35.0,0,1,6,2026-07,3
FBJ-0040,2026-07-05,Tarde,B,Antena,AP-01,564,-73.1,14,7,68.0,17.0,1.582,0.83,8,0,0,0,1,0,18.17,1,0,6,2026-07,3
FBJ-0041,2026-07-05,Tarde,B,Antena,AP-02,509,-69.1,14,7,68.0,17.0,2.323,0.91,1,0,0,0,1,0,17.87,1,0,6,2026-07,3
FBJ-0043,2026-07-05,Tarde,B,Cable,,318,,14,7,68.0,17.0,9.698,1.82,1,1,39,0,1,0,35.0,0,1,6,2026-07,3
FBJ-0044,2026-07-05,Tarde,B,Cable,,86,,14,7,68.0,17.0,12.531,2.67,5,0,0,0,1,0,35.0,0,1,6,2026-07,3
FBJ-0046,2026-07-05,Tarde,B,Antena,AP-01,177,-50.9,14,7,68.0,17.0,8.888,1.76,6,0,0,0,1,0,35.0,1,1,6,2026-07,3
FBJ-0047,2026-07-05,Tarde,B,Antena,AP-02,453,-71.2,14,7,68.0,17.0,0.944,0.64,2,1,22,0,1,0,13.54,1,0,6,2026-07,3
FBJ-0048,2026-07-05,Tarde,B,Antena,AP-01,721,-80.9,14,7,68.0,17.0,3.474,1.71,3,1,16,0,1,0,17.69,1,0,6,2026-07,3
FBJ-0049,2026-07-05,Tarde,B,Cable,,350,,14,7,68.0,17.0,8.481,1.6,1,0,0,0,1,0,34.27,0,0,6,2026-07,3
FBJ-0051,2026-07-05,Tarde,B,Cable,,42,,14,7,68.0,17.0,7.65,1.87,2,0,0,0,1,0,32.68,0,0,6,2026-07,3
FBJ-0053,2026-07-05,Tarde,B,Antena,AP-01,245,-55.9,14,7,68.0,17.0,0.901,0.2,1,0,0,0,1,0,28.23,1,0,6,2026-07,3
FBJ-0056,2026-07-05,Tarde,B,Antena,AP-02,549,-70.0,14,7,68.0,17.0,4.181,1.69,1,0,0,0,1,0,16.47,1,0,6,2026-07,3
FBJ-0001,2026-07-05,Noche,A,Antena,AP-01,625,-74.5,17,13,158.7,39.7,6.235,2.95,5,0,0,0,1,0,15.62,1,0,6,2026-07,4
FBJ-0003,2026-07-05,Noche,A,Antena,AP-02,392,-66.0,17,13,158.7,39.7,6.933,2.32,1,0,0,0,1,0,18.84,1,0,6,2026-07,4
FBJ-0004,2026-07-05,Noche,A,Cable,,322,,17,13,158.7,39.7,7.601,1.85,8,0,0,0,1,0,33.35,0,0,6,2026-07,4
FBJ-0005,2026-07-05,Noche,A,Cable,,179,,17,13,158.7,39.7,9.202,2.45,2,0,0,0,1,0,27.54,0,0,6,2026-07,4
FBJ-0007,2026-07-05,Noche,A,Antena,AP-02,594,-68.6,17,13,158.7,39.7,4.742,2.61,6,1,7,0,1,0,17.3,1,0,6,2026-07,4
FBJ-0010,2026-07-05,Noche,A,Antena,AP-01,482,-67.3,17,13,158.7,39.7,4.308,3.98,7,0,0,0,1,0,11.2,1,0,6,2026-07,4
FBJ-0011,2026-07-05,Noche,A,Antena,AP-02,440,-67.1,17,13,158.7,39.7,4.934,3.02,2,0,0,0,1,0,17.1,1,0,6,2026-07,4
FBJ-0012,2026-07-05,Noche,A,Antena,AP-01,631,-74.1,17,13,158.7,39.7,6.696,2.46,3,0,0,0,1,0,18.32,1,0,6,2026-07,4
FBJ-0013,2026-07-05,Noche,A,Antena,AP-02,111,-56.0,17,13,158.7,39.7,9.067,2.84,5,0,0,0,1,0,27.77,1,0,6,2026-07,4
FBJ-0014,2026-07-05,Noche,A,Antena,AP-01,319,-62.5,17,13,158.7,39.7,5.083,2.55,5,0,0,0,1,0,20.65,1,0,6,2026-07,4
FBJ-0018,2026-07-05,Noche,A,Cable,,281,,17,13,158.7,39.7,6.625,1.57,1,0,0,0,1,0,29.7,0,0,6,2026-07,4
FBJ-0019,2026-07-05,Noche,A,Cable,,81,,17,13,158.7,39.7,14.673,2.96,3,0,0,0,1,0,35.0,0,1,6,2026-07,4
FBJ-0020,2026-07-05,Noche,A,Antena,AP-01,244,-60.1,17,13,158.7,39.7,4.351,1.55,1,0,0,0,1,0,20.57,1,0,6,2026-07,4
FBJ-0022,2026-07-05,Noche,A,Antena,AP-02,838,-82.4,17,13,158.7,39.7,4.92,2.83,4,1,13,0,1,0,11.9,1,0,6,2026-07,4
FBJ-0023,2026-07-05,Noche,A,Antena,AP-01,872,-78.5,17,13,158.7,39.7,4.195,2.92,4,2,6,0,1,0,13.1,1,0,6,2026-07,4
FBJ-0024,2026-07-05,Noche,A,Antena,AP-02,169,-58.3,17,13,158.7,39.7,11.31,3.12,4,0,0,0,1,0,29.34,1,0,6,2026-07,4
FBJ-0025,2026-07-05,Noche,A,Antena,AP-01,575,-73.2,17,13,158.7,39.7,2.685,1.12,2,0,0,0,1,0,19.95,1,0,6,2026-07,4
FBJ-0026,2026-07-05,Noche,A,Antena,AP-02,283,-64.0,17,13,158.7,39.7,5.384,2.97,5,0,0,0,1,0,20.67,1,0,6,2026-07,4
FBJ-0029,2026-07-05,Noche,A,Cable,,251,,17,13,158.7,39.7,7.386,2.12,2,0,0,0,1,0,31.48,0,0,6,2026-07,4
FBJ-0031,2026-07-05,Noche,B,Cable,,202,,19,13,146.8,36.7,9.09,3.01,8,0,0,0,1,0,26.46,0,0,6,2026-07,4
FBJ-0033,2026-07-05,Noche,B,Antena,AP-01,719,-77.6,19,13,146.8,36.7,3.86,2.06,3,1,10,0,1,0,16.42,1,0,6,2026-07,4
FBJ-0035,2026-07-05,Noche,B,Cable,,154,,19,13,146.8,36.7,9.544,3.1,7,0,0,0,1,0,29.75,0,0,6,2026-07,4
FBJ-0036,2026-07-05,Noche,B,Antena,AP-01,831,-77.3,19,13,146.8,36.7,5.084,2.42,6,0,0,0,1,0,20.95,1,0,6,2026-07,4
FBJ-0037,2026-07-05,Noche,B,Cable,,205,,19,13,146.8,36.7,8.459,2.23,5,0,0,0,1,0,35.0,0,1,6,2026-07,4
FBJ-0039,2026-07-05,Noche,B,Cable,,288,,19,13,146.8,36.7,7.101,2.37,7,0,0,0,1,0,30.88,0,0,6,2026-07,4
FBJ-0040,2026-07-05,Noche,B,Antena,AP-01,564,-73.1,19,13,146.8,36.7,5.333,2.82,1,0,0,0,1,0,18.57,1,0,6,2026-07,4
FBJ-0043,2026-07-05,Noche,B,Cable,,318,,19,13,146.8,36.7,11.583,2.42,3,0,0,0,1,0,34.06,0,0,6,2026-07,4
FBJ-0044,2026-07-05,Noche,B,Cable,,86,,19,13,146.8,36.7,8.728,2.43,1,0,0,0,1,0,35.0,0,1,6,2026-07,4
FBJ-0045,2026-07-05,Noche,B,Antena,AP-02,848,-81.7,19,13,146.8,36.7,2.22,1.41,3,0,0,0,1,0,15.45,1,0,6,2026-07,4
FBJ-0046,2026-07-05,Noche,B,Antena,AP-01,177,-50.9,19,13,146.8,36.7,16.831,4.05,3,1,36,0,1,0,30.02,1,0,6,2026-07,4
FBJ-0047,2026-07-05,Noche,B,Antena,AP-02,453,-71.2,19,13,146.8,36.7,4.975,2.79,7,0,0,0,1,0,15.29,1,0,6,2026-07,4
FBJ-0048,2026-07-05,Noche,B,Antena,AP-01,721,-80.9,19,13,146.8,36.7,2.538,2.04,2,0,0,0,1,0,13.21,1,0,6,2026-07,4
FBJ-0049,2026-07-05,Noche,B,Cable,,350,,19,13,146.8,36.7,4.698,1.86,5,1,33,0,1,0,24.73,0,0,6,2026-07,4
FBJ-0050,2026-07-05,Noche,B,Antena,AP-02,277,-61.0,19,13,146.8,36.7,9.482,3.31,3,0,0,0,1,0,20.37,1,0,6,2026-07,4
FBJ-0052,2026-07-05,Noche,B,Cable,,288,,19,13,146.8,36.7,9.846,2.47,1,0,0,0,1,0,28.43,0,0,6,2026-07,4
FBJ-0053,2026-07-05,Noche,B,Antena,AP-01,245,-55.9,19,13,146.8,36.7,8.511,2.25,2,0,0,0,1,0,23.36,1,0,6,2026-07,4
FBJ-0054,2026-07-05,Noche,B,Antena,AP-02,302,-59.5,19,13,146.8,36.7,6.93,2.64,4,0,0,0,1,0,19.27,1,0,6,2026-07,4
FBJ-0056,2026-07-05,Noche,B,Antena,AP-02,549,-70.0,19,13,146.8,36.7,7.751,3.48,7,0,0,0,1,0,20.12,1,0,6,2026-07,4
FBJ-0057,2026-07-05,Noche,B,Antena,AP-01,851,-81.4,19,13,146.8,36.7,2.527,2.3,7,1,28,0,1,0,12.12,1,0,6,2026-07,4
FBJ-0059,2026-07-05,Noche,B,Cable,,107,,19,13,146.8,36.7,6.842,2.35,8,0,0,0,1,0,29.76,0,0,6,2026-07,4
FBJ-0060,2026-07-05,Noche,B,Cable,,110,,19,13,146.8,36.7,6.729,2.49,7,1,32,0,1,0,26.35,0,0,6,2026-07,4
FBJ-0015,2026-07-06,Madrugada,A,Antena,AP-02,894,-83.5,3,2,12.8,3.2,6.581,2.14,1,1,21,0,0,0,22.05,1,0,0,2026-07,1
FBJ-0023,2026-07-06,Madrugada,A,Antena,AP-01,872,-78.5,3,2,12.8,3.2,1.145,0.67,2,0,0,0,0,0,16.55,1,0,0,2026-07,1
FBJ-0032,2026-07-06,Madrugada,B,Cable,,302,,4,2,11.3,2.8,3.479,1.24,8,0,0,0,0,0,28.29,0,0,0,2026-07,1
FBJ-0036,2026-07-06,Madrugada,B,Antena,AP-01,831,-77.3,4,2,11.3,2.8,2.18,0.97,3,0,0,0,0,0,17.92,1,0,0,2026-07,1
FBJ-0059,2026-07-06,Madrugada,B,Cable,,107,,4,2,11.3,2.8,4.589,1.14,5,1,29,0,0,0,30.93,0,0,0,2026-07,1
FBJ-0001,2026-07-06,Mañana,A,Antena,AP-01,625,-74.5,11,11,119.7,29.9,4.121,1.57,8,0,0,0,0,0,16.73,1,0,0,2026-07,2
FBJ-0005,2026-07-06,Mañana,A,Cable,,179,,11,11,119.7,29.9,15.466,3.19,4,1,3,0,0,0,35.0,0,1,0,2026-07,2
FBJ-0010,2026-07-06,Mañana,A,Antena,AP-01,482,-67.3,11,11,119.7,29.9,5.386,2.18,3,0,0,0,0,0,19.57,1,0,0,2026-07,2
FBJ-0013,2026-07-06,Mañana,A,Antena,AP-02,111,-56.0,11,11,119.7,29.9,4.705,1.53,5,0,0,0,0,0,23.48,1,0,0,2026-07,2
FBJ-0014,2026-07-06,Mañana,A,Antena,AP-01,319,-62.5,11,11,119.7,29.9,4.5,1.53,7,0,0,0,0,0,25.76,1,0,0,2026-07,2
FBJ-0015,2026-07-06,Mañana,A,Antena,AP-02,894,-83.5,11,11,119.7,29.9,2.37,1.33,6,0,0,0,0,0,16.97,1,0,0,2026-07,2
FBJ-0019,2026-07-06,Mañana,A,Cable,,81,,11,11,119.7,29.9,5.013,1.31,3,0,0,0,0,0,31.53,0,0,0,2026-07,2
FBJ-0022,2026-07-06,Mañana,A,Antena,AP-02,838,-82.4,11,11,119.7,29.9,2.025,1.25,4,1,31,0,0,0,15.66,1,0,0,2026-07,2
FBJ-0027,2026-07-06,Mañana,A,Cable,,85,,11,11,119.7,29.9,3.028,0.72,8,0,0,0,0,0,35.0,0,1,0,2026-07,2
FBJ-0029,2026-07-06,Mañana,A,Cable,,251,,11,11,119.7,29.9,10.01,2.88,5,1,27,0,0,0,35.0,0,1,0,2026-07,2
FBJ-0030,2026-07-06,Mañana,A,Antena,AP-02,116,-54.6,11,11,119.7,29.9,4.236,2.48,4,0,0,0,0,0,20.96,1,0,0,2026-07,2
FBJ-0034,2026-07-06,Mañana,B,Antena,AP-02,604,-72.2,7,5,63.0,15.7,1.884,1.15,1,0,0,0,0,0,13.94,1,0,0,2026-07,2
FBJ-0035,2026-07-06,Mañana,B,Cable,,154,,7,5,63.0,15.7,3.455,1.03,4,1,6,0,0,0,35.0,0,1,0,2026-07,2
FBJ-0039,2026-07-06,Mañana,B,Cable,,288,,7,5,63.0,15.7,7.192,1.44,8,0,0,0,0,0,35.0,0,1,0,2026-07,2
FBJ-0051,2026-07-06,Mañana,B,Cable,,42,,7,5,63.0,15.7,7.567,1.57,4,0,0,0,0,0,35.0,0,1,0,2026-07,2
FBJ-0053,2026-07-06,Mañana,B,Antena,AP-01,245,-55.9,7,5,63.0,15.7,2.262,0.61,8,0,0,0,0,0,31.13,1,0,0,2026-07,2
FBJ-0057,2026-07-06,Mañana,B,Antena,AP-01,851,-81.4,7,5,63.0,15.7,2.976,1.01,1,1,31,0,0,0,20.47,1,0,0,2026-07,2
FBJ-0059,2026-07-06,Mañana,B,Cable,,107,,7,5,63.0,15.7,6.662,1.69,7,0,0,0,0,0,33.46,0,0,0,2026-07,2
FBJ-0001,2026-07-06,Tarde,A,Antena,AP-01,625,-74.5,10,7,63.7,15.9,0.705,0.36,3,0,0,0,0,0,18.28,1,0,0,2026-07,3
FBJ-0004,2026-07-06,Tarde,A,Cable,,322,,10,7,63.7,15.9,7.749,2.66,7,0,0,0,0,0,31.96,0,0,0,2026-07,3
FBJ-0005,2026-07-06,Tarde,A,Cable,,179,,10,7,63.7,15.9,7.666,1.67,6,0,0,0,0,0,35.0,0,1,0,2026-07,3
FBJ-0007,2026-07-06,Tarde,A,Antena,AP-02,594,-68.6,10,7,63.7,15.9,2.901,1.67,5,0,0,0,0,0,18.21,1,0,0,2026-07,3
FBJ-0010,2026-07-06,Tarde,A,Antena,AP-01,482,-67.3,10,7,63.7,15.9,5.88,1.65,8,0,0,0,0,0,23.46,1,0,0,2026-07,3
FBJ-0012,2026-07-06,Tarde,A,Antena,AP-01,631,-74.1,10,7,63.7,15.9,4.356,1.88,5,0,0,0,0,0,19.84,1,0,0,2026-07,3
FBJ-0019,2026-07-06,Tarde,A,Cable,,81,,10,7,63.7,15.9,8.9,1.87,2,0,0,0,0,0,35.0,0,1,0,2026-07,3
FBJ-0020,2026-07-06,Tarde,A,Antena,AP-01,244,-60.1,10,7,63.7,15.9,3.629,1.04,1,0,0,0,0,0,25.37,1,0,0,2026-07,3
FBJ-0021,2026-07-06,Tarde,A,Cable,,163,,10,7,63.7,15.9,4.957,0.96,3,1,6,0,0,0,35.0,0,1,0,2026-07,3
FBJ-0022,2026-07-06,Tarde,A,Antena,AP-02,838,-82.4,10,7,63.7,15.9,1.85,0.86,6,0,0,0,0,0,14.95,1,0,0,2026-07,3
FBJ-0024,2026-07-06,Tarde,A,Antena,AP-02,169,-58.3,10,7,63.7,15.9,8.263,1.85,1,0,0,0,0,0,31.66,1,0,0,2026-07,3
FBJ-0026,2026-07-06,Tarde,A,Antena,AP-02,283,-64.0,10,7,63.7,15.9,1.558,0.66,1,0,0,0,0,0,20.69,1,0,0,2026-07,3
FBJ-0027,2026-07-06,Tarde,A,Cable,,85,,10,7,63.7,15.9,7.767,1.9,5,0,0,0,0,0,32.24,0,0,0,2026-07,3
FBJ-0029,2026-07-06,Tarde,A,Cable,,251,,10,7,63.7,15.9,4.857,1.17,2,0,0,0,0,0,35.0,0,1,0,2026-07,3
FBJ-0034,2026-07-06,Tarde,B,Antena,AP-02,604,-72.2,12,8,42.8,10.7,4.686,2.31,8,0,0,0,0,0,17.99,1,0,0,2026-07,3
FBJ-0035,2026-07-06,Tarde,B,Cable,,154,,12,8,42.8,10.7,5.373,1.28,7,0,0,0,0,0,34.8,0,0,0,2026-07,3
FBJ-0037,2026-07-06,Tarde,B,Cable,,205,,12,8,42.8,10.7,5.187,1.84,6,0,0,0,0,0,35.0,0,1,0,2026-07,3
FBJ-0039,2026-07-06,Tarde,B,Cable,,288,,12,8,42.8,10.7,7.743,1.69,5,0,0,0,0,0,30.97,0,0,0,2026-07,3
FBJ-0040,2026-07-06,Tarde,B,Antena,AP-01,564,-73.1,12,8,42.8,10.7,6.528,3.04,5,0,0,0,0,0,14.83,1,0,0,2026-07,3
FBJ-0044,2026-07-06,Tarde,B,Cable,,86,,12,8,42.8,10.7,12.125,2.51,1,0,0,0,0,0,35.0,0,1,0,2026-07,3
FBJ-0045,2026-07-06,Tarde,B,Antena,AP-02,848,-81.7,12,8,42.8,10.7,3.233,1.56,2,0,0,0,0,0,14.26,1,0,0,2026-07,3
FBJ-0047,2026-07-06,Tarde,B,Antena,AP-02,453,-71.2,12,8,42.8,10.7,3.969,1.98,7,0,0,0,0,0,19.58,1,0,0,2026-07,3
FBJ-0048,2026-07-06,Tarde,B,Antena,AP-01,721,-80.9,12,8,42.8,10.7,0.627,0.49,3,0,0,0,0,0,14.86,1,0,0,2026-07,3
FBJ-0050,2026-07-06,Tarde,B,Antena,AP-02,277,-61.0,12,8,42.8,10.7,4.696,1.98,6,0,0,0,0,0,18.08,1,0,0,2026-07,3
FBJ-0051,2026-07-06,Tarde,B,Cable,,42,,12,8,42.8,10.7,8.394,2.99,3,0,0,0,0,0,27.4,0,0,0,2026-07,3
FBJ-0053,2026-07-06,Tarde,B,Antena,AP-01,245,-55.9,12,8,42.8,10.7,6.814,1.82,8,0,0,0,0,0,24.99,1,0,0,2026-07,3
FBJ-0057,2026-07-06,Tarde,B,Antena,AP-01,851,-81.4,12,8,42.8,10.7,3.126,1.69,8,0,0,0,0,0,16.21,1,0,0,2026-07,3
FBJ-0058,2026-07-06,Tarde,B,Antena,AP-02,308,-59.0,12,8,42.8,10.7,3.422,1.01,7,0,0,0,0,0,26.25,1,0,0,2026-07,3
FBJ-0059,2026-07-06,Tarde,B,Cable,,107,,12,8,42.8,10.7,3.852,1.39,1,0,0,0,0,0,19.66,0,0,0,2026-07,3
FBJ-0060,2026-07-06,Tarde,B,Cable,,110,,12,8,42.8,10.7,2.37,0.54,8,0,0,0,0,0,29.17,0,0,0,2026-07,3
FBJ-0001,2026-07-06,Noche,A,Antena,AP-01,625,-74.5,16,11,78.8,19.7,4.089,1.41,7,0,0,0,0,0,19.92,1,0,0,2026-07,4
FBJ-0003,2026-07-06,Noche,A,Antena,AP-02,392,-66.0,16,11,78.8,19.7,6.072,3.08,7,0,0,0,0,0,19.15,1,0,0,2026-07,4
FBJ-0004,2026-07-06,Noche,A,Cable,,322,,16,11,78.8,19.7,11.006,2.36,4,0,0,0,0,0,35.0,0,1,0,2026-07,4
FBJ-0007,2026-07-06,Noche,A,Antena,AP-02,594,-68.6,16,11,78.8,19.7,3.493,1.73,8,0,0,0,0,0,18.24,1,0,0,2026-07,4
FBJ-0010,2026-07-06,Noche,A,Antena,AP-01,482,-67.3,16,11,78.8,19.7,4.591,3.26,3,0,0,0,0,0,13.29,1,0,0,2026-07,4
FBJ-0011,2026-07-06,Noche,A,Antena,AP-02,440,-67.1,16,11,78.8,19.7,3.812,2.41,4,0,0,0,0,0,15.56,1,0,0,2026-07,4
FBJ-0012,2026-07-06,Noche,A,Antena,AP-01,631,-74.1,16,11,78.8,19.7,9.207,3.49,8,0,0,0,0,0,18.38,1,0,0,2026-07,4
FBJ-0013,2026-07-06,Noche,A,Antena,AP-02,111,-56.0,16,11,78.8,19.7,4.565,1.56,5,0,0,0,0,0,27.0,1,0,0,2026-07,4
FBJ-0014,2026-07-06,Noche,A,Antena,AP-01,319,-62.5,16,11,78.8,19.7,5.825,1.83,8,0,0,0,0,0,23.76,1,0,0,2026-07,4
FBJ-0018,2026-07-06,Noche,A,Cable,,281,,16,11,78.8,19.7,16.824,3.1,8,0,0,0,0,0,35.0,0,1,0,2026-07,4
FBJ-0019,2026-07-06,Noche,A,Cable,,81,,16,11,78.8,19.7,9.809,2.14,1,0,0,0,0,0,34.12,0,0,0,2026-07,4
FBJ-0021,2026-07-06,Noche,A,Cable,,163,,16,11,78.8,19.7,9.127,2.11,7,0,0,0,0,0,35.0,0,1,0,2026-07,4
FBJ-0022,2026-07-06,Noche,A,Antena,AP-02,838,-82.4,16,11,78.8,19.7,10.901,3.78,2,0,0,0,0,0,20.34,1,0,0,2026-07,4
FBJ-0024,2026-07-06,Noche,A,Antena,AP-02,169,-58.3,16,11,78.8,19.7,8.116,2.73,4,0,0,0,0,0,26.36,1,0,0,2026-07,4
FBJ-0025,2026-07-06,Noche,A,Antena,AP-01,575,-73.2,16,11,78.8,19.7,3.496,2.39,8,0,0,0,0,0,17.13,1,0,0,2026-07,4
FBJ-0029,2026-07-06,Noche,A,Cable,,251,,16,11,78.8,19.7,8.436,2.86,8,0,0,0,0,0,26.1,0,0,0,2026-07,4
FBJ-0031,2026-07-06,Noche,B,Cable,,202,,21,15,122.4,30.6,1.747,0.55,3,0,0,0,0,0,25.88,0,0,0,2026-07,4
FBJ-0032,2026-07-06,Noche,B,Cable,,302,,21,15,122.4,30.6,5.199,2.72,8,0,0,0,0,0,19.82,0,0,0,2026-07,4
FBJ-0034,2026-07-06,Noche,B,Antena,AP-02,604,-72.2,21,15,122.4,30.6,2.731,1.41,3,0,0,0,0,0,14.11,1,0,0,2026-07,4
FBJ-0035,2026-07-06,Noche,B,Cable,,154,,21,15,122.4,30.6,2.829,1.12,6,0,0,0,0,0,27.17,0,0,0,2026-07,4
FBJ-0036,2026-07-06,Noche,B,Antena,AP-01,831,-77.3,21,15,122.4,30.6,2.573,2.02,8,0,0,0,0,0,11.69,1,0,0,2026-07,4
FBJ-0037,2026-07-06,Noche,B,Cable,,205,,21,15,122.4,30.6,6.569,2.79,2,0,0,0,0,0,29.33,0,0,0,2026-07,4
FBJ-0039,2026-07-06,Noche,B,Cable,,288,,21,15,122.4,30.6,6.991,2.17,4,0,0,0,0,0,26.57,0,0,0,2026-07,4
FBJ-0040,2026-07-06,Noche,B,Antena,AP-01,564,-73.1,21,15,122.4,30.6,3.007,2.2,7,0,0,0,0,0,12.36,1,0,0,2026-07,4
FBJ-0043,2026-07-06,Noche,B,Cable,,318,,21,15,122.4,30.6,5.781,1.32,5,0,0,0,0,0,30.73,0,0,0,2026-07,4
FBJ-0044,2026-07-06,Noche,B,Cable,,86,,21,15,122.4,30.6,4.241,2.02,5,1,27,0,0,0,22.03,0,0,0,2026-07,4
FBJ-0045,2026-07-06,Noche,B,Antena,AP-02,848,-81.7,21,15,122.4,30.6,4.702,3.26,4,0,0,0,0,0,11.01,1,0,0,2026-07,4
FBJ-0046,2026-07-06,Noche,B,Antena,AP-01,177,-50.9,21,15,122.4,30.6,8.229,2.7,7,0,0,0,0,0,24.55,1,0,0,2026-07,4
FBJ-0049,2026-07-06,Noche,B,Cable,,350,,21,15,122.4,30.6,6.772,2.11,3,0,0,0,0,0,20.15,0,0,0,2026-07,4
FBJ-0051,2026-07-06,Noche,B,Cable,,42,,21,15,122.4,30.6,9.239,2.49,8,0,0,0,0,0,28.77,0,0,0,2026-07,4
FBJ-0053,2026-07-06,Noche,B,Antena,AP-01,245,-55.9,21,15,122.4,30.6,7.582,2.74,2,0,0,0,0,0,18.39,1,0,0,2026-07,4
FBJ-0054,2026-07-06,Noche,B,Antena,AP-02,302,-59.5,21,15,122.4,30.6,3.869,2.47,7,0,0,0,0,0,16.5,1,0,0,2026-07,4
FBJ-0056,2026-07-06,Noche,B,Antena,AP-02,549,-70.0,21,15,122.4,30.6,6.274,3.67,3,0,0,0,0,0,12.42,1,0,0,2026-07,4
FBJ-0057,2026-07-06,Noche,B,Antena,AP-01,851,-81.4,21,15,122.4,30.6,2.798,1.85,2,2,22,0,0,0,15.27,1,0,0,2026-07,4
FBJ-0011,2026-07-07,Madrugada,A,Antena,AP-02,440,-67.1,6,3,48.6,12.2,3.879,1.49,6,0,0,0,0,0,22.73,1,0,1,2026-07,1
FBJ-0030,2026-07-07,Madrugada,A,Antena,AP-02,116,-54.6,6,3,48.6,12.2,0.777,0.33,8,0,0,0,0,0,24.65,1,0,1,2026-07,1
FBJ-0049,2026-07-07,Madrugada,B,Cable,,350,,6,5,23.0,5.7,9.897,1.91,5,0,0,0,0,0,30.6,0,0,1,2026-07,1
FBJ-0053,2026-07-07,Madrugada,B,Antena,AP-01,245,-55.9,6,5,23.0,5.7,3.702,1.21,3,0,0,0,0,0,28.81,1,0,1,2026-07,1
FBJ-0054,2026-07-07,Madrugada,B,Antena,AP-02,302,-59.5,6,5,23.0,5.7,0.699,0.34,3,0,0,0,0,0,19.02,1,0,1,2026-07,1
FBJ-0005,2026-07-07,Mañana,A,Cable,,179,,9,8,59.9,15.0,4.012,0.84,2,0,0,0,0,0,35.0,0,1,1,2026-07,2
FBJ-0013,2026-07-07,Mañana,A,Antena,AP-02,111,-56.0,9,8,59.9,15.0,6.827,2.63,5,0,0,0,0,0,23.02,1,0,1,2026-07,2
FBJ-0014,2026-07-07,Mañana,A,Antena,AP-01,319,-62.5,9,8,59.9,15.0,4.854,2.17,3,0,0,0,0,0,18.78,1,0,1,2026-07,2
FBJ-0018,2026-07-07,Mañana,A,Cable,,281,,9,8,59.9,15.0,8.781,2.7,5,0,0,0,0,0,33.1,0,0,1,2026-07,2
FBJ-0020,2026-07-07,Mañana,A,Antena,AP-01,244,-60.1,9,8,59.9,15.0,6.569,1.73,3,0,0,0,0,0,24.52,1,0,1,2026-07,2
FBJ-0021,2026-07-07,Mañana,A,Cable,,163,,9,8,59.9,15.0,6.945,2.04,3,0,0,0,0,0,30.41,0,0,1,2026-07,2
FBJ-0029,2026-07-07,Mañana,A,Cable,,251,,9,8,59.9,15.0,14.326,2.97,4,0,0,0,0,0,35.0,0,1,1,2026-07,2
FBJ-0034,2026-07-07,Mañana,B,Antena,AP-02,604,-72.2,6,4,30.4,7.6,2.298,1.16,7,0,0,0,0,0,16.63,1,0,1,2026-07,2
FBJ-0035,2026-07-07,Mañana,B,Cable,,154,,6,4,30.4,7.6,7.218,1.68,1,0,0,0,0,0,35.0,0,1,1,2026-07,2
FBJ-0039,2026-07-07,Mañana,B,Cable,,288,,6,4,30.4,7.6,7.033,1.41,4,1,33,0,0,0,35.0,0,1,1,2026-07,2
FBJ-0040,2026-07-07,Mañana,B,Antena,AP-01,564,-73.1,6,4,30.4,7.6,1.549,0.89,6,0,0,0,0,0,13.04,1,0,1,2026-07,2
FBJ-0041,2026-07-07,Mañana,B,Antena,AP-02,509,-69.1,6,4,30.4,7.6,3.328,1.42,4,0,0,0,0,0,17.98,1,0,1,2026-07,2
FBJ-0045,2026-07-07,Mañana,B,Antena,AP-02,848,-81.7,6,4,30.4,7.6,1.974,0.8,1,0,0,0,0,0,17.37,1,0,1,2026-07,2
FBJ-0046,2026-07-07,Mañana,B,Antena,AP-01,177,-50.9,6,4,30.4,7.6,0.852,0.2,7,0,0,0,0,0,35.0,1,1,1,2026-07,2
FBJ-0047,2026-07-07,Mañana,B,Antena,AP-02,453,-71.2,6,4,30.4,7.6,3.479,1.62,1,0,0,0,0,0,17.5,1,0,1,2026-07,2
FBJ-0053,2026-07-07,Mañana,B,Antena,AP-01,245,-55.9,6,4,30.4,7.6,11.983,2.3,2,0,0,0,0,0,33.43,1,0,1,2026-07,2
FBJ-0001,2026-07-07,Tarde,A,Antena,AP-01,625,-74.5,12,9,130.2,32.6,3.407,1.84,5,0,0,0,0,0,15.96,1,0,1,2026-07,3
FBJ-0007,2026-07-07,Tarde,A,Antena,AP-02,594,-68.6,12,9,130.2,32.6,3.356,1.67,6,0,0,0,0,0,16.61,1,0,1,2026-07,3
FBJ-0009,2026-07-07,Tarde,A,Antena,AP-02,565,-72.0,12,9,130.2,32.6,1.827,0.73,6,0,0,0,0,0,16.49,1,0,1,2026-07,3
FBJ-0013,2026-07-07,Tarde,A,Antena,AP-02,111,-56.0,12,9,130.2,32.6,7.9,2.78,5,0,0,0,0,0,31.12,1,0,1,2026-07,3
FBJ-0015,2026-07-07,Tarde,A,Antena,AP-02,894,-83.5,12,9,130.2,32.6,2.403,1.5,1,1,28,0,0,0,11.86,1,0,1,2026-07,3
FBJ-0018,2026-07-07,Tarde,A,Cable,,281,,12,9,130.2,32.6,10.163,3.27,4,0,0,0,0,0,29.02,0,0,1,2026-07,3
FBJ-0021,2026-07-07,Tarde,A,Cable,,163,,12,9,130.2,32.6,2.736,1.09,6,0,0,0,0,0,28.22,0,0,1,2026-07,3
FBJ-0022,2026-07-07,Tarde,A,Antena,AP-02,838,-82.4,12,9,130.2,32.6,1.16,0.56,2,0,0,0,0,0,14.72,1,0,1,2026-07,3
FBJ-0024,2026-07-07,Tarde,A,Antena,AP-02,169,-58.3,12,9,130.2,32.6,0.911,0.32,8,0,0,0,0,0,24.9,1,0,1,2026-07,3
FBJ-0025,2026-07-07,Tarde,A,Antena,AP-01,575,-73.2,12,9,130.2,32.6,2.012,1.19,7,0,0,0,0,0,19.85,1,0,1,2026-07,3
FBJ-0027,2026-07-07,Tarde,A,Cable,,85,,12,9,130.2,32.6,9.221,2.07,3,0,0,0,0,0,28.44,0,0,1,2026-07,3
FBJ-0030,2026-07-07,Tarde,A,Antena,AP-02,116,-54.6,12,9,130.2,32.6,4.583,1.58,4,0,0,0,0,0,24.91,1,0,1,2026-07,3
FBJ-0031,2026-07-07,Tarde,B,Cable,,202,,18,12,148.9,37.2,5.103,1.86,7,0,0,0,0,0,34.05,0,0,1,2026-07,3
FBJ-0032,2026-07-07,Tarde,B,Cable,,302,,18,12,148.9,37.2,8.263,1.78,4,0,0,0,0,0,33.35,0,0,1,2026-07,3
FBJ-0033,2026-07-07,Tarde,B,Antena,AP-01,719,-77.6,18,12,148.9,37.2,4.338,2.41,5,0,0,0,0,0,15.3,1,0,1,2026-07,3
FBJ-0037,2026-07-07,Tarde,B,Cable,,205,,18,12,148.9,37.2,7.537,2.07,7,0,0,0,0,0,35.0,0,1,1,2026-07,3
FBJ-0039,2026-07-07,Tarde,B,Cable,,288,,18,12,148.9,37.2,5.137,2.01,1,0,0,0,0,0,26.9,0,0,1,2026-07,3
FBJ-0041,2026-07-07,Tarde,B,Antena,AP-02,509,-69.1,18,12,148.9,37.2,3.977,1.73,5,0,0,0,0,0,15.53,1,0,1,2026-07,3
FBJ-0043,2026-07-07,Tarde,B,Cable,,318,,18,12,148.9,37.2,1.707,0.59,3,0,0,0,0,0,25.59,0,0,1,2026-07,3
FBJ-0044,2026-07-07,Tarde,B,Cable,,86,,18,12,148.9,37.2,4.039,0.82,3,0,0,0,0,0,35.0,0,1,1,2026-07,3
FBJ-0046,2026-07-07,Tarde,B,Antena,AP-01,177,-50.9,18,12,148.9,37.2,4.981,1.1,2,0,0,0,0,0,29.54,1,0,1,2026-07,3
FBJ-0050,2026-07-07,Tarde,B,Antena,AP-02,277,-61.0,18,12,148.9,37.2,3.862,1.31,5,0,0,0,0,0,23.32,1,0,1,2026-07,3
FBJ-0052,2026-07-07,Tarde,B,Cable,,288,,18,12,148.9,37.2,11.013,2.51,7,0,0,0,0,0,35.0,0,1,1,2026-07,3
FBJ-0053,2026-07-07,Tarde,B,Antena,AP-01,245,-55.9,18,12,148.9,37.2,1.721,0.65,3,0,0,0,0,0,19.42,1,0,1,2026-07,3
FBJ-0054,2026-07-07,Tarde,B,Antena,AP-02,302,-59.5,18,12,148.9,37.2,5.616,2.16,1,0,0,0,0,0,21.87,1,0,1,2026-07,3
FBJ-0056,2026-07-07,Tarde,B,Antena,AP-02,549,-70.0,18,12,148.9,37.2,1.965,1.03,1,0,0,0,0,0,13.95,1,0,1,2026-07,3
FBJ-0057,2026-07-07,Tarde,B,Antena,AP-01,851,-81.4,18,12,148.9,37.2,2.825,1.59,8,0,0,0,0,0,18.82,1,0,1,2026-07,3
FBJ-0058,2026-07-07,Tarde,B,Antena,AP-02,308,-59.0,18,12,148.9,37.2,1.946,1.02,6,0,0,0,0,0,18.82,1,0,1,2026-07,3
FBJ-0059,2026-07-07,Tarde,B,Cable,,107,,18,12,148.9,37.2,4.008,1.24,6,0,0,0,0,0,30.84,0,0,1,2026-07,3
FBJ-0001,2026-07-07,Noche,A,Antena,AP-01,625,-74.5,12,8,67.8,17.0,8.972,3.29,8,0,0,0,0,0,17.05,1,0,1,2026-07,4
FBJ-0004,2026-07-07,Noche,A,Cable,,322,,12,8,67.8,17.0,7.424,1.88,7,0,0,0,0,0,31.39,0,0,1,2026-07,4
FBJ-0007,2026-07-07,Noche,A,Antena,AP-02,594,-68.6,12,8,67.8,17.0,4.705,2.15,1,0,0,0,0,0,17.1,1,0,1,2026-07,4
FBJ-0009,2026-07-07,Noche,A,Antena,AP-02,565,-72.0,12,8,67.8,17.0,4.349,2.75,2,0,0,0,0,0,14.05,1,0,1,2026-07,4
FBJ-0010,2026-07-07,Noche,A,Antena,AP-01,482,-67.3,12,8,67.8,17.0,2.813,1.55,2,0,0,0,0,0,16.72,1,0,1,2026-07,4
FBJ-0011,2026-07-07,Noche,A,Antena,AP-02,440,-67.1,12,8,67.8,17.0,7.061,2.59,4,0,0,0,0,0,19.69,1,0,1,2026-07,4
FBJ-0013,2026-07-07,Noche,A,Antena,AP-02,111,-56.0,12,8,67.8,17.0,6.534,1.83,3,0,0,0,0,0,30.75,1,0,1,2026-07,4
FBJ-0014,2026-07-07,Noche,A,Antena,AP-01,319,-62.5,12,8,67.8,17.0,4.813,2.24,8,0,0,0,0,0,20.98,1,0,1,2026-07,4
FBJ-0015,2026-07-07,Noche,A,Antena,AP-02,894,-83.5,12,8,67.8,17.0,2.266,1.61,8,1,35,0,0,0,16.28,1,0,1,2026-07,4
FBJ-0019,2026-07-07,Noche,A,Cable,,81,,12,8,67.8,17.0,6.102,1.2,5,0,0,0,0,0,35.0,0,1,1,2026-07,4
FBJ-0020,2026-07-07,Noche,A,Antena,AP-01,244,-60.1,12,8,67.8,17.0,9.511,2.33,2,0,0,0,0,0,26.65,1,0,1,2026-07,4
FBJ-0023,2026-07-07,Noche,A,Antena,AP-01,872,-78.5,12,8,67.8,17.0,6.266,3.1,2,1,37,0,0,0,18.4,1,0,1,2026-07,4
FBJ-0024,2026-07-07,Noche,A,Antena,AP-02,169,-58.3,12,8,67.8,17.0,3.393,1.63,2,0,0,0,0,0,21.0,1,0,1,2026-07,4
FBJ-0026,2026-07-07,Noche,A,Antena,AP-02,283,-64.0,12,8,67.8,17.0,6.939,2.92,3,0,0,0,0,0,25.31,1,0,1,2026-07,4
FBJ-0027,2026-07-07,Noche,A,Cable,,85,,12,8,67.8,17.0,9.327,2.02,1,0,0,0,0,0,35.0,0,1,1,2026-07,4
FBJ-0029,2026-07-07,Noche,A,Cable,,251,,12,8,67.8,17.0,11.087,2.56,3,0,0,0,0,0,35.0,0,1,1,2026-07,4
FBJ-0030,2026-07-07,Noche,A,Antena,AP-02,116,-54.6,12,8,67.8,17.0,10.838,2.54,5,0,0,0,0,0,32.24,1,0,1,2026-07,4
FBJ-0031,2026-07-07,Noche,B,Cable,,202,,15,13,65.9,16.5,6.492,2.97,4,0,0,0,0,0,26.7,0,0,1,2026-07,4
FBJ-0033,2026-07-07,Noche,B,Antena,AP-01,719,-77.6,15,13,65.9,16.5,5.457,2.39,3,0,0,0,0,0,15.83,1,0,1,2026-07,4
FBJ-0034,2026-07-07,Noche,B,Antena,AP-02,604,-72.2,15,13,65.9,16.5,5.8,3.07,3,0,0,0,0,0,14.62,1,0,1,2026-07,4
FBJ-0035,2026-07-07,Noche,B,Cable,,154,,15,13,65.9,16.5,6.278,2.37,6,0,0,0,0,0,23.35,0,0,1,2026-07,4
FBJ-0036,2026-07-07,Noche,B,Antena,AP-01,831,-77.3,15,13,65.9,16.5,6.635,3.05,7,1,10,0,0,0,13.95,1,0,1,2026-07,4
FBJ-0039,2026-07-07,Noche,B,Cable,,288,,15,13,65.9,16.5,10.983,2.61,3,0,0,0,0,0,33.32,0,0,1,2026-07,4
FBJ-0040,2026-07-07,Noche,B,Antena,AP-01,564,-73.1,15,13,65.9,16.5,3.167,1.66,2,0,0,0,0,0,17.0,1,0,1,2026-07,4
FBJ-0042,2026-07-07,Noche,B,Antena,AP-01,176,-53.0,15,13,65.9,16.5,7.115,2.56,4,0,0,0,0,0,27.09,1,0,1,2026-07,4
FBJ-0043,2026-07-07,Noche,B,Cable,,318,,15,13,65.9,16.5,5.444,1.61,3,0,0,0,0,0,30.98,0,0,1,2026-07,4
FBJ-0045,2026-07-07,Noche,B,Antena,AP-02,848,-81.7,15,13,65.9,16.5,4.985,2.23,1,0,0,0,0,0,14.28,1,0,1,2026-07,4
FBJ-0047,2026-07-07,Noche,B,Antena,AP-02,453,-71.2,15,13,65.9,16.5,3.36,2.94,7,1,18,0,0,0,12.75,1,0,1,2026-07,4
FBJ-0049,2026-07-07,Noche,B,Cable,,350,,15,13,65.9,16.5,22.239,3.81,6,0,0,0,0,0,34.6,0,0,1,2026-07,4
FBJ-0052,2026-07-07,Noche,B,Cable,,288,,15,13,65.9,16.5,11.43,3.0,1,0,0,0,0,0,33.3,0,0,1,2026-07,4
FBJ-0053,2026-07-07,Noche,B,Antena,AP-01,245,-55.9,15,13,65.9,16.5,5.71,1.67,6,0,0,0,0,0,26.17,1,0,1,2026-07,4
FBJ-0056,2026-07-07,Noche,B,Antena,AP-02,549,-70.0,15,13,65.9,16.5,6.945,2.79,7,0,0,0,0,0,17.61,1,0,1,2026-07,4
FBJ-0058,2026-07-07,Noche,B,Antena,AP-02,308,-59.0,15,13,65.9,16.5,5.936,2.05,4,1,11,0,0,0,23.8,1,0,1,2026-07,4
FBJ-0059,2026-07-07,Noche,B,Cable,,107,,15,13,65.9,16.5,6.009,2.25,2,0,0,0,0,0,28.58,0,0,1,2026-07,4
FBJ-0060,2026-07-07,Noche,B,Cable,,110,,15,13,65.9,16.5,9.551,2.89,4,1,8,0,0,0,24.79,0,0,1,2026-07,4
FBJ-0003,2026-07-08,Madrugada,A,Antena,AP-02,392,-66.0,4,3,40.4,10.1,0.391,0.2,8,0,0,0,0,0,16.57,1,0,2,2026-07,1
FBJ-0021,2026-07-08,Madrugada,A,Cable,,163,,4,3,40.4,10.1,6.303,1.66,3,0,0,0,0,0,35.0,0,1,2,2026-07,1
FBJ-0026,2026-07-08,Madrugada,A,Antena,AP-02,283,-64.0,4,3,40.4,10.1,3.754,2.07,8,0,0,0,0,0,20.49,1,0,2,2026-07,1
FBJ-0033,2026-07-08,Madrugada,B,Antena,AP-01,719,-77.6,6,4,25.4,6.4,2.368,1.57,4,0,0,0,0,0,11.57,1,0,2,2026-07,1
FBJ-0040,2026-07-08,Madrugada,B,Antena,AP-01,564,-73.1,6,4,25.4,6.4,2.525,1.07,5,0,0,0,0,0,19.15,1,0,2,2026-07,1
FBJ-0041,2026-07-08,Madrugada,B,Antena,AP-02,509,-69.1,6,4,25.4,6.4,5.587,2.17,4,0,0,0,0,0,16.5,1,0,2,2026-07,1
FBJ-0044,2026-07-08,Madrugada,B,Cable,,86,,6,4,25.4,6.4,2.894,0.9,3,0,0,0,0,0,35.0,0,1,2,2026-07,1
FBJ-0001,2026-07-08,Mañana,A,Antena,AP-01,625,-74.5,5,4,20.9,5.2,4.771,1.47,3,0,0,0,0,0,21.35,1,0,2,2026-07,2
FBJ-0003,2026-07-08,Mañana,A,Antena,AP-02,392,-66.0,5,4,20.9,5.2,0.769,0.3,8,0,0,0,0,0,15.59,1,0,2,2026-07,2
FBJ-0004,2026-07-08,Mañana,A,Cable,,322,,5,4,20.9,5.2,6.462,1.65,8,0,0,0,0,0,35.0,0,1,2,2026-07,2
FBJ-0007,2026-07-08,Mañana,A,Antena,AP-02,594,-68.6,5,4,20.9,5.2,4.823,2.24,5,0,0,0,0,0,17.65,1,0,2,2026-07,2
FBJ-0010,2026-07-08,Mañana,A,Antena,AP-01,482,-67.3,5,4,20.9,5.2,8.002,3.01,8,0,0,0,0,0,20.21,1,0,2,2026-07,2
FBJ-0012,2026-07-08,Mañana,A,Antena,AP-01,631,-74.1,5,4,20.9,5.2,2.061,1.12,3,0,0,0,0,0,15.57,1,0,2,2026-07,2
FBJ-0014,2026-07-08,Mañana,A,Antena,AP-01,319,-62.5,5,4,20.9,5.2,1.477,0.67,5,0,0,0,0,0,18.37,1,0,2,2026-07,2
FBJ-0018,2026-07-08,Mañana,A,Cable,,281,,5,4,20.9,5.2,8.575,1.6,3,0,0,0,0,0,35.0,0,1,2,2026-07,2
FBJ-0019,2026-07-08,Mañana,A,Cable,,81,,5,4,20.9,5.2,5.64,1.41,2,0,0,0,0,0,32.89,0,0,2,2026-07,2
FBJ-0020,2026-07-08,Mañana,A,Antena,AP-01,244,-60.1,5,4,20.9,5.2,5.075,1.5,4,0,0,0,0,0,21.56,1,0,2,2026-07,2
FBJ-0023,2026-07-08,Mañana,A,Antena,AP-01,872,-78.5,5,4,20.9,5.2,2.924,1.47,5,1,25,0,0,0,18.38,1,0,2,2026-07,2
FBJ-0024,2026-07-08,Mañana,A,Antena,AP-02,169,-58.3,5,4,20.9,5.2,9.267,3.02,8,0,0,0,0,0,25.02,1,0,2,2026-07,2
FBJ-0025,2026-07-08,Mañana,A,Antena,AP-01,575,-73.2,5,4,20.9,5.2,3.671,2.01,3,0,0,0,0,0,14.81,1,0,2,2026-07,2
FBJ-0030,2026-07-08,Mañana,A,Antena,AP-02,116,-54.6,5,4,20.9,5.2,4.065,2.0,6,0,0,0,0,0,24.94,1,0,2,2026-07,2
FBJ-0031,2026-07-08,Mañana,B,Cable,,202,,12,12,94.4,23.6,9.282,2.56,4,0,0,0,0,0,35.0,0,1,2,2026-07,2
FBJ-0035,2026-07-08,Mañana,B,Cable,,154,,12,12,94.4,23.6,8.473,2.17,6,0,0,0,0,0,29.22,0,0,2,2026-07,2
FBJ-0040,2026-07-08,Mañana,B,Antena,AP-01,564,-73.1,12,12,94.4,23.6,2.581,0.9,4,0,0,0,0,0,19.93,1,0,2,2026-07,2
FBJ-0041,2026-07-08,Mañana,B,Antena,AP-02,509,-69.1,12,12,94.4,23.6,2.426,0.99,1,1,31,0,0,0,16.91,1,0,2,2026-07,2
FBJ-0047,2026-07-08,Mañana,B,Antena,AP-02,453,-71.2,12,12,94.4,23.6,0.375,0.23,1,0,0,0,0,0,18.11,1,0,2,2026-07,2
FBJ-0054,2026-07-08,Mañana,B,Antena,AP-02,302,-59.5,12,12,94.4,23.6,4.104,2.14,1,0,0,0,0,0,18.79,1,0,2,2026-07,2
FBJ-0058,2026-07-08,Mañana,B,Antena,AP-02,308,-59.0,12,12,94.4,23.6,4.09,2.19,7,0,0,0,0,0,16.19,1,0,2,2026-07,2
FBJ-0059,2026-07-08,Mañana,B,Cable,,107,,12,12,94.4,23.6,2.465,0.93,3,0,0,0,0,0,29.04,0,0,2,2026-07,2
FBJ-0001,2026-07-08,Tarde,A,Antena,AP-01,625,-74.5,9,7,67.9,17.0,4.326,1.84,5,0,0,0,0,0,16.25,1,0,2,2026-07,3
FBJ-0003,2026-07-08,Tarde,A,Antena,AP-02,392,-66.0,9,7,67.9,17.0,6.735,2.06,5,0,0,0,0,0,19.77,1,0,2,2026-07,3
FBJ-0004,2026-07-08,Tarde,A,Cable,,322,,9,7,67.9,17.0,8.091,2.06,3,0,0,0,0,0,32.77,0,0,2,2026-07,3
FBJ-0005,2026-07-08,Tarde,A,Cable,,179,,9,7,67.9,17.0,4.399,1.08,3,0,0,0,0,0,28.08,0,0,2,2026-07,3
FBJ-0012,2026-07-08,Tarde,A,Antena,AP-01,631,-74.1,9,7,67.9,17.0,2.588,1.37,7,0,0,0,0,0,19.5,1,0,2,2026-07,3
FBJ-0021,2026-07-08,Tarde,A,Cable,,163,,9,7,67.9,17.0,8.927,2.19,3,0,0,0,0,0,35.0,0,1,2,2026-07,3
FBJ-0024,2026-07-08,Tarde,A,Antena,AP-02,169,-58.3,9,7,67.9,17.0,7.646,1.94,5,0,0,0,0,0,30.04,1,0,2,2026-07,3
FBJ-0025,2026-07-08,Tarde,A,Antena,AP-01,575,-73.2,9,7,67.9,17.0,0.733,0.39,2,0,0,0,0,0,16.07,1,0,2,2026-07,3
FBJ-0026,2026-07-08,Tarde,A,Antena,AP-02,283,-64.0,9,7,67.9,17.0,4.691,1.76,4,0,0,0,0,0,22.63,1,0,2,2026-07,3
FBJ-0029,2026-07-08,Tarde,A,Cable,,251,,9,7,67.9,17.0,6.133,1.82,5,0,0,0,0,0,34.51,0,0,2,2026-07,3
FBJ-0037,2026-07-08,Tarde,B,Cable,,205,,10,6,60.8,15.2,4.974,1.3,2,0,0,0,0,0,32.86,0,0,2,2026-07,3
FBJ-0040,2026-07-08,Tarde,B,Antena,AP-01,564,-73.1,10,6,60.8,15.2,2.144,1.03,7,0,0,0,0,0,18.69,1,0,2,2026-07,3
FBJ-0042,2026-07-08,Tarde,B,Antena,AP-01,176,-53.0,10,6,60.8,15.2,2.906,0.85,5,0,0,0,0,0,26.76,1,0,2,2026-07,3
FBJ-0043,2026-07-08,Tarde,B,Cable,,318,,10,6,60.8,15.2,9.244,1.78,2,0,0,0,0,0,35.0,0,1,2,2026-07,3
FBJ-0047,2026-07-08,Tarde,B,Antena,AP-02,453,-71.2,10,6,60.8,15.2,5.794,2.38,2,0,0,0,0,0,19.12,1,0,2,2026-07,3
FBJ-0048,2026-07-08,Tarde,B,Antena,AP-01,721,-80.9,10,6,60.8,15.2,2.881,1.17,4,0,0,0,0,0,18.67,1,0,2,2026-07,3
FBJ-0049,2026-07-08,Tarde,B,Cable,,350,,10,6,60.8,15.2,5.947,1.92,7,0,0,0,0,0,29.17,0,0,2,2026-07,3
FBJ-0050,2026-07-08,Tarde,B,Antena,AP-02,277,-61.0,10,6,60.8,15.2,2.312,0.96,1,0,0,0,0,0,26.26,1,0,2,2026-07,3
FBJ-0052,2026-07-08,Tarde,B,Cable,,288,,10,6,60.8,15.2,7.452,1.97,5,0,0,0,0,0,31.98,0,0,2,2026-07,3
FBJ-0054,2026-07-08,Tarde,B,Antena,AP-02,302,-59.5,10,6,60.8,15.2,2.821,0.85,8,0,0,0,0,0,26.61,1,0,2,2026-07,3
FBJ-0059,2026-07-08,Tarde,B,Cable,,107,,10,6,60.8,15.2,3.012,0.88,8,0,0,0,0,0,35.0,0,1,2,2026-07,3
FBJ-0060,2026-07-08,Tarde,B,Cable,,110,,10,6,60.8,15.2,4.255,0.77,4,0,0,0,0,0,35.0,0,1,2,2026-07,3
FBJ-0001,2026-07-08,Noche,A,Antena,AP-01,625,-74.5,18,16,130.7,32.7,2.32,1.62,2,0,0,0,0,0,14.13,1,0,2,2026-07,4
FBJ-0003,2026-07-08,Noche,A,Antena,AP-02,392,-66.0,18,16,130.7,32.7,4.739,1.78,3,0,0,0,0,0,16.06,1,0,2,2026-07,4
FBJ-0004,2026-07-08,Noche,A,Cable,,322,,18,16,130.7,32.7,3.126,1.72,3,0,0,0,0,0,21.46,0,0,2,2026-07,4
FBJ-0005,2026-07-08,Noche,A,Cable,,179,,18,16,130.7,32.7,2.419,0.89,7,0,0,0,0,0,25.48,0,0,2,2026-07,4
FBJ-0007,2026-07-08,Noche,A,Antena,AP-02,594,-68.6,18,16,130.7,32.7,4.014,2.55,2,0,0,0,0,0,13.19,1,0,2,2026-07,4
FBJ-0011,2026-07-08,Noche,A,Antena,AP-02,440,-67.1,18,16,130.7,32.7,5.077,2.89,2,0,0,0,0,0,13.64,1,0,2,2026-07,4
FBJ-0013,2026-07-08,Noche,A,Antena,AP-02,111,-56.0,18,16,130.7,32.7,7.8,2.98,8,1,9,0,0,0,20.89,1,0,2,2026-07,4
FBJ-0014,2026-07-08,Noche,A,Antena,AP-01,319,-62.5,18,16,130.7,32.7,6.27,2.66,1,0,0,0,0,0,16.54,1,0,2,2026-07,4
FBJ-0015,2026-07-08,Noche,A,Antena,AP-02,894,-83.5,18,16,130.7,32.7,3.019,2.37,1,2,52,0,0,0,11.75,1,0,2,2026-07,4
FBJ-0018,2026-07-08,Noche,A,Cable,,281,,18,16,130.7,32.7,10.87,3.25,7,0,0,0,0,0,24.52,0,0,2,2026-07,4
FBJ-0019,2026-07-08,Noche,A,Cable,,81,,18,16,130.7,32.7,7.48,2.22,2,0,0,0,0,0,28.69,0,0,2,2026-07,4
FBJ-0022,2026-07-08,Noche,A,Antena,AP-02,838,-82.4,18,16,130.7,32.7,4.66,2.56,2,1,34,0,0,0,12.62,1,0,2,2026-07,4
FBJ-0025,2026-07-08,Noche,A,Antena,AP-01,575,-73.2,18,16,130.7,32.7,4.053,2.63,8,0,0,0,0,0,12.5,1,0,2,2026-07,4
FBJ-0027,2026-07-08,Noche,A,Cable,,85,,18,16,130.7,32.7,11.275,2.1,6,0,0,0,0,0,32.64,0,0,2,2026-07,4
FBJ-0029,2026-07-08,Noche,A,Cable,,251,,18,16,130.7,32.7,6.175,2.88,3,0,0,0,0,0,16.16,0,0,2,2026-07,4
FBJ-0030,2026-07-08,Noche,A,Antena,AP-02,116,-54.6,18,16,130.7,32.7,6.005,2.88,2,0,0,0,0,0,15.78,1,0,2,2026-07,4
FBJ-0031,2026-07-08,Noche,B,Cable,,202,,20,14,150.0,37.5,11.419,4.05,5,0,0,0,0,0,28.22,0,0,2,2026-07,4
FBJ-0032,2026-07-08,Noche,B,Cable,,302,,20,14,150.0,37.5,6.405,1.88,8,0,0,0,0,0,28.88,0,0,2,2026-07,4
FBJ-0033,2026-07-08,Noche,B,Antena,AP-01,719,-77.6,20,14,150.0,37.5,5.74,2.71,5,0,0,0,0,0,14.51,1,0,2,2026-07,4
FBJ-0034,2026-07-08,Noche,B,Antena,AP-02,604,-72.2,20,14,150.0,37.5,3.844,2.09,4,1,17,0,0,0,12.18,1,0,2,2026-07,4
FBJ-0035,2026-07-08,Noche,B,Cable,,154,,20,14,150.0,37.5,14.803,3.39,6,0,0,0,0,0,33.75,0,0,2,2026-07,4
FBJ-0037,2026-07-08,Noche,B,Cable,,205,,20,14,150.0,37.5,6.036,2.22,4,0,0,0,0,0,27.84,0,0,2,2026-07,4
FBJ-0039,2026-07-08,Noche,B,Cable,,288,,20,14,150.0,37.5,9.34,2.37,6,0,0,0,0,0,28.7,0,0,2,2026-07,4
FBJ-0040,2026-07-08,Noche,B,Antena,AP-01,564,-73.1,20,14,150.0,37.5,8.067,3.47,2,0,0,0,0,0,20.22,1,0,2,2026-07,4
FBJ-0041,2026-07-08,Noche,B,Antena,AP-02,509,-69.1,20,14,150.0,37.5,8.172,3.49,4,0,0,0,0,0,16.29,1,0,2,2026-07,4
FBJ-0042,2026-07-08,Noche,B,Antena,AP-01,176,-53.0,20,14,150.0,37.5,9.346,2.69,8,0,0,0,0,0,22.76,1,0,2,2026-07,4
FBJ-0043,2026-07-08,Noche,B,Cable,,318,,20,14,150.0,37.5,6.215,2.09,5,0,0,0,0,0,22.29,0,0,2,2026-07,4
FBJ-0044,2026-07-08,Noche,B,Cable,,86,,20,14,150.0,37.5,4.712,2.33,1,0,0,0,0,0,22.21,0,0,2,2026-07,4
FBJ-0047,2026-07-08,Noche,B,Antena,AP-02,453,-71.2,20,14,150.0,37.5,1.955,0.93,3,0,0,0,0,0,17.18,1,0,2,2026-07,4
FBJ-0048,2026-07-08,Noche,B,Antena,AP-01,721,-80.9,20,14,150.0,37.5,4.842,2.58,5,0,0,0,0,0,13.89,1,0,2,2026-07,4
FBJ-0049,2026-07-08,Noche,B,Cable,,350,,20,14,150.0,37.5,11.285,2.47,8,0,0,0,0,0,27.2,0,0,2,2026-07,4
FBJ-0052,2026-07-08,Noche,B,Cable,,288,,20,14,150.0,37.5,5.81,2.87,5,0,0,0,0,0,21.2,0,0,2,2026-07,4
FBJ-0053,2026-07-08,Noche,B,Antena,AP-01,245,-55.9,20,14,150.0,37.5,9.258,2.43,3,0,0,0,0,0,22.67,1,0,2,2026-07,4
FBJ-0054,2026-07-08,Noche,B,Antena,AP-02,302,-59.5,20,14,150.0,37.5,7.043,2.16,8,1,34,0,0,0,22.66,1,0,2,2026-07,4
FBJ-0056,2026-07-08,Noche,B,Antena,AP-02,549,-70.0,20,14,150.0,37.5,5.347,1.88,8,0,0,0,0,0,20.01,1,0,2,2026-07,4
FBJ-0057,2026-07-08,Noche,B,Antena,AP-01,851,-81.4,20,14,150.0,37.5,2.34,1.61,4,0,0,0,0,0,15.87,1,0,2,2026-07,4
FBJ-0058,2026-07-08,Noche,B,Antena,AP-02,308,-59.0,20,14,150.0,37.5,6.79,2.57,5,0,0,0,0,0,19.4,1,0,2,2026-07,4
FBJ-0059,2026-07-08,Noche,B,Cable,,107,,20,14,150.0,37.5,11.224,3.19,5,0,0,0,0,0,26.98,0,0,2,2026-07,4
FBJ-0060,2026-07-08,Noche,B,Cable,,110,,20,14,150.0,37.5,7.79,2.14,3,0,0,0,0,0,25.97,0,0,2,2026-07,4
FBJ-0009,2026-07-09,Madrugada,A,Antena,AP-02,565,-72.0,1,1,10.9,2.7,2.971,1.37,5,0,0,0,0,1,15.11,1,0,3,2026-07,1
FBJ-0018,2026-07-09,Madrugada,A,Cable,,281,,1,1,10.9,2.7,6.089,1.33,6,0,0,0,0,1,34.7,0,0,3,2026-07,1
FBJ-0021,2026-07-09,Madrugada,A,Cable,,163,,1,1,10.9,2.7,11.791,2.69,6,0,0,0,0,1,35.0,0,1,3,2026-07,1
FBJ-0025,2026-07-09,Madrugada,A,Antena,AP-01,575,-73.2,1,1,10.9,2.7,2.036,1.23,5,0,0,0,0,1,15.28,1,0,3,2026-07,1
FBJ-0029,2026-07-09,Madrugada,A,Cable,,251,,1,1,10.9,2.7,1.681,0.36,6,0,0,0,0,1,34.81,0,0,3,2026-07,1
FBJ-0032,2026-07-09,Madrugada,B,Cable,,302,,2,1,2.0,0.5,6.008,1.27,5,0,0,0,0,1,35.0,0,1,3,2026-07,1
FBJ-0048,2026-07-09,Madrugada,B,Antena,AP-01,721,-80.9,2,1,2.0,0.5,1.36,0.69,7,1,33,0,0,1,14.83,1,0,3,2026-07,1
FBJ-0053,2026-07-09,Madrugada,B,Antena,AP-01,245,-55.9,2,1,2.0,0.5,4.272,1.19,7,0,0,0,0,1,27.25,1,0,3,2026-07,1
FBJ-0001,2026-07-09,Mañana,A,Antena,AP-01,625,-74.5,15,10,157.0,39.2,3.716,2.09,3,0,0,0,0,1,15.07,1,0,3,2026-07,2
FBJ-0004,2026-07-09,Mañana,A,Cable,,322,,15,10,157.0,39.2,4.916,1.56,3,0,0,0,0,1,35.0,0,1,3,2026-07,2
FBJ-0005,2026-07-09,Mañana,A,Cable,,179,,15,10,157.0,39.2,5.676,1.65,5,0,0,0,0,1,24.29,0,0,3,2026-07,2
FBJ-0007,2026-07-09,Mañana,A,Antena,AP-02,594,-68.6,15,10,157.0,39.2,2.206,0.89,3,0,0,0,0,1,20.92,1,0,3,2026-07,2
FBJ-0015,2026-07-09,Mañana,A,Antena,AP-02,894,-83.5,15,10,157.0,39.2,3.843,1.59,1,0,0,0,0,1,25.54,1,0,3,2026-07,2
FBJ-0018,2026-07-09,Mañana,A,Cable,,281,,15,10,157.0,39.2,8.673,2.17,3,0,0,0,0,1,34.6,0,0,3,2026-07,2
FBJ-0019,2026-07-09,Mañana,A,Cable,,81,,15,10,157.0,39.2,4.934,1.35,4,1,31,0,0,1,32.72,0,0,3,2026-07,2
FBJ-0020,2026-07-09,Mañana,A,Antena,AP-01,244,-60.1,15,10,157.0,39.2,5.939,1.55,8,0,0,0,0,1,24.61,1,0,3,2026-07,2
FBJ-0024,2026-07-09,Mañana,A,Antena,AP-02,169,-58.3,15,10,157.0,39.2,5.6,1.86,4,0,0,0,0,1,27.55,1,0,3,2026-07,2
FBJ-0026,2026-07-09,Mañana,A,Antena,AP-02,283,-64.0,15,10,157.0,39.2,3.366,1.53,4,0,0,0,0,1,18.26,1,0,3,2026-07,2
FBJ-0030,2026-07-09,Mañana,A,Antena,AP-02,116,-54.6,15,10,157.0,39.2,8.905,2.02,2,0,0,0,0,1,35.0,1,1,3,2026-07,2
FBJ-0031,2026-07-09,Mañana,B,Cable,,202,,18,9,58.1,14.5,5.477,1.35,6,0,0,0,0,1,35.0,0,1,3,2026-07,2
FBJ-0032,2026-07-09,Mañana,B,Cable,,302,,18,9,58.1,14.5,4.482,1.32,7,0,0,0,0,1,28.29,0,0,3,2026-07,2
FBJ-0034,2026-07-09,Mañana,B,Antena,AP-02,604,-72.2,18,9,58.1,14.5,2.371,0.97,4,0,0,0,0,1,17.47,1,0,3,2026-07,2
FBJ-0035,2026-07-09,Mañana,B,Cable,,154,,18,9,58.1,14.5,7.834,2.33,5,0,0,0,0,1,25.1,0,0,3,2026-07,2
FBJ-0036,2026-07-09,Mañana,B,Antena,AP-01,831,-77.3,18,9,58.1,14.5,4.241,2.03,7,0,0,0,0,1,20.18,1,0,3,2026-07,2
FBJ-0037,2026-07-09,Mañana,B,Cable,,205,,18,9,58.1,14.5,4.452,1.02,8,1,6,0,0,1,35.0,0,1,3,2026-07,2
FBJ-0039,2026-07-09,Mañana,B,Cable,,288,,18,9,58.1,14.5,12.037,2.67,2,0,0,0,0,1,35.0,0,1,3,2026-07,2
FBJ-0042,2026-07-09,Mañana,B,Antena,AP-01,176,-53.0,18,9,58.1,14.5,3.613,0.77,6,0,0,0,0,1,32.77,1,0,3,2026-07,2
FBJ-0043,2026-07-09,Mañana,B,Cable,,318,,18,9,58.1,14.5,4.984,1.16,1,1,29,0,0,1,35.0,0,1,3,2026-07,2
FBJ-0044,2026-07-09,Mañana,B,Cable,,86,,18,9,58.1,14.5,2.781,1.18,8,0,0,0,0,1,27.24,0,0,3,2026-07,2
FBJ-0049,2026-07-09,Mañana,B,Cable,,350,,18,9,58.1,14.5,14.748,2.52,3,0,0,0,0,1,35.0,0,1,3,2026-07,2
FBJ-0050,2026-07-09,Mañana,B,Antena,AP-02,277,-61.0,18,9,58.1,14.5,2.353,1.04,6,0,0,0,0,1,19.98,1,0,3,2026-07,2
FBJ-0052,2026-07-09,Mañana,B,Cable,,288,,18,9,58.1,14.5,3.929,1.01,1,0,0,0,0,1,35.0,0,1,3,2026-07,2
FBJ-0053,2026-07-09,Mañana,B,Antena,AP-01,245,-55.9,18,9,58.1,14.5,7.302,1.94,4,0,0,0,0,1,29.02,1,0,3,2026-07,2
FBJ-0054,2026-07-09,Mañana,B,Antena,AP-02,302,-59.5,18,9,58.1,14.5,3.81,1.19,8,0,0,0,0,1,23.18,1,0,3,2026-07,2
FBJ-0056,2026-07-09,Mañana,B,Antena,AP-02,549,-70.0,18,9,58.1,14.5,5.035,2.75,6,0,0,0,0,1,15.95,1,0,3,2026-07,2
FBJ-0058,2026-07-09,Mañana,B,Antena,AP-02,308,-59.0,18,9,58.1,14.5,6.542,2.2,4,0,0,0,0,1,28.58,1,0,3,2026-07,2
FBJ-0059,2026-07-09,Mañana,B,Cable,,107,,18,9,58.1,14.5,5.841,1.5,4,0,0,0,0,1,35.0,0,1,3,2026-07,2
FBJ-0004,2026-07-09,Tarde,A,Cable,,322,,17,11,126.9,31.7,6.016,2.15,5,0,0,0,0,1,32.84,0,0,3,2026-07,3
FBJ-0005,2026-07-09,Tarde,A,Cable,,179,,17,11,126.9,31.7,1.287,0.32,5,0,0,0,0,1,35.0,0,1,3,2026-07,3
FBJ-0007,2026-07-09,Tarde,A,Antena,AP-02,594,-68.6,17,11,126.9,31.7,2.481,1.14,6,0,0,0,0,1,18.41,1,0,3,2026-07,3
FBJ-0009,2026-07-09,Tarde,A,Antena,AP-02,565,-72.0,17,11,126.9,31.7,3.623,1.59,1,1,39,0,0,1,16.45,1,0,3,2026-07,3
FBJ-0011,2026-07-09,Tarde,A,Antena,AP-02,440,-67.1,17,11,126.9,31.7,2.828,1.06,3,0,0,0,0,1,18.29,1,0,3,2026-07,3
FBJ-0012,2026-07-09,Tarde,A,Antena,AP-01,631,-74.1,17,11,126.9,31.7,3.288,1.09,4,0,0,0,0,1,20.89,1,0,3,2026-07,3
FBJ-0014,2026-07-09,Tarde,A,Antena,AP-01,319,-62.5,17,11,126.9,31.7,5.157,2.44,5,0,0,0,0,1,21.35,1,0,3,2026-07,3
FBJ-0018,2026-07-09,Tarde,A,Cable,,281,,17,11,126.9,31.7,7.788,1.71,3,1,35,0,0,1,35.0,0,1,3,2026-07,3
FBJ-0020,2026-07-09,Tarde,A,Antena,AP-01,244,-60.1,17,11,126.9,31.7,6.606,2.27,8,1,34,0,0,1,22.9,1,0,3,2026-07,3
FBJ-0022,2026-07-09,Tarde,A,Antena,AP-02,838,-82.4,17,11,126.9,31.7,4.368,1.65,8,1,37,0,0,1,16.36,1,0,3,2026-07,3
FBJ-0023,2026-07-09,Tarde,A,Antena,AP-01,872,-78.5,17,11,126.9,31.7,1.46,0.95,5,0,0,0,0,1,14.5,1,0,3,2026-07,3
FBJ-0024,2026-07-09,Tarde,A,Antena,AP-02,169,-58.3,17,11,126.9,31.7,4.525,1.63,5,0,0,0,0,1,30.57,1,0,3,2026-07,3
FBJ-0025,2026-07-09,Tarde,A,Antena,AP-01,575,-73.2,17,11,126.9,31.7,3.62,1.88,1,0,0,0,0,1,18.71,1,0,3,2026-07,3
FBJ-0026,2026-07-09,Tarde,A,Antena,AP-02,283,-64.0,17,11,126.9,31.7,5.567,1.91,8,0,0,0,0,1,23.96,1,0,3,2026-07,3
FBJ-0027,2026-07-09,Tarde,A,Cable,,85,,17,11,126.9,31.7,6.007,1.06,3,1,27,0,0,1,35.0,0,1,3,2026-07,3
FBJ-0031,2026-07-09,Tarde,B,Cable,,202,,22,16,151.5,37.9,2.164,0.86,2,0,0,0,0,1,22.99,0,0,3,2026-07,3
FBJ-0032,2026-07-09,Tarde,B,Cable,,302,,22,16,151.5,37.9,4.456,1.37,1,0,0,0,0,1,26.86,0,0,3,2026-07,3
FBJ-0034,2026-07-09,Tarde,B,Antena,AP-02,604,-72.2,22,16,151.5,37.9,2.415,1.43,3,1,33,0,0,1,12.11,1,0,3,2026-07,3
FBJ-0035,2026-07-09,Tarde,B,Cable,,154,,22,16,151.5,37.9,4.382,1.69,4,0,0,0,0,1,24.11,0,0,3,2026-07,3
FBJ-0036,2026-07-09,Tarde,B,Antena,AP-01,831,-77.3,22,16,151.5,37.9,0.661,0.35,4,0,0,0,0,1,14.93,1,0,3,2026-07,3
FBJ-0037,2026-07-09,Tarde,B,Cable,,205,,22,16,151.5,37.9,6.387,2.06,2,0,0,0,0,1,31.99,0,0,3,2026-07,3
FBJ-0039,2026-07-09,Tarde,B,Cable,,288,,22,16,151.5,37.9,0.744,0.2,4,0,0,0,0,1,25.51,0,0,3,2026-07,3
FBJ-0040,2026-07-09,Tarde,B,Antena,AP-01,564,-73.1,22,16,151.5,37.9,2.103,1.34,8,0,0,0,0,1,14.52,1,0,3,2026-07,3
FBJ-0041,2026-07-09,Tarde,B,Antena,AP-02,509,-69.1,22,16,151.5,37.9,2.388,1.43,3,0,0,0,0,1,14.83,1,0,3,2026-07,3
FBJ-0043,2026-07-09,Tarde,B,Cable,,318,,22,16,151.5,37.9,1.637,0.49,5,0,0,0,0,1,23.76,0,0,3,2026-07,3
FBJ-0045,2026-07-09,Tarde,B,Antena,AP-02,848,-81.7,22,16,151.5,37.9,4.574,2.29,6,0,0,0,0,1,16.71,1,0,3,2026-07,3
FBJ-0046,2026-07-09,Tarde,B,Antena,AP-01,177,-50.9,22,16,151.5,37.9,2.94,0.89,2,0,0,0,0,1,19.94,1,0,3,2026-07,3
FBJ-0047,2026-07-09,Tarde,B,Antena,AP-02,453,-71.2,22,16,151.5,37.9,1.537,1.74,6,0,0,0,0,1,7.82,1,0,3,2026-07,3
FBJ-0048,2026-07-09,Tarde,B,Antena,AP-01,721,-80.9,22,16,151.5,37.9,0.197,0.2,2,3,102,0,0,1,9.06,1,0,3,2026-07,3
FBJ-0049,2026-07-09,Tarde,B,Cable,,350,,22,16,151.5,37.9,3.628,1.03,6,0,0,0,0,1,24.53,0,0,3,2026-07,3
FBJ-0050,2026-07-09,Tarde,B,Antena,AP-02,277,-61.0,22,16,151.5,37.9,5.064,1.89,6,0,0,0,0,1,20.88,1,0,3,2026-07,3
FBJ-0053,2026-07-09,Tarde,B,Antena,AP-01,245,-55.9,22,16,151.5,37.9,2.081,0.77,5,0,0,0,0,1,21.63,1,0,3,2026-07,3
FBJ-0054,2026-07-09,Tarde,B,Antena,AP-02,302,-59.5,22,16,151.5,37.9,2.853,1.22,6,0,0,0,0,1,17.26,1,0,3,2026-07,3
FBJ-0057,2026-07-09,Tarde,B,Antena,AP-01,851,-81.4,22,16,151.5,37.9,0.905,0.58,5,1,26,0,0,1,13.15,1,0,3,2026-07,3
FBJ-0058,2026-07-09,Tarde,B,Antena,AP-02,308,-59.0,22,16,151.5,37.9,1.152,0.84,4,0,0,0,0,1,15.02,1,0,3,2026-07,3
FBJ-0059,2026-07-09,Tarde,B,Cable,,107,,22,16,151.5,37.9,2.943,1.1,7,0,0,0,0,1,20.88,0,0,3,2026-07,3
FBJ-0001,2026-07-09,Noche,A,Antena,AP-01,625,-74.5,17,10,65.3,16.3,4.535,2.67,2,1,10,0,0,1,14.39,1,0,3,2026-07,4
FBJ-0003,2026-07-09,Noche,A,Antena,AP-02,392,-66.0,17,10,65.3,16.3,5.764,2.5,3,0,0,0,0,1,16.0,1,0,3,2026-07,4
FBJ-0004,2026-07-09,Noche,A,Cable,,322,,17,10,65.3,16.3,4.98,1.53,8,0,0,0,0,1,34.97,0,1,3,2026-07,4
FBJ-0005,2026-07-09,Noche,A,Cable,,179,,17,10,65.3,16.3,13.751,2.95,3,0,0,0,0,1,35.0,0,1,3,2026-07,4
FBJ-0007,2026-07-09,Noche,A,Antena,AP-02,594,-68.6,17,10,65.3,16.3,7.139,2.97,3,0,0,0,0,1,19.07,1,0,3,2026-07,4
FBJ-0009,2026-07-09,Noche,A,Antena,AP-02,565,-72.0,17,10,65.3,16.3,8.775,2.51,7,0,0,0,0,1,25.74,1,0,3,2026-07,4
FBJ-0010,2026-07-09,Noche,A,Antena,AP-01,482,-67.3,17,10,65.3,16.3,9.851,2.87,4,0,0,0,0,1,26.61,1,0,3,2026-07,4
FBJ-0012,2026-07-09,Noche,A,Antena,AP-01,631,-74.1,17,10,65.3,16.3,6.16,2.75,3,0,0,0,0,1,21.55,1,0,3,2026-07,4
FBJ-0013,2026-07-09,Noche,A,Antena,AP-02,111,-56.0,17,10,65.3,16.3,11.087,3.08,8,1,29,0,0,1,25.69,1,0,3,2026-07,4
FBJ-0014,2026-07-09,Noche,A,Antena,AP-01,319,-62.5,17,10,65.3,16.3,6.167,2.63,2,0,0,0,0,1,21.16,1,0,3,2026-07,4
FBJ-0015,2026-07-09,Noche,A,Antena,AP-02,894,-83.5,17,10,65.3,16.3,6.792,3.09,7,2,60,0,0,1,16.9,1,0,3,2026-07,4
FBJ-0018,2026-07-09,Noche,A,Cable,,281,,17,10,65.3,16.3,10.443,3.67,4,0,0,0,0,1,27.08,0,0,3,2026-07,4
FBJ-0020,2026-07-09,Noche,A,Antena,AP-01,244,-60.1,17,10,65.3,16.3,6.685,2.22,5,0,0,0,0,1,24.14,1,0,3,2026-07,4
FBJ-0021,2026-07-09,Noche,A,Cable,,163,,17,10,65.3,16.3,9.594,2.06,6,0,0,0,0,1,34.73,0,0,3,2026-07,4
FBJ-0022,2026-07-09,Noche,A,Antena,AP-02,838,-82.4,17,10,65.3,16.3,3.611,2.53,1,0,0,0,0,1,13.3,1,0,3,2026-07,4
FBJ-0024,2026-07-09,Noche,A,Antena,AP-02,169,-58.3,17,10,65.3,16.3,12.367,3.32,6,0,0,0,0,1,29.22,1,0,3,2026-07,4
FBJ-0025,2026-07-09,Noche,A,Antena,AP-01,575,-73.2,17,10,65.3,16.3,4.529,2.25,2,0,0,0,0,1,22.39,1,0,3,2026-07,4
FBJ-0026,2026-07-09,Noche,A,Antena,AP-02,283,-64.0,17,10,65.3,16.3,7.362,2.99,5,0,0,0,0,1,21.3,1,0,3,2026-07,4
FBJ-0027,2026-07-09,Noche,A,Cable,,85,,17,10,65.3,16.3,11.639,2.34,2,1,30,0,0,1,35.0,0,1,3,2026-07,4
FBJ-0029,2026-07-09,Noche,A,Cable,,251,,17,10,65.3,16.3,8.538,2.6,8,0,0,0,0,1,33.24,0,0,3,2026-07,4
FBJ-0032,2026-07-09,Noche,B,Cable,,302,,18,16,93.5,23.4,4.795,2.05,8,0,0,0,0,1,25.93,0,0,3,2026-07,4
FBJ-0033,2026-07-09,Noche,B,Antena,AP-01,719,-77.6,18,16,93.5,23.4,3.745,2.54,1,0,0,0,0,1,13.54,1,0,3,2026-07,4
FBJ-0034,2026-07-09,Noche,B,Antena,AP-02,604,-72.2,18,16,93.5,23.4,4.467,2.92,7,0,0,0,0,1,11.84,1,0,3,2026-07,4
FBJ-0035,2026-07-09,Noche,B,Cable,,154,,18,16,93.5,23.4,8.202,2.24,2,0,0,0,0,1,27.57,0,0,3,2026-07,4
FBJ-0036,2026-07-09,Noche,B,Antena,AP-01,831,-77.3,18,16,93.5,23.4,6.753,3.0,1,0,0,0,0,1,15.52,1,0,3,2026-07,4
FBJ-0037,2026-07-09,Noche,B,Cable,,205,,18,16,93.5,23.4,8.231,2.32,7,1,37,0,0,1,28.55,0,0,3,2026-07,4
FBJ-0042,2026-07-09,Noche,B,Antena,AP-01,176,-53.0,18,16,93.5,23.4,4.162,1.57,7,0,0,0,0,1,18.94,1,0,3,2026-07,4
FBJ-0043,2026-07-09,Noche,B,Cable,,318,,18,16,93.5,23.4,9.652,1.88,1,1,13,0,0,1,35.0,0,1,3,2026-07,4
FBJ-0044,2026-07-09,Noche,B,Cable,,86,,18,16,93.5,23.4,7.813,2.55,6,0,0,0,0,1,25.5,0,0,3,2026-07,4
FBJ-0045,2026-07-09,Noche,B,Antena,AP-02,848,-81.7,18,16,93.5,23.4,4.152,2.8,1,0,0,0,0,1,14.8,1,0,3,2026-07,4
FBJ-0046,2026-07-09,Noche,B,Antena,AP-01,177,-50.9,18,16,93.5,23.4,9.598,2.13,4,0,0,0,0,1,26.82,1,0,3,2026-07,4
FBJ-0047,2026-07-09,Noche,B,Antena,AP-02,453,-71.2,18,16,93.5,23.4,2.148,2.34,7,0,0,0,0,1,9.12,1,0,3,2026-07,4
FBJ-0048,2026-07-09,Noche,B,Antena,AP-01,721,-80.9,18,16,93.5,23.4,2.559,2.02,4,1,29,0,0,1,13.07,1,0,3,2026-07,4
FBJ-0050,2026-07-09,Noche,B,Antena,AP-02,277,-61.0,18,16,93.5,23.4,7.944,2.55,7,1,38,0,0,1,22.29,1,0,3,2026-07,4
FBJ-0052,2026-07-09,Noche,B,Cable,,288,,18,16,93.5,23.4,7.95,2.94,2,0,0,0,0,1,20.47,0,0,3,2026-07,4
FBJ-0054,2026-07-09,Noche,B,Antena,AP-02,302,-59.5,18,16,93.5,23.4,5.019,2.75,2,0,0,0,0,1,15.33,1,0,3,2026-07,4
FBJ-0056,2026-07-09,Noche,B,Antena,AP-02,549,-70.0,18,16,93.5,23.4,5.549,2.99,6,0,0,0,0,1,11.62,1,0,3,2026-07,4
FBJ-0058,2026-07-09,Noche,B,Antena,AP-02,308,-59.0,18,16,93.5,23.4,3.689,2.96,6,0,0,0,0,1,12.55,1,0,3,2026-07,4
FBJ-0059,2026-07-09,Noche,B,Cable,,107,,18,16,93.5,23.4,4.61,2.18,8,0,0,0,0,1,19.94,0,0,3,2026-07,4
FBJ-0060,2026-07-09,Noche,B,Cable,,110,,18,16,93.5,23.4,8.779,2.28,7,0,0,0,0,1,29.13,0,0,3,2026-07,4
FBJ-0046,2026-07-10,Madrugada,B,Antena,AP-01,177,-50.9,6,5,71.9,18.0,4.466,1.13,3,0,0,0,0,0,35.0,1,1,4,2026-07,1
FBJ-0048,2026-07-10,Madrugada,B,Antena,AP-01,721,-80.9,6,5,71.9,18.0,2.602,1.18,1,1,36,0,0,0,15.78,1,0,4,2026-07,1
FBJ-0052,2026-07-10,Madrugada,B,Cable,,288,,6,5,71.9,18.0,3.246,0.76,5,0,0,0,0,0,34.23,0,0,4,2026-07,1
FBJ-0053,2026-07-10,Madrugada,B,Antena,AP-01,245,-55.9,6,5,71.9,18.0,7.155,2.06,3,0,0,0,0,0,31.56,1,0,4,2026-07,1
FBJ-0054,2026-07-10,Madrugada,B,Antena,AP-02,302,-59.5,6,5,71.9,18.0,3.57,1.19,6,0,0,0,0,0,29.89,1,0,4,2026-07,1
FBJ-0007,2026-07-10,Mañana,A,Antena,AP-02,594,-68.6,4,2,22.7,5.7,4.01,1.72,3,0,0,0,0,0,15.14,1,0,4,2026-07,2
FBJ-0012,2026-07-10,Mañana,A,Antena,AP-01,631,-74.1,4,2,22.7,5.7,4.531,2.15,3,0,0,0,0,0,17.39,1,0,4,2026-07,2
FBJ-0013,2026-07-10,Mañana,A,Antena,AP-02,111,-56.0,4,2,22.7,5.7,2.798,0.76,2,1,15,0,0,0,30.6,1,0,4,2026-07,2
FBJ-0014,2026-07-10,Mañana,A,Antena,AP-01,319,-62.5,4,2,22.7,5.7,3.331,1.31,2,0,0,0,0,0,26.27,1,0,4,2026-07,2
FBJ-0015,2026-07-10,Mañana,A,Antena,AP-02,894,-83.5,4,2,22.7,5.7,5.431,1.91,4,0,0,0,0,0,20.44,1,0,4,2026-07,2
FBJ-0021,2026-07-10,Mañana,A,Cable,,163,,4,2,22.7,5.7,6.345,2.46,2,0,0,0,0,0,28.35,0,0,4,2026-07,2
FBJ-0024,2026-07-10,Mañana,A,Antena,AP-02,169,-58.3,4,2,22.7,5.7,2.773,0.83,1,0,0,0,0,0,25.6,1,0,4,2026-07,2
FBJ-0026,2026-07-10,Mañana,A,Antena,AP-02,283,-64.0,4,2,22.7,5.7,5.867,2.21,8,0,0,0,0,0,21.17,1,0,4,2026-07,2
FBJ-0027,2026-07-10,Mañana,A,Cable,,85,,4,2,22.7,5.7,5.886,1.19,6,0,0,0,0,0,31.8,0,0,4,2026-07,2
FBJ-0030,2026-07-10,Mañana,A,Antena,AP-02,116,-54.6,4,2,22.7,5.7,0.948,0.33,2,0,0,0,0,0,23.31,1,0,4,2026-07,2
FBJ-0031,2026-07-10,Mañana,B,Cable,,202,,16,13,129.5,32.4,5.358,1.66,3,0,0,0,0,0,35.0,0,1,4,2026-07,2
FBJ-0034,2026-07-10,Mañana,B,Antena,AP-02,604,-72.2,16,13,129.5,32.4,0.374,0.2,6,0,0,0,0,0,15.57,1,0,4,2026-07,2
FBJ-0035,2026-07-10,Mañana,B,Cable,,154,,16,13,129.5,32.4,5.581,1.63,6,0,0,0,0,0,35.0,0,1,4,2026-07,2
FBJ-0041,2026-07-10,Mañana,B,Antena,AP-02,509,-69.1,16,13,129.5,32.4,1.815,1.19,1,0,0,0,0,0,13.31,1,0,4,2026-07,2
FBJ-0042,2026-07-10,Mañana,B,Antena,AP-01,176,-53.0,16,13,129.5,32.4,3.992,1.46,3,0,0,0,0,0,28.04,1,0,4,2026-07,2
FBJ-0045,2026-07-10,Mañana,B,Antena,AP-02,848,-81.7,16,13,129.5,32.4,4.655,2.11,5,1,36,0,0,0,15.79,1,0,4,2026-07,2
FBJ-0048,2026-07-10,Mañana,B,Antena,AP-01,721,-80.9,16,13,129.5,32.4,1.084,0.79,4,3,30,0,0,0,13.19,1,0,4,2026-07,2
FBJ-0050,2026-07-10,Mañana,B,Antena,AP-02,277,-61.0,16,13,129.5,32.4,4.284,1.5,4,0,0,0,0,0,22.15,1,0,4,2026-07,2
FBJ-0051,2026-07-10,Mañana,B,Cable,,42,,16,13,129.5,32.4,6.769,1.21,5,0,0,0,0,0,35.0,0,1,4,2026-07,2
FBJ-0054,2026-07-10,Mañana,B,Antena,AP-02,302,-59.5,16,13,129.5,32.4,4.784,1.55,7,0,0,0,0,0,22.05,1,0,4,2026-07,2
FBJ-0056,2026-07-10,Mañana,B,Antena,AP-02,549,-70.0,16,13,129.5,32.4,2.315,1.54,2,0,0,0,0,0,11.6,1,0,4,2026-07,2
FBJ-0057,2026-07-10,Mañana,B,Antena,AP-01,851,-81.4,16,13,129.5,32.4,3.592,1.53,1,0,0,0,0,0,18.68,1,0,4,2026-07,2
FBJ-0059,2026-07-10,Mañana,B,Cable,,107,,16,13,129.5,32.4,9.246,1.88,1,0,0,0,0,0,35.0,0,1,4,2026-07,2
FBJ-0001,2026-07-10,Tarde,A,Antena,AP-01,625,-74.5,11,6,57.1,14.3,2.476,1.4,7,0,0,0,0,0,17.83,1,0,4,2026-07,3
FBJ-0007,2026-07-10,Tarde,A,Antena,AP-02,594,-68.6,11,6,57.1,14.3,1.252,0.48,4,0,0,0,0,0,18.39,1,0,4,2026-07,3
FBJ-0009,2026-07-10,Tarde,A,Antena,AP-02,565,-72.0,11,6,57.1,14.3,2.588,1.3,5,0,0,0,0,0,17.95,1,0,4,2026-07,3
FBJ-0011,2026-07-10,Tarde,A,Antena,AP-02,440,-67.1,11,6,57.1,14.3,4.932,1.92,2,0,0,0,0,0,17.6,1,0,4,2026-07,3
FBJ-0012,2026-07-10,Tarde,A,Antena,AP-01,631,-74.1,11,6,57.1,14.3,1.031,0.57,2,0,0,0,0,0,18.45,1,0,4,2026-07,3
FBJ-0014,2026-07-10,Tarde,A,Antena,AP-01,319,-62.5,11,6,57.1,14.3,5.516,2.04,6,0,0,0,0,0,23.41,1,0,4,2026-07,3
FBJ-0015,2026-07-10,Tarde,A,Antena,AP-02,894,-83.5,11,6,57.1,14.3,2.733,1.56,5,0,0,0,0,0,18.45,1,0,4,2026-07,3
FBJ-0018,2026-07-10,Tarde,A,Cable,,281,,11,6,57.1,14.3,1.605,0.5,1,0,0,0,0,0,32.48,0,0,4,2026-07,3
FBJ-0021,2026-07-10,Tarde,A,Cable,,163,,11,6,57.1,14.3,7.54,1.78,2,0,0,0,0,0,35.0,0,1,4,2026-07,3
FBJ-0024,2026-07-10,Tarde,A,Antena,AP-02,169,-58.3,11,6,57.1,14.3,3.44,1.41,7,0,0,0,0,0,17.26,1,0,4,2026-07,3
FBJ-0025,2026-07-10,Tarde,A,Antena,AP-01,575,-73.2,11,6,57.1,14.3,3.197,1.41,5,1,32,0,0,0,20.0,1,0,4,2026-07,3
FBJ-0026,2026-07-10,Tarde,A,Antena,AP-02,283,-64.0,11,6,57.1,14.3,4.308,1.97,4,0,0,0,0,0,16.93,1,0,4,2026-07,3
FBJ-0029,2026-07-10,Tarde,A,Cable,,251,,11,6,57.1,14.3,5.303,1.1,5,0,0,0,0,0,35.0,0,1,4,2026-07,3
FBJ-0032,2026-07-10,Tarde,B,Cable,,302,,9,6,24.0,6.0,1.963,0.5,7,0,0,0,0,0,35.0,0,1,4,2026-07,3
FBJ-0035,2026-07-10,Tarde,B,Cable,,154,,9,6,24.0,6.0,8.007,2.46,7,2,36,0,0,0,25.92,0,0,4,2026-07,3
FBJ-0037,2026-07-10,Tarde,B,Cable,,205,,9,6,24.0,6.0,3.873,0.93,2,0,0,0,0,0,35.0,0,1,4,2026-07,3
FBJ-0043,2026-07-10,Tarde,B,Cable,,318,,9,6,24.0,6.0,6.428,1.5,6,0,0,0,0,0,35.0,0,1,4,2026-07,3
FBJ-0044,2026-07-10,Tarde,B,Cable,,86,,9,6,24.0,6.0,5.68,1.76,8,0,0,0,0,0,32.53,0,0,4,2026-07,3
FBJ-0045,2026-07-10,Tarde,B,Antena,AP-02,848,-81.7,9,6,24.0,6.0,2.575,1.71,1,1,11,0,0,0,14.12,1,0,4,2026-07,3
FBJ-0048,2026-07-10,Tarde,B,Antena,AP-01,721,-80.9,9,6,24.0,6.0,2.685,2.21,1,0,0,0,0,0,13.29,1,0,4,2026-07,3
FBJ-0051,2026-07-10,Tarde,B,Cable,,42,,9,6,24.0,6.0,3.355,0.85,1,1,33,0,0,0,32.47,0,0,4,2026-07,3
FBJ-0057,2026-07-10,Tarde,B,Antena,AP-01,851,-81.4,9,6,24.0,6.0,3.819,1.77,5,0,0,0,0,0,19.48,1,0,4,2026-07,3
FBJ-0059,2026-07-10,Tarde,B,Cable,,107,,9,6,24.0,6.0,7.996,2.14,4,0,0,0,0,0,35.0,0,1,4,2026-07,3
FBJ-0060,2026-07-10,Tarde,B,Cable,,110,,9,6,24.0,6.0,11.745,2.77,2,0,0,0,0,0,30.81,0,0,4,2026-07,3
FBJ-0001,2026-07-10,Noche,A,Antena,AP-01,625,-74.5,13,11,96.7,24.2,4.375,2.74,8,0,0,0,0,0,13.44,1,0,4,2026-07,4
FBJ-0004,2026-07-10,Noche,A,Cable,,322,,13,11,96.7,24.2,10.707,2.65,3,0,0,0,0,0,31.22,0,0,4,2026-07,4
FBJ-0005,2026-07-10,Noche,A,Cable,,179,,13,11,96.7,24.2,5.598,1.83,6,0,0,0,0,0,29.42,0,0,4,2026-07,4
FBJ-0007,2026-07-10,Noche,A,Antena,AP-02,594,-68.6,13,11,96.7,24.2,6.897,2.92,1,0,0,0,0,0,17.96,1,0,4,2026-07,4
FBJ-0009,2026-07-10,Noche,A,Antena,AP-02,565,-72.0,13,11,96.7,24.2,5.987,2.84,8,0,0,0,0,0,15.06,1,0,4,2026-07,4
FBJ-0010,2026-07-10,Noche,A,Antena,AP-01,482,-67.3,13,11,96.7,24.2,5.578,2.82,1,0,0,0,0,0,20.47,1,0,4,2026-07,4
FBJ-0011,2026-07-10,Noche,A,Antena,AP-02,440,-67.1,13,11,96.7,24.2,4.091,1.91,4,0,0,0,0,0,21.03,1,0,4,2026-07,4
FBJ-0018,2026-07-10,Noche,A,Cable,,281,,13,11,96.7,24.2,4.963,1.09,7,0,0,0,0,0,35.0,0,1,4,2026-07,4
FBJ-0019,2026-07-10,Noche,A,Cable,,81,,13,11,96.7,24.2,8.721,2.69,1,0,0,0,0,0,31.37,0,0,4,2026-07,4
FBJ-0020,2026-07-10,Noche,A,Antena,AP-01,244,-60.1,13,11,96.7,24.2,4.957,2.44,5,0,0,0,0,0,20.26,1,0,4,2026-07,4
FBJ-0021,2026-07-10,Noche,A,Cable,,163,,13,11,96.7,24.2,12.754,3.43,7,0,0,0,0,0,34.53,0,0,4,2026-07,4
FBJ-0022,2026-07-10,Noche,A,Antena,AP-02,838,-82.4,13,11,96.7,24.2,4.225,1.7,7,1,34,0,0,0,17.54,1,0,4,2026-07,4
FBJ-0023,2026-07-10,Noche,A,Antena,AP-01,872,-78.5,13,11,96.7,24.2,4.662,1.99,2,0,0,0,0,0,19.99,1,0,4,2026-07,4
FBJ-0024,2026-07-10,Noche,A,Antena,AP-02,169,-58.3,13,11,96.7,24.2,5.903,2.6,6,0,0,0,0,0,22.64,1,0,4,2026-07,4
FBJ-0025,2026-07-10,Noche,A,Antena,AP-01,575,-73.2,13,11,96.7,24.2,4.553,2.26,3,0,0,0,0,0,16.78,1,0,4,2026-07,4
FBJ-0027,2026-07-10,Noche,A,Cable,,85,,13,11,96.7,24.2,16.518,3.93,6,0,0,0,0,0,34.94,0,1,4,2026-07,4
FBJ-0030,2026-07-10,Noche,A,Antena,AP-02,116,-54.6,13,11,96.7,24.2,6.657,2.53,1,0,0,0,0,0,24.77,1,0,4,2026-07,4
FBJ-0032,2026-07-10,Noche,B,Cable,,302,,12,8,82.0,20.5,7.677,1.94,8,0,0,0,0,0,35.0,0,1,4,2026-07,4
FBJ-0033,2026-07-10,Noche,B,Antena,AP-01,719,-77.6,12,8,82.0,20.5,5.937,2.28,8,1,21,0,0,0,18.31,1,0,4,2026-07,4
FBJ-0035,2026-07-10,Noche,B,Cable,,154,,12,8,82.0,20.5,14.441,3.38,1,0,0,0,0,0,30.06,0,0,4,2026-07,4
FBJ-0036,2026-07-10,Noche,B,Antena,AP-01,831,-77.3,12,8,82.0,20.5,4.149,1.44,2,0,0,0,0,0,20.27,1,0,4,2026-07,4
FBJ-0037,2026-07-10,Noche,B,Cable,,205,,12,8,82.0,20.5,7.666,2.32,7,0,0,0,0,0,35.0,0,1,4,2026-07,4
FBJ-0039,2026-07-10,Noche,B,Cable,,288,,12,8,82.0,20.5,7.477,1.71,4,0,0,0,0,0,35.0,0,1,4,2026-07,4
FBJ-0040,2026-07-10,Noche,B,Antena,AP-01,564,-73.1,12,8,82.0,20.5,6.26,2.3,8,0,0,0,0,0,21.37,1,0,4,2026-07,4
FBJ-0043,2026-07-10,Noche,B,Cable,,318,,12,8,82.0,20.5,8.418,2.27,7,0,0,0,0,0,35.0,0,1,4,2026-07,4
FBJ-0044,2026-07-10,Noche,B,Cable,,86,,12,8,82.0,20.5,6.201,1.68,6,0,0,0,0,0,28.78,0,0,4,2026-07,4
FBJ-0047,2026-07-10,Noche,B,Antena,AP-02,453,-71.2,12,8,82.0,20.5,3.834,1.92,5,0,0,0,0,0,20.79,1,0,4,2026-07,4
FBJ-0048,2026-07-10,Noche,B,Antena,AP-01,721,-80.9,12,8,82.0,20.5,5.59,2.18,3,0,0,0,0,0,24.71,1,0,4,2026-07,4
FBJ-0049,2026-07-10,Noche,B,Cable,,350,,12,8,82.0,20.5,12.484,3.46,1,0,0,0,0,0,35.0,0,1,4,2026-07,4
FBJ-0051,2026-07-10,Noche,B,Cable,,42,,12,8,82.0,20.5,9.291,3.27,5,0,0,0,0,0,27.57,0,0,4,2026-07,4
FBJ-0052,2026-07-10,Noche,B,Cable,,288,,12,8,82.0,20.5,10.158,2.75,6,1,30,0,0,0,29.14,0,0,4,2026-07,4
FBJ-0053,2026-07-10,Noche,B,Antena,AP-01,245,-55.9,12,8,82.0,20.5,13.743,3.95,5,0,0,0,0,0,25.47,1,0,4,2026-07,4
FBJ-0054,2026-07-10,Noche,B,Antena,AP-02,302,-59.5,12,8,82.0,20.5,8.334,3.17,7,0,0,0,0,0,24.37,1,0,4,2026-07,4
FBJ-0056,2026-07-10,Noche,B,Antena,AP-02,549,-70.0,12,8,82.0,20.5,6.637,2.61,6,0,0,0,0,0,15.8,1,0,4,2026-07,4
FBJ-0057,2026-07-10,Noche,B,Antena,AP-01,851,-81.4,12,8,82.0,20.5,5.434,3.05,8,0,0,0,0,0,16.72,1,0,4,2026-07,4
FBJ-0058,2026-07-10,Noche,B,Antena,AP-02,308,-59.0,12,8,82.0,20.5,3.747,1.46,5,0,0,0,0,0,22.73,1,0,4,2026-07,4
FBJ-0060,2026-07-10,Noche,B,Cable,,110,,12,8,82.0,20.5,12.328,2.66,1,0,0,0,0,0,31.81,0,0,4,2026-07,4
FBJ-0004,2026-07-11,Madrugada,A,Cable,,322,,2,2,9.5,2.4,6.153,1.75,5,0,0,0,1,0,35.0,0,1,5,2026-07,1
FBJ-0011,2026-07-11,Madrugada,A,Antena,AP-02,440,-67.1,2,2,9.5,2.4,2.704,1.65,1,0,0,0,1,0,17.67,1,0,5,2026-07,1
FBJ-0019,2026-07-11,Madrugada,A,Cable,,81,,2,2,9.5,2.4,4.132,1.05,8,0,0,0,1,0,35.0,0,1,5,2026-07,1
FBJ-0024,2026-07-11,Madrugada,A,Antena,AP-02,169,-58.3,2,2,9.5,2.4,4.949,2.14,5,0,0,0,1,0,21.73,1,0,5,2026-07,1
FBJ-0026,2026-07-11,Madrugada,A,Antena,AP-02,283,-64.0,2,2,9.5,2.4,3.087,2.15,2,0,0,0,1,0,14.19,1,0,5,2026-07,1
FBJ-0036,2026-07-11,Madrugada,B,Antena,AP-01,831,-77.3,2,1,6.3,1.6,2.263,1.16,3,0,0,0,1,0,18.21,1,0,5,2026-07,1
FBJ-0037,2026-07-11,Madrugada,B,Cable,,205,,2,1,6.3,1.6,0.695,0.2,6,0,0,0,1,0,35.0,0,1,5,2026-07,1
FBJ-0045,2026-07-11,Madrugada,B,Antena,AP-02,848,-81.7,2,1,6.3,1.6,4.778,2.24,6,0,0,0,1,0,18.08,1,0,5,2026-07,1
FBJ-0049,2026-07-11,Madrugada,B,Cable,,350,,2,1,6.3,1.6,8.262,1.9,8,0,0,0,1,0,33.51,0,0,5,2026-07,1
FBJ-0003,2026-07-11,Mañana,A,Antena,AP-02,392,-66.0,16,11,135.2,33.8,7.236,2.57,3,0,0,0,1,0,20.31,1,0,5,2026-07,2
FBJ-0005,2026-07-11,Mañana,A,Cable,,179,,16,11,135.2,33.8,14.124,2.88,4,0,0,0,1,0,35.0,0,1,5,2026-07,2
FBJ-0014,2026-07-11,Mañana,A,Antena,AP-01,319,-62.5,16,11,135.2,33.8,2.964,1.11,8,0,0,0,1,0,22.16,1,0,5,2026-07,2
FBJ-0018,2026-07-11,Mañana,A,Cable,,281,,16,11,135.2,33.8,4.315,1.24,6,1,11,0,1,0,35.0,0,1,5,2026-07,2
FBJ-0019,2026-07-11,Mañana,A,Cable,,81,,16,11,135.2,33.8,7.087,1.52,3,0,0,0,1,0,35.0,0,1,5,2026-07,2
FBJ-0024,2026-07-11,Mañana,A,Antena,AP-02,169,-58.3,16,11,135.2,33.8,3.307,1.21,6,1,19,0,1,0,21.4,1,0,5,2026-07,2
FBJ-0025,2026-07-11,Mañana,A,Antena,AP-01,575,-73.2,16,11,135.2,33.8,2.095,1.29,8,0,0,0,1,0,16.23,1,0,5,2026-07,2
FBJ-0026,2026-07-11,Mañana,A,Antena,AP-02,283,-64.0,16,11,135.2,33.8,2.299,1.23,4,0,0,0,1,0,22.48,1,0,5,2026-07,2
FBJ-0029,2026-07-11,Mañana,A,Cable,,251,,16,11,135.2,33.8,3.457,0.83,5,0,0,0,1,0,33.18,0,0,5,2026-07,2
FBJ-0030,2026-07-11,Mañana,A,Antena,AP-02,116,-54.6,16,11,135.2,33.8,2.883,1.01,5,0,0,0,1,0,26.02,1,0,5,2026-07,2
FBJ-0031,2026-07-11,Mañana,B,Cable,,202,,11,10,156.3,39.1,5.461,2.2,6,0,0,0,1,0,29.72,0,0,5,2026-07,2
FBJ-0034,2026-07-11,Mañana,B,Antena,AP-02,604,-72.2,11,10,156.3,39.1,6.823,2.35,5,0,0,0,1,0,19.1,1,0,5,2026-07,2
FBJ-0035,2026-07-11,Mañana,B,Cable,,154,,11,10,156.3,39.1,6.438,1.4,8,0,0,0,1,0,32.79,0,0,5,2026-07,2
FBJ-0036,2026-07-11,Mañana,B,Antena,AP-01,831,-77.3,11,10,156.3,39.1,4.01,2.19,4,1,23,0,1,0,19.08,1,0,5,2026-07,2
FBJ-0040,2026-07-11,Mañana,B,Antena,AP-01,564,-73.1,11,10,156.3,39.1,3.775,1.88,5,0,0,0,1,0,15.18,1,0,5,2026-07,2
FBJ-0041,2026-07-11,Mañana,B,Antena,AP-02,509,-69.1,11,10,156.3,39.1,3.102,1.96,5,0,0,0,1,0,16.08,1,0,5,2026-07,2
FBJ-0042,2026-07-11,Mañana,B,Antena,AP-01,176,-53.0,11,10,156.3,39.1,2.163,0.85,6,0,0,0,1,0,24.46,1,0,5,2026-07,2
FBJ-0049,2026-07-11,Mañana,B,Cable,,350,,11,10,156.3,39.1,6.383,1.3,1,0,0,0,1,0,29.46,0,0,5,2026-07,2
FBJ-0053,2026-07-11,Mañana,B,Antena,AP-01,245,-55.9,11,10,156.3,39.1,5.951,1.78,2,0,0,0,1,0,25.8,1,0,5,2026-07,2
FBJ-0054,2026-07-11,Mañana,B,Antena,AP-02,302,-59.5,11,10,156.3,39.1,4.54,1.25,6,0,0,0,1,0,29.65,1,0,5,2026-07,2
FBJ-0056,2026-07-11,Mañana,B,Antena,AP-02,549,-70.0,11,10,156.3,39.1,5.508,2.46,5,0,0,0,1,0,17.39,1,0,5,2026-07,2
FBJ-0057,2026-07-11,Mañana,B,Antena,AP-01,851,-81.4,11,10,156.3,39.1,3.464,1.21,4,1,22,0,1,0,19.55,1,0,5,2026-07,2
FBJ-0059,2026-07-11,Mañana,B,Cable,,107,,11,10,156.3,39.1,5.151,1.45,8,0,0,0,1,0,29.96,0,0,5,2026-07,2
FBJ-0060,2026-07-11,Mañana,B,Cable,,110,,11,10,156.3,39.1,5.323,1.27,1,0,0,0,1,0,35.0,0,1,5,2026-07,2
FBJ-0001,2026-07-11,Tarde,A,Antena,AP-01,625,-74.5,14,9,109.7,27.4,4.349,1.53,2,0,0,0,1,0,17.79,1,0,5,2026-07,3
FBJ-0005,2026-07-11,Tarde,A,Cable,,179,,14,9,109.7,27.4,4.654,1.1,7,0,0,0,1,0,35.0,0,1,5,2026-07,3
FBJ-0007,2026-07-11,Tarde,A,Antena,AP-02,594,-68.6,14,9,109.7,27.4,1.016,0.39,3,0,0,0,1,0,18.61,1,0,5,2026-07,3
FBJ-0009,2026-07-11,Tarde,A,Antena,AP-02,565,-72.0,14,9,109.7,27.4,1.339,0.52,5,0,0,0,1,0,17.66,1,0,5,2026-07,3
FBJ-0010,2026-07-11,Tarde,A,Antena,AP-01,482,-67.3,14,9,109.7,27.4,3.265,1.27,6,0,0,0,1,0,18.91,1,0,5,2026-07,3
FBJ-0011,2026-07-11,Tarde,A,Antena,AP-02,440,-67.1,14,9,109.7,27.4,2.779,1.25,2,0,0,0,1,0,16.71,1,0,5,2026-07,3
FBJ-0012,2026-07-11,Tarde,A,Antena,AP-01,631,-74.1,14,9,109.7,27.4,0.572,0.21,2,0,0,0,1,0,21.48,1,0,5,2026-07,3
FBJ-0013,2026-07-11,Tarde,A,Antena,AP-02,111,-56.0,14,9,109.7,27.4,5.752,1.42,3,0,0,0,1,0,29.7,1,0,5,2026-07,3
FBJ-0014,2026-07-11,Tarde,A,Antena,AP-01,319,-62.5,14,9,109.7,27.4,2.141,0.95,4,0,0,0,1,0,21.4,1,0,5,2026-07,3
FBJ-0020,2026-07-11,Tarde,A,Antena,AP-01,244,-60.1,14,9,109.7,27.4,1.3,0.58,2,0,0,0,1,0,21.61,1,0,5,2026-07,3
FBJ-0021,2026-07-11,Tarde,A,Cable,,163,,14,9,109.7,27.4,5.045,1.26,5,0,0,0,1,0,30.37,0,0,5,2026-07,3
FBJ-0022,2026-07-11,Tarde,A,Antena,AP-02,838,-82.4,14,9,109.7,27.4,2.061,1.18,3,0,0,0,1,0,17.32,1,0,5,2026-07,3
FBJ-0025,2026-07-11,Tarde,A,Antena,AP-01,575,-73.2,14,9,109.7,27.4,2.444,1.61,5,0,0,0,1,0,18.8,1,0,5,2026-07,3
FBJ-0026,2026-07-11,Tarde,A,Antena,AP-02,283,-64.0,14,9,109.7,27.4,0.857,0.52,4,0,0,0,1,0,17.69,1,0,5,2026-07,3
FBJ-0029,2026-07-11,Tarde,A,Cable,,251,,14,9,109.7,27.4,4.768,1.54,7,0,0,0,1,0,35.0,0,1,5,2026-07,3
FBJ-0030,2026-07-11,Tarde,A,Antena,AP-02,116,-54.6,14,9,109.7,27.4,3.745,1.56,3,0,0,0,1,0,22.05,1,0,5,2026-07,3
FBJ-0031,2026-07-11,Tarde,B,Cable,,202,,19,16,140.3,35.1,4.123,1.46,1,0,0,0,1,0,32.2,0,0,5,2026-07,3
FBJ-0032,2026-07-11,Tarde,B,Cable,,302,,19,16,140.3,35.1,4.487,2.11,7,0,0,0,1,0,19.92,0,0,5,2026-07,3
FBJ-0033,2026-07-11,Tarde,B,Antena,AP-01,719,-77.6,19,16,140.3,35.1,1.158,0.81,4,0,0,0,1,0,10.13,1,0,5,2026-07,3
FBJ-0036,2026-07-11,Tarde,B,Antena,AP-01,831,-77.3,19,16,140.3,35.1,3.263,1.86,6,0,0,0,1,0,11.69,1,0,5,2026-07,3
FBJ-0037,2026-07-11,Tarde,B,Cable,,205,,19,16,140.3,35.1,4.654,2.16,6,0,0,0,1,0,19.63,0,0,5,2026-07,3
FBJ-0039,2026-07-11,Tarde,B,Cable,,288,,19,16,140.3,35.1,8.111,2.45,1,1,14,0,1,0,30.58,0,0,5,2026-07,3
FBJ-0040,2026-07-11,Tarde,B,Antena,AP-01,564,-73.1,19,16,140.3,35.1,1.792,0.99,1,0,0,0,1,0,14.28,1,0,5,2026-07,3
FBJ-0041,2026-07-11,Tarde,B,Antena,AP-02,509,-69.1,19,16,140.3,35.1,1.933,1.09,6,0,0,0,1,0,11.83,1,0,5,2026-07,3
FBJ-0043,2026-07-11,Tarde,B,Cable,,318,,19,16,140.3,35.1,8.358,2.34,4,0,0,0,1,0,25.27,0,0,5,2026-07,3
FBJ-0044,2026-07-11,Tarde,B,Cable,,86,,19,16,140.3,35.1,9.646,2.68,3,0,0,0,1,0,31.95,0,0,5,2026-07,3
FBJ-0045,2026-07-11,Tarde,B,Antena,AP-02,848,-81.7,19,16,140.3,35.1,3.397,2.08,3,1,25,0,1,0,12.96,1,0,5,2026-07,3
FBJ-0047,2026-07-11,Tarde,B,Antena,AP-02,453,-71.2,19,16,140.3,35.1,2.666,1.95,6,0,0,0,1,0,13.15,1,0,5,2026-07,3
FBJ-0048,2026-07-11,Tarde,B,Antena,AP-01,721,-80.9,19,16,140.3,35.1,0.201,0.2,5,0,0,0,1,0,10.53,1,0,5,2026-07,3
FBJ-0049,2026-07-11,Tarde,B,Cable,,350,,19,16,140.3,35.1,4.628,1.6,3,0,0,0,1,0,24.35,0,0,5,2026-07,3
FBJ-0050,2026-07-11,Tarde,B,Antena,AP-02,277,-61.0,19,16,140.3,35.1,1.923,1.17,4,0,0,0,1,0,15.89,1,0,5,2026-07,3
FBJ-0051,2026-07-11,Tarde,B,Cable,,42,,19,16,140.3,35.1,8.653,2.6,6,0,0,0,1,0,22.17,0,0,5,2026-07,3
FBJ-0052,2026-07-11,Tarde,B,Cable,,288,,19,16,140.3,35.1,1.676,0.63,2,0,0,0,1,0,19.3,0,0,5,2026-07,3
FBJ-0053,2026-07-11,Tarde,B,Antena,AP-01,245,-55.9,19,16,140.3,35.1,2.023,0.82,8,0,0,0,1,0,20.53,1,0,5,2026-07,3
FBJ-0056,2026-07-11,Tarde,B,Antena,AP-02,549,-70.0,19,16,140.3,35.1,0.953,0.73,4,0,0,0,1,0,11.83,1,0,5,2026-07,3
FBJ-0057,2026-07-11,Tarde,B,Antena,AP-01,851,-81.4,19,16,140.3,35.1,1.364,1.1,3,1,9,0,1,0,12.23,1,0,5,2026-07,3
FBJ-0058,2026-07-11,Tarde,B,Antena,AP-02,308,-59.0,19,16,140.3,35.1,2.905,1.84,5,0,0,0,1,0,18.32,1,0,5,2026-07,3
FBJ-0060,2026-07-11,Tarde,B,Cable,,110,,19,16,140.3,35.1,3.514,1.85,4,0,0,0,1,0,17.81,0,0,5,2026-07,3
FBJ-0001,2026-07-11,Noche,A,Antena,AP-01,625,-74.5,21,19,216.9,54.2,3.432,3.17,2,0,0,0,1,0,10.4,1,0,5,2026-07,4
FBJ-0004,2026-07-11,Noche,A,Cable,,322,,21,19,216.9,54.2,4.55,2.31,2,0,0,0,1,0,20.09,0,0,5,2026-07,4
FBJ-0005,2026-07-11,Noche,A,Cable,,179,,21,19,216.9,54.2,5.436,2.11,3,0,0,0,1,0,24.21,0,0,5,2026-07,4
FBJ-0007,2026-07-11,Noche,A,Antena,AP-02,594,-68.6,21,19,216.9,54.2,4.033,2.7,8,0,0,0,1,0,11.9,1,0,5,2026-07,4
FBJ-0010,2026-07-11,Noche,A,Antena,AP-01,482,-67.3,21,19,216.9,54.2,1.952,1.33,8,0,0,0,1,0,11.1,1,0,5,2026-07,4
FBJ-0011,2026-07-11,Noche,A,Antena,AP-02,440,-67.1,21,19,216.9,54.2,2.139,1.21,4,0,0,0,1,0,11.89,1,0,5,2026-07,4
FBJ-0012,2026-07-11,Noche,A,Antena,AP-01,631,-74.1,21,19,216.9,54.2,3.151,3.29,5,0,0,0,1,0,8.76,1,0,5,2026-07,4
FBJ-0013,2026-07-11,Noche,A,Antena,AP-02,111,-56.0,21,19,216.9,54.2,4.462,2.33,2,0,0,0,1,0,18.84,1,0,5,2026-07,4
FBJ-0015,2026-07-11,Noche,A,Antena,AP-02,894,-83.5,21,19,216.9,54.2,1.617,1.25,5,0,0,0,1,0,10.66,1,0,5,2026-07,4
FBJ-0018,2026-07-11,Noche,A,Cable,,281,,21,19,216.9,54.2,3.231,2.11,4,0,0,0,1,0,15.83,0,0,5,2026-07,4
FBJ-0019,2026-07-11,Noche,A,Cable,,81,,21,19,216.9,54.2,3.361,1.8,3,1,23,0,1,0,18.16,0,0,5,2026-07,4
FBJ-0020,2026-07-11,Noche,A,Antena,AP-01,244,-60.1,21,19,216.9,54.2,3.236,2.6,6,0,0,0,1,0,12.41,1,0,5,2026-07,4
FBJ-0021,2026-07-11,Noche,A,Cable,,163,,21,19,216.9,54.2,6.816,2.29,3,0,0,0,1,0,21.67,0,0,5,2026-07,4
FBJ-0022,2026-07-11,Noche,A,Antena,AP-02,838,-82.4,21,19,216.9,54.2,2.946,1.93,3,2,68,0,1,0,11.41,1,0,5,2026-07,4
FBJ-0023,2026-07-11,Noche,A,Antena,AP-01,872,-78.5,21,19,216.9,54.2,2.989,2.53,8,1,22,0,1,0,10.84,1,0,5,2026-07,4
FBJ-0024,2026-07-11,Noche,A,Antena,AP-02,169,-58.3,21,19,216.9,54.2,5.064,1.81,4,0,0,0,1,0,19.38,1,0,5,2026-07,4
FBJ-0025,2026-07-11,Noche,A,Antena,AP-01,575,-73.2,21,19,216.9,54.2,2.149,3.03,5,1,28,0,1,0,6.96,1,0,5,2026-07,4
FBJ-0026,2026-07-11,Noche,A,Antena,AP-02,283,-64.0,21,19,216.9,54.2,2.116,1.47,7,0,0,0,1,0,12.6,1,0,5,2026-07,4
FBJ-0030,2026-07-11,Noche,A,Antena,AP-02,116,-54.6,21,19,216.9,54.2,5.372,2.3,6,0,0,0,1,0,23.83,1,0,5,2026-07,4
FBJ-0031,2026-07-11,Noche,B,Cable,,202,,19,13,119.4,29.9,6.322,2.14,5,0,0,0,1,0,35.0,0,1,5,2026-07,4
FBJ-0032,2026-07-11,Noche,B,Cable,,302,,19,13,119.4,29.9,11.561,3.82,2,0,0,0,1,0,26.22,0,0,5,2026-07,4
FBJ-0033,2026-07-11,Noche,B,Antena,AP-01,719,-77.6,19,13,119.4,29.9,8.35,3.24,3,0,0,0,1,0,17.48,1,0,5,2026-07,4
FBJ-0035,2026-07-11,Noche,B,Cable,,154,,19,13,119.4,29.9,6.465,1.43,8,0,0,0,1,0,33.34,0,0,5,2026-07,4
FBJ-0037,2026-07-11,Noche,B,Cable,,205,,19,13,119.4,29.9,7.38,2.13,3,0,0,0,1,0,29.39,0,0,5,2026-07,4
FBJ-0039,2026-07-11,Noche,B,Cable,,288,,19,13,119.4,29.9,14.471,3.94,5,0,0,0,1,0,35.0,0,1,5,2026-07,4
FBJ-0040,2026-07-11,Noche,B,Antena,AP-01,564,-73.1,19,13,119.4,29.9,5.686,2.68,4,0,0,0,1,0,15.69,1,0,5,2026-07,4
FBJ-0041,2026-07-11,Noche,B,Antena,AP-02,509,-69.1,19,13,119.4,29.9,4.579,2.28,6,0,0,0,1,0,14.58,1,0,5,2026-07,4
FBJ-0042,2026-07-11,Noche,B,Antena,AP-01,176,-53.0,19,13,119.4,29.9,4.264,1.21,7,1,33,0,1,0,24.78,1,0,5,2026-07,4
FBJ-0043,2026-07-11,Noche,B,Cable,,318,,19,13,119.4,29.9,9.893,2.95,4,0,0,0,1,0,23.16,0,0,5,2026-07,4
FBJ-0044,2026-07-11,Noche,B,Cable,,86,,19,13,119.4,29.9,9.86,3.53,4,0,0,0,1,0,32.19,0,0,5,2026-07,4
FBJ-0046,2026-07-11,Noche,B,Antena,AP-01,177,-50.9,19,13,119.4,29.9,3.976,1.35,5,0,0,0,1,0,21.69,1,0,5,2026-07,4
FBJ-0047,2026-07-11,Noche,B,Antena,AP-02,453,-71.2,19,13,119.4,29.9,3.42,2.01,1,0,0,0,1,0,13.05,1,0,5,2026-07,4
FBJ-0048,2026-07-11,Noche,B,Antena,AP-01,721,-80.9,19,13,119.4,29.9,5.836,2.92,2,2,72,0,1,0,15.43,1,0,5,2026-07,4
FBJ-0049,2026-07-11,Noche,B,Cable,,350,,19,13,119.4,29.9,18.437,3.6,4,0,0,0,1,0,31.87,0,0,5,2026-07,4
FBJ-0050,2026-07-11,Noche,B,Antena,AP-02,277,-61.0,19,13,119.4,29.9,5.581,2.61,3,0,0,0,1,0,23.12,1,0,5,2026-07,4
FBJ-0051,2026-07-11,Noche,B,Cable,,42,,19,13,119.4,29.9,12.396,2.37,5,0,0,0,1,0,34.59,0,0,5,2026-07,4
FBJ-0053,2026-07-11,Noche,B,Antena,AP-01,245,-55.9,19,13,119.4,29.9,9.502,1.89,7,1,39,0,1,0,29.81,1,0,5,2026-07,4
FBJ-0054,2026-07-11,Noche,B,Antena,AP-02,302,-59.5,19,13,119.4,29.9,6.575,3.2,7,0,0,0,1,0,18.16,1,0,5,2026-07,4
FBJ-0056,2026-07-11,Noche,B,Antena,AP-02,549,-70.0,19,13,119.4,29.9,4.787,2.66,7,0,0,0,1,0,11.44,1,0,5,2026-07,4
FBJ-0057,2026-07-11,Noche,B,Antena,AP-01,851,-81.4,19,13,119.4,29.9,5.156,3.16,4,0,0,0,1,0,12.8,1,0,5,2026-07,4
FBJ-0058,2026-07-11,Noche,B,Antena,AP-02,308,-59.0,19,13,119.4,29.9,6.16,2.89,4,0,0,0,1,0,22.08,1,0,5,2026-07,4
FBJ-0059,2026-07-11,Noche,B,Cable,,107,,19,13,119.4,29.9,9.416,2.62,5,0,0,0,1,0,26.89,0,0,5,2026-07,4
FBJ-0060,2026-07-11,Noche,B,Cable,,110,,19,13,119.4,29.9,3.493,0.89,2,0,0,0,1,0,30.72,0,0,5,2026-07,4
FBJ-0007,2026-07-12,Madrugada,A,Antena,AP-02,594,-68.6,1,1,27.3,6.8,5.236,1.73,2,0,0,0,1,0,20.06,1,0,6,2026-07,1
FBJ-0013,2026-07-12,Madrugada,A,Antena,AP-02,111,-56.0,1,1,27.3,6.8,2.795,1.0,3,0,0,0,1,0,29.03,1,0,6,2026-07,1
FBJ-0015,2026-07-12,Madrugada,A,Antena,AP-02,894,-83.5,1,1,27.3,6.8,0.428,0.2,6,0,0,0,1,0,18.29,1,0,6,2026-07,1
FBJ-0020,2026-07-12,Madrugada,A,Antena,AP-01,244,-60.1,1,1,27.3,6.8,6.321,1.72,4,0,0,0,1,0,23.73,1,0,6,2026-07,1
FBJ-0022,2026-07-12,Madrugada,A,Antena,AP-02,838,-82.4,1,1,27.3,6.8,7.2,1.74,3,0,0,0,1,0,27.44,1,0,6,2026-07,1
FBJ-0032,2026-07-12,Madrugada,B,Cable,,302,,3,3,11.8,3.0,4.382,1.19,1,0,0,0,1,0,35.0,0,1,6,2026-07,1
FBJ-0042,2026-07-12,Madrugada,B,Antena,AP-01,176,-53.0,3,3,11.8,3.0,1.985,0.48,6,0,0,0,1,0,27.91,1,0,6,2026-07,1
FBJ-0044,2026-07-12,Madrugada,B,Cable,,86,,3,3,11.8,3.0,4.642,1.04,5,1,35,0,1,0,34.98,0,1,6,2026-07,1
FBJ-0049,2026-07-12,Madrugada,B,Cable,,350,,3,3,11.8,3.0,1.147,0.2,6,0,0,0,1,0,34.46,0,0,6,2026-07,1
FBJ-0050,2026-07-12,Madrugada,B,Antena,AP-02,277,-61.0,3,3,11.8,3.0,0.541,0.2,2,0,0,0,1,0,20.12,1,0,6,2026-07,1
FBJ-0051,2026-07-12,Madrugada,B,Cable,,42,,3,3,11.8,3.0,0.84,0.2,5,0,0,0,1,0,35.0,0,1,6,2026-07,1
FBJ-0058,2026-07-12,Madrugada,B,Antena,AP-02,308,-59.0,3,3,11.8,3.0,4.129,1.34,6,0,0,0,1,0,22.92,1,0,6,2026-07,1
FBJ-0003,2026-07-12,Mañana,A,Antena,AP-02,392,-66.0,9,5,78.5,19.6,4.007,1.94,3,1,23,0,1,0,18.05,1,0,6,2026-07,2
FBJ-0007,2026-07-12,Mañana,A,Antena,AP-02,594,-68.6,9,5,78.5,19.6,2.508,1.57,6,0,0,0,1,0,15.97,1,0,6,2026-07,2
FBJ-0015,2026-07-12,Mañana,A,Antena,AP-02,894,-83.5,9,5,78.5,19.6,2.158,1.0,5,0,0,0,1,0,18.77,1,0,6,2026-07,2
FBJ-0019,2026-07-12,Mañana,A,Cable,,81,,9,5,78.5,19.6,6.812,1.86,5,0,0,0,1,0,35.0,0,1,6,2026-07,2
FBJ-0021,2026-07-12,Mañana,A,Cable,,163,,9,5,78.5,19.6,12.316,2.52,8,0,0,0,1,0,35.0,0,1,6,2026-07,2
FBJ-0022,2026-07-12,Mañana,A,Antena,AP-02,838,-82.4,9,5,78.5,19.6,7.322,2.53,2,2,38,0,1,0,18.66,1,0,6,2026-07,2
FBJ-0030,2026-07-12,Mañana,A,Antena,AP-02,116,-54.6,9,5,78.5,19.6,4.685,1.63,6,0,0,0,1,0,35.0,1,1,6,2026-07,2
FBJ-0033,2026-07-12,Mañana,B,Antena,AP-01,719,-77.6,15,11,97.5,24.4,5.719,2.31,3,0,0,0,1,0,16.38,1,0,6,2026-07,2
FBJ-0034,2026-07-12,Mañana,B,Antena,AP-02,604,-72.2,15,11,97.5,24.4,0.419,0.2,1,0,0,0,1,0,15.67,1,0,6,2026-07,2
FBJ-0036,2026-07-12,Mañana,B,Antena,AP-01,831,-77.3,15,11,97.5,24.4,3.349,2.28,7,1,12,0,1,0,15.27,1,0,6,2026-07,2
FBJ-0041,2026-07-12,Mañana,B,Antena,AP-02,509,-69.1,15,11,97.5,24.4,2.321,1.17,4,0,0,0,1,0,15.15,1,0,6,2026-07,2
FBJ-0042,2026-07-12,Mañana,B,Antena,AP-01,176,-53.0,15,11,97.5,24.4,5.044,1.77,8,0,0,0,1,0,27.86,1,0,6,2026-07,2
FBJ-0043,2026-07-12,Mañana,B,Cable,,318,,15,11,97.5,24.4,6.201,1.93,1,0,0,0,1,0,30.98,0,0,6,2026-07,2
FBJ-0044,2026-07-12,Mañana,B,Cable,,86,,15,11,97.5,24.4,0.621,0.2,1,0,0,0,1,0,32.25,0,0,6,2026-07,2
FBJ-0048,2026-07-12,Mañana,B,Antena,AP-01,721,-80.9,15,11,97.5,24.4,1.43,0.83,7,1,26,0,1,0,15.46,1,0,6,2026-07,2
FBJ-0049,2026-07-12,Mañana,B,Cable,,350,,15,11,97.5,24.4,7.523,2.07,7,0,0,0,1,0,34.59,0,0,6,2026-07,2
FBJ-0052,2026-07-12,Mañana,B,Cable,,288,,15,11,97.5,24.4,0.814,0.2,4,0,0,0,1,0,35.0,0,1,6,2026-07,2
FBJ-0053,2026-07-12,Mañana,B,Antena,AP-01,245,-55.9,15,11,97.5,24.4,4.273,1.61,2,0,0,0,1,0,24.39,1,0,6,2026-07,2
FBJ-0058,2026-07-12,Mañana,B,Antena,AP-02,308,-59.0,15,11,97.5,24.4,5.393,2.7,6,0,0,0,1,0,22.38,1,0,6,2026-07,2
FBJ-0003,2026-07-12,Tarde,A,Antena,AP-02,392,-66.0,12,7,60.9,15.2,5.37,2.33,4,0,0,0,1,0,18.81,1,0,6,2026-07,3
FBJ-0004,2026-07-12,Tarde,A,Cable,,322,,12,7,60.9,15.2,2.488,0.93,2,0,0,0,1,0,28.45,0,0,6,2026-07,3
FBJ-0005,2026-07-12,Tarde,A,Cable,,179,,12,7,60.9,15.2,2.636,0.84,2,0,0,0,1,0,28.41,0,0,6,2026-07,3
FBJ-0007,2026-07-12,Tarde,A,Antena,AP-02,594,-68.6,12,7,60.9,15.2,3.496,1.57,6,0,0,0,1,0,22.56,1,0,6,2026-07,3
FBJ-0009,2026-07-12,Tarde,A,Antena,AP-02,565,-72.0,12,7,60.9,15.2,4.601,1.9,6,0,0,0,1,0,16.59,1,0,6,2026-07,3
FBJ-0010,2026-07-12,Tarde,A,Antena,AP-01,482,-67.3,12,7,60.9,15.2,0.33,0.2,2,0,0,0,1,0,14.87,1,0,6,2026-07,3
FBJ-0011,2026-07-12,Tarde,A,Antena,AP-02,440,-67.1,12,7,60.9,15.2,2.713,0.89,2,0,0,0,1,0,22.0,1,0,6,2026-07,3
FBJ-0012,2026-07-12,Tarde,A,Antena,AP-01,631,-74.1,12,7,60.9,15.2,5.077,1.44,1,0,0,0,1,0,24.21,1,0,6,2026-07,3
FBJ-0013,2026-07-12,Tarde,A,Antena,AP-02,111,-56.0,12,7,60.9,15.2,3.129,1.13,8,0,0,0,1,0,30.99,1,0,6,2026-07,3
FBJ-0018,2026-07-12,Tarde,A,Cable,,281,,12,7,60.9,15.2,5.904,1.82,4,0,0,0,1,0,27.15,0,0,6,2026-07,3
FBJ-0019,2026-07-12,Tarde,A,Cable,,81,,12,7,60.9,15.2,5.245,1.56,8,0,0,0,1,0,29.2,0,0,6,2026-07,3
FBJ-0020,2026-07-12,Tarde,A,Antena,AP-01,244,-60.1,12,7,60.9,15.2,8.747,2.09,1,0,0,0,1,0,28.0,1,0,6,2026-07,3
FBJ-0021,2026-07-12,Tarde,A,Cable,,163,,12,7,60.9,15.2,3.201,0.87,1,0,0,0,1,0,35.0,0,1,6,2026-07,3
FBJ-0022,2026-07-12,Tarde,A,Antena,AP-02,838,-82.4,12,7,60.9,15.2,0.47,0.23,8,0,0,0,1,0,13.85,1,0,6,2026-07,3
FBJ-0024,2026-07-12,Tarde,A,Antena,AP-02,169,-58.3,12,7,60.9,15.2,1.597,0.41,4,0,0,0,1,0,32.93,1,0,6,2026-07,3
FBJ-0025,2026-07-12,Tarde,A,Antena,AP-01,575,-73.2,12,7,60.9,15.2,4.561,2.32,2,1,25,0,1,0,17.57,1,0,6,2026-07,3
FBJ-0027,2026-07-12,Tarde,A,Cable,,85,,12,7,60.9,15.2,5.073,1.37,6,0,0,0,1,0,35.0,0,1,6,2026-07,3
FBJ-0029,2026-07-12,Tarde,A,Cable,,251,,12,7,60.9,15.2,4.926,1.34,4,0,0,0,1,0,30.12,0,0,6,2026-07,3
FBJ-0031,2026-07-12,Tarde,B,Cable,,202,,15,11,63.3,15.8,7.068,1.76,8,0,0,0,1,0,35.0,0,1,6,2026-07,3
FBJ-0033,2026-07-12,Tarde,B,Antena,AP-01,719,-77.6,15,11,63.3,15.8,5.783,2.44,3,0,0,0,1,0,18.31,1,0,6,2026-07,3
FBJ-0034,2026-07-12,Tarde,B,Antena,AP-02,604,-72.2,15,11,63.3,15.8,5.751,2.29,7,0,0,0,1,0,17.27,1,0,6,2026-07,3
FBJ-0043,2026-07-12,Tarde,B,Cable,,318,,15,11,63.3,15.8,2.703,0.88,3,0,0,0,1,0,28.36,0,0,6,2026-07,3
FBJ-0044,2026-07-12,Tarde,B,Cable,,86,,15,11,63.3,15.8,3.723,1.06,7,1,18,0,1,0,30.66,0,0,6,2026-07,3
FBJ-0046,2026-07-12,Tarde,B,Antena,AP-01,177,-50.9,15,11,63.3,15.8,8.793,1.72,3,0,0,0,1,0,35.0,1,1,6,2026-07,3
FBJ-0047,2026-07-12,Tarde,B,Antena,AP-02,453,-71.2,15,11,63.3,15.8,1.82,1.15,3,1,38,0,1,0,16.88,1,0,6,2026-07,3
FBJ-0049,2026-07-12,Tarde,B,Cable,,350,,15,11,63.3,15.8,7.026,1.6,4,1,17,0,1,0,35.0,0,1,6,2026-07,3
FBJ-0050,2026-07-12,Tarde,B,Antena,AP-02,277,-61.0,15,11,63.3,15.8,5.192,2.02,8,0,0,0,1,0,20.69,1,0,6,2026-07,3
FBJ-0053,2026-07-12,Tarde,B,Antena,AP-01,245,-55.9,15,11,63.3,15.8,5.82,1.26,8,0,0,0,1,0,27.48,1,0,6,2026-07,3
FBJ-0054,2026-07-12,Tarde,B,Antena,AP-02,302,-59.5,15,11,63.3,15.8,2.277,1.09,8,1,28,0,1,0,20.24,1,0,6,2026-07,3
FBJ-0058,2026-07-12,Tarde,B,Antena,AP-02,308,-59.0,15,11,63.3,15.8,8.986,2.38,3,0,0,0,1,0,27.24,1,0,6,2026-07,3
FBJ-0060,2026-07-12,Tarde,B,Cable,,110,,15,11,63.3,15.8,5.045,1.29,6,0,0,0,1,0,29.62,0,0,6,2026-07,3
FBJ-0001,2026-07-12,Noche,A,Antena,AP-01,625,-74.5,22,16,136.9,34.2,5.977,3.19,5,0,0,0,1,0,14.0,1,0,6,2026-07,4
FBJ-0003,2026-07-12,Noche,A,Antena,AP-02,392,-66.0,22,16,136.9,34.2,1.707,1.03,2,0,0,0,1,0,13.97,1,0,6,2026-07,4
FBJ-0004,2026-07-12,Noche,A,Cable,,322,,22,16,136.9,34.2,5.003,1.83,6,0,0,0,1,0,30.57,0,0,6,2026-07,4
FBJ-0005,2026-07-12,Noche,A,Cable,,179,,22,16,136.9,34.2,7.116,2.31,6,0,0,0,1,0,23.08,0,0,6,2026-07,4
FBJ-0010,2026-07-12,Noche,A,Antena,AP-01,482,-67.3,22,16,136.9,34.2,2.957,1.65,5,0,0,0,1,0,13.43,1,0,6,2026-07,4
FBJ-0011,2026-07-12,Noche,A,Antena,AP-02,440,-67.1,22,16,136.9,34.2,2.131,2.08,6,0,0,0,1,0,10.16,1,0,6,2026-07,4
FBJ-0013,2026-07-12,Noche,A,Antena,AP-02,111,-56.0,22,16,136.9,34.2,4.61,1.96,7,0,0,0,1,0,20.1,1,0,6,2026-07,4
FBJ-0018,2026-07-12,Noche,A,Cable,,281,,22,16,136.9,34.2,7.663,2.74,5,0,0,0,1,0,19.85,0,0,6,2026-07,4
FBJ-0019,2026-07-12,Noche,A,Cable,,81,,22,16,136.9,34.2,5.262,2.67,7,0,0,0,1,0,19.02,0,0,6,2026-07,4
FBJ-0020,2026-07-12,Noche,A,Antena,AP-01,244,-60.1,22,16,136.9,34.2,4.404,1.94,7,0,0,0,1,0,15.58,1,0,6,2026-07,4
FBJ-0022,2026-07-12,Noche,A,Antena,AP-02,838,-82.4,22,16,136.9,34.2,4.687,2.39,7,0,0,0,1,0,12.7,1,0,6,2026-07,4
FBJ-0025,2026-07-12,Noche,A,Antena,AP-01,575,-73.2,22,16,136.9,34.2,1.769,2.1,1,0,0,0,1,0,9.03,1,0,6,2026-07,4
FBJ-0026,2026-07-12,Noche,A,Antena,AP-02,283,-64.0,22,16,136.9,34.2,4.008,2.62,8,0,0,0,1,0,12.17,1,0,6,2026-07,4
FBJ-0030,2026-07-12,Noche,A,Antena,AP-02,116,-54.6,22,16,136.9,34.2,6.232,2.0,8,0,0,0,1,0,27.6,1,0,6,2026-07,4
FBJ-0031,2026-07-12,Noche,B,Cable,,202,,17,10,48.5,12.1,7.743,2.63,5,0,0,0,1,0,35.0,0,1,6,2026-07,4
FBJ-0032,2026-07-12,Noche,B,Cable,,302,,17,10,48.5,12.1,5.312,1.29,8,0,0,0,1,0,35.0,0,1,6,2026-07,4
FBJ-0033,2026-07-12,Noche,B,Antena,AP-01,719,-77.6,17,10,48.5,12.1,7.507,2.61,6,0,0,0,1,0,18.33,1,0,6,2026-07,4
FBJ-0034,2026-07-12,Noche,B,Antena,AP-02,604,-72.2,17,10,48.5,12.1,6.793,2.53,3,0,0,0,1,0,23.93,1,0,6,2026-07,4
FBJ-0035,2026-07-12,Noche,B,Cable,,154,,17,10,48.5,12.1,12.998,3.31,3,0,0,0,1,0,35.0,0,1,6,2026-07,4
FBJ-0036,2026-07-12,Noche,B,Antena,AP-01,831,-77.3,17,10,48.5,12.1,6.542,2.65,2,0,0,0,1,0,17.55,1,0,6,2026-07,4
FBJ-0037,2026-07-12,Noche,B,Cable,,205,,17,10,48.5,12.1,4.653,1.55,7,0,0,0,1,0,35.0,0,1,6,2026-07,4
FBJ-0039,2026-07-12,Noche,B,Cable,,288,,17,10,48.5,12.1,10.451,3.24,6,0,0,0,1,0,34.51,0,0,6,2026-07,4
FBJ-0042,2026-07-12,Noche,B,Antena,AP-01,176,-53.0,17,10,48.5,12.1,7.593,2.32,5,0,0,0,1,0,29.96,1,0,6,2026-07,4
FBJ-0043,2026-07-12,Noche,B,Cable,,318,,17,10,48.5,12.1,9.025,2.2,5,0,0,0,1,0,35.0,0,1,6,2026-07,4
FBJ-0045,2026-07-12,Noche,B,Antena,AP-02,848,-81.7,17,10,48.5,12.1,4.13,2.3,4,0,0,0,1,0,17.65,1,0,6,2026-07,4
FBJ-0046,2026-07-12,Noche,B,Antena,AP-01,177,-50.9,17,10,48.5,12.1,9.476,2.64,6,1,3,0,1,0,28.36,1,0,6,2026-07,4
FBJ-0049,2026-07-12,Noche,B,Cable,,350,,17,10,48.5,12.1,7.324,1.57,1,0,0,0,1,0,35.0,0,1,6,2026-07,4
FBJ-0050,2026-07-12,Noche,B,Antena,AP-02,277,-61.0,17,10,48.5,12.1,5.863,2.4,4,0,0,0,1,0,23.84,1,0,6,2026-07,4
FBJ-0051,2026-07-12,Noche,B,Cable,,42,,17,10,48.5,12.1,18.866,3.74,4,0,0,0,1,0,33.35,0,0,6,2026-07,4
FBJ-0052,2026-07-12,Noche,B,Cable,,288,,17,10,48.5,12.1,9.842,2.32,7,0,0,0,1,0,32.51,0,0,6,2026-07,4
FBJ-0053,2026-07-12,Noche,B,Antena,AP-01,245,-55.9,17,10,48.5,12.1,10.674,2.62,3,0,0,0,1,0,24.55,1,0,6,2026-07,4
FBJ-0054,2026-07-12,Noche,B,Antena,AP-02,302,-59.5,17,10,48.5,12.1,6.947,1.67,6,0,0,0,1,0,27.23,1,0,6,2026-07,4
FBJ-0057,2026-07-12,Noche,B,Antena,AP-01,851,-81.4,17,10,48.5,12.1,4.139,2.13,6,1,19,0,1,0,19.07,1,0,6,2026-07,4
FBJ-0058,2026-07-12,Noche,B,Antena,AP-02,308,-59.0,17,10,48.5,12.1,5.371,2.93,6,0,0,0,1,0,21.1,1,0,6,2026-07,4
FBJ-0059,2026-07-12,Noche,B,Cable,,107,,17,10,48.5,12.1,8.019,3.07,7,0,0,0,1,0,26.17,0,0,6,2026-07,4
FBJ-0060,2026-07-12,Noche,B,Cable,,110,,17,10,48.5,12.1,7.726,2.21,2,0,0,0,1,0,32.9,0,0,6,2026-07,4
FBJ-0003,2026-07-13,Madrugada,A,Antena,AP-02,392,-66.0,3,2,35.5,8.9,2.444,1.0,7,0,0,0,0,0,16.32,1,0,0,2026-07,1
FBJ-0005,2026-07-13,Madrugada,A,Cable,,179,,3,2,35.5,8.9,7.875,1.94,5,0,0,0,0,0,35.0,0,1,0,2026-07,1
FBJ-0024,2026-07-13,Madrugada,A,Antena,AP-02,169,-58.3,3,2,35.5,8.9,5.448,1.52,4,0,0,0,0,0,29.24,1,0,0,2026-07,1
FBJ-0035,2026-07-13,Madrugada,B,Cable,,154,,8,6,68.6,17.2,9.263,2.05,8,0,0,0,0,0,35.0,0,1,0,2026-07,1
FBJ-0036,2026-07-13,Madrugada,B,Antena,AP-01,831,-77.3,8,6,68.6,17.2,1.042,0.47,4,0,0,0,0,0,15.72,1,0,0,2026-07,1
FBJ-0060,2026-07-13,Madrugada,B,Cable,,110,,8,6,68.6,17.2,8.181,2.4,4,0,0,0,0,0,32.08,0,0,0,2026-07,1
FBJ-0003,2026-07-13,Mañana,A,Antena,AP-02,392,-66.0,11,9,111.1,27.8,3.816,1.7,6,0,0,0,0,0,21.7,1,0,0,2026-07,2
FBJ-0004,2026-07-13,Mañana,A,Cable,,322,,11,9,111.1,27.8,5.662,1.85,4,0,0,0,0,0,35.0,0,1,0,2026-07,2
FBJ-0005,2026-07-13,Mañana,A,Cable,,179,,11,9,111.1,27.8,6.201,1.52,2,0,0,0,0,0,35.0,0,1,0,2026-07,2
FBJ-0007,2026-07-13,Mañana,A,Antena,AP-02,594,-68.6,11,9,111.1,27.8,3.945,2.12,8,0,0,0,0,0,14.17,1,0,0,2026-07,2
FBJ-0013,2026-07-13,Mañana,A,Antena,AP-02,111,-56.0,11,9,111.1,27.8,1.982,0.63,3,1,28,0,0,0,25.21,1,0,0,2026-07,2
FBJ-0015,2026-07-13,Mañana,A,Antena,AP-02,894,-83.5,11,9,111.1,27.8,0.382,0.2,3,2,60,0,0,0,16.3,1,0,0,2026-07,2
FBJ-0021,2026-07-13,Mañana,A,Cable,,163,,11,9,111.1,27.8,8.075,2.8,7,0,0,0,0,0,30.01,0,0,0,2026-07,2
FBJ-0024,2026-07-13,Mañana,A,Antena,AP-02,169,-58.3,11,9,111.1,27.8,2.031,0.74,3,0,0,0,0,0,27.97,1,0,0,2026-07,2
FBJ-0027,2026-07-13,Mañana,A,Cable,,85,,11,9,111.1,27.8,10.174,2.76,3,0,0,0,0,0,32.65,0,0,0,2026-07,2
FBJ-0030,2026-07-13,Mañana,A,Antena,AP-02,116,-54.6,11,9,111.1,27.8,2.338,0.7,6,0,0,0,0,0,28.97,1,0,0,2026-07,2
FBJ-0034,2026-07-13,Mañana,B,Antena,AP-02,604,-72.2,8,6,73.6,18.4,2.968,1.0,3,0,0,0,0,0,18.98,1,0,0,2026-07,2
FBJ-0036,2026-07-13,Mañana,B,Antena,AP-01,831,-77.3,8,6,73.6,18.4,4.943,1.62,1,0,0,0,0,0,20.93,1,0,0,2026-07,2
FBJ-0042,2026-07-13,Mañana,B,Antena,AP-01,176,-53.0,8,6,73.6,18.4,7.681,2.63,3,1,8,0,0,0,22.27,1,0,0,2026-07,2
FBJ-0044,2026-07-13,Mañana,B,Cable,,86,,8,6,73.6,18.4,6.782,1.96,1,0,0,0,0,0,35.0,0,1,0,2026-07,2
FBJ-0045,2026-07-13,Mañana,B,Antena,AP-02,848,-81.7,8,6,73.6,18.4,6.028,1.81,6,1,3,0,0,0,21.46,1,0,0,2026-07,2
FBJ-0047,2026-07-13,Mañana,B,Antena,AP-02,453,-71.2,8,6,73.6,18.4,3.752,1.7,5,0,0,0,0,0,20.75,1,0,0,2026-07,2
FBJ-0050,2026-07-13,Mañana,B,Antena,AP-02,277,-61.0,8,6,73.6,18.4,2.799,1.07,3,0,0,0,0,0,23.03,1,0,0,2026-07,2
FBJ-0052,2026-07-13,Mañana,B,Cable,,288,,8,6,73.6,18.4,6.857,2.03,2,1,28,0,0,0,28.5,0,0,0,2026-07,2
FBJ-0054,2026-07-13,Mañana,B,Antena,AP-02,302,-59.5,8,6,73.6,18.4,3.713,1.27,6,0,0,0,0,0,26.42,1,0,0,2026-07,2
FBJ-0056,2026-07-13,Mañana,B,Antena,AP-02,549,-70.0,8,6,73.6,18.4,6.908,2.8,2,0,0,0,0,0,15.38,1,0,0,2026-07,2
FBJ-0059,2026-07-13,Mañana,B,Cable,,107,,8,6,73.6,18.4,5.771,1.77,4,0,0,0,0,0,26.35,0,0,0,2026-07,2
FBJ-0060,2026-07-13,Mañana,B,Cable,,110,,8,6,73.6,18.4,2.378,0.69,6,0,0,0,0,0,25.15,0,0,0,2026-07,2
FBJ-0004,2026-07-13,Tarde,A,Cable,,322,,13,10,130.4,32.6,8.695,1.98,3,0,0,0,0,0,35.0,0,1,0,2026-07,3
FBJ-0009,2026-07-13,Tarde,A,Antena,AP-02,565,-72.0,13,10,130.4,32.6,3.415,2.0,4,0,0,0,0,0,13.61,1,0,0,2026-07,3
FBJ-0013,2026-07-13,Tarde,A,Antena,AP-02,111,-56.0,13,10,130.4,32.6,5.109,1.4,7,0,0,0,0,0,26.46,1,0,0,2026-07,3
FBJ-0014,2026-07-13,Tarde,A,Antena,AP-01,319,-62.5,13,10,130.4,32.6,4.352,1.88,6,0,0,0,0,0,22.94,1,0,0,2026-07,3
FBJ-0018,2026-07-13,Tarde,A,Cable,,281,,13,10,130.4,32.6,3.384,1.02,7,0,0,0,0,0,30.54,0,0,0,2026-07,3
FBJ-0019,2026-07-13,Tarde,A,Cable,,81,,13,10,130.4,32.6,6.614,1.39,4,0,0,0,0,0,35.0,0,1,0,2026-07,3
FBJ-0020,2026-07-13,Tarde,A,Antena,AP-01,244,-60.1,13,10,130.4,32.6,0.511,0.2,2,0,0,0,0,0,21.08,1,0,0,2026-07,3
FBJ-0021,2026-07-13,Tarde,A,Cable,,163,,13,10,130.4,32.6,2.586,0.81,8,0,0,0,0,0,35.0,0,1,0,2026-07,3
FBJ-0022,2026-07-13,Tarde,A,Antena,AP-02,838,-82.4,13,10,130.4,32.6,2.288,1.09,8,1,6,0,0,0,16.07,1,0,0,2026-07,3
FBJ-0024,2026-07-13,Tarde,A,Antena,AP-02,169,-58.3,13,10,130.4,32.6,0.565,0.2,6,0,0,0,0,0,25.03,1,0,0,2026-07,3
FBJ-0026,2026-07-13,Tarde,A,Antena,AP-02,283,-64.0,13,10,130.4,32.6,3.967,2.09,6,1,35,0,0,0,18.85,1,0,0,2026-07,3
FBJ-0027,2026-07-13,Tarde,A,Cable,,85,,13,10,130.4,32.6,6.005,1.51,4,0,0,0,0,0,34.28,0,0,0,2026-07,3
FBJ-0029,2026-07-13,Tarde,A,Cable,,251,,13,10,130.4,32.6,5.794,1.94,6,0,0,0,0,0,34.08,0,0,0,2026-07,3
FBJ-0030,2026-07-13,Tarde,A,Antena,AP-02,116,-54.6,13,10,130.4,32.6,6.611,1.59,5,0,0,0,0,0,34.45,1,0,0,2026-07,3
FBJ-0031,2026-07-13,Tarde,B,Cable,,202,,14,10,59.6,14.9,4.25,1.3,6,0,0,0,0,0,35.0,0,1,0,2026-07,3
FBJ-0032,2026-07-13,Tarde,B,Cable,,302,,14,10,59.6,14.9,3.988,1.27,7,0,0,0,0,0,35.0,0,1,0,2026-07,3
FBJ-0035,2026-07-13,Tarde,B,Cable,,154,,14,10,59.6,14.9,4.759,1.76,1,0,0,0,0,0,29.43,0,0,0,2026-07,3
FBJ-0037,2026-07-13,Tarde,B,Cable,,205,,14,10,59.6,14.9,4.886,1.38,7,0,0,0,0,0,30.75,0,0,0,2026-07,3
FBJ-0039,2026-07-13,Tarde,B,Cable,,288,,14,10,59.6,14.9,0.979,0.27,6,0,0,0,0,0,31.95,0,0,0,2026-07,3
FBJ-0040,2026-07-13,Tarde,B,Antena,AP-01,564,-73.1,14,10,59.6,14.9,1.952,1.06,1,0,0,0,0,0,19.86,1,0,0,2026-07,3
FBJ-0041,2026-07-13,Tarde,B,Antena,AP-02,509,-69.1,14,10,59.6,14.9,3.132,1.22,7,0,0,0,0,0,17.53,1,0,0,2026-07,3
FBJ-0042,2026-07-13,Tarde,B,Antena,AP-01,176,-53.0,14,10,59.6,14.9,5.694,1.82,7,0,0,0,0,0,28.66,1,0,0,2026-07,3
FBJ-0043,2026-07-13,Tarde,B,Cable,,318,,14,10,59.6,14.9,8.537,2.37,1,0,0,0,0,0,35.0,0,1,0,2026-07,3
FBJ-0046,2026-07-13,Tarde,B,Antena,AP-01,177,-50.9,14,10,59.6,14.9,8.122,2.13,1,0,0,0,0,0,35.0,1,1,0,2026-07,3
FBJ-0047,2026-07-13,Tarde,B,Antena,AP-02,453,-71.2,14,10,59.6,14.9,1.74,1.1,4,0,0,0,0,0,14.76,1,0,0,2026-07,3
FBJ-0048,2026-07-13,Tarde,B,Antena,AP-01,721,-80.9,14,10,59.6,14.9,5.605,3.03,6,1,25,0,0,0,19.69,1,0,0,2026-07,3
FBJ-0051,2026-07-13,Tarde,B,Cable,,42,,14,10,59.6,14.9,4.263,1.22,4,0,0,0,0,0,28.56,0,0,0,2026-07,3
FBJ-0052,2026-07-13,Tarde,B,Cable,,288,,14,10,59.6,14.9,5.675,1.38,1,0,0,0,0,0,35.0,0,1,0,2026-07,3
FBJ-0053,2026-07-13,Tarde,B,Antena,AP-01,245,-55.9,14,10,59.6,14.9,3.562,1.01,2,0,0,0,0,0,25.58,1,0,0,2026-07,3
FBJ-0056,2026-07-13,Tarde,B,Antena,AP-02,549,-70.0,14,10,59.6,14.9,0.366,0.2,3,0,0,0,0,0,11.87,1,0,0,2026-07,3
FBJ-0058,2026-07-13,Tarde,B,Antena,AP-02,308,-59.0,14,10,59.6,14.9,3.076,1.05,2,0,0,0,0,0,23.62,1,0,0,2026-07,3
FBJ-0001,2026-07-13,Noche,A,Antena,AP-01,625,-74.5,14,10,112.5,28.1,5.547,2.92,4,0,0,0,0,0,17.85,1,0,0,2026-07,4
FBJ-0003,2026-07-13,Noche,A,Antena,AP-02,392,-66.0,14,10,112.5,28.1,4.781,1.88,8,0,0,0,0,0,19.5,1,0,0,2026-07,4
FBJ-0009,2026-07-13,Noche,A,Antena,AP-02,565,-72.0,14,10,112.5,28.1,3.422,2.6,5,0,0,0,0,0,14.28,1,0,0,2026-07,4
FBJ-0010,2026-07-13,Noche,A,Antena,AP-01,482,-67.3,14,10,112.5,28.1,5.694,1.72,4,1,6,0,0,0,22.42,1,0,0,2026-07,4
FBJ-0014,2026-07-13,Noche,A,Antena,AP-01,319,-62.5,14,10,112.5,28.1,2.863,0.86,7,0,0,0,0,0,22.6,1,0,0,2026-07,4
FBJ-0015,2026-07-13,Noche,A,Antena,AP-02,894,-83.5,14,10,112.5,28.1,7.218,2.65,6,0,0,0,0,0,21.56,1,0,0,2026-07,4
FBJ-0018,2026-07-13,Noche,A,Cable,,281,,14,10,112.5,28.1,17.585,3.21,6,0,0,0,0,0,35.0,0,1,0,2026-07,4
FBJ-0019,2026-07-13,Noche,A,Cable,,81,,14,10,112.5,28.1,14.18,2.83,6,0,0,0,0,0,34.29,0,0,0,2026-07,4
FBJ-0020,2026-07-13,Noche,A,Antena,AP-01,244,-60.1,14,10,112.5,28.1,3.118,1.77,2,0,0,0,0,0,18.12,1,0,0,2026-07,4
FBJ-0022,2026-07-13,Noche,A,Antena,AP-02,838,-82.4,14,10,112.5,28.1,6.611,2.4,4,0,0,0,0,0,16.95,1,0,0,2026-07,4
FBJ-0023,2026-07-13,Noche,A,Antena,AP-01,872,-78.5,14,10,112.5,28.1,6.56,2.83,7,1,24,0,0,0,20.53,1,0,0,2026-07,4
FBJ-0024,2026-07-13,Noche,A,Antena,AP-02,169,-58.3,14,10,112.5,28.1,4.392,1.91,2,1,38,0,0,0,22.48,1,0,0,2026-07,4
FBJ-0025,2026-07-13,Noche,A,Antena,AP-01,575,-73.2,14,10,112.5,28.1,5.482,2.28,4,0,0,0,0,0,21.77,1,0,0,2026-07,4
FBJ-0026,2026-07-13,Noche,A,Antena,AP-02,283,-64.0,14,10,112.5,28.1,3.048,1.43,4,0,0,0,0,0,17.37,1,0,0,2026-07,4
FBJ-0027,2026-07-13,Noche,A,Cable,,85,,14,10,112.5,28.1,5.342,1.4,2,0,0,0,0,0,35.0,0,1,0,2026-07,4
FBJ-0029,2026-07-13,Noche,A,Cable,,251,,14,10,112.5,28.1,4.986,1.26,2,0,0,0,0,0,31.83,0,0,0,2026-07,4
FBJ-0030,2026-07-13,Noche,A,Antena,AP-02,116,-54.6,14,10,112.5,28.1,6.691,1.89,8,0,0,0,0,0,27.4,1,0,0,2026-07,4
FBJ-0031,2026-07-13,Noche,B,Cable,,202,,18,13,101.5,25.4,9.956,2.71,2,0,0,0,0,0,31.05,0,0,0,2026-07,4
FBJ-0034,2026-07-13,Noche,B,Antena,AP-02,604,-72.2,18,13,101.5,25.4,2.639,1.89,2,0,0,0,0,0,13.86,1,0,0,2026-07,4
FBJ-0039,2026-07-13,Noche,B,Cable,,288,,18,13,101.5,25.4,12.324,3.48,5,0,0,0,0,0,26.93,0,0,0,2026-07,4
FBJ-0040,2026-07-13,Noche,B,Antena,AP-01,564,-73.1,18,13,101.5,25.4,3.761,2.0,8,0,0,0,0,0,14.17,1,0,0,2026-07,4
FBJ-0042,2026-07-13,Noche,B,Antena,AP-01,176,-53.0,18,13,101.5,25.4,7.196,2.92,7,0,0,0,0,0,25.12,1,0,0,2026-07,4
FBJ-0044,2026-07-13,Noche,B,Cable,,86,,18,13,101.5,25.4,10.291,3.32,8,0,0,0,0,0,30.45,0,0,0,2026-07,4
FBJ-0045,2026-07-13,Noche,B,Antena,AP-02,848,-81.7,18,13,101.5,25.4,4.194,1.96,8,1,19,0,0,0,17.31,1,0,0,2026-07,4
FBJ-0046,2026-07-13,Noche,B,Antena,AP-01,177,-50.9,18,13,101.5,25.4,9.629,2.18,2,0,0,0,0,0,27.97,1,0,0,2026-07,4
FBJ-0049,2026-07-13,Noche,B,Cable,,350,,18,13,101.5,25.4,8.581,1.89,6,0,0,0,0,0,30.77,0,0,0,2026-07,4
FBJ-0051,2026-07-13,Noche,B,Cable,,42,,18,13,101.5,25.4,14.027,3.91,3,0,0,0,0,0,31.86,0,0,0,2026-07,4
FBJ-0056,2026-07-13,Noche,B,Antena,AP-02,549,-70.0,18,13,101.5,25.4,1.851,1.12,4,0,0,0,0,0,11.92,1,0,0,2026-07,4
FBJ-0057,2026-07-13,Noche,B,Antena,AP-01,851,-81.4,18,13,101.5,25.4,2.146,1.33,3,0,0,0,0,0,16.05,1,0,0,2026-07,4
FBJ-0059,2026-07-13,Noche,B,Cable,,107,,18,13,101.5,25.4,12.278,2.7,1,1,5,0,0,0,32.37,0,0,0,2026-07,4
FBJ-0013,2026-07-14,Madrugada,A,Antena,AP-02,111,-56.0,5,4,64.7,16.2,6.273,1.72,6,0,0,0,0,0,28.27,1,0,1,2026-07,1
FBJ-0024,2026-07-14,Madrugada,A,Antena,AP-02,169,-58.3,5,4,64.7,16.2,2.748,0.87,7,1,16,0,0,0,21.86,1,0,1,2026-07,1
FBJ-0035,2026-07-14,Madrugada,B,Cable,,154,,1,1,5.9,1.5,4.707,1.87,7,0,0,0,0,0,26.1,0,0,1,2026-07,1
FBJ-0036,2026-07-14,Madrugada,B,Antena,AP-01,831,-77.3,1,1,5.9,1.5,0.723,0.26,4,0,0,0,0,0,20.08,1,0,1,2026-07,1
FBJ-0040,2026-07-14,Madrugada,B,Antena,AP-01,564,-73.1,1,1,5.9,1.5,1.813,0.95,8,1,24,0,0,0,16.52,1,0,1,2026-07,1
FBJ-0049,2026-07-14,Madrugada,B,Cable,,350,,1,1,5.9,1.5,4.228,1.21,3,0,0,0,0,0,27.4,0,0,1,2026-07,1
FBJ-0051,2026-07-14,Madrugada,B,Cable,,42,,1,1,5.9,1.5,5.299,1.34,5,0,0,0,0,0,35.0,0,1,1,2026-07,1
FBJ-0003,2026-07-14,Mañana,A,Antena,AP-02,392,-66.0,8,6,84.5,21.1,3.393,1.47,8,0,0,0,0,0,14.54,1,0,1,2026-07,2
FBJ-0005,2026-07-14,Mañana,A,Cable,,179,,8,6,84.5,21.1,7.937,1.73,3,0,0,0,0,0,35.0,0,1,1,2026-07,2
FBJ-0009,2026-07-14,Mañana,A,Antena,AP-02,565,-72.0,8,6,84.5,21.1,4.557,3.11,1,0,0,0,0,0,15.59,1,0,1,2026-07,2
FBJ-0011,2026-07-14,Mañana,A,Antena,AP-02,440,-67.1,8,6,84.5,21.1,3.608,1.59,8,1,10,0,0,0,17.13,1,0,1,2026-07,2
FBJ-0015,2026-07-14,Mañana,A,Antena,AP-02,894,-83.5,8,6,84.5,21.1,4.12,1.94,3,0,0,0,0,0,24.57,1,0,1,2026-07,2
FBJ-0018,2026-07-14,Mañana,A,Cable,,281,,8,6,84.5,21.1,9.846,2.78,3,0,0,0,0,0,34.57,0,0,1,2026-07,2
FBJ-0019,2026-07-14,Mañana,A,Cable,,81,,8,6,84.5,21.1,6.008,2.16,5,0,0,0,0,0,30.26,0,0,1,2026-07,2
FBJ-0020,2026-07-14,Mañana,A,Antena,AP-01,244,-60.1,8,6,84.5,21.1,6.966,2.05,6,0,0,0,0,0,23.2,1,0,1,2026-07,2
FBJ-0023,2026-07-14,Mañana,A,Antena,AP-01,872,-78.5,8,6,84.5,21.1,3.786,2.07,3,1,11,0,0,0,17.18,1,0,1,2026-07,2
FBJ-0031,2026-07-14,Mañana,B,Cable,,202,,8,4,68.9,17.2,2.193,0.88,6,0,0,0,0,0,29.87,0,0,1,2026-07,2
FBJ-0032,2026-07-14,Mañana,B,Cable,,302,,8,4,68.9,17.2,7.936,2.1,1,0,0,0,0,0,35.0,0,1,1,2026-07,2
FBJ-0034,2026-07-14,Mañana,B,Antena,AP-02,604,-72.2,8,4,68.9,17.2,3.139,1.39,6,0,0,0,0,0,18.49,1,0,1,2026-07,2
FBJ-0035,2026-07-14,Mañana,B,Cable,,154,,8,4,68.9,17.2,1.312,0.36,1,0,0,0,0,0,28.94,0,0,1,2026-07,2
FBJ-0042,2026-07-14,Mañana,B,Antena,AP-01,176,-53.0,8,4,68.9,17.2,5.899,1.75,8,0,0,0,0,0,21.77,1,0,1,2026-07,2
FBJ-0044,2026-07-14,Mañana,B,Cable,,86,,8,4,68.9,17.2,10.038,3.01,8,0,0,0,0,0,35.0,0,1,1,2026-07,2
FBJ-0049,2026-07-14,Mañana,B,Cable,,350,,8,4,68.9,17.2,8.681,1.71,6,0,0,0,0,0,35.0,0,1,1,2026-07,2
FBJ-0050,2026-07-14,Mañana,B,Antena,AP-02,277,-61.0,8,4,68.9,17.2,4.903,1.74,6,0,0,0,0,0,22.02,1,0,1,2026-07,2
FBJ-0051,2026-07-14,Mañana,B,Cable,,42,,8,4,68.9,17.2,5.095,1.17,2,0,0,0,0,0,30.97,0,0,1,2026-07,2
FBJ-0052,2026-07-14,Mañana,B,Cable,,288,,8,4,68.9,17.2,5.759,1.79,1,0,0,0,0,0,33.13,0,0,1,2026-07,2
FBJ-0053,2026-07-14,Mañana,B,Antena,AP-01,245,-55.9,8,4,68.9,17.2,4.668,1.45,4,0,0,0,0,0,27.51,1,0,1,2026-07,2
FBJ-0057,2026-07-14,Mañana,B,Antena,AP-01,851,-81.4,8,4,68.9,17.2,3.921,1.85,4,1,31,0,0,0,20.06,1,0,1,2026-07,2
FBJ-0058,2026-07-14,Mañana,B,Antena,AP-02,308,-59.0,8,4,68.9,17.2,6.683,2.21,3,0,0,0,0,0,26.5,1,0,1,2026-07,2
FBJ-0059,2026-07-14,Mañana,B,Cable,,107,,8,4,68.9,17.2,7.559,2.03,6,0,0,0,0,0,30.26,0,0,1,2026-07,2
FBJ-0060,2026-07-14,Mañana,B,Cable,,110,,8,4,68.9,17.2,9.32,2.21,8,0,0,0,0,0,35.0,0,1,1,2026-07,2
FBJ-0007,2026-07-14,Tarde,A,Antena,AP-02,594,-68.6,16,14,195.1,48.8,1.511,0.68,8,0,0,0,0,0,15.63,1,0,1,2026-07,3
FBJ-0011,2026-07-14,Tarde,A,Antena,AP-02,440,-67.1,16,14,195.1,48.8,5.2,1.74,2,0,0,0,0,0,19.89,1,0,1,2026-07,3
FBJ-0018,2026-07-14,Tarde,A,Cable,,281,,16,14,195.1,48.8,8.87,1.74,5,0,0,0,0,0,34.7,0,0,1,2026-07,3
FBJ-0019,2026-07-14,Tarde,A,Cable,,81,,16,14,195.1,48.8,3.977,1.4,8,0,0,0,0,0,30.65,0,0,1,2026-07,3
FBJ-0022,2026-07-14,Tarde,A,Antena,AP-02,838,-82.4,16,14,195.1,48.8,4.427,2.37,7,0,0,0,0,0,14.67,1,0,1,2026-07,3
FBJ-0023,2026-07-14,Tarde,A,Antena,AP-01,872,-78.5,16,14,195.1,48.8,2.016,1.24,2,0,0,0,0,0,17.57,1,0,1,2026-07,3
FBJ-0026,2026-07-14,Tarde,A,Antena,AP-02,283,-64.0,16,14,195.1,48.8,0.438,0.2,7,0,0,0,0,0,17.69,1,0,1,2026-07,3
FBJ-0031,2026-07-14,Tarde,B,Cable,,202,,11,9,71.8,18.0,7.633,1.82,3,0,0,0,0,0,33.37,0,0,1,2026-07,3
FBJ-0032,2026-07-14,Tarde,B,Cable,,302,,11,9,71.8,18.0,2.436,0.53,2,0,0,0,0,0,35.0,0,1,1,2026-07,3
FBJ-0033,2026-07-14,Tarde,B,Antena,AP-01,719,-77.6,11,9,71.8,18.0,1.643,1.15,4,0,0,0,0,0,13.7,1,0,1,2026-07,3
FBJ-0034,2026-07-14,Tarde,B,Antena,AP-02,604,-72.2,11,9,71.8,18.0,1.603,1.04,5,0,0,0,0,0,15.31,1,0,1,2026-07,3
FBJ-0035,2026-07-14,Tarde,B,Cable,,154,,11,9,71.8,18.0,6.356,1.82,4,0,0,0,0,0,30.07,0,0,1,2026-07,3
FBJ-0036,2026-07-14,Tarde,B,Antena,AP-01,831,-77.3,11,9,71.8,18.0,1.619,0.57,6,0,0,0,0,0,18.02,1,0,1,2026-07,3
FBJ-0040,2026-07-14,Tarde,B,Antena,AP-01,564,-73.1,11,9,71.8,18.0,2.115,1.38,2,0,0,0,0,0,11.24,1,0,1,2026-07,3
FBJ-0042,2026-07-14,Tarde,B,Antena,AP-01,176,-53.0,11,9,71.8,18.0,4.012,1.08,6,0,0,0,0,0,29.93,1,0,1,2026-07,3
FBJ-0047,2026-07-14,Tarde,B,Antena,AP-02,453,-71.2,11,9,71.8,18.0,2.549,0.95,4,0,0,0,0,0,19.95,1,0,1,2026-07,3
FBJ-0049,2026-07-14,Tarde,B,Cable,,350,,11,9,71.8,18.0,4.487,0.81,4,0,0,0,0,0,35.0,0,1,1,2026-07,3
FBJ-0054,2026-07-14,Tarde,B,Antena,AP-02,302,-59.5,11,9,71.8,18.0,12.614,3.72,3,0,0,0,0,0,22.7,1,0,1,2026-07,3
FBJ-0059,2026-07-14,Tarde,B,Cable,,107,,11,9,71.8,18.0,3.787,1.57,7,0,0,0,0,0,25.1,0,0,1,2026-07,3
FBJ-0060,2026-07-14,Tarde,B,Cable,,110,,11,9,71.8,18.0,13.481,3.29,1,0,0,0,0,0,35.0,0,1,1,2026-07,3
FBJ-0004,2026-07-14,Noche,A,Cable,,322,,13,11,101.9,25.5,5.612,1.69,4,0,0,0,0,0,31.68,0,0,1,2026-07,4
FBJ-0005,2026-07-14,Noche,A,Cable,,179,,13,11,101.9,25.5,9.622,2.12,4,0,0,0,0,0,33.53,0,0,1,2026-07,4
FBJ-0007,2026-07-14,Noche,A,Antena,AP-02,594,-68.6,13,11,101.9,25.5,1.872,1.06,2,1,37,0,0,0,15.99,1,0,1,2026-07,4
FBJ-0009,2026-07-14,Noche,A,Antena,AP-02,565,-72.0,13,11,101.9,25.5,5.848,2.84,6,0,0,0,0,0,14.42,1,0,1,2026-07,4
FBJ-0012,2026-07-14,Noche,A,Antena,AP-01,631,-74.1,13,11,101.9,25.5,2.847,2.11,4,0,0,0,0,0,11.65,1,0,1,2026-07,4
FBJ-0014,2026-07-14,Noche,A,Antena,AP-01,319,-62.5,13,11,101.9,25.5,7.562,2.43,3,1,13,0,0,0,21.5,1,0,1,2026-07,4
FBJ-0020,2026-07-14,Noche,A,Antena,AP-01,244,-60.1,13,11,101.9,25.5,3.725,1.07,5,0,0,0,0,0,24.06,1,0,1,2026-07,4
FBJ-0021,2026-07-14,Noche,A,Cable,,163,,13,11,101.9,25.5,12.024,2.42,2,0,0,0,0,0,35.0,0,1,1,2026-07,4
FBJ-0023,2026-07-14,Noche,A,Antena,AP-01,872,-78.5,13,11,101.9,25.5,5.329,2.85,2,0,0,0,0,0,18.73,1,0,1,2026-07,4
FBJ-0024,2026-07-14,Noche,A,Antena,AP-02,169,-58.3,13,11,101.9,25.5,6.346,1.71,3,0,0,0,0,0,29.11,1,0,1,2026-07,4
FBJ-0029,2026-07-14,Noche,A,Cable,,251,,13,11,101.9,25.5,6.221,1.54,6,0,0,0,0,0,35.0,0,1,1,2026-07,4
FBJ-0031,2026-07-14,Noche,B,Cable,,202,,13,8,58.1,14.5,14.177,3.61,8,1,11,0,0,0,35.0,0,1,1,2026-07,4
FBJ-0032,2026-07-14,Noche,B,Cable,,302,,13,8,58.1,14.5,13.301,3.9,6,0,0,0,0,0,35.0,0,1,1,2026-07,4
FBJ-0033,2026-07-14,Noche,B,Antena,AP-01,719,-77.6,13,8,58.1,14.5,4.033,1.88,4,0,0,0,0,0,18.91,1,0,1,2026-07,4
FBJ-0034,2026-07-14,Noche,B,Antena,AP-02,604,-72.2,13,8,58.1,14.5,8.958,3.02,7,0,0,0,0,0,18.9,1,0,1,2026-07,4
FBJ-0035,2026-07-14,Noche,B,Cable,,154,,13,8,58.1,14.5,12.324,3.4,3,1,32,0,0,0,33.03,0,0,1,2026-07,4
FBJ-0036,2026-07-14,Noche,B,Antena,AP-01,831,-77.3,13,8,58.1,14.5,3.836,1.62,4,0,0,0,0,0,17.48,1,0,1,2026-07,4
FBJ-0039,2026-07-14,Noche,B,Cable,,288,,13,8,58.1,14.5,10.574,2.45,4,0,0,0,0,0,34.71,0,0,1,2026-07,4
FBJ-0040,2026-07-14,Noche,B,Antena,AP-01,564,-73.1,13,8,58.1,14.5,2.614,1.41,2,0,0,0,0,0,13.04,1,0,1,2026-07,4
FBJ-0041,2026-07-14,Noche,B,Antena,AP-02,509,-69.1,13,8,58.1,14.5,7.61,3.01,4,0,0,0,0,0,17.59,1,0,1,2026-07,4
FBJ-0042,2026-07-14,Noche,B,Antena,AP-01,176,-53.0,13,8,58.1,14.5,13.674,2.82,6,0,0,0,0,0,33.03,1,0,1,2026-07,4
FBJ-0043,2026-07-14,Noche,B,Cable,,318,,13,8,58.1,14.5,12.383,2.49,7,0,0,0,0,0,35.0,0,1,1,2026-07,4
FBJ-0045,2026-07-14,Noche,B,Antena,AP-02,848,-81.7,13,8,58.1,14.5,7.552,3.42,3,1,23,0,0,0,18.47,1,0,1,2026-07,4
FBJ-0046,2026-07-14,Noche,B,Antena,AP-01,177,-50.9,13,8,58.1,14.5,12.323,2.22,5,0,0,0,0,0,35.0,1,1,1,2026-07,4
FBJ-0047,2026-07-14,Noche,B,Antena,AP-02,453,-71.2,13,8,58.1,14.5,4.282,2.72,7,1,39,0,0,0,18.65,1,0,1,2026-07,4
FBJ-0048,2026-07-14,Noche,B,Antena,AP-01,721,-80.9,13,8,58.1,14.5,1.85,1.08,6,0,0,0,0,0,14.92,1,0,1,2026-07,4
FBJ-0051,2026-07-14,Noche,B,Cable,,42,,13,8,58.1,14.5,12.221,2.23,7,0,0,0,0,0,35.0,0,1,1,2026-07,4
FBJ-0052,2026-07-14,Noche,B,Cable,,288,,13,8,58.1,14.5,7.832,1.98,5,0,0,0,0,0,31.38,0,0,1,2026-07,4
FBJ-0053,2026-07-14,Noche,B,Antena,AP-01,245,-55.9,13,8,58.1,14.5,8.274,2.11,2,0,0,0,0,0,29.37,1,0,1,2026-07,4
FBJ-0054,2026-07-14,Noche,B,Antena,AP-02,302,-59.5,13,8,58.1,14.5,6.973,2.62,3,0,0,0,0,0,28.5,1,0,1,2026-07,4
FBJ-0056,2026-07-14,Noche,B,Antena,AP-02,549,-70.0,13,8,58.1,14.5,6.305,2.27,7,0,0,0,0,0,17.51,1,0,1,2026-07,4
FBJ-0057,2026-07-14,Noche,B,Antena,AP-01,851,-81.4,13,8,58.1,14.5,3.624,2.09,5,1,28,0,0,0,13.22,1,0,1,2026-07,4
FBJ-0058,2026-07-14,Noche,B,Antena,AP-02,308,-59.0,13,8,58.1,14.5,6.712,2.43,3,0,0,0,0,0,22.98,1,0,1,2026-07,4
FBJ-0059,2026-07-14,Noche,B,Cable,,107,,13,8,58.1,14.5,11.448,2.66,3,1,32,0,0,0,29.65,0,0,1,2026-07,4
FBJ-0004,2026-07-15,Madrugada,A,Cable,,322,,3,3,55.6,13.9,1.916,0.56,3,0,0,0,0,0,32.2,0,0,2,2026-07,1
FBJ-0010,2026-07-15,Madrugada,A,Antena,AP-01,482,-67.3,3,3,55.6,13.9,1.366,0.83,6,0,0,0,0,0,16.77,1,0,2,2026-07,1
FBJ-0012,2026-07-15,Madrugada,A,Antena,AP-01,631,-74.1,3,3,55.6,13.9,4.071,2.03,1,0,0,0,0,0,17.37,1,0,2,2026-07,1
FBJ-0014,2026-07-15,Madrugada,A,Antena,AP-01,319,-62.5,3,3,55.6,13.9,6.417,2.42,1,0,0,0,0,0,23.33,1,0,2,2026-07,1
FBJ-0018,2026-07-15,Madrugada,A,Cable,,281,,3,3,55.6,13.9,3.183,0.7,4,0,0,0,0,0,35.0,0,1,2,2026-07,1
FBJ-0005,2026-07-15,Mañana,A,Cable,,179,,9,7,99.7,24.9,3.933,0.85,6,1,31,0,0,0,35.0,0,1,2,2026-07,2
FBJ-0009,2026-07-15,Mañana,A,Antena,AP-02,565,-72.0,9,7,99.7,24.9,3.653,1.53,1,0,0,0,0,0,17.64,1,0,2,2026-07,2
FBJ-0010,2026-07-15,Mañana,A,Antena,AP-01,482,-67.3,9,7,99.7,24.9,3.784,1.4,8,0,0,0,0,0,21.45,1,0,2,2026-07,2
FBJ-0011,2026-07-15,Mañana,A,Antena,AP-02,440,-67.1,9,7,99.7,24.9,2.114,1.18,1,0,0,0,0,0,16.42,1,0,2,2026-07,2
FBJ-0014,2026-07-15,Mañana,A,Antena,AP-01,319,-62.5,9,7,99.7,24.9,1.947,0.51,8,0,0,0,0,0,30.52,1,0,2,2026-07,2
FBJ-0021,2026-07-15,Mañana,A,Cable,,163,,9,7,99.7,24.9,8.016,2.12,5,0,0,0,0,0,29.44,0,0,2,2026-07,2
FBJ-0022,2026-07-15,Mañana,A,Antena,AP-02,838,-82.4,9,7,99.7,24.9,2.646,1.34,6,2,38,0,0,0,18.79,1,0,2,2026-07,2
FBJ-0026,2026-07-15,Mañana,A,Antena,AP-02,283,-64.0,9,7,99.7,24.9,1.774,1.18,5,0,0,0,0,0,17.42,1,0,2,2026-07,2
FBJ-0033,2026-07-15,Mañana,B,Antena,AP-01,719,-77.6,11,6,40.5,10.1,2.447,0.76,4,0,0,0,0,0,19.81,1,0,2,2026-07,2
FBJ-0034,2026-07-15,Mañana,B,Antena,AP-02,604,-72.2,11,6,40.5,10.1,6.069,2.8,2,0,0,0,0,0,19.28,1,0,2,2026-07,2
FBJ-0036,2026-07-15,Mañana,B,Antena,AP-01,831,-77.3,11,6,40.5,10.1,4.768,3.26,6,0,0,0,0,0,12.8,1,0,2,2026-07,2
FBJ-0040,2026-07-15,Mañana,B,Antena,AP-01,564,-73.1,11,6,40.5,10.1,5.211,1.94,1,0,0,0,0,0,18.11,1,0,2,2026-07,2
FBJ-0041,2026-07-15,Mañana,B,Antena,AP-02,509,-69.1,11,6,40.5,10.1,5.268,2.17,4,0,0,0,0,0,18.47,1,0,2,2026-07,2
FBJ-0042,2026-07-15,Mañana,B,Antena,AP-01,176,-53.0,11,6,40.5,10.1,7.202,1.95,3,0,0,0,0,0,30.34,1,0,2,2026-07,2
FBJ-0044,2026-07-15,Mañana,B,Cable,,86,,11,6,40.5,10.1,5.624,1.98,1,0,0,0,0,0,29.61,0,0,2,2026-07,2
FBJ-0046,2026-07-15,Mañana,B,Antena,AP-01,177,-50.9,11,6,40.5,10.1,5.318,1.43,1,0,0,0,0,0,27.15,1,0,2,2026-07,2
FBJ-0050,2026-07-15,Mañana,B,Antena,AP-02,277,-61.0,11,6,40.5,10.1,8.785,2.09,1,0,0,0,0,0,29.88,1,0,2,2026-07,2
FBJ-0051,2026-07-15,Mañana,B,Cable,,42,,11,6,40.5,10.1,6.549,1.7,1,0,0,0,0,0,34.22,0,0,2,2026-07,2
FBJ-0054,2026-07-15,Mañana,B,Antena,AP-02,302,-59.5,11,6,40.5,10.1,3.807,1.52,6,0,0,0,0,0,22.83,1,0,2,2026-07,2
FBJ-0056,2026-07-15,Mañana,B,Antena,AP-02,549,-70.0,11,6,40.5,10.1,2.662,0.76,6,0,0,0,0,0,23.18,1,0,2,2026-07,2
FBJ-0001,2026-07-15,Tarde,A,Antena,AP-01,625,-74.5,12,6,57.8,14.5,2.841,1.72,1,0,0,0,0,0,12.91,1,0,2,2026-07,3
FBJ-0005,2026-07-15,Tarde,A,Cable,,179,,12,6,57.8,14.5,5.135,1.23,3,0,0,0,0,0,32.09,0,0,2,2026-07,3
FBJ-0010,2026-07-15,Tarde,A,Antena,AP-01,482,-67.3,12,6,57.8,14.5,2.877,1.31,7,0,0,0,0,0,17.67,1,0,2,2026-07,3
FBJ-0011,2026-07-15,Tarde,A,Antena,AP-02,440,-67.1,12,6,57.8,14.5,3.949,2.6,6,1,14,0,0,0,15.4,1,0,2,2026-07,3
FBJ-0012,2026-07-15,Tarde,A,Antena,AP-01,631,-74.1,12,6,57.8,14.5,4.453,2.26,4,0,0,0,0,0,14.65,1,0,2,2026-07,3
FBJ-0014,2026-07-15,Tarde,A,Antena,AP-01,319,-62.5,12,6,57.8,14.5,8.663,2.13,6,0,0,0,0,0,26.45,1,0,2,2026-07,3
FBJ-0019,2026-07-15,Tarde,A,Cable,,81,,12,6,57.8,14.5,3.358,0.84,1,0,0,0,0,0,32.89,0,0,2,2026-07,3
FBJ-0020,2026-07-15,Tarde,A,Antena,AP-01,244,-60.1,12,6,57.8,14.5,4.242,1.11,3,0,0,0,0,0,24.81,1,0,2,2026-07,3
FBJ-0021,2026-07-15,Tarde,A,Cable,,163,,12,6,57.8,14.5,4.834,1.44,2,0,0,0,0,0,35.0,0,1,2,2026-07,3
FBJ-0024,2026-07-15,Tarde,A,Antena,AP-02,169,-58.3,12,6,57.8,14.5,3.888,1.55,7,0,0,0,0,0,24.09,1,0,2,2026-07,3
FBJ-0027,2026-07-15,Tarde,A,Cable,,85,,12,6,57.8,14.5,3.732,0.8,4,0,0,0,0,0,35.0,0,1,2,2026-07,3
FBJ-0031,2026-07-15,Tarde,B,Cable,,202,,15,10,82.6,20.7,7.599,1.85,8,1,14,0,0,0,35.0,0,1,2,2026-07,3
FBJ-0033,2026-07-15,Tarde,B,Antena,AP-01,719,-77.6,15,10,82.6,20.7,2.768,1.52,4,0,0,0,0,0,16.2,1,0,2,2026-07,3
FBJ-0034,2026-07-15,Tarde,B,Antena,AP-02,604,-72.2,15,10,82.6,20.7,3.083,1.74,1,0,0,0,0,0,18.63,1,0,2,2026-07,3
FBJ-0035,2026-07-15,Tarde,B,Cable,,154,,15,10,82.6,20.7,5.928,1.37,5,0,0,0,0,0,35.0,0,1,2,2026-07,3
FBJ-0036,2026-07-15,Tarde,B,Antena,AP-01,831,-77.3,15,10,82.6,20.7,6.782,2.46,8,0,0,0,0,0,20.75,1,0,2,2026-07,3
FBJ-0037,2026-07-15,Tarde,B,Cable,,205,,15,10,82.6,20.7,0.795,0.2,5,0,0,0,0,0,33.56,0,0,2,2026-07,3
FBJ-0039,2026-07-15,Tarde,B,Cable,,288,,15,10,82.6,20.7,7.08,1.58,1,0,0,0,0,0,35.0,0,1,2,2026-07,3
FBJ-0040,2026-07-15,Tarde,B,Antena,AP-01,564,-73.1,15,10,82.6,20.7,3.624,1.86,6,0,0,0,0,0,17.18,1,0,2,2026-07,3
FBJ-0042,2026-07-15,Tarde,B,Antena,AP-01,176,-53.0,15,10,82.6,20.7,7.311,1.75,7,0,0,0,0,0,30.87,1,0,2,2026-07,3
FBJ-0043,2026-07-15,Tarde,B,Cable,,318,,15,10,82.6,20.7,6.023,1.16,3,0,0,0,0,0,35.0,0,1,2,2026-07,3
FBJ-0044,2026-07-15,Tarde,B,Cable,,86,,15,10,82.6,20.7,7.205,2.38,7,0,0,0,0,0,35.0,0,1,2,2026-07,3
FBJ-0048,2026-07-15,Tarde,B,Antena,AP-01,721,-80.9,15,10,82.6,20.7,2.122,1.22,2,0,0,0,0,0,17.12,1,0,2,2026-07,3
FBJ-0049,2026-07-15,Tarde,B,Cable,,350,,15,10,82.6,20.7,10.436,2.1,5,0,0,0,0,0,30.11,0,0,2,2026-07,3
FBJ-0053,2026-07-15,Tarde,B,Antena,AP-01,245,-55.9,15,10,82.6,20.7,4.54,1.69,8,0,0,0,0,0,25.72,1,0,2,2026-07,3
FBJ-0054,2026-07-15,Tarde,B,Antena,AP-02,302,-59.5,15,10,82.6,20.7,5.158,1.41,8,0,0,0,0,0,28.08,1,0,2,2026-07,3
FBJ-0056,2026-07-15,Tarde,B,Antena,AP-02,549,-70.0,15,10,82.6,20.7,3.936,2.01,3,1,32,0,0,0,17.21,1,0,2,2026-07,3
FBJ-0057,2026-07-15,Tarde,B,Antena,AP-01,851,-81.4,15,10,82.6,20.7,2.474,1.69,4,0,0,0,0,0,16.16,1,0,2,2026-07,3
FBJ-0058,2026-07-15,Tarde,B,Antena,AP-02,308,-59.0,15,10,82.6,20.7,0.919,0.47,2,0,0,0,0,0,23.32,1,0,2,2026-07,3
FBJ-0059,2026-07-15,Tarde,B,Cable,,107,,15,10,82.6,20.7,5.119,1.31,7,0,0,0,0,0,35.0,0,1,2,2026-07,3
FBJ-0060,2026-07-15,Tarde,B,Cable,,110,,15,10,82.6,20.7,5.794,1.79,3,0,0,0,0,0,33.89,0,0,2,2026-07,3
FBJ-0001,2026-07-15,Noche,A,Antena,AP-01,625,-74.5,13,12,100.8,25.2,4.596,2.94,2,0,0,0,0,0,14.12,1,0,2,2026-07,4
FBJ-0003,2026-07-15,Noche,A,Antena,AP-02,392,-66.0,13,12,100.8,25.2,10.113,3.47,6,0,0,0,0,0,24.63,1,0,2,2026-07,4
FBJ-0004,2026-07-15,Noche,A,Cable,,322,,13,12,100.8,25.2,11.574,3.51,4,0,0,0,0,0,32.1,0,0,2,2026-07,4
FBJ-0005,2026-07-15,Noche,A,Cable,,179,,13,12,100.8,25.2,10.953,2.76,5,1,18,0,0,0,33.8,0,0,2,2026-07,4
FBJ-0009,2026-07-15,Noche,A,Antena,AP-02,565,-72.0,13,12,100.8,25.2,4.031,1.93,7,1,22,0,0,0,15.34,1,0,2,2026-07,4
FBJ-0010,2026-07-15,Noche,A,Antena,AP-01,482,-67.3,13,12,100.8,25.2,6.492,2.91,7,0,0,0,0,0,18.32,1,0,2,2026-07,4
FBJ-0012,2026-07-15,Noche,A,Antena,AP-01,631,-74.1,13,12,100.8,25.2,6.55,3.5,5,0,0,0,0,0,15.69,1,0,2,2026-07,4
FBJ-0013,2026-07-15,Noche,A,Antena,AP-02,111,-56.0,13,12,100.8,25.2,6.953,2.62,1,0,0,0,0,0,26.85,1,0,2,2026-07,4
FBJ-0015,2026-07-15,Noche,A,Antena,AP-02,894,-83.5,13,12,100.8,25.2,4.158,2.74,4,0,0,0,0,0,15.27,1,0,2,2026-07,4
FBJ-0018,2026-07-15,Noche,A,Cable,,281,,13,12,100.8,25.2,8.212,1.5,4,0,0,0,0,0,35.0,0,1,2,2026-07,4
FBJ-0020,2026-07-15,Noche,A,Antena,AP-01,244,-60.1,13,12,100.8,25.2,7.341,4.03,2,0,0,0,0,0,18.06,1,0,2,2026-07,4
FBJ-0022,2026-07-15,Noche,A,Antena,AP-02,838,-82.4,13,12,100.8,25.2,3.92,1.84,5,0,0,0,0,0,14.42,1,0,2,2026-07,4
FBJ-0023,2026-07-15,Noche,A,Antena,AP-01,872,-78.5,13,12,100.8,25.2,2.628,2.18,1,0,0,0,0,0,15.09,1,0,2,2026-07,4
FBJ-0024,2026-07-15,Noche,A,Antena,AP-02,169,-58.3,13,12,100.8,25.2,12.438,2.43,4,1,17,0,0,0,35.0,1,1,2,2026-07,4
FBJ-0025,2026-07-15,Noche,A,Antena,AP-01,575,-73.2,13,12,100.8,25.2,3.872,2.0,2,0,0,0,0,0,15.08,1,0,2,2026-07,4
FBJ-0026,2026-07-15,Noche,A,Antena,AP-02,283,-64.0,13,12,100.8,25.2,5.008,2.57,3,0,0,0,0,0,21.71,1,0,2,2026-07,4
FBJ-0030,2026-07-15,Noche,A,Antena,AP-02,116,-54.6,13,12,100.8,25.2,7.864,2.23,4,0,0,0,0,0,33.44,1,0,2,2026-07,4
FBJ-0031,2026-07-15,Noche,B,Cable,,202,,19,16,142.7,35.7,7.472,3.0,2,0,0,0,0,0,23.58,0,0,2,2026-07,4
FBJ-0032,2026-07-15,Noche,B,Cable,,302,,19,16,142.7,35.7,9.552,2.51,3,0,0,0,0,0,29.26,0,0,2,2026-07,4
FBJ-0033,2026-07-15,Noche,B,Antena,AP-01,719,-77.6,19,16,142.7,35.7,4.428,2.25,7,0,0,0,0,0,12.72,1,0,2,2026-07,4
FBJ-0034,2026-07-15,Noche,B,Antena,AP-02,604,-72.2,19,16,142.7,35.7,3.004,2.16,1,0,0,0,0,0,13.92,1,0,2,2026-07,4
FBJ-0035,2026-07-15,Noche,B,Cable,,154,,19,16,142.7,35.7,10.494,3.85,2,0,0,0,0,0,26.87,0,0,2,2026-07,4
FBJ-0036,2026-07-15,Noche,B,Antena,AP-01,831,-77.3,19,16,142.7,35.7,3.06,1.88,2,0,0,0,0,0,13.19,1,0,2,2026-07,4
FBJ-0037,2026-07-15,Noche,B,Cable,,205,,19,16,142.7,35.7,4.84,2.75,6,0,0,0,0,0,20.7,0,0,2,2026-07,4
FBJ-0039,2026-07-15,Noche,B,Cable,,288,,19,16,142.7,35.7,6.189,2.39,8,1,13,0,0,0,24.78,0,0,2,2026-07,4
FBJ-0040,2026-07-15,Noche,B,Antena,AP-01,564,-73.1,19,16,142.7,35.7,3.53,2.22,6,0,0,0,0,0,12.33,1,0,2,2026-07,4
FBJ-0041,2026-07-15,Noche,B,Antena,AP-02,509,-69.1,19,16,142.7,35.7,6.455,3.4,5,0,0,0,0,0,15.05,1,0,2,2026-07,4
FBJ-0042,2026-07-15,Noche,B,Antena,AP-01,176,-53.0,19,16,142.7,35.7,7.814,2.99,7,0,0,0,0,0,25.88,1,0,2,2026-07,4
FBJ-0047,2026-07-15,Noche,B,Antena,AP-02,453,-71.2,19,16,142.7,35.7,3.689,2.09,2,0,0,0,0,0,12.77,1,0,2,2026-07,4
FBJ-0048,2026-07-15,Noche,B,Antena,AP-01,721,-80.9,19,16,142.7,35.7,3.485,2.97,7,1,17,0,0,0,10.49,1,0,2,2026-07,4
FBJ-0049,2026-07-15,Noche,B,Cable,,350,,19,16,142.7,35.7,14.544,3.53,7,0,0,0,0,0,27.48,0,0,2,2026-07,4
FBJ-0050,2026-07-15,Noche,B,Antena,AP-02,277,-61.0,19,16,142.7,35.7,3.424,1.85,5,0,0,0,0,0,15.57,1,0,2,2026-07,4
FBJ-0051,2026-07-15,Noche,B,Cable,,42,,19,16,142.7,35.7,8.642,2.32,2,0,0,0,0,0,30.25,0,0,2,2026-07,4
FBJ-0052,2026-07-15,Noche,B,Cable,,288,,19,16,142.7,35.7,6.73,2.04,5,0,0,0,0,0,24.27,0,0,2,2026-07,4
FBJ-0053,2026-07-15,Noche,B,Antena,AP-01,245,-55.9,19,16,142.7,35.7,7.548,2.63,4,1,36,0,0,0,19.06,1,0,2,2026-07,4
FBJ-0054,2026-07-15,Noche,B,Antena,AP-02,302,-59.5,19,16,142.7,35.7,4.664,2.41,5,0,0,0,0,0,15.96,1,0,2,2026-07,4
FBJ-0056,2026-07-15,Noche,B,Antena,AP-02,549,-70.0,19,16,142.7,35.7,2.56,1.47,1,1,35,0,0,0,10.65,1,0,2,2026-07,4
FBJ-0057,2026-07-15,Noche,B,Antena,AP-01,851,-81.4,19,16,142.7,35.7,3.142,1.76,1,1,15,0,0,0,14.36,1,0,2,2026-07,4
FBJ-0058,2026-07-15,Noche,B,Antena,AP-02,308,-59.0,19,16,142.7,35.7,4.142,2.07,1,0,0,0,0,0,15.28,1,0,2,2026-07,4
FBJ-0005,2026-07-16,Madrugada,A,Cable,,179,,2,2,14.9,3.7,6.564,1.8,8,0,0,0,0,0,29.05,0,0,3,2026-07,1
FBJ-0007,2026-07-16,Madrugada,A,Antena,AP-02,594,-68.6,2,2,14.9,3.7,0.782,0.53,3,0,0,0,0,0,14.04,1,0,3,2026-07,1
FBJ-0014,2026-07-16,Madrugada,A,Antena,AP-01,319,-62.5,2,2,14.9,3.7,9.33,2.36,2,0,0,0,0,0,26.02,1,0,3,2026-07,1
FBJ-0031,2026-07-16,Madrugada,B,Cable,,202,,6,5,51.9,13.0,6.758,1.76,6,0,0,0,0,0,35.0,0,1,3,2026-07,1
FBJ-0041,2026-07-16,Madrugada,B,Antena,AP-02,509,-69.1,6,5,51.9,13.0,4.662,1.91,2,0,0,0,0,0,19.52,1,0,3,2026-07,1
FBJ-0042,2026-07-16,Madrugada,B,Antena,AP-01,176,-53.0,6,5,51.9,13.0,3.275,1.15,5,0,0,0,0,0,20.95,1,0,3,2026-07,1
FBJ-0001,2026-07-16,Mañana,A,Antena,AP-01,625,-74.5,5,3,69.2,17.3,2.546,1.24,8,0,0,0,0,0,15.96,1,0,3,2026-07,2
FBJ-0003,2026-07-16,Mañana,A,Antena,AP-02,392,-66.0,5,3,69.2,17.3,2.136,1.01,5,0,0,0,0,0,18.2,1,0,3,2026-07,2
FBJ-0014,2026-07-16,Mañana,A,Antena,AP-01,319,-62.5,5,3,69.2,17.3,7.159,2.18,6,0,0,0,0,0,23.49,1,0,3,2026-07,2
FBJ-0015,2026-07-16,Mañana,A,Antena,AP-02,894,-83.5,5,3,69.2,17.3,3.133,1.58,4,0,0,0,0,0,17.34,1,0,3,2026-07,2
FBJ-0018,2026-07-16,Mañana,A,Cable,,281,,5,3,69.2,17.3,7.756,1.58,7,0,0,0,0,0,35.0,0,1,3,2026-07,2
FBJ-0019,2026-07-16,Mañana,A,Cable,,81,,5,3,69.2,17.3,5.366,1.6,1,0,0,0,0,0,31.37,0,0,3,2026-07,2
FBJ-0021,2026-07-16,Mañana,A,Cable,,163,,5,3,69.2,17.3,5.573,1.17,4,0,0,0,0,0,35.0,0,1,3,2026-07,2
FBJ-0022,2026-07-16,Mañana,A,Antena,AP-02,838,-82.4,5,3,69.2,17.3,3.917,2.27,2,0,0,0,0,0,14.36,1,0,3,2026-07,2
FBJ-0023,2026-07-16,Mañana,A,Antena,AP-01,872,-78.5,5,3,69.2,17.3,1.619,0.87,3,0,0,0,0,0,16.3,1,0,3,2026-07,2
FBJ-0033,2026-07-16,Mañana,B,Antena,AP-01,719,-77.6,6,6,68.1,17.0,4.654,2.18,8,0,0,0,0,0,14.72,1,0,3,2026-07,2
FBJ-0037,2026-07-16,Mañana,B,Cable,,205,,6,6,68.1,17.0,5.608,1.28,3,0,0,0,0,0,34.52,0,0,3,2026-07,2
FBJ-0039,2026-07-16,Mañana,B,Cable,,288,,6,6,68.1,17.0,5.952,2.33,5,1,9,0,0,0,23.81,0,0,3,2026-07,2
FBJ-0040,2026-07-16,Mañana,B,Antena,AP-01,564,-73.1,6,6,68.1,17.0,5.384,1.82,7,0,0,0,0,0,21.54,1,0,3,2026-07,2
FBJ-0041,2026-07-16,Mañana,B,Antena,AP-02,509,-69.1,6,6,68.1,17.0,2.114,0.79,3,0,0,0,0,0,24.43,1,0,3,2026-07,2
FBJ-0042,2026-07-16,Mañana,B,Antena,AP-01,176,-53.0,6,6,68.1,17.0,8.528,1.64,7,0,0,0,0,0,35.0,1,1,3,2026-07,2
FBJ-0047,2026-07-16,Mañana,B,Antena,AP-02,453,-71.2,6,6,68.1,17.0,2.788,1.85,1,0,0,0,0,0,17.91,1,0,3,2026-07,2
FBJ-0048,2026-07-16,Mañana,B,Antena,AP-01,721,-80.9,6,6,68.1,17.0,1.252,0.49,1,0,0,0,0,0,18.33,1,0,3,2026-07,2
FBJ-0049,2026-07-16,Mañana,B,Cable,,350,,6,6,68.1,17.0,12.953,2.85,2,0,0,0,0,0,35.0,0,1,3,2026-07,2
FBJ-0054,2026-07-16,Mañana,B,Antena,AP-02,302,-59.5,6,6,68.1,17.0,5.82,1.5,4,0,0,0,0,0,26.02,1,0,3,2026-07,2
FBJ-0056,2026-07-16,Mañana,B,Antena,AP-02,549,-70.0,6,6,68.1,17.0,3.492,2.22,6,0,0,0,0,0,13.89,1,0,3,2026-07,2
FBJ-0057,2026-07-16,Mañana,B,Antena,AP-01,851,-81.4,6,6,68.1,17.0,5.25,1.91,6,0,0,0,0,0,19.49,1,0,3,2026-07,2
FBJ-0004,2026-07-16,Tarde,A,Cable,,322,,9,8,105.3,26.3,3.265,0.94,8,0,0,0,0,0,32.52,0,0,3,2026-07,3
FBJ-0005,2026-07-16,Tarde,A,Cable,,179,,9,8,105.3,26.3,2.572,0.66,5,0,0,0,0,0,26.22,0,0,3,2026-07,3
FBJ-0007,2026-07-16,Tarde,A,Antena,AP-02,594,-68.6,9,8,105.3,26.3,1.952,1.31,7,0,0,0,0,0,15.88,1,0,3,2026-07,3
FBJ-0009,2026-07-16,Tarde,A,Antena,AP-02,565,-72.0,9,8,105.3,26.3,6.068,3.16,6,0,0,0,0,0,13.94,1,0,3,2026-07,3
FBJ-0010,2026-07-16,Tarde,A,Antena,AP-01,482,-67.3,9,8,105.3,26.3,6.576,2.68,6,0,0,0,0,0,19.72,1,0,3,2026-07,3
FBJ-0011,2026-07-16,Tarde,A,Antena,AP-02,440,-67.1,9,8,105.3,26.3,3.295,1.89,5,0,0,0,0,0,14.53,1,0,3,2026-07,3
FBJ-0012,2026-07-16,Tarde,A,Antena,AP-01,631,-74.1,9,8,105.3,26.3,2.206,0.97,6,0,0,0,0,0,17.16,1,0,3,2026-07,3
FBJ-0018,2026-07-16,Tarde,A,Cable,,281,,9,8,105.3,26.3,5.651,1.27,5,0,0,0,0,0,35.0,0,1,3,2026-07,3
FBJ-0020,2026-07-16,Tarde,A,Antena,AP-01,244,-60.1,9,8,105.3,26.3,4.902,1.91,3,0,0,0,0,0,20.98,1,0,3,2026-07,3
FBJ-0021,2026-07-16,Tarde,A,Cable,,163,,9,8,105.3,26.3,5.713,1.68,7,0,0,0,0,0,31.31,0,0,3,2026-07,3
FBJ-0022,2026-07-16,Tarde,A,Antena,AP-02,838,-82.4,9,8,105.3,26.3,3.349,1.36,3,1,8,0,0,0,17.91,1,0,3,2026-07,3
FBJ-0023,2026-07-16,Tarde,A,Antena,AP-01,872,-78.5,9,8,105.3,26.3,1.677,0.78,7,0,0,0,0,0,19.89,1,0,3,2026-07,3
FBJ-0031,2026-07-16,Tarde,B,Cable,,202,,15,9,119.6,29.9,4.29,1.49,5,0,0,0,0,0,31.24,0,0,3,2026-07,3
FBJ-0032,2026-07-16,Tarde,B,Cable,,302,,15,9,119.6,29.9,6.828,1.78,2,0,0,0,0,0,34.55,0,0,3,2026-07,3
FBJ-0033,2026-07-16,Tarde,B,Antena,AP-01,719,-77.6,15,9,119.6,29.9,0.34,0.22,1,1,11,0,0,0,13.2,1,0,3,2026-07,3
FBJ-0035,2026-07-16,Tarde,B,Cable,,154,,15,9,119.6,29.9,3.281,1.23,1,0,0,0,0,0,28.19,0,0,3,2026-07,3
FBJ-0040,2026-07-16,Tarde,B,Antena,AP-01,564,-73.1,15,9,119.6,29.9,3.523,1.52,3,0,0,0,0,0,23.54,1,0,3,2026-07,3
FBJ-0043,2026-07-16,Tarde,B,Cable,,318,,15,9,119.6,29.9,4.009,1.1,7,0,0,0,0,0,32.9,0,0,3,2026-07,3
FBJ-0045,2026-07-16,Tarde,B,Antena,AP-02,848,-81.7,15,9,119.6,29.9,8.027,2.11,3,0,0,0,0,0,23.24,1,0,3,2026-07,3
FBJ-0046,2026-07-16,Tarde,B,Antena,AP-01,177,-50.9,15,9,119.6,29.9,3.544,0.79,3,0,0,0,0,0,30.24,1,0,3,2026-07,3
FBJ-0048,2026-07-16,Tarde,B,Antena,AP-01,721,-80.9,15,9,119.6,29.9,2.74,2.5,6,0,0,0,0,0,13.03,1,0,3,2026-07,3
FBJ-0049,2026-07-16,Tarde,B,Cable,,350,,15,9,119.6,29.9,4.755,1.02,2,0,0,0,0,0,32.42,0,0,3,2026-07,3
FBJ-0051,2026-07-16,Tarde,B,Cable,,42,,15,9,119.6,29.9,2.831,0.74,5,0,0,0,0,0,34.44,0,0,3,2026-07,3
FBJ-0052,2026-07-16,Tarde,B,Cable,,288,,15,9,119.6,29.9,9.473,1.92,2,0,0,0,0,0,35.0,0,1,3,2026-07,3
FBJ-0053,2026-07-16,Tarde,B,Antena,AP-01,245,-55.9,15,9,119.6,29.9,7.67,1.76,3,0,0,0,0,0,32.15,1,0,3,2026-07,3
FBJ-0054,2026-07-16,Tarde,B,Antena,AP-02,302,-59.5,15,9,119.6,29.9,3.328,1.14,7,0,0,0,0,0,21.17,1,0,3,2026-07,3
FBJ-0001,2026-07-16,Noche,A,Antena,AP-01,625,-74.5,20,18,137.7,34.4,3.954,2.33,1,1,36,0,0,0,12.03,1,0,3,2026-07,4
FBJ-0003,2026-07-16,Noche,A,Antena,AP-02,392,-66.0,20,18,137.7,34.4,4.371,3.51,7,0,0,0,0,0,10.55,1,0,3,2026-07,4
FBJ-0004,2026-07-16,Noche,A,Cable,,322,,20,18,137.7,34.4,6.126,3.06,3,0,0,0,0,0,19.96,0,0,3,2026-07,4
FBJ-0005,2026-07-16,Noche,A,Cable,,179,,20,18,137.7,34.4,3.974,1.47,3,0,0,0,0,0,18.99,0,0,3,2026-07,4
FBJ-0009,2026-07-16,Noche,A,Antena,AP-02,565,-72.0,20,18,137.7,34.4,1.188,1.05,1,0,0,0,0,0,10.58,1,0,3,2026-07,4
FBJ-0010,2026-07-16,Noche,A,Antena,AP-01,482,-67.3,20,18,137.7,34.4,4.359,3.48,1,0,0,0,0,0,9.07,1,0,3,2026-07,4
FBJ-0012,2026-07-16,Noche,A,Antena,AP-01,631,-74.1,20,18,137.7,34.4,6.028,3.99,5,0,0,0,0,0,10.32,1,0,3,2026-07,4
FBJ-0013,2026-07-16,Noche,A,Antena,AP-02,111,-56.0,20,18,137.7,34.4,5.327,2.49,7,0,0,0,0,0,18.56,1,0,3,2026-07,4
FBJ-0014,2026-07-16,Noche,A,Antena,AP-01,319,-62.5,20,18,137.7,34.4,2.732,2.16,4,1,25,0,0,0,12.09,1,0,3,2026-07,4
FBJ-0019,2026-07-16,Noche,A,Cable,,81,,20,18,137.7,34.4,8.562,2.66,7,0,0,0,0,0,26.04,0,0,3,2026-07,4
FBJ-0021,2026-07-16,Noche,A,Cable,,163,,20,18,137.7,34.4,4.828,2.03,8,0,0,0,0,0,25.8,0,0,3,2026-07,4
FBJ-0024,2026-07-16,Noche,A,Antena,AP-02,169,-58.3,20,18,137.7,34.4,3.039,2.34,8,0,0,0,0,0,13.03,1,0,3,2026-07,4
FBJ-0029,2026-07-16,Noche,A,Cable,,251,,20,18,137.7,34.4,18.494,3.8,2,0,0,0,0,0,35.0,0,1,3,2026-07,4
FBJ-0030,2026-07-16,Noche,A,Antena,AP-02,116,-54.6,20,18,137.7,34.4,5.364,2.53,8,0,0,0,0,0,24.6,1,0,3,2026-07,4
FBJ-0031,2026-07-16,Noche,B,Cable,,202,,18,12,91.3,22.8,5.683,2.05,8,0,0,0,0,0,35.0,0,1,3,2026-07,4
FBJ-0033,2026-07-16,Noche,B,Antena,AP-01,719,-77.6,18,12,91.3,22.8,3.713,1.85,4,0,0,0,0,0,16.84,1,0,3,2026-07,4
FBJ-0035,2026-07-16,Noche,B,Cable,,154,,18,12,91.3,22.8,12.191,3.2,2,1,14,0,0,0,35.0,0,1,3,2026-07,4
FBJ-0039,2026-07-16,Noche,B,Cable,,288,,18,12,91.3,22.8,13.248,2.98,3,1,22,0,0,0,29.5,0,0,3,2026-07,4
FBJ-0040,2026-07-16,Noche,B,Antena,AP-01,564,-73.1,18,12,91.3,22.8,5.476,2.75,7,0,0,0,0,0,14.28,1,0,3,2026-07,4
FBJ-0042,2026-07-16,Noche,B,Antena,AP-01,176,-53.0,18,12,91.3,22.8,7.513,2.25,7,1,39,0,0,0,26.44,1,0,3,2026-07,4
FBJ-0044,2026-07-16,Noche,B,Cable,,86,,18,12,91.3,22.8,7.268,2.72,1,0,0,0,0,0,31.01,0,0,3,2026-07,4
FBJ-0045,2026-07-16,Noche,B,Antena,AP-02,848,-81.7,18,12,91.3,22.8,7.203,3.68,4,2,6,0,0,0,16.57,1,0,3,2026-07,4
FBJ-0046,2026-07-16,Noche,B,Antena,AP-01,177,-50.9,18,12,91.3,22.8,11.014,3.0,3,1,11,0,0,0,25.49,1,0,3,2026-07,4
FBJ-0048,2026-07-16,Noche,B,Antena,AP-01,721,-80.9,18,12,91.3,22.8,4.695,2.8,8,0,0,0,0,0,14.23,1,0,3,2026-07,4
FBJ-0050,2026-07-16,Noche,B,Antena,AP-02,277,-61.0,18,12,91.3,22.8,6.34,1.9,1,0,0,0,0,0,29.63,1,0,3,2026-07,4
FBJ-0052,2026-07-16,Noche,B,Cable,,288,,18,12,91.3,22.8,6.488,2.21,1,0,0,0,0,0,33.19,0,0,3,2026-07,4
FBJ-0053,2026-07-16,Noche,B,Antena,AP-01,245,-55.9,18,12,91.3,22.8,11.635,3.31,7,0,0,0,0,0,26.87,1,0,3,2026-07,4
FBJ-0057,2026-07-16,Noche,B,Antena,AP-01,851,-81.4,18,12,91.3,22.8,0.334,0.2,8,0,0,0,0,0,12.87,1,0,3,2026-07,4
FBJ-0010,2026-07-17,Madrugada,A,Antena,AP-01,482,-67.3,1,1,11.6,2.9,1.997,1.16,4,0,0,0,0,0,15.86,1,0,4,2026-07,1
FBJ-0039,2026-07-17,Madrugada,B,Cable,,288,,2,2,7.0,1.8,7.767,1.6,3,0,0,0,0,0,32.59,0,0,4,2026-07,1
FBJ-0059,2026-07-17,Madrugada,B,Cable,,107,,2,2,7.0,1.8,10.444,2.39,5,0,0,0,0,0,35.0,0,1,4,2026-07,1
FBJ-0007,2026-07-17,Mañana,A,Antena,AP-02,594,-68.6,11,7,75.8,19.0,6.293,2.22,2,0,0,0,0,0,22.9,1,0,4,2026-07,2
FBJ-0009,2026-07-17,Mañana,A,Antena,AP-02,565,-72.0,11,7,75.8,19.0,3.443,1.37,2,0,0,0,0,0,19.02,1,0,4,2026-07,2
FBJ-0013,2026-07-17,Mañana,A,Antena,AP-02,111,-56.0,11,7,75.8,19.0,6.961,2.35,4,0,0,0,0,0,28.38,1,0,4,2026-07,2
FBJ-0018,2026-07-17,Mañana,A,Cable,,281,,11,7,75.8,19.0,9.046,2.99,7,1,36,0,0,0,30.59,0,0,4,2026-07,2
FBJ-0019,2026-07-17,Mañana,A,Cable,,81,,11,7,75.8,19.0,10.169,2.64,4,0,0,0,0,0,35.0,0,1,4,2026-07,2
FBJ-0021,2026-07-17,Mañana,A,Cable,,163,,11,7,75.8,19.0,4.734,0.95,2,0,0,0,0,0,34.44,0,0,4,2026-07,2
FBJ-0030,2026-07-17,Mañana,A,Antena,AP-02,116,-54.6,11,7,75.8,19.0,1.611,0.5,7,0,0,0,0,0,30.72,1,0,4,2026-07,2
FBJ-0032,2026-07-17,Mañana,B,Cable,,302,,12,9,105.8,26.5,5.013,1.68,6,0,0,0,0,0,29.59,0,0,4,2026-07,2
FBJ-0034,2026-07-17,Mañana,B,Antena,AP-02,604,-72.2,12,9,105.8,26.5,3.83,1.49,1,0,0,0,0,0,18.45,1,0,4,2026-07,2
FBJ-0036,2026-07-17,Mañana,B,Antena,AP-01,831,-77.3,12,9,105.8,26.5,1.099,0.62,2,0,0,0,0,0,16.83,1,0,4,2026-07,2
FBJ-0039,2026-07-17,Mañana,B,Cable,,288,,12,9,105.8,26.5,5.158,1.17,3,0,0,0,0,0,35.0,0,1,4,2026-07,2
FBJ-0040,2026-07-17,Mañana,B,Antena,AP-01,564,-73.1,12,9,105.8,26.5,3.987,2.24,6,1,8,0,0,0,17.74,1,0,4,2026-07,2
FBJ-0044,2026-07-17,Mañana,B,Cable,,86,,12,9,105.8,26.5,8.161,2.28,5,0,0,0,0,0,35.0,0,1,4,2026-07,2
FBJ-0045,2026-07-17,Mañana,B,Antena,AP-02,848,-81.7,12,9,105.8,26.5,3.234,1.11,6,1,37,0,0,0,21.04,1,0,4,2026-07,2
FBJ-0050,2026-07-17,Mañana,B,Antena,AP-02,277,-61.0,12,9,105.8,26.5,2.628,1.14,6,0,0,0,0,0,24.87,1,0,4,2026-07,2
FBJ-0052,2026-07-17,Mañana,B,Cable,,288,,12,9,105.8,26.5,2.252,0.49,8,0,0,0,0,0,35.0,0,1,4,2026-07,2
FBJ-0056,2026-07-17,Mañana,B,Antena,AP-02,549,-70.0,12,9,105.8,26.5,4.718,1.7,5,1,28,0,0,0,20.66,1,0,4,2026-07,2
FBJ-0058,2026-07-17,Mañana,B,Antena,AP-02,308,-59.0,12,9,105.8,26.5,9.389,2.64,8,0,0,0,0,0,34.11,1,0,4,2026-07,2
FBJ-0003,2026-07-17,Tarde,A,Antena,AP-02,392,-66.0,11,8,107.4,26.8,1.912,0.95,5,0,0,0,0,0,13.44,1,0,4,2026-07,3
FBJ-0005,2026-07-17,Tarde,A,Cable,,179,,11,8,107.4,26.8,7.963,1.89,2,1,9,0,0,0,35.0,0,1,4,2026-07,3
FBJ-0011,2026-07-17,Tarde,A,Antena,AP-02,440,-67.1,11,8,107.4,26.8,0.484,0.2,4,0,0,0,0,0,18.39,1,0,4,2026-07,3
FBJ-0013,2026-07-17,Tarde,A,Antena,AP-02,111,-56.0,11,8,107.4,26.8,1.775,0.85,1,0,0,0,0,0,21.84,1,0,4,2026-07,3
FBJ-0014,2026-07-17,Tarde,A,Antena,AP-01,319,-62.5,11,8,107.4,26.8,5.185,1.64,1,0,0,0,0,0,25.17,1,0,4,2026-07,3
FBJ-0015,2026-07-17,Tarde,A,Antena,AP-02,894,-83.5,11,8,107.4,26.8,0.41,0.28,2,1,31,0,0,0,15.77,1,0,4,2026-07,3
FBJ-0020,2026-07-17,Tarde,A,Antena,AP-01,244,-60.1,11,8,107.4,26.8,4.334,1.27,8,0,0,0,0,0,22.78,1,0,4,2026-07,3
FBJ-0021,2026-07-17,Tarde,A,Cable,,163,,11,8,107.4,26.8,3.056,0.93,1,0,0,0,0,0,35.0,0,1,4,2026-07,3
FBJ-0025,2026-07-17,Tarde,A,Antena,AP-01,575,-73.2,11,8,107.4,26.8,0.493,0.22,4,0,0,0,0,0,17.39,1,0,4,2026-07,3
FBJ-0026,2026-07-17,Tarde,A,Antena,AP-02,283,-64.0,11,8,107.4,26.8,1.816,0.71,3,0,0,0,0,0,19.58,1,0,4,2026-07,3
FBJ-0030,2026-07-17,Tarde,A,Antena,AP-02,116,-54.6,11,8,107.4,26.8,3.183,1.4,6,0,0,0,0,0,28.06,1,0,4,2026-07,3
FBJ-0031,2026-07-17,Tarde,B,Cable,,202,,12,7,67.7,16.9,9.103,2.38,5,0,0,0,0,0,35.0,0,1,4,2026-07,3
FBJ-0034,2026-07-17,Tarde,B,Antena,AP-02,604,-72.2,12,7,67.7,16.9,0.625,0.42,4,1,9,0,0,0,14.8,1,0,4,2026-07,3
FBJ-0035,2026-07-17,Tarde,B,Cable,,154,,12,7,67.7,16.9,10.656,2.66,5,0,0,0,0,0,32.7,0,0,4,2026-07,3
FBJ-0036,2026-07-17,Tarde,B,Antena,AP-01,831,-77.3,12,7,67.7,16.9,4.371,1.53,6,0,0,0,0,0,20.26,1,0,4,2026-07,3
FBJ-0037,2026-07-17,Tarde,B,Cable,,205,,12,7,67.7,16.9,0.922,0.3,4,0,0,0,0,0,35.0,0,1,4,2026-07,3
FBJ-0039,2026-07-17,Tarde,B,Cable,,288,,12,7,67.7,16.9,0.936,0.2,5,0,0,0,0,0,32.55,0,0,4,2026-07,3
FBJ-0040,2026-07-17,Tarde,B,Antena,AP-01,564,-73.1,12,7,67.7,16.9,4.503,2.06,7,0,0,0,0,0,16.36,1,0,4,2026-07,3
FBJ-0043,2026-07-17,Tarde,B,Cable,,318,,12,7,67.7,16.9,5.075,1.38,2,0,0,0,0,0,35.0,0,1,4,2026-07,3
FBJ-0045,2026-07-17,Tarde,B,Antena,AP-02,848,-81.7,12,7,67.7,16.9,1.809,1.21,3,0,0,0,0,0,14.95,1,0,4,2026-07,3
FBJ-0046,2026-07-17,Tarde,B,Antena,AP-01,177,-50.9,12,7,67.7,16.9,2.36,0.72,2,0,0,0,0,0,26.94,1,0,4,2026-07,3
FBJ-0047,2026-07-17,Tarde,B,Antena,AP-02,453,-71.2,12,7,67.7,16.9,1.775,1.2,6,0,0,0,0,0,14.35,1,0,4,2026-07,3
FBJ-0048,2026-07-17,Tarde,B,Antena,AP-01,721,-80.9,12,7,67.7,16.9,1.239,0.99,5,0,0,0,0,0,14.22,1,0,4,2026-07,3
FBJ-0049,2026-07-17,Tarde,B,Cable,,350,,12,7,67.7,16.9,1.18,0.3,7,0,0,0,0,0,33.96,0,0,4,2026-07,3
FBJ-0051,2026-07-17,Tarde,B,Cable,,42,,12,7,67.7,16.9,5.331,1.15,2,0,0,0,0,0,35.0,0,1,4,2026-07,3
FBJ-0052,2026-07-17,Tarde,B,Cable,,288,,12,7,67.7,16.9,3.379,0.68,3,0,0,0,0,0,34.1,0,0,4,2026-07,3
FBJ-0054,2026-07-17,Tarde,B,Antena,AP-02,302,-59.5,12,7,67.7,16.9,5.23,1.12,4,0,0,0,0,0,31.73,1,0,4,2026-07,3
FBJ-0059,2026-07-17,Tarde,B,Cable,,107,,12,7,67.7,16.9,6.073,1.94,8,0,0,0,0,0,24.14,0,0,4,2026-07,3
FBJ-0060,2026-07-17,Tarde,B,Cable,,110,,12,7,67.7,16.9,9.836,1.87,5,0,0,0,0,0,35.0,0,1,4,2026-07,3
FBJ-0003,2026-07-17,Noche,A,Antena,AP-02,392,-66.0,14,10,117.3,29.3,7.015,2.11,4,0,0,0,0,0,21.62,1,0,4,2026-07,4
FBJ-0004,2026-07-17,Noche,A,Cable,,322,,14,10,117.3,29.3,9.181,2.94,4,0,0,0,0,0,23.51,0,0,4,2026-07,4
FBJ-0010,2026-07-17,Noche,A,Antena,AP-01,482,-67.3,14,10,117.3,29.3,4.235,2.46,4,0,0,0,0,0,17.07,1,0,4,2026-07,4
FBJ-0013,2026-07-17,Noche,A,Antena,AP-02,111,-56.0,14,10,117.3,29.3,3.714,1.45,2,0,0,0,0,0,25.24,1,0,4,2026-07,4
FBJ-0014,2026-07-17,Noche,A,Antena,AP-01,319,-62.5,14,10,117.3,29.3,8.898,2.52,8,0,0,0,0,0,22.69,1,0,4,2026-07,4
FBJ-0015,2026-07-17,Noche,A,Antena,AP-02,894,-83.5,14,10,117.3,29.3,8.116,3.88,1,0,0,0,0,0,18.0,1,0,4,2026-07,4
FBJ-0020,2026-07-17,Noche,A,Antena,AP-01,244,-60.1,14,10,117.3,29.3,2.376,0.83,3,1,28,0,0,0,28.7,1,0,4,2026-07,4
FBJ-0023,2026-07-17,Noche,A,Antena,AP-01,872,-78.5,14,10,117.3,29.3,2.805,1.98,4,0,0,0,0,0,13.2,1,0,4,2026-07,4
FBJ-0030,2026-07-17,Noche,A,Antena,AP-02,116,-54.6,14,10,117.3,29.3,9.64,2.62,2,0,0,0,0,0,32.3,1,0,4,2026-07,4
FBJ-0031,2026-07-17,Noche,B,Cable,,202,,13,11,73.2,18.3,4.282,1.72,3,0,0,0,0,0,28.85,0,0,4,2026-07,4
FBJ-0032,2026-07-17,Noche,B,Cable,,302,,13,11,73.2,18.3,4.949,1.75,3,0,0,0,0,0,32.51,0,0,4,2026-07,4
FBJ-0033,2026-07-17,Noche,B,Antena,AP-01,719,-77.6,13,11,73.2,18.3,7.698,2.77,8,0,0,0,0,0,19.41,1,0,4,2026-07,4
FBJ-0036,2026-07-17,Noche,B,Antena,AP-01,831,-77.3,13,11,73.2,18.3,4.945,3.46,5,0,0,0,0,0,14.41,1,0,4,2026-07,4
FBJ-0039,2026-07-17,Noche,B,Cable,,288,,13,11,73.2,18.3,6.873,2.43,4,0,0,0,0,0,27.96,0,0,4,2026-07,4
FBJ-0040,2026-07-17,Noche,B,Antena,AP-01,564,-73.1,13,11,73.2,18.3,1.629,0.89,8,0,0,0,0,0,15.98,1,0,4,2026-07,4
FBJ-0042,2026-07-17,Noche,B,Antena,AP-01,176,-53.0,13,11,73.2,18.3,7.211,2.39,8,0,0,0,0,0,23.34,1,0,4,2026-07,4
FBJ-0044,2026-07-17,Noche,B,Cable,,86,,13,11,73.2,18.3,9.973,2.22,8,0,0,0,0,0,35.0,0,1,4,2026-07,4
FBJ-0045,2026-07-17,Noche,B,Antena,AP-02,848,-81.7,13,11,73.2,18.3,9.067,3.22,4,1,35,0,0,0,19.34,1,0,4,2026-07,4
FBJ-0046,2026-07-17,Noche,B,Antena,AP-01,177,-50.9,13,11,73.2,18.3,14.256,2.65,7,0,0,0,0,0,35.0,1,1,4,2026-07,4
FBJ-0049,2026-07-17,Noche,B,Cable,,350,,13,11,73.2,18.3,14.055,3.17,8,0,0,0,0,0,35.0,0,1,4,2026-07,4
FBJ-0054,2026-07-17,Noche,B,Antena,AP-02,302,-59.5,13,11,73.2,18.3,3.931,1.59,8,0,0,0,0,0,17.59,1,0,4,2026-07,4
FBJ-0058,2026-07-17,Noche,B,Antena,AP-02,308,-59.0,13,11,73.2,18.3,5.784,1.74,4,0,0,0,0,0,25.0,1,0,4,2026-07,4
FBJ-0059,2026-07-17,Noche,B,Cable,,107,,13,11,73.2,18.3,12.254,3.17,2,0,0,0,0,0,34.83,0,0,4,2026-07,4
FBJ-0060,2026-07-17,Noche,B,Cable,,110,,13,11,73.2,18.3,7.272,2.03,8,0,0,0,0,0,35.0,0,1,4,2026-07,4
FBJ-0022,2026-07-18,Madrugada,A,Antena,AP-02,838,-82.4,4,3,55.3,13.8,5.883,2.5,3,0,0,0,1,0,18.61,1,0,5,2026-07,1
FBJ-0026,2026-07-18,Madrugada,A,Antena,AP-02,283,-64.0,4,3,55.3,13.8,1.062,0.57,8,0,0,0,1,0,19.4,1,0,5,2026-07,1
FBJ-0029,2026-07-18,Madrugada,A,Cable,,251,,4,3,55.3,13.8,7.663,2.05,5,0,0,0,1,0,35.0,0,1,5,2026-07,1
FBJ-0043,2026-07-18,Madrugada,B,Cable,,318,,6,4,11.9,3.0,4.6,1.49,1,0,0,0,1,0,28.17,0,0,5,2026-07,1
FBJ-0056,2026-07-18,Madrugada,B,Antena,AP-02,549,-70.0,6,4,11.9,3.0,0.809,0.31,7,0,0,0,1,0,15.72,1,0,5,2026-07,1
FBJ-0005,2026-07-18,Mañana,A,Cable,,179,,13,10,116.5,29.1,7.65,2.7,3,0,0,0,1,0,23.87,0,0,5,2026-07,2
FBJ-0007,2026-07-18,Mañana,A,Antena,AP-02,594,-68.6,13,10,116.5,29.1,2.739,1.12,3,0,0,0,1,0,19.46,1,0,5,2026-07,2
FBJ-0009,2026-07-18,Mañana,A,Antena,AP-02,565,-72.0,13,10,116.5,29.1,3.555,1.93,3,0,0,0,1,0,12.12,1,0,5,2026-07,2
FBJ-0015,2026-07-18,Mañana,A,Antena,AP-02,894,-83.5,13,10,116.5,29.1,5.333,2.23,3,1,19,0,1,0,20.35,1,0,5,2026-07,2
FBJ-0018,2026-07-18,Mañana,A,Cable,,281,,13,10,116.5,29.1,2.156,0.55,2,0,0,0,1,0,29.05,0,0,5,2026-07,2
FBJ-0019,2026-07-18,Mañana,A,Cable,,81,,13,10,116.5,29.1,7.495,2.17,4,0,0,0,1,0,31.88,0,0,5,2026-07,2
FBJ-0021,2026-07-18,Mañana,A,Cable,,163,,13,10,116.5,29.1,6.242,1.55,6,1,15,0,1,0,30.1,0,0,5,2026-07,2
FBJ-0022,2026-07-18,Mañana,A,Antena,AP-02,838,-82.4,13,10,116.5,29.1,2.735,1.46,2,1,30,0,1,0,16.61,1,0,5,2026-07,2
FBJ-0030,2026-07-18,Mañana,A,Antena,AP-02,116,-54.6,13,10,116.5,29.1,4.869,2.27,2,1,25,0,1,0,20.18,1,0,5,2026-07,2
FBJ-0032,2026-07-18,Mañana,B,Cable,,302,,12,7,97.6,24.4,5.274,1.36,6,0,0,0,1,0,28.2,0,0,5,2026-07,2
FBJ-0035,2026-07-18,Mañana,B,Cable,,154,,12,7,97.6,24.4,8.159,1.9,5,0,0,0,1,0,33.36,0,0,5,2026-07,2
FBJ-0036,2026-07-18,Mañana,B,Antena,AP-01,831,-77.3,12,7,97.6,24.4,2.072,0.95,8,0,0,0,1,0,20.91,1,0,5,2026-07,2
FBJ-0037,2026-07-18,Mañana,B,Cable,,205,,12,7,97.6,24.4,10.216,2.27,3,1,31,0,1,0,35.0,0,1,5,2026-07,2
FBJ-0041,2026-07-18,Mañana,B,Antena,AP-02,509,-69.1,12,7,97.6,24.4,1.824,1.26,3,0,0,0,1,0,13.91,1,0,5,2026-07,2
FBJ-0042,2026-07-18,Mañana,B,Antena,AP-01,176,-53.0,12,7,97.6,24.4,4.594,1.34,6,0,0,0,1,0,28.11,1,0,5,2026-07,2
FBJ-0045,2026-07-18,Mañana,B,Antena,AP-02,848,-81.7,12,7,97.6,24.4,2.946,1.62,7,1,16,0,1,0,17.5,1,0,5,2026-07,2
FBJ-0048,2026-07-18,Mañana,B,Antena,AP-01,721,-80.9,12,7,97.6,24.4,4.814,2.17,3,2,78,0,1,0,23.68,1,0,5,2026-07,2
FBJ-0050,2026-07-18,Mañana,B,Antena,AP-02,277,-61.0,12,7,97.6,24.4,3.528,1.36,5,0,0,0,1,0,26.18,1,0,5,2026-07,2
FBJ-0051,2026-07-18,Mañana,B,Cable,,42,,12,7,97.6,24.4,14.165,3.55,2,0,0,0,1,0,33.29,0,0,5,2026-07,2
FBJ-0058,2026-07-18,Mañana,B,Antena,AP-02,308,-59.0,12,7,97.6,24.4,2.332,1.13,1,0,0,0,1,0,21.32,1,0,5,2026-07,2
FBJ-0059,2026-07-18,Mañana,B,Cable,,107,,12,7,97.6,24.4,6.663,1.62,3,0,0,0,1,0,31.59,0,0,5,2026-07,2
FBJ-0003,2026-07-18,Tarde,A,Antena,AP-02,392,-66.0,15,9,81.6,20.4,2.372,0.86,6,1,26,0,1,0,19.94,1,0,5,2026-07,3
FBJ-0004,2026-07-18,Tarde,A,Cable,,322,,15,9,81.6,20.4,4.51,1.49,6,0,0,0,1,0,28.66,0,0,5,2026-07,3
FBJ-0005,2026-07-18,Tarde,A,Cable,,179,,15,9,81.6,20.4,7.085,1.61,6,0,0,0,1,0,35.0,0,1,5,2026-07,3
FBJ-0007,2026-07-18,Tarde,A,Antena,AP-02,594,-68.6,15,9,81.6,20.4,1.771,0.77,2,0,0,0,1,0,15.05,1,0,5,2026-07,3
FBJ-0009,2026-07-18,Tarde,A,Antena,AP-02,565,-72.0,15,9,81.6,20.4,3.878,1.8,2,0,0,0,1,0,14.65,1,0,5,2026-07,3
FBJ-0012,2026-07-18,Tarde,A,Antena,AP-01,631,-74.1,15,9,81.6,20.4,2.893,1.5,2,0,0,0,1,0,16.12,1,0,5,2026-07,3
FBJ-0019,2026-07-18,Tarde,A,Cable,,81,,15,9,81.6,20.4,5.511,1.58,7,0,0,0,1,0,35.0,0,1,5,2026-07,3
FBJ-0020,2026-07-18,Tarde,A,Antena,AP-01,244,-60.1,15,9,81.6,20.4,3.533,1.68,4,0,0,0,1,0,20.02,1,0,5,2026-07,3
FBJ-0022,2026-07-18,Tarde,A,Antena,AP-02,838,-82.4,15,9,81.6,20.4,1.118,0.63,3,0,0,0,1,0,16.13,1,0,5,2026-07,3
FBJ-0024,2026-07-18,Tarde,A,Antena,AP-02,169,-58.3,15,9,81.6,20.4,3.266,0.99,3,0,0,0,1,0,31.31,1,0,5,2026-07,3
FBJ-0025,2026-07-18,Tarde,A,Antena,AP-01,575,-73.2,15,9,81.6,20.4,2.432,1.18,5,0,0,0,1,0,19.04,1,0,5,2026-07,3
FBJ-0026,2026-07-18,Tarde,A,Antena,AP-02,283,-64.0,15,9,81.6,20.4,1.042,0.48,2,0,0,0,1,0,19.8,1,0,5,2026-07,3
FBJ-0027,2026-07-18,Tarde,A,Cable,,85,,15,9,81.6,20.4,4.33,0.97,1,0,0,0,1,0,27.06,0,0,5,2026-07,3
FBJ-0029,2026-07-18,Tarde,A,Cable,,251,,15,9,81.6,20.4,4.068,0.85,4,1,7,0,1,0,35.0,0,1,5,2026-07,3
FBJ-0031,2026-07-18,Tarde,B,Cable,,202,,19,15,118.5,29.6,3.739,1.28,4,0,0,0,1,0,35.0,0,1,5,2026-07,3
FBJ-0032,2026-07-18,Tarde,B,Cable,,302,,19,15,118.5,29.6,3.844,1.32,6,0,0,0,1,0,32.94,0,0,5,2026-07,3
FBJ-0033,2026-07-18,Tarde,B,Antena,AP-01,719,-77.6,19,15,118.5,29.6,0.989,0.41,8,0,0,0,1,0,15.42,1,0,5,2026-07,3
FBJ-0034,2026-07-18,Tarde,B,Antena,AP-02,604,-72.2,19,15,118.5,29.6,5.147,2.7,6,0,0,0,1,0,14.44,1,0,5,2026-07,3
FBJ-0035,2026-07-18,Tarde,B,Cable,,154,,19,15,118.5,29.6,2.43,1.06,7,0,0,0,1,0,23.02,0,0,5,2026-07,3
FBJ-0037,2026-07-18,Tarde,B,Cable,,205,,19,15,118.5,29.6,4.499,1.83,4,0,0,0,1,0,29.74,0,0,5,2026-07,3
FBJ-0039,2026-07-18,Tarde,B,Cable,,288,,19,15,118.5,29.6,6.223,1.68,2,0,0,0,1,0,34.5,0,0,5,2026-07,3
FBJ-0040,2026-07-18,Tarde,B,Antena,AP-01,564,-73.1,19,15,118.5,29.6,1.775,1.38,2,0,0,0,1,0,13.49,1,0,5,2026-07,3
FBJ-0041,2026-07-18,Tarde,B,Antena,AP-02,509,-69.1,19,15,118.5,29.6,6.821,2.83,7,0,0,0,1,0,16.06,1,0,5,2026-07,3
FBJ-0043,2026-07-18,Tarde,B,Cable,,318,,19,15,118.5,29.6,4.859,1.27,4,0,0,0,1,0,27.2,0,0,5,2026-07,3
FBJ-0044,2026-07-18,Tarde,B,Cable,,86,,19,15,118.5,29.6,5.061,2.34,6,0,0,0,1,0,18.49,0,0,5,2026-07,3
FBJ-0045,2026-07-18,Tarde,B,Antena,AP-02,848,-81.7,19,15,118.5,29.6,5.863,2.96,8,1,22,0,1,0,12.28,1,0,5,2026-07,3
FBJ-0046,2026-07-18,Tarde,B,Antena,AP-01,177,-50.9,19,15,118.5,29.6,1.429,0.6,6,0,0,0,1,0,19.57,1,0,5,2026-07,3
FBJ-0047,2026-07-18,Tarde,B,Antena,AP-02,453,-71.2,19,15,118.5,29.6,0.349,0.2,6,0,0,0,1,0,15.82,1,0,5,2026-07,3
FBJ-0048,2026-07-18,Tarde,B,Antena,AP-01,721,-80.9,19,15,118.5,29.6,2.174,1.51,7,1,25,0,1,0,11.98,1,0,5,2026-07,3
FBJ-0049,2026-07-18,Tarde,B,Cable,,350,,19,15,118.5,29.6,4.774,1.15,1,0,0,0,1,0,35.0,0,1,5,2026-07,3
FBJ-0050,2026-07-18,Tarde,B,Antena,AP-02,277,-61.0,19,15,118.5,29.6,5.639,1.95,4,0,0,0,1,0,19.74,1,0,5,2026-07,3
FBJ-0052,2026-07-18,Tarde,B,Cable,,288,,19,15,118.5,29.6,4.663,1.37,3,0,0,0,1,0,34.95,0,1,5,2026-07,3
FBJ-0053,2026-07-18,Tarde,B,Antena,AP-01,245,-55.9,19,15,118.5,29.6,4.713,2.1,7,0,0,0,1,0,19.75,1,0,5,2026-07,3
FBJ-0056,2026-07-18,Tarde,B,Antena,AP-02,549,-70.0,19,15,118.5,29.6,2.356,1.3,1,0,0,0,1,0,13.44,1,0,5,2026-07,3
FBJ-0057,2026-07-18,Tarde,B,Antena,AP-01,851,-81.4,19,15,118.5,29.6,2.099,1.38,7,3,114,0,1,0,14.55,1,0,5,2026-07,3
FBJ-0058,2026-07-18,Tarde,B,Antena,AP-02,308,-59.0,19,15,118.5,29.6,3.446,1.54,4,0,0,0,1,0,16.44,1,0,5,2026-07,3
FBJ-0060,2026-07-18,Tarde,B,Cable,,110,,19,15,118.5,29.6,4.429,1.8,8,0,0,0,1,0,21.27,0,0,5,2026-07,3
FBJ-0001,2026-07-18,Noche,A,Antena,AP-01,625,-74.5,19,14,137.6,34.4,6.525,3.4,8,0,0,0,1,0,12.98,1,0,5,2026-07,4
FBJ-0003,2026-07-18,Noche,A,Antena,AP-02,392,-66.0,19,14,137.6,34.4,4.529,2.62,3,1,28,0,1,0,14.62,1,0,5,2026-07,4
FBJ-0004,2026-07-18,Noche,A,Cable,,322,,19,14,137.6,34.4,8.178,2.31,4,0,0,0,1,0,33.52,0,0,5,2026-07,4
FBJ-0005,2026-07-18,Noche,A,Cable,,179,,19,14,137.6,34.4,7.562,2.22,1,0,0,0,1,0,31.37,0,0,5,2026-07,4
FBJ-0007,2026-07-18,Noche,A,Antena,AP-02,594,-68.6,19,14,137.6,34.4,6.207,3.39,2,0,0,0,1,0,13.3,1,0,5,2026-07,4
FBJ-0009,2026-07-18,Noche,A,Antena,AP-02,565,-72.0,19,14,137.6,34.4,6.63,2.94,6,0,0,0,1,0,16.55,1,0,5,2026-07,4
FBJ-0010,2026-07-18,Noche,A,Antena,AP-01,482,-67.3,19,14,137.6,34.4,2.756,1.57,1,1,38,0,1,0,16.8,1,0,5,2026-07,4
FBJ-0011,2026-07-18,Noche,A,Antena,AP-02,440,-67.1,19,14,137.6,34.4,2.753,1.52,5,0,0,0,1,0,15.07,1,0,5,2026-07,4
FBJ-0012,2026-07-18,Noche,A,Antena,AP-01,631,-74.1,19,14,137.6,34.4,4.777,2.73,5,0,0,0,1,0,16.65,1,0,5,2026-07,4
FBJ-0013,2026-07-18,Noche,A,Antena,AP-02,111,-56.0,19,14,137.6,34.4,8.908,2.72,7,0,0,0,1,0,23.69,1,0,5,2026-07,4
FBJ-0015,2026-07-18,Noche,A,Antena,AP-02,894,-83.5,19,14,137.6,34.4,7.607,3.0,3,0,0,0,1,0,18.33,1,0,5,2026-07,4
FBJ-0018,2026-07-18,Noche,A,Cable,,281,,19,14,137.6,34.4,7.719,2.93,7,0,0,0,1,0,22.86,0,0,5,2026-07,4
FBJ-0019,2026-07-18,Noche,A,Cable,,81,,19,14,137.6,34.4,6.045,2.35,7,0,0,0,1,0,27.95,0,0,5,2026-07,4
FBJ-0020,2026-07-18,Noche,A,Antena,AP-01,244,-60.1,19,14,137.6,34.4,5.277,2.58,7,0,0,0,1,0,15.23,1,0,5,2026-07,4
FBJ-0022,2026-07-18,Noche,A,Antena,AP-02,838,-82.4,19,14,137.6,34.4,2.34,1.57,8,0,0,0,1,0,10.38,1,0,5,2026-07,4
FBJ-0023,2026-07-18,Noche,A,Antena,AP-01,872,-78.5,19,14,137.6,34.4,4.682,3.5,2,0,0,0,1,0,14.73,1,0,5,2026-07,4
FBJ-0024,2026-07-18,Noche,A,Antena,AP-02,169,-58.3,19,14,137.6,34.4,7.72,2.92,8,0,0,0,1,0,23.47,1,0,5,2026-07,4
FBJ-0026,2026-07-18,Noche,A,Antena,AP-02,283,-64.0,19,14,137.6,34.4,3.41,2.7,1,0,0,0,1,0,13.25,1,0,5,2026-07,4
FBJ-0027,2026-07-18,Noche,A,Cable,,85,,19,14,137.6,34.4,13.986,3.04,7,0,0,0,1,0,28.41,0,0,5,2026-07,4
FBJ-0030,2026-07-18,Noche,A,Antena,AP-02,116,-54.6,19,14,137.6,34.4,5.032,2.78,2,0,0,0,1,0,19.39,1,0,5,2026-07,4
FBJ-0031,2026-07-18,Noche,B,Cable,,202,,20,14,105.9,26.5,12.355,3.4,7,0,0,0,1,0,27.96,0,0,5,2026-07,4
FBJ-0033,2026-07-18,Noche,B,Antena,AP-01,719,-77.6,20,14,105.9,26.5,3.676,2.33,7,0,0,0,1,0,11.82,1,0,5,2026-07,4
FBJ-0034,2026-07-18,Noche,B,Antena,AP-02,604,-72.2,20,14,105.9,26.5,4.548,3.31,4,0,0,0,1,0,12.95,1,0,5,2026-07,4
FBJ-0035,2026-07-18,Noche,B,Cable,,154,,20,14,105.9,26.5,11.288,2.39,2,0,0,0,1,0,33.29,0,0,5,2026-07,4
FBJ-0036,2026-07-18,Noche,B,Antena,AP-01,831,-77.3,20,14,105.9,26.5,4.549,1.64,4,0,0,0,1,0,18.53,1,0,5,2026-07,4
FBJ-0039,2026-07-18,Noche,B,Cable,,288,,20,14,105.9,26.5,7.672,1.48,1,0,0,0,1,0,35.0,0,1,5,2026-07,4
FBJ-0040,2026-07-18,Noche,B,Antena,AP-01,564,-73.1,20,14,105.9,26.5,6.253,2.9,6,0,0,0,1,0,14.47,1,0,5,2026-07,4
FBJ-0041,2026-07-18,Noche,B,Antena,AP-02,509,-69.1,20,14,105.9,26.5,2.626,1.71,1,0,0,0,1,0,12.32,1,0,5,2026-07,4
FBJ-0043,2026-07-18,Noche,B,Cable,,318,,20,14,105.9,26.5,4.981,1.39,3,0,0,0,1,0,28.62,0,0,5,2026-07,4
FBJ-0044,2026-07-18,Noche,B,Cable,,86,,20,14,105.9,26.5,4.935,1.45,2,0,0,0,1,0,32.03,0,0,5,2026-07,4
FBJ-0045,2026-07-18,Noche,B,Antena,AP-02,848,-81.7,20,14,105.9,26.5,5.477,2.64,2,1,30,0,1,0,19.34,1,0,5,2026-07,4
FBJ-0046,2026-07-18,Noche,B,Antena,AP-01,177,-50.9,20,14,105.9,26.5,10.996,3.21,2,0,0,0,1,0,24.68,1,0,5,2026-07,4
FBJ-0047,2026-07-18,Noche,B,Antena,AP-02,453,-71.2,20,14,105.9,26.5,4.681,3.07,7,0,0,0,1,0,15.3,1,0,5,2026-07,4
FBJ-0048,2026-07-18,Noche,B,Antena,AP-01,721,-80.9,20,14,105.9,26.5,4.188,2.92,5,1,23,0,1,0,15.7,1,0,5,2026-07,4
FBJ-0049,2026-07-18,Noche,B,Cable,,350,,20,14,105.9,26.5,11.385,3.79,3,0,0,0,1,0,26.25,0,0,5,2026-07,4
FBJ-0051,2026-07-18,Noche,B,Cable,,42,,20,14,105.9,26.5,8.305,2.15,8,0,0,0,1,0,26.85,0,0,5,2026-07,4
FBJ-0052,2026-07-18,Noche,B,Cable,,288,,20,14,105.9,26.5,5.084,1.42,5,0,0,0,1,0,25.09,0,0,5,2026-07,4
FBJ-0053,2026-07-18,Noche,B,Antena,AP-01,245,-55.9,20,14,105.9,26.5,1.957,1.03,7,0,0,0,1,0,17.17,1,0,5,2026-07,4
FBJ-0054,2026-07-18,Noche,B,Antena,AP-02,302,-59.5,20,14,105.9,26.5,7.596,2.39,1,0,0,0,1,0,20.81,1,0,5,2026-07,4
FBJ-0056,2026-07-18,Noche,B,Antena,AP-02,549,-70.0,20,14,105.9,26.5,5.311,2.72,3,0,0,0,1,0,18.34,1,0,5,2026-07,4
FBJ-0058,2026-07-18,Noche,B,Antena,AP-02,308,-59.0,20,14,105.9,26.5,3.92,2.58,3,0,0,0,1,0,15.67,1,0,5,2026-07,4
FBJ-0060,2026-07-18,Noche,B,Cable,,110,,20,14,105.9,26.5,10.389,3.5,8,0,0,0,1,0,26.13,0,0,5,2026-07,4
FBJ-0031,2026-07-19,Madrugada,B,Cable,,202,,3,2,31.5,7.9,2.881,0.94,1,0,0,1,1,0,32.85,0,0,6,2026-07,1
FBJ-0041,2026-07-19,Madrugada,B,Antena,AP-02,509,-69.1,3,2,31.5,7.9,3.31,1.33,7,2,76,1,1,0,17.4,1,0,6,2026-07,1
FBJ-0042,2026-07-19,Madrugada,B,Antena,AP-01,176,-53.0,3,2,31.5,7.9,1.136,0.56,8,0,0,1,1,0,18.08,1,0,6,2026-07,1
FBJ-0043,2026-07-19,Madrugada,B,Cable,,318,,3,2,31.5,7.9,11.279,2.27,2,0,0,1,1,0,31.99,0,0,6,2026-07,1
FBJ-0059,2026-07-19,Madrugada,B,Cable,,107,,3,2,31.5,7.9,6.497,1.85,2,1,14,1,1,0,31.39,0,0,6,2026-07,1
FBJ-0060,2026-07-19,Madrugada,B,Cable,,110,,3,2,31.5,7.9,0.807,0.2,3,0,0,1,1,0,26.52,0,0,6,2026-07,1
FBJ-0003,2026-07-19,Mañana,A,Antena,AP-02,392,-66.0,13,9,105.0,26.2,1.454,0.94,8,2,42,1,1,0,12.51,1,0,6,2026-07,2
FBJ-0004,2026-07-19,Mañana,A,Cable,,322,,13,9,105.0,26.2,7.55,2.85,4,0,0,1,1,0,25.59,0,0,6,2026-07,2
FBJ-0009,2026-07-19,Mañana,A,Antena,AP-02,565,-72.0,13,9,105.0,26.2,2.153,1.19,8,0,0,1,1,0,15.57,1,0,6,2026-07,2
FBJ-0010,2026-07-19,Mañana,A,Antena,AP-01,482,-67.3,13,9,105.0,26.2,3.003,1.66,5,0,0,1,1,0,14.55,1,0,6,2026-07,2
FBJ-0011,2026-07-19,Mañana,A,Antena,AP-02,440,-67.1,13,9,105.0,26.2,2.586,1.41,8,2,14,1,1,0,15.36,1,0,6,2026-07,2
FBJ-0014,2026-07-19,Mañana,A,Antena,AP-01,319,-62.5,13,9,105.0,26.2,5.063,2.42,4,0,0,1,1,0,13.35,1,0,6,2026-07,2
FBJ-0018,2026-07-19,Mañana,A,Cable,,281,,13,9,105.0,26.2,4.967,1.18,5,3,39,1,1,0,29.7,0,0,6,2026-07,2
FBJ-0020,2026-07-19,Mañana,A,Antena,AP-01,244,-60.1,13,9,105.0,26.2,3.662,2.34,4,0,0,1,1,0,14.9,1,0,6,2026-07,2
FBJ-0021,2026-07-19,Mañana,A,Cable,,163,,13,9,105.0,26.2,2.977,1.06,2,0,0,1,1,0,22.23,0,0,6,2026-07,2
FBJ-0022,2026-07-19,Mañana,A,Antena,AP-02,838,-82.4,13,9,105.0,26.2,3.989,2.34,4,1,33,1,1,0,11.44,1,0,6,2026-07,2
FBJ-0024,2026-07-19,Mañana,A,Antena,AP-02,169,-58.3,13,9,105.0,26.2,5.457,2.9,4,2,68,1,1,0,12.91,1,0,6,2026-07,2
FBJ-0025,2026-07-19,Mañana,A,Antena,AP-01,575,-73.2,13,9,105.0,26.2,1.393,1.16,6,3,15,1,1,0,12.78,1,0,6,2026-07,2
FBJ-0026,2026-07-19,Mañana,A,Antena,AP-02,283,-64.0,13,9,105.0,26.2,3.041,1.96,1,3,66,1,1,0,15.31,1,0,6,2026-07,2
FBJ-0029,2026-07-19,Mañana,A,Cable,,251,,13,9,105.0,26.2,3.168,1.11,4,3,96,1,1,0,25.56,0,0,6,2026-07,2
FBJ-0032,2026-07-19,Mañana,B,Cable,,302,,15,11,65.9,16.5,4.416,1.55,3,3,57,1,1,0,25.51,0,0,6,2026-07,2
FBJ-0036,2026-07-19,Mañana,B,Antena,AP-01,831,-77.3,15,11,65.9,16.5,4.191,2.64,5,0,0,1,1,0,15.82,1,0,6,2026-07,2
FBJ-0037,2026-07-19,Mañana,B,Cable,,205,,15,11,65.9,16.5,5.666,2.01,5,2,66,1,1,0,26.8,0,0,6,2026-07,2
FBJ-0039,2026-07-19,Mañana,B,Cable,,288,,15,11,65.9,16.5,12.75,3.28,5,0,0,1,1,0,26.35,0,0,6,2026-07,2
FBJ-0040,2026-07-19,Mañana,B,Antena,AP-01,564,-73.1,15,11,65.9,16.5,2.94,1.95,1,0,0,1,1,0,12.75,1,0,6,2026-07,2
FBJ-0041,2026-07-19,Mañana,B,Antena,AP-02,509,-69.1,15,11,65.9,16.5,1.908,1.37,8,1,38,1,1,0,8.56,1,0,6,2026-07,2
FBJ-0043,2026-07-19,Mañana,B,Cable,,318,,15,11,65.9,16.5,5.162,2.12,3,0,0,1,1,0,23.49,0,0,6,2026-07,2
FBJ-0046,2026-07-19,Mañana,B,Antena,AP-01,177,-50.9,15,11,65.9,16.5,4.67,1.79,7,1,22,1,1,0,22.43,1,0,6,2026-07,2
FBJ-0048,2026-07-19,Mañana,B,Antena,AP-01,721,-80.9,15,11,65.9,16.5,2.506,1.81,5,1,29,1,1,0,15.54,1,0,6,2026-07,2
FBJ-0052,2026-07-19,Mañana,B,Cable,,288,,15,11,65.9,16.5,4.391,1.78,7,0,0,1,1,0,18.6,0,0,6,2026-07,2
FBJ-0056,2026-07-19,Mañana,B,Antena,AP-02,549,-70.0,15,11,65.9,16.5,2.979,1.4,1,2,54,1,1,0,16.84,1,0,6,2026-07,2
FBJ-0001,2026-07-19,Tarde,A,Antena,AP-01,625,-74.5,14,9,89.3,22.3,1.673,1.5,8,1,37,1,1,0,9.13,1,0,6,2026-07,3
FBJ-0005,2026-07-19,Tarde,A,Cable,,179,,14,9,89.3,22.3,4.448,1.07,4,2,48,1,1,0,28.68,0,0,6,2026-07,3
FBJ-0007,2026-07-19,Tarde,A,Antena,AP-02,594,-68.6,14,9,89.3,22.3,5.692,2.45,3,0,0,1,1,0,18.87,1,0,6,2026-07,3
FBJ-0009,2026-07-19,Tarde,A,Antena,AP-02,565,-72.0,14,9,89.3,22.3,1.292,1.36,7,2,10,1,1,0,9.05,1,0,6,2026-07,3
FBJ-0011,2026-07-19,Tarde,A,Antena,AP-02,440,-67.1,14,9,89.3,22.3,1.774,0.98,2,1,19,1,1,0,14.2,1,0,6,2026-07,3
FBJ-0012,2026-07-19,Tarde,A,Antena,AP-01,631,-74.1,14,9,89.3,22.3,5.123,2.3,1,1,21,1,1,0,15.38,1,0,6,2026-07,3
FBJ-0013,2026-07-19,Tarde,A,Antena,AP-02,111,-56.0,14,9,89.3,22.3,4.194,1.6,2,2,34,1,1,0,18.66,1,0,6,2026-07,3
FBJ-0014,2026-07-19,Tarde,A,Antena,AP-01,319,-62.5,14,9,89.3,22.3,3.671,2.03,3,3,39,1,1,0,13.81,1,0,6,2026-07,3
FBJ-0015,2026-07-19,Tarde,A,Antena,AP-02,894,-83.5,14,9,89.3,22.3,2.702,1.36,3,1,29,1,1,0,15.82,1,0,6,2026-07,3
FBJ-0018,2026-07-19,Tarde,A,Cable,,281,,14,9,89.3,22.3,2.833,0.97,3,0,0,1,1,0,21.97,0,0,6,2026-07,3
FBJ-0019,2026-07-19,Tarde,A,Cable,,81,,14,9,89.3,22.3,3.945,1.31,8,3,63,1,1,0,27.68,0,0,6,2026-07,3
FBJ-0023,2026-07-19,Tarde,A,Antena,AP-01,872,-78.5,14,9,89.3,22.3,1.493,1.42,6,2,46,1,1,0,8.6,1,0,6,2026-07,3
FBJ-0025,2026-07-19,Tarde,A,Antena,AP-01,575,-73.2,14,9,89.3,22.3,0.571,0.47,1,0,0,1,1,0,13.22,1,0,6,2026-07,3
FBJ-0027,2026-07-19,Tarde,A,Cable,,85,,14,9,89.3,22.3,6.633,1.87,6,2,48,1,1,0,24.54,0,0,6,2026-07,3
FBJ-0032,2026-07-19,Tarde,B,Cable,,302,,19,11,102.3,25.6,0.538,0.2,2,1,37,1,1,0,23.36,0,0,6,2026-07,3
FBJ-0034,2026-07-19,Tarde,B,Antena,AP-02,604,-72.2,19,11,102.3,25.6,2.833,1.71,7,0,0,1,1,0,15.43,1,0,6,2026-07,3
FBJ-0035,2026-07-19,Tarde,B,Cable,,154,,19,11,102.3,25.6,3.213,0.95,8,2,26,1,1,0,30.05,0,0,6,2026-07,3
FBJ-0039,2026-07-19,Tarde,B,Cable,,288,,19,11,102.3,25.6,1.251,0.47,3,0,0,1,1,0,28.18,0,0,6,2026-07,3
FBJ-0042,2026-07-19,Tarde,B,Antena,AP-01,176,-53.0,19,11,102.3,25.6,5.436,2.54,2,2,50,1,1,0,18.18,1,0,6,2026-07,3
FBJ-0043,2026-07-19,Tarde,B,Cable,,318,,19,11,102.3,25.6,5.813,1.54,4,0,0,1,1,0,25.42,0,0,6,2026-07,3
FBJ-0044,2026-07-19,Tarde,B,Cable,,86,,19,11,102.3,25.6,1.429,0.41,5,4,120,1,1,0,28.79,0,0,6,2026-07,3
FBJ-0045,2026-07-19,Tarde,B,Antena,AP-02,848,-81.7,19,11,102.3,25.6,1.018,0.87,7,1,17,1,1,0,8.06,1,0,6,2026-07,3
FBJ-0046,2026-07-19,Tarde,B,Antena,AP-01,177,-50.9,19,11,102.3,25.6,3.933,1.36,7,1,37,1,1,0,17.56,1,0,6,2026-07,3
FBJ-0048,2026-07-19,Tarde,B,Antena,AP-01,721,-80.9,19,11,102.3,25.6,1.95,1.67,2,1,32,1,1,0,10.97,1,0,6,2026-07,3
FBJ-0051,2026-07-19,Tarde,B,Cable,,42,,19,11,102.3,25.6,11.474,2.31,5,1,19,1,1,0,31.66,0,0,6,2026-07,3
FBJ-0053,2026-07-19,Tarde,B,Antena,AP-01,245,-55.9,19,11,102.3,25.6,7.243,2.63,3,2,16,1,1,0,21.16,1,0,6,2026-07,3
FBJ-0054,2026-07-19,Tarde,B,Antena,AP-02,302,-59.5,19,11,102.3,25.6,2.369,0.94,1,1,21,1,1,0,17.45,1,0,6,2026-07,3
FBJ-0059,2026-07-19,Tarde,B,Cable,,107,,19,11,102.3,25.6,2.56,0.86,8,2,56,1,1,0,27.94,0,0,6,2026-07,3
FBJ-0060,2026-07-19,Tarde,B,Cable,,110,,19,11,102.3,25.6,3.363,1.05,1,0,0,1,1,0,23.82,0,0,6,2026-07,3
FBJ-0001,2026-07-19,Noche,A,Antena,AP-01,625,-74.5,17,13,174.5,43.6,1.707,1.19,2,1,33,1,1,0,9.12,1,0,6,2026-07,4
FBJ-0003,2026-07-19,Noche,A,Antena,AP-02,392,-66.0,17,13,174.5,43.6,3.739,1.67,2,0,0,1,1,0,13.74,1,0,6,2026-07,4
FBJ-0005,2026-07-19,Noche,A,Cable,,179,,17,13,174.5,43.6,8.244,2.95,5,2,52,1,1,0,18.87,0,0,6,2026-07,4
FBJ-0007,2026-07-19,Noche,A,Antena,AP-02,594,-68.6,17,13,174.5,43.6,4.175,2.72,3,0,0,1,1,0,10.72,1,0,6,2026-07,4
FBJ-0009,2026-07-19,Noche,A,Antena,AP-02,565,-72.0,17,13,174.5,43.6,4.879,2.15,6,0,0,1,1,0,17.24,1,0,6,2026-07,4
FBJ-0011,2026-07-19,Noche,A,Antena,AP-02,440,-67.1,17,13,174.5,43.6,3.115,2.85,6,0,0,1,1,0,10.79,1,0,6,2026-07,4
FBJ-0012,2026-07-19,Noche,A,Antena,AP-01,631,-74.1,17,13,174.5,43.6,3.627,2.17,2,2,78,1,1,0,11.4,1,0,6,2026-07,4
FBJ-0013,2026-07-19,Noche,A,Antena,AP-02,111,-56.0,17,13,174.5,43.6,6.021,3.48,1,1,12,1,1,0,16.46,1,0,6,2026-07,4
FBJ-0014,2026-07-19,Noche,A,Antena,AP-01,319,-62.5,17,13,174.5,43.6,2.921,1.4,6,1,17,1,1,0,16.86,1,0,6,2026-07,4
FBJ-0015,2026-07-19,Noche,A,Antena,AP-02,894,-83.5,17,13,174.5,43.6,3.054,1.99,6,1,24,1,1,0,16.06,1,0,6,2026-07,4
FBJ-0018,2026-07-19,Noche,A,Cable,,281,,17,13,174.5,43.6,6.224,3.41,7,0,0,1,1,0,15.88,0,0,6,2026-07,4
FBJ-0019,2026-07-19,Noche,A,Cable,,81,,17,13,174.5,43.6,6.228,2.51,4,2,56,1,1,0,25.73,0,0,6,2026-07,4
FBJ-0021,2026-07-19,Noche,A,Cable,,163,,17,13,174.5,43.6,2.681,1.07,1,2,26,1,1,0,18.05,0,0,6,2026-07,4
FBJ-0022,2026-07-19,Noche,A,Antena,AP-02,838,-82.4,17,13,174.5,43.6,4.09,3.32,6,0,0,1,1,0,10.37,1,0,6,2026-07,4
FBJ-0023,2026-07-19,Noche,A,Antena,AP-01,872,-78.5,17,13,174.5,43.6,3.965,3.47,4,1,4,1,1,0,11.31,1,0,6,2026-07,4
FBJ-0025,2026-07-19,Noche,A,Antena,AP-01,575,-73.2,17,13,174.5,43.6,2.368,2.44,4,0,0,1,1,0,10.83,1,0,6,2026-07,4
FBJ-0026,2026-07-19,Noche,A,Antena,AP-02,283,-64.0,17,13,174.5,43.6,2.127,1.45,1,0,0,1,1,0,16.97,1,0,6,2026-07,4
FBJ-0027,2026-07-19,Noche,A,Cable,,85,,17,13,174.5,43.6,6.693,2.27,8,2,30,1,1,0,22.42,0,0,6,2026-07,4
FBJ-0030,2026-07-19,Noche,A,Antena,AP-02,116,-54.6,17,13,174.5,43.6,5.341,2.75,4,1,35,1,1,0,20.1,1,0,6,2026-07,4
FBJ-0031,2026-07-19,Noche,B,Cable,,202,,22,16,108.0,27.0,4.097,2.24,5,0,0,1,1,0,15.65,0,0,6,2026-07,4
FBJ-0032,2026-07-19,Noche,B,Cable,,302,,22,16,108.0,27.0,8.435,3.02,8,2,72,1,1,0,26.84,0,0,6,2026-07,4
FBJ-0033,2026-07-19,Noche,B,Antena,AP-01,719,-77.6,22,16,108.0,27.0,1.339,0.76,1,0,0,1,1,0,12.57,1,0,6,2026-07,4
FBJ-0034,2026-07-19,Noche,B,Antena,AP-02,604,-72.2,22,16,108.0,27.0,2.155,2.95,4,0,0,1,1,0,6.6,1,0,6,2026-07,4
FBJ-0035,2026-07-19,Noche,B,Cable,,154,,22,16,108.0,27.0,6.944,3.46,8,2,52,1,1,0,18.57,0,0,6,2026-07,4
FBJ-0037,2026-07-19,Noche,B,Cable,,205,,22,16,108.0,27.0,2.767,1.92,7,1,3,1,1,0,17.77,0,0,6,2026-07,4
FBJ-0039,2026-07-19,Noche,B,Cable,,288,,22,16,108.0,27.0,5.404,2.81,6,2,78,1,1,0,17.39,0,0,6,2026-07,4
FBJ-0040,2026-07-19,Noche,B,Antena,AP-01,564,-73.1,22,16,108.0,27.0,2.719,2.43,4,1,23,1,1,0,10.16,1,0,6,2026-07,4
FBJ-0041,2026-07-19,Noche,B,Antena,AP-02,509,-69.1,22,16,108.0,27.0,4.657,3.7,5,1,7,1,1,0,11.19,1,0,6,2026-07,4
FBJ-0043,2026-07-19,Noche,B,Cable,,318,,22,16,108.0,27.0,7.02,2.1,4,1,21,1,1,0,23.26,0,0,6,2026-07,4
FBJ-0044,2026-07-19,Noche,B,Cable,,86,,22,16,108.0,27.0,6.333,3.01,7,0,0,1,1,0,15.63,0,0,6,2026-07,4
FBJ-0045,2026-07-19,Noche,B,Antena,AP-02,848,-81.7,22,16,108.0,27.0,2.354,1.64,6,0,0,1,1,0,9.85,1,0,6,2026-07,4
FBJ-0046,2026-07-19,Noche,B,Antena,AP-01,177,-50.9,22,16,108.0,27.0,5.241,1.67,2,0,0,1,1,0,20.88,1,0,6,2026-07,4
FBJ-0047,2026-07-19,Noche,B,Antena,AP-02,453,-71.2,22,16,108.0,27.0,3.978,3.39,3,0,0,1,1,0,9.79,1,0,6,2026-07,4
FBJ-0048,2026-07-19,Noche,B,Antena,AP-01,721,-80.9,22,16,108.0,27.0,2.153,2.09,2,0,0,1,1,0,11.1,1,0,6,2026-07,4
FBJ-0049,2026-07-19,Noche,B,Cable,,350,,22,16,108.0,27.0,4.519,1.71,2,0,0,1,1,0,20.35,0,0,6,2026-07,4
FBJ-0050,2026-07-19,Noche,B,Antena,AP-02,277,-61.0,22,16,108.0,27.0,4.482,2.18,5,1,15,1,1,0,16.84,1,0,6,2026-07,4
FBJ-0051,2026-07-19,Noche,B,Cable,,42,,22,16,108.0,27.0,9.466,4.12,4,0,0,1,1,0,17.54,0,0,6,2026-07,4
FBJ-0052,2026-07-19,Noche,B,Cable,,288,,22,16,108.0,27.0,3.016,2.42,8,0,0,1,1,0,13.59,0,0,6,2026-07,4
FBJ-0053,2026-07-19,Noche,B,Antena,AP-01,245,-55.9,22,16,108.0,27.0,3.633,1.83,7,0,0,1,1,0,18.05,1,0,6,2026-07,4
FBJ-0054,2026-07-19,Noche,B,Antena,AP-02,302,-59.5,22,16,108.0,27.0,4.284,2.42,1,0,0,1,1,0,13.91,1,0,6,2026-07,4
FBJ-0056,2026-07-19,Noche,B,Antena,AP-02,549,-70.0,22,16,108.0,27.0,2.787,2.07,6,1,6,1,1,0,7.95,1,0,6,2026-07,4
FBJ-0057,2026-07-19,Noche,B,Antena,AP-01,851,-81.4,22,16,108.0,27.0,1.974,2.28,3,2,58,1,1,0,9.39,1,0,6,2026-07,4
FBJ-0059,2026-07-19,Noche,B,Cable,,107,,22,16,108.0,27.0,4.758,3.76,6,1,8,1,1,0,12.71,0,0,6,2026-07,4
FBJ-0004,2026-07-20,Madrugada,A,Cable,,322,,2,2,3.9,1.0,5.052,1.23,5,0,0,0,0,0,35.0,0,1,0,2026-07,1
FBJ-0018,2026-07-20,Madrugada,A,Cable,,281,,2,2,3.9,1.0,3.993,0.85,8,0,0,0,0,0,35.0,0,1,0,2026-07,1
FBJ-0021,2026-07-20,Madrugada,A,Cable,,163,,2,2,3.9,1.0,0.897,0.2,7,0,0,0,0,0,30.88,0,0,0,2026-07,1
FBJ-0034,2026-07-20,Madrugada,B,Antena,AP-02,604,-72.2,3,2,25.8,6.5,2.825,1.36,5,0,0,0,0,0,16.64,1,0,0,2026-07,1
FBJ-0036,2026-07-20,Madrugada,B,Antena,AP-01,831,-77.3,3,2,25.8,6.5,3.499,2.01,6,0,0,0,0,0,17.69,1,0,0,2026-07,1
FBJ-0037,2026-07-20,Madrugada,B,Cable,,205,,3,2,25.8,6.5,1.746,0.5,7,0,0,0,0,0,31.88,0,0,0,2026-07,1
FBJ-0051,2026-07-20,Madrugada,B,Cable,,42,,3,2,25.8,6.5,5.856,1.26,1,0,0,0,0,0,35.0,0,1,0,2026-07,1
FBJ-0001,2026-07-20,Mañana,A,Antena,AP-01,625,-74.5,13,9,111.4,27.9,5.966,2.2,4,0,0,0,0,0,22.12,1,0,0,2026-07,2
FBJ-0003,2026-07-20,Mañana,A,Antena,AP-02,392,-66.0,13,9,111.4,27.9,7.897,2.89,2,0,0,0,0,0,21.79,1,0,0,2026-07,2
FBJ-0010,2026-07-20,Mañana,A,Antena,AP-01,482,-67.3,13,9,111.4,27.9,4.959,1.86,5,1,18,0,0,0,18.11,1,0,0,2026-07,2
FBJ-0011,2026-07-20,Mañana,A,Antena,AP-02,440,-67.1,13,9,111.4,27.9,4.244,2.17,1,0,0,0,0,0,16.5,1,0,0,2026-07,2
FBJ-0014,2026-07-20,Mañana,A,Antena,AP-01,319,-62.5,13,9,111.4,27.9,2.787,0.84,4,1,18,0,0,0,23.2,1,0,0,2026-07,2
FBJ-0019,2026-07-20,Mañana,A,Cable,,81,,13,9,111.4,27.9,2.359,0.76,7,1,17,0,0,0,35.0,0,1,0,2026-07,2
FBJ-0020,2026-07-20,Mañana,A,Antena,AP-01,244,-60.1,13,9,111.4,27.9,8.036,2.28,5,0,0,0,0,0,30.07,1,0,0,2026-07,2
FBJ-0021,2026-07-20,Mañana,A,Cable,,163,,13,9,111.4,27.9,5.732,1.28,2,0,0,0,0,0,35.0,0,1,0,2026-07,2
FBJ-0022,2026-07-20,Mañana,A,Antena,AP-02,838,-82.4,13,9,111.4,27.9,0.588,0.2,3,0,0,0,0,0,18.96,1,0,0,2026-07,2
FBJ-0024,2026-07-20,Mañana,A,Antena,AP-02,169,-58.3,13,9,111.4,27.9,2.054,0.74,5,0,0,0,0,0,21.4,1,0,0,2026-07,2
FBJ-0026,2026-07-20,Mañana,A,Antena,AP-02,283,-64.0,13,9,111.4,27.9,5.601,2.98,2,0,0,0,0,0,17.5,1,0,0,2026-07,2
FBJ-0027,2026-07-20,Mañana,A,Cable,,85,,13,9,111.4,27.9,14.509,2.76,7,1,12,0,0,0,35.0,0,1,0,2026-07,2
FBJ-0031,2026-07-20,Mañana,B,Cable,,202,,11,9,80.8,20.2,9.952,2.25,3,0,0,0,0,0,35.0,0,1,0,2026-07,2
FBJ-0033,2026-07-20,Mañana,B,Antena,AP-01,719,-77.6,11,9,80.8,20.2,2.27,1.23,7,0,0,0,0,0,15.16,1,0,0,2026-07,2
FBJ-0036,2026-07-20,Mañana,B,Antena,AP-01,831,-77.3,11,9,80.8,20.2,6.143,2.61,5,1,6,0,0,0,15.69,1,0,0,2026-07,2
FBJ-0037,2026-07-20,Mañana,B,Cable,,205,,11,9,80.8,20.2,3.825,1.11,8,1,10,0,0,0,33.84,0,0,0,2026-07,2
FBJ-0039,2026-07-20,Mañana,B,Cable,,288,,11,9,80.8,20.2,8.098,2.41,2,0,0,0,0,0,23.82,0,0,0,2026-07,2
FBJ-0041,2026-07-20,Mañana,B,Antena,AP-02,509,-69.1,11,9,80.8,20.2,4.794,2.07,1,1,19,0,0,0,17.11,1,0,0,2026-07,2
FBJ-0043,2026-07-20,Mañana,B,Cable,,318,,11,9,80.8,20.2,3.95,0.87,1,0,0,0,0,0,33.37,0,0,0,2026-07,2
FBJ-0047,2026-07-20,Mañana,B,Antena,AP-02,453,-71.2,11,9,80.8,20.2,3.597,1.61,7,0,0,0,0,0,17.4,1,0,0,2026-07,2
FBJ-0048,2026-07-20,Mañana,B,Antena,AP-01,721,-80.9,11,9,80.8,20.2,3.719,1.39,7,2,20,0,0,0,19.27,1,0,0,2026-07,2
FBJ-0049,2026-07-20,Mañana,B,Cable,,350,,11,9,80.8,20.2,9.639,1.93,7,1,26,0,0,0,33.12,0,0,0,2026-07,2
FBJ-0052,2026-07-20,Mañana,B,Cable,,288,,11,9,80.8,20.2,4.821,1.02,5,0,0,0,0,0,35.0,0,1,0,2026-07,2
FBJ-0054,2026-07-20,Mañana,B,Antena,AP-02,302,-59.5,11,9,80.8,20.2,2.628,0.94,5,1,4,0,0,0,21.47,1,0,0,2026-07,2
FBJ-0056,2026-07-20,Mañana,B,Antena,AP-02,549,-70.0,11,9,80.8,20.2,6.137,2.25,4,0,0,0,0,0,18.46,1,0,0,2026-07,2
FBJ-0060,2026-07-20,Mañana,B,Cable,,110,,11,9,80.8,20.2,6.024,1.2,3,0,0,0,0,0,32.38,0,0,0,2026-07,2
FBJ-0004,2026-07-20,Tarde,A,Cable,,322,,10,6,77.8,19.4,5.154,1.81,2,0,0,0,0,0,30.2,0,0,0,2026-07,3
FBJ-0005,2026-07-20,Tarde,A,Cable,,179,,10,6,77.8,19.4,2.544,0.69,8,1,12,0,0,0,28.67,0,0,0,2026-07,3
FBJ-0007,2026-07-20,Tarde,A,Antena,AP-02,594,-68.6,10,6,77.8,19.4,2.287,1.12,7,0,0,0,0,0,17.86,1,0,0,2026-07,3
FBJ-0010,2026-07-20,Tarde,A,Antena,AP-01,482,-67.3,10,6,77.8,19.4,1.697,1.13,6,0,0,0,0,0,14.1,1,0,0,2026-07,3
FBJ-0011,2026-07-20,Tarde,A,Antena,AP-02,440,-67.1,10,6,77.8,19.4,5.175,2.13,4,0,0,0,0,0,18.84,1,0,0,2026-07,3
FBJ-0012,2026-07-20,Tarde,A,Antena,AP-01,631,-74.1,10,6,77.8,19.4,2.414,0.91,1,0,0,0,0,0,20.34,1,0,0,2026-07,3
FBJ-0020,2026-07-20,Tarde,A,Antena,AP-01,244,-60.1,10,6,77.8,19.4,5.319,1.34,7,0,0,0,0,0,30.8,1,0,0,2026-07,3
FBJ-0022,2026-07-20,Tarde,A,Antena,AP-02,838,-82.4,10,6,77.8,19.4,0.563,0.28,4,0,0,0,0,0,12.88,1,0,0,2026-07,3
FBJ-0023,2026-07-20,Tarde,A,Antena,AP-01,872,-78.5,10,6,77.8,19.4,3.034,1.25,1,2,26,0,0,0,19.67,1,0,0,2026-07,3
FBJ-0025,2026-07-20,Tarde,A,Antena,AP-01,575,-73.2,10,6,77.8,19.4,0.326,0.2,8,0,0,0,0,0,18.19,1,0,0,2026-07,3
FBJ-0030,2026-07-20,Tarde,A,Antena,AP-02,116,-54.6,10,6,77.8,19.4,5.017,1.73,4,1,16,0,0,0,26.81,1,0,0,2026-07,3
FBJ-0035,2026-07-20,Tarde,B,Cable,,154,,14,11,145.6,36.4,5.302,1.95,8,0,0,0,0,0,25.69,0,0,0,2026-07,3
FBJ-0036,2026-07-20,Tarde,B,Antena,AP-01,831,-77.3,14,11,145.6,36.4,4.572,1.91,7,0,0,0,0,0,17.76,1,0,0,2026-07,3
FBJ-0039,2026-07-20,Tarde,B,Cable,,288,,14,11,145.6,36.4,0.973,0.2,7,1,16,0,0,0,33.9,0,0,0,2026-07,3
FBJ-0040,2026-07-20,Tarde,B,Antena,AP-01,564,-73.1,14,11,145.6,36.4,1.302,0.68,8,0,0,0,0,0,15.14,1,0,0,2026-07,3
FBJ-0045,2026-07-20,Tarde,B,Antena,AP-02,848,-81.7,14,11,145.6,36.4,3.354,1.28,7,1,5,0,0,0,17.87,1,0,0,2026-07,3
FBJ-0046,2026-07-20,Tarde,B,Antena,AP-01,177,-50.9,14,11,145.6,36.4,1.699,0.34,6,0,0,0,0,0,33.31,1,0,0,2026-07,3
FBJ-0049,2026-07-20,Tarde,B,Cable,,350,,14,11,145.6,36.4,2.738,0.75,1,0,0,0,0,0,33.78,0,0,0,2026-07,3
FBJ-0052,2026-07-20,Tarde,B,Cable,,288,,14,11,145.6,36.4,2.699,0.67,2,0,0,0,0,0,35.0,0,1,0,2026-07,3
FBJ-0004,2026-07-20,Noche,A,Cable,,322,,15,10,86.9,21.7,6.697,2.72,8,0,0,0,0,0,25.23,0,0,0,2026-07,4
FBJ-0005,2026-07-20,Noche,A,Cable,,179,,15,10,86.9,21.7,9.182,3.07,5,0,0,0,0,0,27.54,0,0,0,2026-07,4
FBJ-0007,2026-07-20,Noche,A,Antena,AP-02,594,-68.6,15,10,86.9,21.7,6.688,2.78,8,0,0,0,0,0,18.91,1,0,0,2026-07,4
FBJ-0009,2026-07-20,Noche,A,Antena,AP-02,565,-72.0,15,10,86.9,21.7,9.74,4.5,5,0,0,0,0,0,15.34,1,0,0,2026-07,4
FBJ-0010,2026-07-20,Noche,A,Antena,AP-01,482,-67.3,15,10,86.9,21.7,8.348,2.85,6,0,0,0,0,0,18.91,1,0,0,2026-07,4
FBJ-0014,2026-07-20,Noche,A,Antena,AP-01,319,-62.5,15,10,86.9,21.7,10.132,3.61,5,0,0,0,0,0,24.86,1,0,0,2026-07,4
FBJ-0019,2026-07-20,Noche,A,Cable,,81,,15,10,86.9,21.7,7.639,2.08,6,0,0,0,0,0,35.0,0,1,0,2026-07,4
FBJ-0020,2026-07-20,Noche,A,Antena,AP-01,244,-60.1,15,10,86.9,21.7,9.654,3.73,8,0,0,0,0,0,16.55,1,0,0,2026-07,4
FBJ-0022,2026-07-20,Noche,A,Antena,AP-02,838,-82.4,15,10,86.9,21.7,5.496,1.98,4,0,0,0,0,0,20.55,1,0,0,2026-07,4
FBJ-0025,2026-07-20,Noche,A,Antena,AP-01,575,-73.2,15,10,86.9,21.7,4.238,3.25,1,0,0,0,0,0,15.76,1,0,0,2026-07,4
FBJ-0026,2026-07-20,Noche,A,Antena,AP-02,283,-64.0,15,10,86.9,21.7,8.812,3.27,8,1,29,0,0,0,26.53,1,0,0,2026-07,4
FBJ-0027,2026-07-20,Noche,A,Cable,,85,,15,10,86.9,21.7,11.725,3.13,8,0,0,0,0,0,33.26,0,0,0,2026-07,4
FBJ-0031,2026-07-20,Noche,B,Cable,,202,,18,16,114.3,28.6,9.167,2.98,3,0,0,0,0,0,31.93,0,0,0,2026-07,4
FBJ-0032,2026-07-20,Noche,B,Cable,,302,,18,16,114.3,28.6,12.596,3.31,8,0,0,0,0,0,27.47,0,0,0,2026-07,4
FBJ-0035,2026-07-20,Noche,B,Cable,,154,,18,16,114.3,28.6,5.85,1.93,4,0,0,0,0,0,24.0,0,0,0,2026-07,4
FBJ-0036,2026-07-20,Noche,B,Antena,AP-01,831,-77.3,18,16,114.3,28.6,2.346,2.01,7,1,19,0,0,0,10.57,1,0,0,2026-07,4
FBJ-0037,2026-07-20,Noche,B,Cable,,205,,18,16,114.3,28.6,8.993,3.25,7,0,0,0,0,0,24.36,0,0,0,2026-07,4
FBJ-0040,2026-07-20,Noche,B,Antena,AP-01,564,-73.1,18,16,114.3,28.6,2.943,1.75,2,0,0,0,0,0,12.94,1,0,0,2026-07,4
FBJ-0043,2026-07-20,Noche,B,Cable,,318,,18,16,114.3,28.6,6.091,1.54,7,0,0,0,0,0,27.91,0,0,0,2026-07,4
FBJ-0044,2026-07-20,Noche,B,Cable,,86,,18,16,114.3,28.6,9.168,2.55,8,0,0,0,0,0,31.39,0,0,0,2026-07,4
FBJ-0047,2026-07-20,Noche,B,Antena,AP-02,453,-71.2,18,16,114.3,28.6,4.814,3.25,1,0,0,0,0,0,13.36,1,0,0,2026-07,4
FBJ-0050,2026-07-20,Noche,B,Antena,AP-02,277,-61.0,18,16,114.3,28.6,6.16,2.06,1,0,0,0,0,0,25.03,1,0,0,2026-07,4
FBJ-0051,2026-07-20,Noche,B,Cable,,42,,18,16,114.3,28.6,7.832,2.75,6,0,0,0,0,0,26.36,0,0,0,2026-07,4
FBJ-0052,2026-07-20,Noche,B,Cable,,288,,18,16,114.3,28.6,4.805,2.24,7,0,0,0,0,0,22.02,0,0,0,2026-07,4
FBJ-0054,2026-07-20,Noche,B,Antena,AP-02,302,-59.5,18,16,114.3,28.6,4.936,2.19,3,0,0,0,0,0,22.28,1,0,0,2026-07,4
FBJ-0056,2026-07-20,Noche,B,Antena,AP-02,549,-70.0,18,16,114.3,28.6,2.662,1.98,6,0,0,0,0,0,11.55,1,0,0,2026-07,4
FBJ-0057,2026-07-20,Noche,B,Antena,AP-01,851,-81.4,18,16,114.3,28.6,4.421,3.0,3,0,0,0,0,0,11.85,1,0,0,2026-07,4
FBJ-0058,2026-07-20,Noche,B,Antena,AP-02,308,-59.0,18,16,114.3,28.6,5.017,2.15,5,0,0,0,0,0,17.96,1,0,0,2026-07,4
FBJ-0059,2026-07-20,Noche,B,Cable,,107,,18,16,114.3,28.6,8.208,1.95,1,1,36,0,0,0,31.99,0,0,0,2026-07,4
FBJ-0013,2026-07-21,Madrugada,A,Antena,AP-02,111,-56.0,2,2,13.4,3.4,1.45,0.86,3,0,0,0,0,0,19.04,1,0,1,2026-07,1
FBJ-0021,2026-07-21,Madrugada,A,Cable,,163,,2,2,13.4,3.4,8.207,1.69,5,0,0,0,0,0,35.0,0,1,1,2026-07,1
FBJ-0023,2026-07-21,Madrugada,A,Antena,AP-01,872,-78.5,2,2,13.4,3.4,5.152,2.38,5,1,9,0,0,0,18.54,1,0,1,2026-07,1
FBJ-0024,2026-07-21,Madrugada,A,Antena,AP-02,169,-58.3,2,2,13.4,3.4,6.255,2.13,4,0,0,0,0,0,25.9,1,0,1,2026-07,1
FBJ-0047,2026-07-21,Madrugada,B,Antena,AP-02,453,-71.2,7,6,26.6,6.7,3.424,1.92,8,0,0,0,0,0,16.37,1,0,1,2026-07,1
FBJ-0001,2026-07-21,Mañana,A,Antena,AP-01,625,-74.5,7,6,65.7,16.4,3.735,2.38,3,0,0,0,0,0,14.22,1,0,1,2026-07,2
FBJ-0003,2026-07-21,Mañana,A,Antena,AP-02,392,-66.0,7,6,65.7,16.4,1.651,0.75,6,0,0,0,0,0,15.44,1,0,1,2026-07,2
FBJ-0004,2026-07-21,Mañana,A,Cable,,322,,7,6,65.7,16.4,5.297,1.79,1,1,11,0,0,0,35.0,0,1,1,2026-07,2
FBJ-0012,2026-07-21,Mañana,A,Antena,AP-01,631,-74.1,7,6,65.7,16.4,5.411,1.91,6,0,0,0,0,0,24.0,1,0,1,2026-07,2
FBJ-0013,2026-07-21,Mañana,A,Antena,AP-02,111,-56.0,7,6,65.7,16.4,4.397,1.27,6,0,0,0,0,0,25.19,1,0,1,2026-07,2
FBJ-0014,2026-07-21,Mañana,A,Antena,AP-01,319,-62.5,7,6,65.7,16.4,4.779,1.71,5,0,0,0,0,0,22.03,1,0,1,2026-07,2
FBJ-0019,2026-07-21,Mañana,A,Cable,,81,,7,6,65.7,16.4,9.517,2.2,2,0,0,0,0,0,35.0,0,1,1,2026-07,2
FBJ-0020,2026-07-21,Mañana,A,Antena,AP-01,244,-60.1,7,6,65.7,16.4,13.13,2.47,1,0,0,0,0,0,34.45,1,0,1,2026-07,2
FBJ-0022,2026-07-21,Mañana,A,Antena,AP-02,838,-82.4,7,6,65.7,16.4,6.239,2.42,3,0,0,0,0,0,16.07,1,0,1,2026-07,2
FBJ-0023,2026-07-21,Mañana,A,Antena,AP-01,872,-78.5,7,6,65.7,16.4,3.596,1.76,3,2,20,0,0,0,19.76,1,0,1,2026-07,2
FBJ-0025,2026-07-21,Mañana,A,Antena,AP-01,575,-73.2,7,6,65.7,16.4,2.3,1.66,2,0,0,0,0,0,16.47,1,0,1,2026-07,2
FBJ-0026,2026-07-21,Mañana,A,Antena,AP-02,283,-64.0,7,6,65.7,16.4,3.383,1.83,6,0,0,0,0,0,23.11,1,0,1,2026-07,2
FBJ-0029,2026-07-21,Mañana,A,Cable,,251,,7,6,65.7,16.4,5.404,1.99,6,1,6,0,0,0,30.41,0,0,1,2026-07,2
FBJ-0037,2026-07-21,Mañana,B,Cable,,205,,12,8,80.7,20.2,7.803,1.87,3,0,0,0,0,0,31.58,0,0,1,2026-07,2
FBJ-0039,2026-07-21,Mañana,B,Cable,,288,,12,8,80.7,20.2,9.703,2.77,4,0,0,0,0,0,35.0,0,1,1,2026-07,2
FBJ-0040,2026-07-21,Mañana,B,Antena,AP-01,564,-73.1,12,8,80.7,20.2,5.257,2.49,7,0,0,0,0,0,22.61,1,0,1,2026-07,2
FBJ-0041,2026-07-21,Mañana,B,Antena,AP-02,509,-69.1,12,8,80.7,20.2,1.188,0.78,2,0,0,0,0,0,11.88,1,0,1,2026-07,2
FBJ-0046,2026-07-21,Mañana,B,Antena,AP-01,177,-50.9,12,8,80.7,20.2,5.113,1.22,1,0,0,0,0,0,28.38,1,0,1,2026-07,2
FBJ-0048,2026-07-21,Mañana,B,Antena,AP-01,721,-80.9,12,8,80.7,20.2,1.905,1.04,7,0,0,0,0,0,14.89,1,0,1,2026-07,2
FBJ-0051,2026-07-21,Mañana,B,Cable,,42,,12,8,80.7,20.2,5.277,1.42,1,1,28,0,0,0,34.96,0,1,1,2026-07,2
FBJ-0053,2026-07-21,Mañana,B,Antena,AP-01,245,-55.9,12,8,80.7,20.2,4.072,1.52,2,0,0,0,0,0,20.23,1,0,1,2026-07,2
FBJ-0056,2026-07-21,Mañana,B,Antena,AP-02,549,-70.0,12,8,80.7,20.2,9.269,3.32,7,0,0,0,0,0,19.5,1,0,1,2026-07,2
FBJ-0059,2026-07-21,Mañana,B,Cable,,107,,12,8,80.7,20.2,3.802,1.0,2,0,0,0,0,0,30.15,0,0,1,2026-07,2
FBJ-0005,2026-07-21,Tarde,A,Cable,,179,,9,8,123.5,30.9,4.995,1.73,1,0,0,0,0,0,29.25,0,0,1,2026-07,3
FBJ-0009,2026-07-21,Tarde,A,Antena,AP-02,565,-72.0,9,8,123.5,30.9,4.452,1.87,4,0,0,0,0,0,16.04,1,0,1,2026-07,3
FBJ-0012,2026-07-21,Tarde,A,Antena,AP-01,631,-74.1,9,8,123.5,30.9,1.996,0.83,1,0,0,0,0,0,22.81,1,0,1,2026-07,3
FBJ-0014,2026-07-21,Tarde,A,Antena,AP-01,319,-62.5,9,8,123.5,30.9,6.103,2.3,8,1,23,0,0,0,19.04,1,0,1,2026-07,3
FBJ-0015,2026-07-21,Tarde,A,Antena,AP-02,894,-83.5,9,8,123.5,30.9,6.024,2.76,1,2,22,0,0,0,19.74,1,0,1,2026-07,3
FBJ-0018,2026-07-21,Tarde,A,Cable,,281,,9,8,123.5,30.9,7.075,1.52,8,0,0,0,0,0,33.53,0,0,1,2026-07,3
FBJ-0019,2026-07-21,Tarde,A,Cable,,81,,9,8,123.5,30.9,6.003,1.58,4,0,0,0,0,0,35.0,0,1,1,2026-07,3
FBJ-0020,2026-07-21,Tarde,A,Antena,AP-01,244,-60.1,9,8,123.5,30.9,3.046,1.07,3,0,0,0,0,0,18.09,1,0,1,2026-07,3
FBJ-0021,2026-07-21,Tarde,A,Cable,,163,,9,8,123.5,30.9,4.596,1.0,1,1,35,0,0,0,35.0,0,1,1,2026-07,3
FBJ-0022,2026-07-21,Tarde,A,Antena,AP-02,838,-82.4,9,8,123.5,30.9,4.383,2.31,7,0,0,0,0,0,16.04,1,0,1,2026-07,3
FBJ-0024,2026-07-21,Tarde,A,Antena,AP-02,169,-58.3,9,8,123.5,30.9,5.6,1.72,8,0,0,0,0,0,29.37,1,0,1,2026-07,3
FBJ-0025,2026-07-21,Tarde,A,Antena,AP-01,575,-73.2,9,8,123.5,30.9,2.642,1.77,8,0,0,0,0,0,18.07,1,0,1,2026-07,3
FBJ-0027,2026-07-21,Tarde,A,Cable,,85,,9,8,123.5,30.9,3.001,0.83,1,0,0,0,0,0,35.0,0,1,1,2026-07,3
FBJ-0029,2026-07-21,Tarde,A,Cable,,251,,9,8,123.5,30.9,3.239,0.82,8,0,0,0,0,0,35.0,0,1,1,2026-07,3
FBJ-0030,2026-07-21,Tarde,A,Antena,AP-02,116,-54.6,9,8,123.5,30.9,6.165,2.08,4,0,0,0,0,0,30.62,1,0,1,2026-07,3
FBJ-0031,2026-07-21,Tarde,B,Cable,,202,,13,8,96.7,24.2,8.29,2.05,3,0,0,0,0,0,31.79,0,0,1,2026-07,3
FBJ-0032,2026-07-21,Tarde,B,Cable,,302,,13,8,96.7,24.2,4.118,1.37,5,0,0,0,0,0,30.77,0,0,1,2026-07,3
FBJ-0034,2026-07-21,Tarde,B,Antena,AP-02,604,-72.2,13,8,96.7,24.2,1.864,0.82,5,0,0,0,0,0,19.13,1,0,1,2026-07,3
FBJ-0046,2026-07-21,Tarde,B,Antena,AP-01,177,-50.9,13,8,96.7,24.2,5.721,1.36,1,0,0,0,0,0,28.71,1,0,1,2026-07,3
FBJ-0048,2026-07-21,Tarde,B,Antena,AP-01,721,-80.9,13,8,96.7,24.2,2.88,1.6,6,0,0,0,0,0,19.67,1,0,1,2026-07,3
FBJ-0049,2026-07-21,Tarde,B,Cable,,350,,13,8,96.7,24.2,5.406,1.59,4,0,0,0,0,0,28.24,0,0,1,2026-07,3
FBJ-0050,2026-07-21,Tarde,B,Antena,AP-02,277,-61.0,13,8,96.7,24.2,4.788,2.13,8,1,14,0,0,0,24.57,1,0,1,2026-07,3
FBJ-0051,2026-07-21,Tarde,B,Cable,,42,,13,8,96.7,24.2,5.119,1.45,6,0,0,0,0,0,31.69,0,0,1,2026-07,3
FBJ-0054,2026-07-21,Tarde,B,Antena,AP-02,302,-59.5,13,8,96.7,24.2,2.217,1.08,4,0,0,0,0,0,21.04,1,0,1,2026-07,3
FBJ-0056,2026-07-21,Tarde,B,Antena,AP-02,549,-70.0,13,8,96.7,24.2,1.283,0.8,8,0,0,0,0,0,14.5,1,0,1,2026-07,3
FBJ-0058,2026-07-21,Tarde,B,Antena,AP-02,308,-59.0,13,8,96.7,24.2,3.794,1.52,7,0,0,0,0,0,18.41,1,0,1,2026-07,3
FBJ-0059,2026-07-21,Tarde,B,Cable,,107,,13,8,96.7,24.2,2.081,0.48,5,0,0,0,0,0,35.0,0,1,1,2026-07,3
FBJ-0004,2026-07-21,Noche,A,Cable,,322,,17,13,128.1,32.0,7.804,3.55,4,0,0,0,0,0,24.67,0,0,1,2026-07,4
FBJ-0005,2026-07-21,Noche,A,Cable,,179,,17,13,128.1,32.0,8.279,2.58,3,0,0,0,0,0,35.0,0,1,1,2026-07,4
FBJ-0007,2026-07-21,Noche,A,Antena,AP-02,594,-68.6,17,13,128.1,32.0,6.569,2.95,4,0,0,0,0,0,15.23,1,0,1,2026-07,4
FBJ-0009,2026-07-21,Noche,A,Antena,AP-02,565,-72.0,17,13,128.1,32.0,3.026,1.99,5,0,0,0,0,0,12.31,1,0,1,2026-07,4
FBJ-0011,2026-07-21,Noche,A,Antena,AP-02,440,-67.1,17,13,128.1,32.0,2.797,1.44,5,0,0,0,0,0,13.82,1,0,1,2026-07,4
FBJ-0012,2026-07-21,Noche,A,Antena,AP-01,631,-74.1,17,13,128.1,32.0,3.156,1.86,1,0,0,0,0,0,15.28,1,0,1,2026-07,4
FBJ-0014,2026-07-21,Noche,A,Antena,AP-01,319,-62.5,17,13,128.1,32.0,8.1,2.93,7,0,0,0,0,0,19.43,1,0,1,2026-07,4
FBJ-0015,2026-07-21,Noche,A,Antena,AP-02,894,-83.5,17,13,128.1,32.0,4.707,2.25,3,0,0,0,0,0,16.83,1,0,1,2026-07,4
FBJ-0018,2026-07-21,Noche,A,Cable,,281,,17,13,128.1,32.0,12.791,3.26,2,0,0,0,0,0,25.38,0,0,1,2026-07,4
FBJ-0019,2026-07-21,Noche,A,Cable,,81,,17,13,128.1,32.0,4.478,1.57,2,0,0,0,0,0,31.13,0,0,1,2026-07,4
FBJ-0021,2026-07-21,Noche,A,Cable,,163,,17,13,128.1,32.0,14.121,3.09,7,0,0,0,0,0,32.23,0,0,1,2026-07,4
FBJ-0022,2026-07-21,Noche,A,Antena,AP-02,838,-82.4,17,13,128.1,32.0,4.312,1.71,2,2,62,0,0,0,15.72,1,0,1,2026-07,4
FBJ-0023,2026-07-21,Noche,A,Antena,AP-01,872,-78.5,17,13,128.1,32.0,3.427,2.01,8,0,0,0,0,0,16.39,1,0,1,2026-07,4
FBJ-0024,2026-07-21,Noche,A,Antena,AP-02,169,-58.3,17,13,128.1,32.0,4.168,2.32,2,0,0,0,0,0,19.35,1,0,1,2026-07,4
FBJ-0025,2026-07-21,Noche,A,Antena,AP-01,575,-73.2,17,13,128.1,32.0,5.434,2.48,1,0,0,0,0,0,17.57,1,0,1,2026-07,4
FBJ-0026,2026-07-21,Noche,A,Antena,AP-02,283,-64.0,17,13,128.1,32.0,4.891,3.38,8,0,0,0,0,0,16.35,1,0,1,2026-07,4
FBJ-0027,2026-07-21,Noche,A,Cable,,85,,17,13,128.1,32.0,11.447,2.58,7,0,0,0,0,0,34.42,0,0,1,2026-07,4
FBJ-0031,2026-07-21,Noche,B,Cable,,202,,18,13,68.3,17.1,9.165,2.13,2,0,0,0,0,0,32.99,0,0,1,2026-07,4
FBJ-0032,2026-07-21,Noche,B,Cable,,302,,18,13,68.3,17.1,6.667,2.72,4,0,0,0,0,0,21.37,0,0,1,2026-07,4
FBJ-0034,2026-07-21,Noche,B,Antena,AP-02,604,-72.2,18,13,68.3,17.1,3.794,1.55,6,0,0,0,0,0,17.13,1,0,1,2026-07,4
FBJ-0035,2026-07-21,Noche,B,Cable,,154,,18,13,68.3,17.1,8.684,2.15,7,0,0,0,0,0,29.62,0,0,1,2026-07,4
FBJ-0036,2026-07-21,Noche,B,Antena,AP-01,831,-77.3,18,13,68.3,17.1,1.867,0.92,4,1,19,0,0,0,16.86,1,0,1,2026-07,4
FBJ-0037,2026-07-21,Noche,B,Cable,,205,,18,13,68.3,17.1,5.863,2.56,7,0,0,0,0,0,28.5,0,0,1,2026-07,4
FBJ-0039,2026-07-21,Noche,B,Cable,,288,,18,13,68.3,17.1,9.958,2.73,5,0,0,0,0,0,31.36,0,0,1,2026-07,4
FBJ-0042,2026-07-21,Noche,B,Antena,AP-01,176,-53.0,18,13,68.3,17.1,15.724,3.73,2,0,0,0,0,0,33.0,1,0,1,2026-07,4
FBJ-0043,2026-07-21,Noche,B,Cable,,318,,18,13,68.3,17.1,16.884,3.08,3,0,0,0,0,0,35.0,0,1,1,2026-07,4
FBJ-0044,2026-07-21,Noche,B,Cable,,86,,18,13,68.3,17.1,6.987,1.99,4,0,0,0,0,0,35.0,0,1,1,2026-07,4
FBJ-0045,2026-07-21,Noche,B,Antena,AP-02,848,-81.7,18,13,68.3,17.1,3.961,2.04,4,2,6,0,0,0,16.73,1,0,1,2026-07,4
FBJ-0047,2026-07-21,Noche,B,Antena,AP-02,453,-71.2,18,13,68.3,17.1,2.498,1.61,6,0,0,0,0,0,14.96,1,0,1,2026-07,4
FBJ-0049,2026-07-21,Noche,B,Cable,,350,,18,13,68.3,17.1,10.724,2.73,3,0,0,0,0,0,35.0,0,1,1,2026-07,4
FBJ-0050,2026-07-21,Noche,B,Antena,AP-02,277,-61.0,18,13,68.3,17.1,4.12,1.76,8,0,0,0,0,0,16.06,1,0,1,2026-07,4
FBJ-0051,2026-07-21,Noche,B,Cable,,42,,18,13,68.3,17.1,19.343,4.13,3,0,0,0,0,0,30.24,0,0,1,2026-07,4
FBJ-0052,2026-07-21,Noche,B,Cable,,288,,18,13,68.3,17.1,5.055,2.09,2,0,0,0,0,0,27.01,0,0,1,2026-07,4
FBJ-0053,2026-07-21,Noche,B,Antena,AP-01,245,-55.9,18,13,68.3,17.1,11.014,3.17,1,0,0,0,0,0,22.31,1,0,1,2026-07,4
FBJ-0057,2026-07-21,Noche,B,Antena,AP-01,851,-81.4,18,13,68.3,17.1,3.797,2.21,5,1,8,0,0,0,18.43,1,0,1,2026-07,4
FBJ-0059,2026-07-21,Noche,B,Cable,,107,,18,13,68.3,17.1,8.118,2.56,8,0,0,0,0,0,35.0,0,1,1,2026-07,4
FBJ-0060,2026-07-21,Noche,B,Cable,,110,,18,13,68.3,17.1,7.595,2.87,7,0,0,0,0,0,26.11,0,0,1,2026-07,4
FBJ-0032,2026-07-22,Madrugada,B,Cable,,302,,4,4,20.4,5.1,8.287,2.03,7,0,0,0,0,0,35.0,0,1,2,2026-07,1
FBJ-0033,2026-07-22,Madrugada,B,Antena,AP-01,719,-77.6,4,4,20.4,5.1,4.442,1.76,5,0,0,0,0,0,14.9,1,0,2,2026-07,1
FBJ-0035,2026-07-22,Madrugada,B,Cable,,154,,4,4,20.4,5.1,4.752,1.06,1,0,0,0,0,0,32.44,0,0,2,2026-07,1
FBJ-0042,2026-07-22,Madrugada,B,Antena,AP-01,176,-53.0,4,4,20.4,5.1,4.643,1.95,5,0,0,0,0,0,21.54,1,0,2,2026-07,1
FBJ-0057,2026-07-22,Madrugada,B,Antena,AP-01,851,-81.4,4,4,20.4,5.1,3.823,1.65,1,1,12,0,0,0,17.84,1,0,2,2026-07,1
FBJ-0003,2026-07-22,Mañana,A,Antena,AP-02,392,-66.0,8,6,85.3,21.3,6.372,2.31,8,0,0,0,0,0,20.38,1,0,2,2026-07,2
FBJ-0005,2026-07-22,Mañana,A,Cable,,179,,8,6,85.3,21.3,6.39,1.25,1,0,0,0,0,0,35.0,0,1,2,2026-07,2
FBJ-0009,2026-07-22,Mañana,A,Antena,AP-02,565,-72.0,8,6,85.3,21.3,2.034,0.84,8,0,0,0,0,0,18.14,1,0,2,2026-07,2
FBJ-0010,2026-07-22,Mañana,A,Antena,AP-01,482,-67.3,8,6,85.3,21.3,5.774,2.65,2,0,0,0,0,0,16.56,1,0,2,2026-07,2
FBJ-0014,2026-07-22,Mañana,A,Antena,AP-01,319,-62.5,8,6,85.3,21.3,2.347,0.64,5,0,0,0,0,0,25.71,1,0,2,2026-07,2
FBJ-0015,2026-07-22,Mañana,A,Antena,AP-02,894,-83.5,8,6,85.3,21.3,2.678,1.31,6,2,28,0,0,0,15.15,1,0,2,2026-07,2
FBJ-0018,2026-07-22,Mañana,A,Cable,,281,,8,6,85.3,21.3,8.152,1.99,6,0,0,0,0,0,35.0,0,1,2,2026-07,2
FBJ-0021,2026-07-22,Mañana,A,Cable,,163,,8,6,85.3,21.3,7.489,2.73,7,0,0,0,0,0,28.34,0,0,2,2026-07,2
FBJ-0023,2026-07-22,Mañana,A,Antena,AP-01,872,-78.5,8,6,85.3,21.3,2.329,1.56,2,2,12,0,0,0,14.76,1,0,2,2026-07,2
FBJ-0024,2026-07-22,Mañana,A,Antena,AP-02,169,-58.3,8,6,85.3,21.3,3.293,1.57,8,0,0,0,0,0,21.74,1,0,2,2026-07,2
FBJ-0025,2026-07-22,Mañana,A,Antena,AP-01,575,-73.2,8,6,85.3,21.3,0.566,0.3,7,0,0,0,0,0,17.39,1,0,2,2026-07,2
FBJ-0027,2026-07-22,Mañana,A,Cable,,85,,8,6,85.3,21.3,10.026,1.83,3,0,0,0,0,0,35.0,0,1,2,2026-07,2
FBJ-0031,2026-07-22,Mañana,B,Cable,,202,,10,7,42.8,10.7,6.371,1.91,7,0,0,0,0,0,35.0,0,1,2,2026-07,2
FBJ-0032,2026-07-22,Mañana,B,Cable,,302,,10,7,42.8,10.7,6.367,1.53,2,0,0,0,0,0,35.0,0,1,2,2026-07,2
FBJ-0034,2026-07-22,Mañana,B,Antena,AP-02,604,-72.2,10,7,42.8,10.7,4.722,2.05,3,0,0,0,0,0,17.22,1,0,2,2026-07,2
FBJ-0037,2026-07-22,Mañana,B,Cable,,205,,10,7,42.8,10.7,2.921,0.81,3,1,27,0,0,0,30.6,0,0,2,2026-07,2
FBJ-0040,2026-07-22,Mañana,B,Antena,AP-01,564,-73.1,10,7,42.8,10.7,2.759,1.0,6,0,0,0,0,0,20.91,1,0,2,2026-07,2
FBJ-0042,2026-07-22,Mañana,B,Antena,AP-01,176,-53.0,10,7,42.8,10.7,8.442,2.58,5,0,0,0,0,0,26.1,1,0,2,2026-07,2
FBJ-0044,2026-07-22,Mañana,B,Cable,,86,,10,7,42.8,10.7,7.05,1.8,8,0,0,0,0,0,35.0,0,1,2,2026-07,2
FBJ-0046,2026-07-22,Mañana,B,Antena,AP-01,177,-50.9,10,7,42.8,10.7,4.959,1.38,1,0,0,0,0,0,35.0,1,1,2,2026-07,2
FBJ-0049,2026-07-22,Mañana,B,Cable,,350,,10,7,42.8,10.7,4.328,1.21,5,1,11,0,0,0,26.9,0,0,2,2026-07,2
FBJ-0050,2026-07-22,Mañana,B,Antena,AP-02,277,-61.0,10,7,42.8,10.7,6.539,2.22,6,0,0,0,0,0,32.65,1,0,2,2026-07,2
FBJ-0058,2026-07-22,Mañana,B,Antena,AP-02,308,-59.0,10,7,42.8,10.7,8.07,2.35,7,0,0,0,0,0,27.19,1,0,2,2026-07,2
FBJ-0059,2026-07-22,Mañana,B,Cable,,107,,10,7,42.8,10.7,5.634,1.63,4,0,0,0,0,0,34.22,0,0,2,2026-07,2
FBJ-0005,2026-07-22,Tarde,A,Cable,,179,,11,10,172.8,43.2,9.284,1.83,6,0,0,0,0,0,35.0,0,1,2,2026-07,3
FBJ-0009,2026-07-22,Tarde,A,Antena,AP-02,565,-72.0,11,10,172.8,43.2,6.689,2.33,5,0,0,0,0,0,20.46,1,0,2,2026-07,3
FBJ-0014,2026-07-22,Tarde,A,Antena,AP-01,319,-62.5,11,10,172.8,43.2,3.157,1.23,5,0,0,0,0,0,21.11,1,0,2,2026-07,3
FBJ-0015,2026-07-22,Tarde,A,Antena,AP-02,894,-83.5,11,10,172.8,43.2,2.936,1.42,6,0,0,0,0,0,16.66,1,0,2,2026-07,3
FBJ-0021,2026-07-22,Tarde,A,Cable,,163,,11,10,172.8,43.2,4.585,1.14,5,1,27,0,0,0,35.0,0,1,2,2026-07,3
FBJ-0022,2026-07-22,Tarde,A,Antena,AP-02,838,-82.4,11,10,172.8,43.2,2.314,1.03,2,0,0,0,0,0,15.4,1,0,2,2026-07,3
FBJ-0024,2026-07-22,Tarde,A,Antena,AP-02,169,-58.3,11,10,172.8,43.2,1.377,0.57,6,0,0,0,0,0,23.84,1,0,2,2026-07,3
FBJ-0025,2026-07-22,Tarde,A,Antena,AP-01,575,-73.2,11,10,172.8,43.2,1.718,0.68,8,1,19,0,0,0,22.44,1,0,2,2026-07,3
FBJ-0026,2026-07-22,Tarde,A,Antena,AP-02,283,-64.0,11,10,172.8,43.2,4.423,1.61,6,0,0,0,0,0,26.95,1,0,2,2026-07,3
FBJ-0030,2026-07-22,Tarde,A,Antena,AP-02,116,-54.6,11,10,172.8,43.2,0.691,0.2,2,0,0,0,0,0,32.23,1,0,2,2026-07,3
FBJ-0033,2026-07-22,Tarde,B,Antena,AP-01,719,-77.6,17,12,91.5,22.9,2.454,1.27,2,0,0,0,0,0,16.05,1,0,2,2026-07,3
FBJ-0034,2026-07-22,Tarde,B,Antena,AP-02,604,-72.2,17,12,91.5,22.9,2.847,1.17,1,0,0,0,0,0,17.12,1,0,2,2026-07,3
FBJ-0036,2026-07-22,Tarde,B,Antena,AP-01,831,-77.3,17,12,91.5,22.9,3.188,1.66,8,0,0,0,0,0,18.1,1,0,2,2026-07,3
FBJ-0040,2026-07-22,Tarde,B,Antena,AP-01,564,-73.1,17,12,91.5,22.9,1.939,1.1,6,0,0,0,0,0,15.78,1,0,2,2026-07,3
FBJ-0047,2026-07-22,Tarde,B,Antena,AP-02,453,-71.2,17,12,91.5,22.9,2.217,1.41,7,0,0,0,0,0,18.15,1,0,2,2026-07,3
FBJ-0053,2026-07-22,Tarde,B,Antena,AP-01,245,-55.9,17,12,91.5,22.9,4.471,0.89,2,0,0,0,0,0,31.72,1,0,2,2026-07,3
FBJ-0054,2026-07-22,Tarde,B,Antena,AP-02,302,-59.5,17,12,91.5,22.9,3.748,1.43,8,0,0,0,0,0,21.45,1,0,2,2026-07,3
FBJ-0060,2026-07-22,Tarde,B,Cable,,110,,17,12,91.5,22.9,8.25,1.83,6,0,0,0,0,0,30.71,0,0,2,2026-07,3
FBJ-0001,2026-07-22,Noche,A,Antena,AP-01,625,-74.5,18,16,185.1,46.3,4.371,2.07,5,0,0,0,0,0,14.2,1,0,2,2026-07,4
FBJ-0003,2026-07-22,Noche,A,Antena,AP-02,392,-66.0,18,16,185.1,46.3,3.845,1.75,1,0,0,0,0,0,16.27,1,0,2,2026-07,4
FBJ-0004,2026-07-22,Noche,A,Cable,,322,,18,16,185.1,46.3,6.832,2.28,4,0,0,0,0,0,30.84,0,0,2,2026-07,4
FBJ-0005,2026-07-22,Noche,A,Cable,,179,,18,16,185.1,46.3,7.325,2.76,5,0,0,0,0,0,23.44,0,0,2,2026-07,4
FBJ-0007,2026-07-22,Noche,A,Antena,AP-02,594,-68.6,18,16,185.1,46.3,1.439,1.06,1,0,0,0,0,0,9.76,1,0,2,2026-07,4
FBJ-0010,2026-07-22,Noche,A,Antena,AP-01,482,-67.3,18,16,185.1,46.3,4.812,3.36,4,0,0,0,0,0,11.76,1,0,2,2026-07,4
FBJ-0011,2026-07-22,Noche,A,Antena,AP-02,440,-67.1,18,16,185.1,46.3,2.939,2.86,3,0,0,0,0,0,10.71,1,0,2,2026-07,4
FBJ-0020,2026-07-22,Noche,A,Antena,AP-01,244,-60.1,18,16,185.1,46.3,4.605,2.33,1,0,0,0,0,0,14.45,1,0,2,2026-07,4
FBJ-0021,2026-07-22,Noche,A,Cable,,163,,18,16,185.1,46.3,10.435,2.63,1,0,0,0,0,0,28.88,0,0,2,2026-07,4
FBJ-0022,2026-07-22,Noche,A,Antena,AP-02,838,-82.4,18,16,185.1,46.3,2.116,1.24,5,1,3,0,0,0,11.97,1,0,2,2026-07,4
FBJ-0024,2026-07-22,Noche,A,Antena,AP-02,169,-58.3,18,16,185.1,46.3,3.427,2.26,7,0,0,0,0,0,16.73,1,0,2,2026-07,4
FBJ-0025,2026-07-22,Noche,A,Antena,AP-01,575,-73.2,18,16,185.1,46.3,1.996,1.54,4,0,0,0,0,0,12.25,1,0,2,2026-07,4
FBJ-0026,2026-07-22,Noche,A,Antena,AP-02,283,-64.0,18,16,185.1,46.3,3.864,3.08,3,0,0,0,0,0,15.17,1,0,2,2026-07,4
FBJ-0029,2026-07-22,Noche,A,Cable,,251,,18,16,185.1,46.3,7.165,2.21,1,0,0,0,0,0,24.37,0,0,2,2026-07,4
FBJ-0031,2026-07-22,Noche,B,Cable,,202,,18,10,67.2,16.8,13.457,4.08,4,0,0,0,0,0,28.66,0,0,2,2026-07,4
FBJ-0032,2026-07-22,Noche,B,Cable,,302,,18,10,67.2,16.8,9.924,2.86,7,0,0,0,0,0,24.64,0,0,2,2026-07,4
FBJ-0033,2026-07-22,Noche,B,Antena,AP-01,719,-77.6,18,10,67.2,16.8,10.32,3.44,8,0,0,0,0,0,21.99,1,0,2,2026-07,4
FBJ-0034,2026-07-22,Noche,B,Antena,AP-02,604,-72.2,18,10,67.2,16.8,5.514,2.24,4,0,0,0,0,0,18.38,1,0,2,2026-07,4
FBJ-0037,2026-07-22,Noche,B,Cable,,205,,18,10,67.2,16.8,8.52,2.8,4,0,0,0,0,0,32.91,0,0,2,2026-07,4
FBJ-0040,2026-07-22,Noche,B,Antena,AP-01,564,-73.1,18,10,67.2,16.8,4.945,1.98,6,0,0,0,0,0,23.39,1,0,2,2026-07,4
FBJ-0041,2026-07-22,Noche,B,Antena,AP-02,509,-69.1,18,10,67.2,16.8,3.688,2.0,7,0,0,0,0,0,15.73,1,0,2,2026-07,4
FBJ-0042,2026-07-22,Noche,B,Antena,AP-01,176,-53.0,18,10,67.2,16.8,12.605,2.64,7,1,22,0,0,0,31.12,1,0,2,2026-07,4
FBJ-0045,2026-07-22,Noche,B,Antena,AP-02,848,-81.7,18,10,67.2,16.8,3.633,1.56,7,3,48,0,0,0,20.77,1,0,2,2026-07,4
FBJ-0047,2026-07-22,Noche,B,Antena,AP-02,453,-71.2,18,10,67.2,16.8,3.106,1.35,2,0,0,0,0,0,19.06,1,0,2,2026-07,4
FBJ-0048,2026-07-22,Noche,B,Antena,AP-01,721,-80.9,18,10,67.2,16.8,3.755,2.5,5,0,0,0,0,0,15.15,1,0,2,2026-07,4
FBJ-0050,2026-07-22,Noche,B,Antena,AP-02,277,-61.0,18,10,67.2,16.8,4.481,1.79,7,0,0,0,0,0,21.59,1,0,2,2026-07,4
FBJ-0051,2026-07-22,Noche,B,Cable,,42,,18,10,67.2,16.8,6.449,2.11,7,0,0,0,0,0,29.65,0,0,2,2026-07,4
FBJ-0052,2026-07-22,Noche,B,Cable,,288,,18,10,67.2,16.8,11.271,3.58,5,0,0,0,0,0,35.0,0,1,2,2026-07,4
FBJ-0054,2026-07-22,Noche,B,Antena,AP-02,302,-59.5,18,10,67.2,16.8,4.812,2.1,3,0,0,0,0,0,20.91,1,0,2,2026-07,4
FBJ-0056,2026-07-22,Noche,B,Antena,AP-02,549,-70.0,18,10,67.2,16.8,4.79,2.29,8,0,0,0,0,0,17.95,1,0,2,2026-07,4
FBJ-0058,2026-07-22,Noche,B,Antena,AP-02,308,-59.0,18,10,67.2,16.8,7.21,3.12,5,0,0,0,0,0,24.45,1,0,2,2026-07,4
FBJ-0059,2026-07-22,Noche,B,Cable,,107,,18,10,67.2,16.8,4.689,1.3,5,0,0,0,0,0,35.0,0,1,2,2026-07,4
FBJ-0010,2026-07-23,Madrugada,A,Antena,AP-01,482,-67.3,5,3,21.6,5.4,0.412,0.2,2,0,0,0,0,0,16.92,1,0,3,2026-07,1
FBJ-0013,2026-07-23,Madrugada,A,Antena,AP-02,111,-56.0,5,3,21.6,5.4,0.864,0.2,6,0,0,0,0,0,35.0,1,1,3,2026-07,1
FBJ-0018,2026-07-23,Madrugada,A,Cable,,281,,5,3,21.6,5.4,5.341,1.06,4,0,0,0,0,0,33.99,0,0,3,2026-07,1
FBJ-0021,2026-07-23,Madrugada,A,Cable,,163,,5,3,21.6,5.4,4.771,1.46,3,0,0,0,0,0,35.0,0,1,3,2026-07,1
FBJ-0043,2026-07-23,Madrugada,B,Cable,,318,,5,3,13.9,3.5,0.697,0.2,2,0,0,0,0,0,31.66,0,0,3,2026-07,1
FBJ-0045,2026-07-23,Madrugada,B,Antena,AP-02,848,-81.7,5,3,13.9,3.5,5.056,2.26,2,0,0,0,0,0,20.27,1,0,3,2026-07,1
FBJ-0001,2026-07-23,Mañana,A,Antena,AP-01,625,-74.5,10,5,44.8,11.2,2.054,1.0,1,1,7,0,0,0,16.43,1,0,3,2026-07,2
FBJ-0004,2026-07-23,Mañana,A,Cable,,322,,10,5,44.8,11.2,11.518,2.95,7,0,0,0,0,0,33.24,0,0,3,2026-07,2
FBJ-0011,2026-07-23,Mañana,A,Antena,AP-02,440,-67.1,10,5,44.8,11.2,2.88,1.34,3,0,0,0,0,0,19.2,1,0,3,2026-07,2
FBJ-0013,2026-07-23,Mañana,A,Antena,AP-02,111,-56.0,10,5,44.8,11.2,0.633,0.2,1,0,0,0,0,0,31.04,1,0,3,2026-07,2
FBJ-0014,2026-07-23,Mañana,A,Antena,AP-01,319,-62.5,10,5,44.8,11.2,1.281,0.84,2,0,0,0,0,0,14.92,1,0,3,2026-07,2
FBJ-0019,2026-07-23,Mañana,A,Cable,,81,,10,5,44.8,11.2,1.171,0.23,7,0,0,0,0,0,35.0,0,1,3,2026-07,2
FBJ-0022,2026-07-23,Mañana,A,Antena,AP-02,838,-82.4,10,5,44.8,11.2,2.298,0.8,7,1,25,0,0,0,19.73,1,0,3,2026-07,2
FBJ-0023,2026-07-23,Mañana,A,Antena,AP-01,872,-78.5,10,5,44.8,11.2,0.351,0.2,7,0,0,0,0,0,19.8,1,0,3,2026-07,2
FBJ-0031,2026-07-23,Mañana,B,Cable,,202,,12,11,98.6,24.6,6.813,2.61,5,0,0,0,0,0,31.65,0,0,3,2026-07,2
FBJ-0032,2026-07-23,Mañana,B,Cable,,302,,12,11,98.6,24.6,8.76,2.05,7,0,0,0,0,0,35.0,0,1,3,2026-07,2
FBJ-0034,2026-07-23,Mañana,B,Antena,AP-02,604,-72.2,12,11,98.6,24.6,3.548,1.12,8,0,0,0,0,0,20.82,1,0,3,2026-07,2
FBJ-0035,2026-07-23,Mañana,B,Cable,,154,,12,11,98.6,24.6,9.902,2.44,3,0,0,0,0,0,35.0,0,1,3,2026-07,2
FBJ-0036,2026-07-23,Mañana,B,Antena,AP-01,831,-77.3,12,11,98.6,24.6,1.336,0.73,2,0,0,0,0,0,16.95,1,0,3,2026-07,2
FBJ-0040,2026-07-23,Mañana,B,Antena,AP-01,564,-73.1,12,11,98.6,24.6,4.022,2.07,6,0,0,0,0,0,18.52,1,0,3,2026-07,2
FBJ-0043,2026-07-23,Mañana,B,Cable,,318,,12,11,98.6,24.6,0.865,0.2,5,0,0,0,0,0,29.55,0,0,3,2026-07,2
FBJ-0045,2026-07-23,Mañana,B,Antena,AP-02,848,-81.7,12,11,98.6,24.6,3.019,0.96,2,1,8,0,0,0,22.1,1,0,3,2026-07,2
FBJ-0048,2026-07-23,Mañana,B,Antena,AP-01,721,-80.9,12,11,98.6,24.6,3.713,1.21,5,0,0,0,0,0,22.02,1,0,3,2026-07,2
FBJ-0049,2026-07-23,Mañana,B,Cable,,350,,12,11,98.6,24.6,7.805,1.34,3,0,0,0,0,0,35.0,0,1,3,2026-07,2
FBJ-0051,2026-07-23,Mañana,B,Cable,,42,,12,11,98.6,24.6,10.8,2.1,3,0,0,0,0,0,35.0,0,1,3,2026-07,2
FBJ-0001,2026-07-23,Tarde,A,Antena,AP-01,625,-74.5,8,6,47.7,11.9,2.344,0.88,8,0,0,0,0,0,19.47,1,0,3,2026-07,3
FBJ-0004,2026-07-23,Tarde,A,Cable,,322,,8,6,47.7,11.9,6.374,1.76,6,0,0,0,0,0,35.0,0,1,3,2026-07,3
FBJ-0010,2026-07-23,Tarde,A,Antena,AP-01,482,-67.3,8,6,47.7,11.9,5.006,2.47,6,0,0,0,0,0,16.84,1,0,3,2026-07,3
FBJ-0011,2026-07-23,Tarde,A,Antena,AP-02,440,-67.1,8,6,47.7,11.9,2.486,1.09,2,0,0,0,0,0,19.34,1,0,3,2026-07,3
FBJ-0012,2026-07-23,Tarde,A,Antena,AP-01,631,-74.1,8,6,47.7,11.9,1.626,0.78,6,0,0,0,0,0,19.52,1,0,3,2026-07,3
FBJ-0013,2026-07-23,Tarde,A,Antena,AP-02,111,-56.0,8,6,47.7,11.9,1.899,0.73,8,0,0,0,0,0,26.59,1,0,3,2026-07,3
FBJ-0019,2026-07-23,Tarde,A,Cable,,81,,8,6,47.7,11.9,2.437,0.73,6,0,0,0,0,0,31.45,0,0,3,2026-07,3
FBJ-0021,2026-07-23,Tarde,A,Cable,,163,,8,6,47.7,11.9,0.815,0.2,4,0,0,0,0,0,35.0,0,1,3,2026-07,3
FBJ-0022,2026-07-23,Tarde,A,Antena,AP-02,838,-82.4,8,6,47.7,11.9,0.702,0.34,4,0,0,0,0,0,17.97,1,0,3,2026-07,3
FBJ-0023,2026-07-23,Tarde,A,Antena,AP-01,872,-78.5,8,6,47.7,11.9,1.312,0.78,6,0,0,0,0,0,19.8,1,0,3,2026-07,3
FBJ-0024,2026-07-23,Tarde,A,Antena,AP-02,169,-58.3,8,6,47.7,11.9,4.279,1.18,1,0,0,0,0,0,26.01,1,0,3,2026-07,3
FBJ-0029,2026-07-23,Tarde,A,Cable,,251,,8,6,47.7,11.9,9.407,1.91,8,0,0,0,0,0,35.0,0,1,3,2026-07,3
FBJ-0030,2026-07-23,Tarde,A,Antena,AP-02,116,-54.6,8,6,47.7,11.9,9.32,2.13,1,1,7,0,0,0,35.0,1,1,3,2026-07,3
FBJ-0041,2026-07-23,Tarde,B,Antena,AP-02,509,-69.1,9,7,42.8,10.7,1.021,0.67,4,0,0,0,0,0,13.34,1,0,3,2026-07,3
FBJ-0043,2026-07-23,Tarde,B,Cable,,318,,9,7,42.8,10.7,5.442,1.39,7,1,34,0,0,0,35.0,0,1,3,2026-07,3
FBJ-0046,2026-07-23,Tarde,B,Antena,AP-01,177,-50.9,9,7,42.8,10.7,3.878,0.96,8,0,0,0,0,0,30.68,1,0,3,2026-07,3
FBJ-0049,2026-07-23,Tarde,B,Cable,,350,,9,7,42.8,10.7,2.748,0.68,1,0,0,0,0,0,33.35,0,0,3,2026-07,3
FBJ-0050,2026-07-23,Tarde,B,Antena,AP-02,277,-61.0,9,7,42.8,10.7,3.526,1.25,6,0,0,0,0,0,24.13,1,0,3,2026-07,3
FBJ-0054,2026-07-23,Tarde,B,Antena,AP-02,302,-59.5,9,7,42.8,10.7,1.468,0.44,2,0,0,0,0,0,22.58,1,0,3,2026-07,3
FBJ-0056,2026-07-23,Tarde,B,Antena,AP-02,549,-70.0,9,7,42.8,10.7,2.967,1.23,7,1,11,0,0,0,18.86,1,0,3,2026-07,3
FBJ-0058,2026-07-23,Tarde,B,Antena,AP-02,308,-59.0,9,7,42.8,10.7,3.199,1.57,7,0,0,0,0,0,19.97,1,0,3,2026-07,3
FBJ-0060,2026-07-23,Tarde,B,Cable,,110,,9,7,42.8,10.7,9.394,1.95,2,0,0,0,0,0,35.0,0,1,3,2026-07,3
FBJ-0001,2026-07-23,Noche,A,Antena,AP-01,625,-74.5,12,9,93.5,23.4,6.471,2.53,3,0,0,0,0,0,16.15,1,0,3,2026-07,4
FBJ-0003,2026-07-23,Noche,A,Antena,AP-02,392,-66.0,12,9,93.5,23.4,4.091,1.62,6,0,0,0,0,0,15.27,1,0,3,2026-07,4
FBJ-0004,2026-07-23,Noche,A,Cable,,322,,12,9,93.5,23.4,8.899,2.57,5,0,0,0,0,0,29.36,0,0,3,2026-07,4
FBJ-0009,2026-07-23,Noche,A,Antena,AP-02,565,-72.0,12,9,93.5,23.4,4.523,1.76,4,0,0,0,0,0,19.45,1,0,3,2026-07,4
FBJ-0011,2026-07-23,Noche,A,Antena,AP-02,440,-67.1,12,9,93.5,23.4,6.099,2.8,5,0,0,0,0,0,16.66,1,0,3,2026-07,4
FBJ-0012,2026-07-23,Noche,A,Antena,AP-01,631,-74.1,12,9,93.5,23.4,3.128,1.63,7,0,0,0,0,0,16.64,1,0,3,2026-07,4
FBJ-0014,2026-07-23,Noche,A,Antena,AP-01,319,-62.5,12,9,93.5,23.4,4.906,2.09,5,0,0,0,0,0,17.21,1,0,3,2026-07,4
FBJ-0018,2026-07-23,Noche,A,Cable,,281,,12,9,93.5,23.4,17.851,3.26,3,0,0,0,0,0,35.0,0,1,3,2026-07,4
FBJ-0020,2026-07-23,Noche,A,Antena,AP-01,244,-60.1,12,9,93.5,23.4,21.188,4.5,5,0,0,0,0,0,31.12,1,0,3,2026-07,4
FBJ-0021,2026-07-23,Noche,A,Cable,,163,,12,9,93.5,23.4,11.203,2.5,8,1,21,0,0,0,35.0,0,1,3,2026-07,4
FBJ-0022,2026-07-23,Noche,A,Antena,AP-02,838,-82.4,12,9,93.5,23.4,8.391,3.02,3,0,0,0,0,0,23.67,1,0,3,2026-07,4
FBJ-0023,2026-07-23,Noche,A,Antena,AP-01,872,-78.5,12,9,93.5,23.4,5.632,2.85,2,0,0,0,0,0,16.49,1,0,3,2026-07,4
FBJ-0026,2026-07-23,Noche,A,Antena,AP-02,283,-64.0,12,9,93.5,23.4,8.529,3.8,2,2,54,0,0,0,19.32,1,0,3,2026-07,4
FBJ-0027,2026-07-23,Noche,A,Cable,,85,,12,9,93.5,23.4,12.385,3.03,5,0,0,0,0,0,35.0,0,1,3,2026-07,4
FBJ-0029,2026-07-23,Noche,A,Cable,,251,,12,9,93.5,23.4,6.028,1.72,6,0,0,0,0,0,33.93,0,0,3,2026-07,4
FBJ-0030,2026-07-23,Noche,A,Antena,AP-02,116,-54.6,12,9,93.5,23.4,5.413,1.71,7,0,0,0,0,0,25.51,1,0,3,2026-07,4
FBJ-0031,2026-07-23,Noche,B,Cable,,202,,16,13,98.4,24.6,6.067,2.63,5,0,0,0,0,0,28.8,0,0,3,2026-07,4
FBJ-0032,2026-07-23,Noche,B,Cable,,302,,16,13,98.4,24.6,8.479,2.72,7,0,0,0,0,0,28.14,0,0,3,2026-07,4
FBJ-0033,2026-07-23,Noche,B,Antena,AP-01,719,-77.6,16,13,98.4,24.6,6.876,2.87,8,0,0,0,0,0,18.62,1,0,3,2026-07,4
FBJ-0035,2026-07-23,Noche,B,Cable,,154,,16,13,98.4,24.6,4.915,2.01,8,0,0,0,0,0,26.65,0,0,3,2026-07,4
FBJ-0036,2026-07-23,Noche,B,Antena,AP-01,831,-77.3,16,13,98.4,24.6,6.41,2.52,6,1,20,0,0,0,17.58,1,0,3,2026-07,4
FBJ-0039,2026-07-23,Noche,B,Cable,,288,,16,13,98.4,24.6,7.19,1.75,5,0,0,0,0,0,33.95,0,0,3,2026-07,4
FBJ-0040,2026-07-23,Noche,B,Antena,AP-01,564,-73.1,16,13,98.4,24.6,3.798,2.74,8,0,0,0,0,0,13.56,1,0,3,2026-07,4
FBJ-0042,2026-07-23,Noche,B,Antena,AP-01,176,-53.0,16,13,98.4,24.6,9.464,2.09,1,0,0,0,0,0,29.56,1,0,3,2026-07,4
FBJ-0043,2026-07-23,Noche,B,Cable,,318,,16,13,98.4,24.6,8.966,2.29,3,0,0,0,0,0,34.52,0,0,3,2026-07,4
FBJ-0045,2026-07-23,Noche,B,Antena,AP-02,848,-81.7,16,13,98.4,24.6,4.986,2.88,4,1,32,0,0,0,13.19,1,0,3,2026-07,4
FBJ-0047,2026-07-23,Noche,B,Antena,AP-02,453,-71.2,16,13,98.4,24.6,3.679,2.04,3,0,0,0,0,0,17.75,1,0,3,2026-07,4
FBJ-0048,2026-07-23,Noche,B,Antena,AP-01,721,-80.9,16,13,98.4,24.6,3.293,2.22,8,0,0,0,0,0,11.46,1,0,3,2026-07,4
FBJ-0049,2026-07-23,Noche,B,Cable,,350,,16,13,98.4,24.6,8.268,2.27,3,0,0,0,0,0,33.36,0,0,3,2026-07,4
FBJ-0050,2026-07-23,Noche,B,Antena,AP-02,277,-61.0,16,13,98.4,24.6,2.099,1.22,5,1,30,0,0,0,19.15,1,0,3,2026-07,4
FBJ-0051,2026-07-23,Noche,B,Cable,,42,,16,13,98.4,24.6,11.888,3.08,2,0,0,0,0,0,28.7,0,0,3,2026-07,4
FBJ-0053,2026-07-23,Noche,B,Antena,AP-01,245,-55.9,16,13,98.4,24.6,6.441,2.61,1,0,0,0,0,0,22.49,1,0,3,2026-07,4
FBJ-0056,2026-07-23,Noche,B,Antena,AP-02,549,-70.0,16,13,98.4,24.6,4.794,2.28,2,0,0,0,0,0,16.14,1,0,3,2026-07,4
FBJ-0058,2026-07-23,Noche,B,Antena,AP-02,308,-59.0,16,13,98.4,24.6,4.287,1.8,2,0,0,0,0,0,18.94,1,0,3,2026-07,4
FBJ-0060,2026-07-23,Noche,B,Cable,,110,,16,13,98.4,24.6,19.73,3.81,3,0,0,0,0,0,33.65,0,0,3,2026-07,4
FBJ-0004,2026-07-24,Madrugada,A,Cable,,322,,5,4,27.0,6.8,0.897,0.28,3,0,0,0,0,0,35.0,0,1,4,2026-07,1
FBJ-0009,2026-07-24,Madrugada,A,Antena,AP-02,565,-72.0,5,4,27.0,6.8,2.998,1.65,7,0,0,0,0,0,17.45,1,0,4,2026-07,1
FBJ-0019,2026-07-24,Madrugada,A,Cable,,81,,5,4,27.0,6.8,7.133,1.72,5,0,0,0,0,0,35.0,0,1,4,2026-07,1
FBJ-0034,2026-07-24,Madrugada,B,Antena,AP-02,604,-72.2,3,2,23.8,5.9,0.499,0.2,5,0,0,0,0,0,19.59,1,0,4,2026-07,1
FBJ-0040,2026-07-24,Madrugada,B,Antena,AP-01,564,-73.1,3,2,23.8,5.9,0.948,0.65,7,0,0,0,0,0,13.79,1,0,4,2026-07,1
FBJ-0043,2026-07-24,Madrugada,B,Cable,,318,,3,2,23.8,5.9,10.556,1.89,2,0,0,0,0,0,35.0,0,1,4,2026-07,1
FBJ-0054,2026-07-24,Madrugada,B,Antena,AP-02,302,-59.5,3,2,23.8,5.9,3.377,1.04,1,1,7,0,0,0,21.96,1,0,4,2026-07,1
FBJ-0059,2026-07-24,Madrugada,B,Cable,,107,,3,2,23.8,5.9,4.709,1.0,6,0,0,0,0,0,33.52,0,0,4,2026-07,1
FBJ-0001,2026-07-24,Mañana,A,Antena,AP-01,625,-74.5,8,5,39.5,9.9,4.81,1.91,6,0,0,0,0,0,19.37,1,0,4,2026-07,2
FBJ-0005,2026-07-24,Mañana,A,Cable,,179,,8,5,39.5,9.9,2.956,0.75,3,0,0,0,0,0,35.0,0,1,4,2026-07,2
FBJ-0009,2026-07-24,Mañana,A,Antena,AP-02,565,-72.0,8,5,39.5,9.9,3.453,1.56,2,0,0,0,0,0,23.2,1,0,4,2026-07,2
FBJ-0011,2026-07-24,Mañana,A,Antena,AP-02,440,-67.1,8,5,39.5,9.9,3.077,1.56,8,0,0,0,0,0,19.65,1,0,4,2026-07,2
FBJ-0014,2026-07-24,Mañana,A,Antena,AP-01,319,-62.5,8,5,39.5,9.9,4.896,1.21,4,0,0,0,0,0,26.95,1,0,4,2026-07,2
FBJ-0021,2026-07-24,Mañana,A,Cable,,163,,8,5,39.5,9.9,7.401,1.54,6,0,0,0,0,0,35.0,0,1,4,2026-07,2
FBJ-0024,2026-07-24,Mañana,A,Antena,AP-02,169,-58.3,8,5,39.5,9.9,7.34,2.56,2,0,0,0,0,0,23.36,1,0,4,2026-07,2
FBJ-0025,2026-07-24,Mañana,A,Antena,AP-01,575,-73.2,8,5,39.5,9.9,0.211,0.2,8,0,0,0,0,0,12.43,1,0,4,2026-07,2
FBJ-0026,2026-07-24,Mañana,A,Antena,AP-02,283,-64.0,8,5,39.5,9.9,4.426,1.85,4,1,21,0,0,0,23.17,1,0,4,2026-07,2
FBJ-0030,2026-07-24,Mañana,A,Antena,AP-02,116,-54.6,8,5,39.5,9.9,7.07,2.53,6,0,0,0,0,0,29.42,1,0,4,2026-07,2
FBJ-0035,2026-07-24,Mañana,B,Cable,,154,,10,8,89.8,22.4,7.009,2.0,1,1,37,0,0,0,35.0,0,1,4,2026-07,2
FBJ-0036,2026-07-24,Mañana,B,Antena,AP-01,831,-77.3,10,8,89.8,22.4,3.941,1.33,8,0,0,0,0,0,20.66,1,0,4,2026-07,2
FBJ-0037,2026-07-24,Mañana,B,Cable,,205,,10,8,89.8,22.4,5.187,1.54,6,1,7,0,0,0,35.0,0,1,4,2026-07,2
FBJ-0040,2026-07-24,Mañana,B,Antena,AP-01,564,-73.1,10,8,89.8,22.4,4.76,2.38,4,0,0,0,0,0,17.85,1,0,4,2026-07,2
FBJ-0042,2026-07-24,Mañana,B,Antena,AP-01,176,-53.0,10,8,89.8,22.4,10.534,2.19,5,0,0,0,0,0,33.27,1,0,4,2026-07,2
FBJ-0048,2026-07-24,Mañana,B,Antena,AP-01,721,-80.9,10,8,89.8,22.4,3.228,1.79,3,1,10,0,0,0,17.76,1,0,4,2026-07,2
FBJ-0049,2026-07-24,Mañana,B,Cable,,350,,10,8,89.8,22.4,10.964,2.05,1,0,0,0,0,0,35.0,0,1,4,2026-07,2
FBJ-0051,2026-07-24,Mañana,B,Cable,,42,,10,8,89.8,22.4,2.991,0.59,3,0,0,0,0,0,34.08,0,0,4,2026-07,2
FBJ-0056,2026-07-24,Mañana,B,Antena,AP-02,549,-70.0,10,8,89.8,22.4,3.713,1.59,6,0,0,0,0,0,19.95,1,0,4,2026-07,2
FBJ-0059,2026-07-24,Mañana,B,Cable,,107,,10,8,89.8,22.4,7.233,1.48,7,0,0,0,0,0,35.0,0,1,4,2026-07,2
FBJ-0060,2026-07-24,Mañana,B,Cable,,110,,10,8,89.8,22.4,10.414,2.72,1,0,0,0,0,0,32.89,0,0,4,2026-07,2
FBJ-0003,2026-07-24,Tarde,A,Antena,AP-02,392,-66.0,13,9,71.2,17.8,3.018,0.93,7,0,0,0,0,0,20.4,1,0,4,2026-07,3
FBJ-0007,2026-07-24,Tarde,A,Antena,AP-02,594,-68.6,13,9,71.2,17.8,0.461,0.31,8,0,0,0,0,0,14.61,1,0,4,2026-07,3
FBJ-0010,2026-07-24,Tarde,A,Antena,AP-01,482,-67.3,13,9,71.2,17.8,2.665,1.64,3,1,26,0,0,0,16.59,1,0,4,2026-07,3
FBJ-0014,2026-07-24,Tarde,A,Antena,AP-01,319,-62.5,13,9,71.2,17.8,3.996,1.13,7,0,0,0,0,0,22.62,1,0,4,2026-07,3
FBJ-0015,2026-07-24,Tarde,A,Antena,AP-02,894,-83.5,13,9,71.2,17.8,1.609,0.92,3,0,0,0,0,0,17.4,1,0,4,2026-07,3
FBJ-0018,2026-07-24,Tarde,A,Cable,,281,,13,9,71.2,17.8,4.587,0.94,1,0,0,0,0,0,35.0,0,1,4,2026-07,3
FBJ-0019,2026-07-24,Tarde,A,Cable,,81,,13,9,71.2,17.8,6.309,2.11,7,0,0,0,0,0,31.64,0,0,4,2026-07,3
FBJ-0020,2026-07-24,Tarde,A,Antena,AP-01,244,-60.1,13,9,71.2,17.8,4.209,1.35,1,0,0,0,0,0,21.3,1,0,4,2026-07,3
FBJ-0022,2026-07-24,Tarde,A,Antena,AP-02,838,-82.4,13,9,71.2,17.8,1.87,1.02,3,3,105,0,0,0,13.26,1,0,4,2026-07,3
FBJ-0023,2026-07-24,Tarde,A,Antena,AP-01,872,-78.5,13,9,71.2,17.8,2.41,1.07,1,0,0,0,0,0,18.8,1,0,4,2026-07,3
FBJ-0024,2026-07-24,Tarde,A,Antena,AP-02,169,-58.3,13,9,71.2,17.8,6.33,2.0,2,0,0,0,0,0,25.83,1,0,4,2026-07,3
FBJ-0025,2026-07-24,Tarde,A,Antena,AP-01,575,-73.2,13,9,71.2,17.8,3.029,1.9,3,0,0,0,0,0,19.8,1,0,4,2026-07,3
FBJ-0026,2026-07-24,Tarde,A,Antena,AP-02,283,-64.0,13,9,71.2,17.8,6.731,3.11,7,0,0,0,0,0,19.54,1,0,4,2026-07,3
FBJ-0027,2026-07-24,Tarde,A,Cable,,85,,13,9,71.2,17.8,4.453,1.18,2,0,0,0,0,0,35.0,0,1,4,2026-07,3
FBJ-0032,2026-07-24,Tarde,B,Cable,,302,,11,10,79.0,19.7,4.286,1.45,5,0,0,0,0,0,32.15,0,0,4,2026-07,3
FBJ-0034,2026-07-24,Tarde,B,Antena,AP-02,604,-72.2,11,10,79.0,19.7,6.047,2.12,5,0,0,0,0,0,19.39,1,0,4,2026-07,3
FBJ-0035,2026-07-24,Tarde,B,Cable,,154,,11,10,79.0,19.7,9.911,3.0,1,0,0,0,0,0,31.97,0,0,4,2026-07,3
FBJ-0042,2026-07-24,Tarde,B,Antena,AP-01,176,-53.0,11,10,79.0,19.7,6.74,1.86,1,0,0,0,0,0,24.09,1,0,4,2026-07,3
FBJ-0043,2026-07-24,Tarde,B,Cable,,318,,11,10,79.0,19.7,1.115,0.39,7,0,0,0,0,0,29.23,0,0,4,2026-07,3
FBJ-0047,2026-07-24,Tarde,B,Antena,AP-02,453,-71.2,11,10,79.0,19.7,2.134,1.44,3,0,0,0,0,0,11.38,1,0,4,2026-07,3
FBJ-0048,2026-07-24,Tarde,B,Antena,AP-01,721,-80.9,11,10,79.0,19.7,2.893,1.35,6,0,0,0,0,0,18.23,1,0,4,2026-07,3
FBJ-0051,2026-07-24,Tarde,B,Cable,,42,,11,10,79.0,19.7,3.692,0.86,5,0,0,0,0,0,32.78,0,0,4,2026-07,3
FBJ-0054,2026-07-24,Tarde,B,Antena,AP-02,302,-59.5,11,10,79.0,19.7,2.894,1.14,4,0,0,0,0,0,19.71,1,0,4,2026-07,3
FBJ-0056,2026-07-24,Tarde,B,Antena,AP-02,549,-70.0,11,10,79.0,19.7,6.253,2.33,7,0,0,0,0,0,23.49,1,0,4,2026-07,3
FBJ-0057,2026-07-24,Tarde,B,Antena,AP-01,851,-81.4,11,10,79.0,19.7,3.313,1.82,6,1,26,0,0,0,13.42,1,0,4,2026-07,3
FBJ-0058,2026-07-24,Tarde,B,Antena,AP-02,308,-59.0,11,10,79.0,19.7,1.603,0.65,6,0,0,0,0,0,18.92,1,0,4,2026-07,3
FBJ-0004,2026-07-24,Noche,A,Cable,,322,,11,8,67.4,16.9,9.875,3.0,7,0,0,0,0,0,35.0,0,1,4,2026-07,4
FBJ-0005,2026-07-24,Noche,A,Cable,,179,,11,8,67.4,16.9,12.666,3.11,6,0,0,0,0,0,35.0,0,1,4,2026-07,4
FBJ-0007,2026-07-24,Noche,A,Antena,AP-02,594,-68.6,11,8,67.4,16.9,5.219,2.52,4,0,0,0,0,0,20.84,1,0,4,2026-07,4
FBJ-0009,2026-07-24,Noche,A,Antena,AP-02,565,-72.0,11,8,67.4,16.9,4.582,2.07,5,0,0,0,0,0,16.54,1,0,4,2026-07,4
FBJ-0010,2026-07-24,Noche,A,Antena,AP-01,482,-67.3,11,8,67.4,16.9,8.699,2.78,1,0,0,0,0,0,20.49,1,0,4,2026-07,4
FBJ-0012,2026-07-24,Noche,A,Antena,AP-01,631,-74.1,11,8,67.4,16.9,5.117,2.02,3,0,0,0,0,0,21.73,1,0,4,2026-07,4
FBJ-0014,2026-07-24,Noche,A,Antena,AP-01,319,-62.5,11,8,67.4,16.9,5.862,1.7,8,0,0,0,0,0,24.4,1,0,4,2026-07,4
FBJ-0019,2026-07-24,Noche,A,Cable,,81,,11,8,67.4,16.9,4.869,1.69,2,0,0,0,0,0,31.06,0,0,4,2026-07,4
FBJ-0020,2026-07-24,Noche,A,Antena,AP-01,244,-60.1,11,8,67.4,16.9,9.201,2.45,8,0,0,0,0,0,25.42,1,0,4,2026-07,4
FBJ-0021,2026-07-24,Noche,A,Cable,,163,,11,8,67.4,16.9,16.15,3.92,1,0,0,0,0,0,35.0,0,1,4,2026-07,4
FBJ-0022,2026-07-24,Noche,A,Antena,AP-02,838,-82.4,11,8,67.4,16.9,5.492,2.37,5,0,0,0,0,0,15.53,1,0,4,2026-07,4
FBJ-0023,2026-07-24,Noche,A,Antena,AP-01,872,-78.5,11,8,67.4,16.9,3.666,1.91,5,0,0,0,0,0,20.83,1,0,4,2026-07,4
FBJ-0024,2026-07-24,Noche,A,Antena,AP-02,169,-58.3,11,8,67.4,16.9,6.038,2.55,7,0,0,0,0,0,26.12,1,0,4,2026-07,4
FBJ-0025,2026-07-24,Noche,A,Antena,AP-01,575,-73.2,11,8,67.4,16.9,3.067,2.25,7,0,0,0,0,0,15.91,1,0,4,2026-07,4
FBJ-0026,2026-07-24,Noche,A,Antena,AP-02,283,-64.0,11,8,67.4,16.9,4.63,2.52,1,0,0,0,0,0,21.07,1,0,4,2026-07,4
FBJ-0027,2026-07-24,Noche,A,Cable,,85,,11,8,67.4,16.9,15.773,3.15,5,0,0,0,0,0,35.0,0,1,4,2026-07,4
FBJ-0030,2026-07-24,Noche,A,Antena,AP-02,116,-54.6,11,8,67.4,16.9,5.314,1.95,6,1,25,0,0,0,24.74,1,0,4,2026-07,4
FBJ-0031,2026-07-24,Noche,B,Cable,,202,,20,16,141.2,35.3,4.021,1.48,5,0,0,0,0,0,26.59,0,0,4,2026-07,4
FBJ-0032,2026-07-24,Noche,B,Cable,,302,,20,16,141.2,35.3,8.071,2.25,3,0,0,0,0,0,30.43,0,0,4,2026-07,4
FBJ-0034,2026-07-24,Noche,B,Antena,AP-02,604,-72.2,20,16,141.2,35.3,3.021,2.29,4,0,0,0,0,0,10.42,1,0,4,2026-07,4
FBJ-0035,2026-07-24,Noche,B,Cable,,154,,20,16,141.2,35.3,8.322,2.42,4,0,0,0,0,0,34.28,0,0,4,2026-07,4
FBJ-0039,2026-07-24,Noche,B,Cable,,288,,20,16,141.2,35.3,6.963,2.94,5,0,0,0,0,0,17.82,0,0,4,2026-07,4
FBJ-0040,2026-07-24,Noche,B,Antena,AP-01,564,-73.1,20,16,141.2,35.3,4.483,2.84,6,1,20,0,0,0,16.12,1,0,4,2026-07,4
FBJ-0042,2026-07-24,Noche,B,Antena,AP-01,176,-53.0,20,16,141.2,35.3,5.983,1.81,6,0,0,0,0,0,21.38,1,0,4,2026-07,4
FBJ-0044,2026-07-24,Noche,B,Cable,,86,,20,16,141.2,35.3,8.129,2.57,8,0,0,0,0,0,28.9,0,0,4,2026-07,4
FBJ-0046,2026-07-24,Noche,B,Antena,AP-01,177,-50.9,20,16,141.2,35.3,9.084,4.06,8,0,0,0,0,0,20.55,1,0,4,2026-07,4
FBJ-0047,2026-07-24,Noche,B,Antena,AP-02,453,-71.2,20,16,141.2,35.3,2.293,2.07,6,0,0,0,0,0,12.68,1,0,4,2026-07,4
FBJ-0048,2026-07-24,Noche,B,Antena,AP-01,721,-80.9,20,16,141.2,35.3,4.045,2.11,7,1,24,0,0,0,13.81,1,0,4,2026-07,4
FBJ-0049,2026-07-24,Noche,B,Cable,,350,,20,16,141.2,35.3,3.941,1.43,7,0,0,0,0,0,26.12,0,0,4,2026-07,4
FBJ-0053,2026-07-24,Noche,B,Antena,AP-01,245,-55.9,20,16,141.2,35.3,4.802,2.68,7,0,0,0,0,0,14.19,1,0,4,2026-07,4
FBJ-0054,2026-07-24,Noche,B,Antena,AP-02,302,-59.5,20,16,141.2,35.3,5.895,2.14,6,0,0,0,0,0,20.5,1,0,4,2026-07,4
FBJ-0056,2026-07-24,Noche,B,Antena,AP-02,549,-70.0,20,16,141.2,35.3,3.43,1.87,8,0,0,0,0,0,11.9,1,0,4,2026-07,4
FBJ-0059,2026-07-24,Noche,B,Cable,,107,,20,16,141.2,35.3,13.454,4.16,2,0,0,0,0,0,27.5,0,0,4,2026-07,4
FBJ-0009,2026-07-25,Madrugada,A,Antena,AP-02,565,-72.0,3,3,23.6,5.9,1.181,0.67,7,1,14,0,1,0,19.06,1,0,5,2026-07,1
FBJ-0026,2026-07-25,Madrugada,A,Antena,AP-02,283,-64.0,3,3,23.6,5.9,1.534,0.66,8,1,5,0,1,0,21.78,1,0,5,2026-07,1
FBJ-0030,2026-07-25,Madrugada,A,Antena,AP-02,116,-54.6,3,3,23.6,5.9,0.804,0.2,8,0,0,0,1,0,31.59,1,0,5,2026-07,1
FBJ-0031,2026-07-25,Madrugada,B,Cable,,202,,1,1,3.9,1.0,4.5,1.36,2,0,0,0,1,0,35.0,0,1,5,2026-07,1
FBJ-0050,2026-07-25,Madrugada,B,Antena,AP-02,277,-61.0,1,1,3.9,1.0,0.467,0.2,1,1,20,0,1,0,24.54,1,0,5,2026-07,1
FBJ-0052,2026-07-25,Madrugada,B,Cable,,288,,1,1,3.9,1.0,2.259,0.53,8,0,0,0,1,0,35.0,0,1,5,2026-07,1
FBJ-0053,2026-07-25,Madrugada,B,Antena,AP-01,245,-55.9,1,1,3.9,1.0,4.244,1.41,5,0,0,0,1,0,21.96,1,0,5,2026-07,1
FBJ-0060,2026-07-25,Madrugada,B,Cable,,110,,1,1,3.9,1.0,1.602,0.47,7,0,0,0,1,0,35.0,0,1,5,2026-07,1
FBJ-0004,2026-07-25,Mañana,A,Cable,,322,,12,11,135.1,33.8,8.898,2.05,7,0,0,0,1,0,33.68,0,0,5,2026-07,2
FBJ-0007,2026-07-25,Mañana,A,Antena,AP-02,594,-68.6,12,11,135.1,33.8,7.923,2.8,1,0,0,0,1,0,18.99,1,0,5,2026-07,2
FBJ-0011,2026-07-25,Mañana,A,Antena,AP-02,440,-67.1,12,11,135.1,33.8,4.683,2.33,7,0,0,0,1,0,18.91,1,0,5,2026-07,2
FBJ-0013,2026-07-25,Mañana,A,Antena,AP-02,111,-56.0,12,11,135.1,33.8,11.038,2.29,5,0,0,0,1,0,35.0,1,1,5,2026-07,2
FBJ-0019,2026-07-25,Mañana,A,Cable,,81,,12,11,135.1,33.8,6.631,1.89,8,0,0,0,1,0,35.0,0,1,5,2026-07,2
FBJ-0020,2026-07-25,Mañana,A,Antena,AP-01,244,-60.1,12,11,135.1,33.8,6.037,1.72,7,0,0,0,1,0,26.65,1,0,5,2026-07,2
FBJ-0024,2026-07-25,Mañana,A,Antena,AP-02,169,-58.3,12,11,135.1,33.8,10.347,2.27,2,1,9,0,1,0,33.09,1,0,5,2026-07,2
FBJ-0025,2026-07-25,Mañana,A,Antena,AP-01,575,-73.2,12,11,135.1,33.8,0.611,0.27,8,0,0,0,1,0,21.01,1,0,5,2026-07,2
FBJ-0027,2026-07-25,Mañana,A,Cable,,85,,12,11,135.1,33.8,5.268,1.36,8,0,0,0,1,0,35.0,0,1,5,2026-07,2
FBJ-0030,2026-07-25,Mañana,A,Antena,AP-02,116,-54.6,12,11,135.1,33.8,2.823,1.03,1,0,0,0,1,0,29.06,1,0,5,2026-07,2
FBJ-0031,2026-07-25,Mañana,B,Cable,,202,,12,10,97.1,24.3,10.487,2.31,5,0,0,0,1,0,35.0,0,1,5,2026-07,2
FBJ-0032,2026-07-25,Mañana,B,Cable,,302,,12,10,97.1,24.3,4.151,1.0,4,0,0,0,1,0,32.55,0,0,5,2026-07,2
FBJ-0037,2026-07-25,Mañana,B,Cable,,205,,12,10,97.1,24.3,9.254,2.37,6,0,0,0,1,0,35.0,0,1,5,2026-07,2
FBJ-0039,2026-07-25,Mañana,B,Cable,,288,,12,10,97.1,24.3,8.622,2.15,4,0,0,0,1,0,35.0,0,1,5,2026-07,2
FBJ-0040,2026-07-25,Mañana,B,Antena,AP-01,564,-73.1,12,10,97.1,24.3,4.599,2.56,3,0,0,0,1,0,19.26,1,0,5,2026-07,2
FBJ-0042,2026-07-25,Mañana,B,Antena,AP-01,176,-53.0,12,10,97.1,24.3,8.367,1.99,8,0,0,0,1,0,29.6,1,0,5,2026-07,2
FBJ-0043,2026-07-25,Mañana,B,Cable,,318,,12,10,97.1,24.3,9.55,2.01,5,0,0,0,1,0,35.0,0,1,5,2026-07,2
FBJ-0044,2026-07-25,Mañana,B,Cable,,86,,12,10,97.1,24.3,8.622,2.03,2,0,0,0,1,0,35.0,0,1,5,2026-07,2
FBJ-0046,2026-07-25,Mañana,B,Antena,AP-01,177,-50.9,12,10,97.1,24.3,6.498,1.2,1,0,0,0,1,0,35.0,1,1,5,2026-07,2
FBJ-0047,2026-07-25,Mañana,B,Antena,AP-02,453,-71.2,12,10,97.1,24.3,6.167,2.06,6,0,0,0,1,0,21.59,1,0,5,2026-07,2
FBJ-0050,2026-07-25,Mañana,B,Antena,AP-02,277,-61.0,12,10,97.1,24.3,4.126,1.71,3,1,23,0,1,0,17.65,1,0,5,2026-07,2
FBJ-0051,2026-07-25,Mañana,B,Cable,,42,,12,10,97.1,24.3,8.19,1.55,3,0,0,0,1,0,35.0,0,1,5,2026-07,2
FBJ-0053,2026-07-25,Mañana,B,Antena,AP-01,245,-55.9,12,10,97.1,24.3,5.894,1.68,4,0,0,0,1,0,27.89,1,0,5,2026-07,2
FBJ-0054,2026-07-25,Mañana,B,Antena,AP-02,302,-59.5,12,10,97.1,24.3,6.344,1.42,2,0,0,0,1,0,32.61,1,0,5,2026-07,2
FBJ-0056,2026-07-25,Mañana,B,Antena,AP-02,549,-70.0,12,10,97.1,24.3,4.544,1.33,6,0,0,0,1,0,28.09,1,0,5,2026-07,2
FBJ-0060,2026-07-25,Mañana,B,Cable,,110,,12,10,97.1,24.3,9.777,2.34,4,0,0,0,1,0,29.43,0,0,5,2026-07,2
FBJ-0001,2026-07-25,Tarde,A,Antena,AP-01,625,-74.5,15,12,135.3,33.8,3.829,1.36,2,0,0,0,1,0,19.6,1,0,5,2026-07,3
FBJ-0004,2026-07-25,Tarde,A,Cable,,322,,15,12,135.3,33.8,4.3,0.99,2,0,0,0,1,0,35.0,0,1,5,2026-07,3
FBJ-0005,2026-07-25,Tarde,A,Cable,,179,,15,12,135.3,33.8,0.676,0.2,6,0,0,0,1,0,32.02,0,0,5,2026-07,3
FBJ-0007,2026-07-25,Tarde,A,Antena,AP-02,594,-68.6,15,12,135.3,33.8,0.401,0.2,3,0,0,0,1,0,16.0,1,0,5,2026-07,3
FBJ-0009,2026-07-25,Tarde,A,Antena,AP-02,565,-72.0,15,12,135.3,33.8,3.497,2.1,5,0,0,0,1,0,12.91,1,0,5,2026-07,3
FBJ-0011,2026-07-25,Tarde,A,Antena,AP-02,440,-67.1,15,12,135.3,33.8,4.763,1.57,7,0,0,0,1,0,20.11,1,0,5,2026-07,3
FBJ-0012,2026-07-25,Tarde,A,Antena,AP-01,631,-74.1,15,12,135.3,33.8,2.289,0.81,6,0,0,0,1,0,23.49,1,0,5,2026-07,3
FBJ-0013,2026-07-25,Tarde,A,Antena,AP-02,111,-56.0,15,12,135.3,33.8,6.574,1.86,2,0,0,0,1,0,26.87,1,0,5,2026-07,3
FBJ-0014,2026-07-25,Tarde,A,Antena,AP-01,319,-62.5,15,12,135.3,33.8,10.31,2.42,7,0,0,0,1,0,27.89,1,0,5,2026-07,3
FBJ-0018,2026-07-25,Tarde,A,Cable,,281,,15,12,135.3,33.8,6.756,1.97,2,0,0,0,1,0,31.61,0,0,5,2026-07,3
FBJ-0019,2026-07-25,Tarde,A,Cable,,81,,15,12,135.3,33.8,8.221,2.43,8,0,0,0,1,0,35.0,0,1,5,2026-07,3
FBJ-0021,2026-07-25,Tarde,A,Cable,,163,,15,12,135.3,33.8,1.717,0.41,6,0,0,0,1,0,30.62,0,0,5,2026-07,3
FBJ-0023,2026-07-25,Tarde,A,Antena,AP-01,872,-78.5,15,12,135.3,33.8,0.416,0.2,4,0,0,0,1,0,16.43,1,0,5,2026-07,3
FBJ-0025,2026-07-25,Tarde,A,Antena,AP-01,575,-73.2,15,12,135.3,33.8,3.83,2.86,3,0,0,0,1,0,14.53,1,0,5,2026-07,3
FBJ-0030,2026-07-25,Tarde,A,Antena,AP-02,116,-54.6,15,12,135.3,33.8,7.585,2.17,2,0,0,0,1,0,30.73,1,0,5,2026-07,3
FBJ-0032,2026-07-25,Tarde,B,Cable,,302,,16,8,31.6,7.9,3.173,0.68,7,0,0,0,1,0,33.65,0,0,5,2026-07,3
FBJ-0033,2026-07-25,Tarde,B,Antena,AP-01,719,-77.6,16,8,31.6,7.9,3.03,1.38,3,0,0,0,1,0,18.38,1,0,5,2026-07,3
FBJ-0035,2026-07-25,Tarde,B,Cable,,154,,16,8,31.6,7.9,4.783,1.21,2,0,0,0,1,0,34.21,0,0,5,2026-07,3
FBJ-0036,2026-07-25,Tarde,B,Antena,AP-01,831,-77.3,16,8,31.6,7.9,3.065,2.23,3,0,0,0,1,0,14.05,1,0,5,2026-07,3
FBJ-0039,2026-07-25,Tarde,B,Cable,,288,,16,8,31.6,7.9,6.111,1.2,8,0,0,0,1,0,35.0,0,1,5,2026-07,3
FBJ-0040,2026-07-25,Tarde,B,Antena,AP-01,564,-73.1,16,8,31.6,7.9,4.736,1.53,8,0,0,0,1,0,20.63,1,0,5,2026-07,3
FBJ-0041,2026-07-25,Tarde,B,Antena,AP-02,509,-69.1,16,8,31.6,7.9,6.077,1.9,6,0,0,0,1,0,21.85,1,0,5,2026-07,3
FBJ-0042,2026-07-25,Tarde,B,Antena,AP-01,176,-53.0,16,8,31.6,7.9,8.621,2.02,8,0,0,0,1,0,30.35,1,0,5,2026-07,3
FBJ-0044,2026-07-25,Tarde,B,Cable,,86,,16,8,31.6,7.9,4.633,1.1,6,0,0,0,1,0,34.09,0,0,5,2026-07,3
FBJ-0047,2026-07-25,Tarde,B,Antena,AP-02,453,-71.2,16,8,31.6,7.9,0.899,0.45,8,0,0,0,1,0,16.62,1,0,5,2026-07,3
FBJ-0048,2026-07-25,Tarde,B,Antena,AP-01,721,-80.9,16,8,31.6,7.9,3.137,1.56,7,0,0,0,1,0,23.05,1,0,5,2026-07,3
FBJ-0052,2026-07-25,Tarde,B,Cable,,288,,16,8,31.6,7.9,8.423,2.2,4,0,0,0,1,0,35.0,0,1,5,2026-07,3
FBJ-0053,2026-07-25,Tarde,B,Antena,AP-01,245,-55.9,16,8,31.6,7.9,7.067,2.08,7,0,0,0,1,0,29.08,1,0,5,2026-07,3
FBJ-0057,2026-07-25,Tarde,B,Antena,AP-01,851,-81.4,16,8,31.6,7.9,4.663,2.25,8,0,0,0,1,0,16.1,1,0,5,2026-07,3
FBJ-0058,2026-07-25,Tarde,B,Antena,AP-02,308,-59.0,16,8,31.6,7.9,1.637,0.51,5,0,0,0,1,0,25.39,1,0,5,2026-07,3
FBJ-0059,2026-07-25,Tarde,B,Cable,,107,,16,8,31.6,7.9,6.024,1.78,5,0,0,0,1,0,29.93,0,0,5,2026-07,3
FBJ-0060,2026-07-25,Tarde,B,Cable,,110,,16,8,31.6,7.9,13.925,2.64,3,0,0,0,1,0,35.0,0,1,5,2026-07,3
FBJ-0003,2026-07-25,Noche,A,Antena,AP-02,392,-66.0,15,12,72.5,18.1,2.942,1.3,7,0,0,0,1,0,19.91,1,0,5,2026-07,4
FBJ-0012,2026-07-25,Noche,A,Antena,AP-01,631,-74.1,15,12,72.5,18.1,5.437,2.63,4,0,0,0,1,0,15.86,1,0,5,2026-07,4
FBJ-0013,2026-07-25,Noche,A,Antena,AP-02,111,-56.0,15,12,72.5,18.1,7.125,2.31,8,1,28,0,1,0,26.1,1,0,5,2026-07,4
FBJ-0014,2026-07-25,Noche,A,Antena,AP-01,319,-62.5,15,12,72.5,18.1,8.903,3.04,4,0,0,0,1,0,22.09,1,0,5,2026-07,4
FBJ-0015,2026-07-25,Noche,A,Antena,AP-02,894,-83.5,15,12,72.5,18.1,4.87,2.03,1,3,72,0,1,0,19.37,1,0,5,2026-07,4
FBJ-0018,2026-07-25,Noche,A,Cable,,281,,15,12,72.5,18.1,8.357,2.6,4,0,0,0,1,0,33.69,0,0,5,2026-07,4
FBJ-0019,2026-07-25,Noche,A,Cable,,81,,15,12,72.5,18.1,5.297,1.4,5,1,10,0,1,0,35.0,0,1,5,2026-07,4
FBJ-0020,2026-07-25,Noche,A,Antena,AP-01,244,-60.1,15,12,72.5,18.1,9.493,2.91,6,0,0,0,1,0,26.13,1,0,5,2026-07,4
FBJ-0021,2026-07-25,Noche,A,Cable,,163,,15,12,72.5,18.1,13.01,3.09,8,0,0,0,1,0,29.08,0,0,5,2026-07,4
FBJ-0022,2026-07-25,Noche,A,Antena,AP-02,838,-82.4,15,12,72.5,18.1,4.765,2.64,7,0,0,0,1,0,13.07,1,0,5,2026-07,4
FBJ-0024,2026-07-25,Noche,A,Antena,AP-02,169,-58.3,15,12,72.5,18.1,9.957,2.61,3,0,0,0,1,0,27.08,1,0,5,2026-07,4
FBJ-0025,2026-07-25,Noche,A,Antena,AP-01,575,-73.2,15,12,72.5,18.1,2.39,1.97,1,0,0,0,1,0,14.68,1,0,5,2026-07,4
FBJ-0027,2026-07-25,Noche,A,Cable,,85,,15,12,72.5,18.1,10.517,2.94,4,1,7,0,1,0,32.75,0,0,5,2026-07,4
FBJ-0029,2026-07-25,Noche,A,Cable,,251,,15,12,72.5,18.1,10.956,2.92,4,0,0,0,1,0,28.18,0,0,5,2026-07,4
FBJ-0030,2026-07-25,Noche,A,Antena,AP-02,116,-54.6,15,12,72.5,18.1,10.182,2.83,4,0,0,0,1,0,34.1,1,0,5,2026-07,4
FBJ-0031,2026-07-25,Noche,B,Cable,,202,,20,13,180.8,45.2,8.934,3.2,7,0,0,0,1,0,35.0,0,1,5,2026-07,4
FBJ-0032,2026-07-25,Noche,B,Cable,,302,,20,13,180.8,45.2,7.481,2.39,4,0,0,0,1,0,28.4,0,0,5,2026-07,4
FBJ-0033,2026-07-25,Noche,B,Antena,AP-01,719,-77.6,20,13,180.8,45.2,6.893,2.63,1,0,0,0,1,0,15.67,1,0,5,2026-07,4
FBJ-0034,2026-07-25,Noche,B,Antena,AP-02,604,-72.2,20,13,180.8,45.2,4.863,2.39,1,0,0,0,1,0,16.43,1,0,5,2026-07,4
FBJ-0036,2026-07-25,Noche,B,Antena,AP-01,831,-77.3,20,13,180.8,45.2,2.348,1.21,4,0,0,0,1,0,17.02,1,0,5,2026-07,4
FBJ-0039,2026-07-25,Noche,B,Cable,,288,,20,13,180.8,45.2,10.037,3.03,7,0,0,0,1,0,33.15,0,0,5,2026-07,4
FBJ-0040,2026-07-25,Noche,B,Antena,AP-01,564,-73.1,20,13,180.8,45.2,7.076,3.54,5,0,0,0,1,0,13.69,1,0,5,2026-07,4
FBJ-0041,2026-07-25,Noche,B,Antena,AP-02,509,-69.1,20,13,180.8,45.2,4.642,2.41,6,0,0,0,1,0,14.42,1,0,5,2026-07,4
FBJ-0043,2026-07-25,Noche,B,Cable,,318,,20,13,180.8,45.2,9.532,2.66,1,1,34,0,1,0,32.06,0,0,5,2026-07,4
FBJ-0044,2026-07-25,Noche,B,Cable,,86,,20,13,180.8,45.2,9.86,4.08,5,0,0,0,1,0,26.99,0,0,5,2026-07,4
FBJ-0046,2026-07-25,Noche,B,Antena,AP-01,177,-50.9,20,13,180.8,45.2,11.084,3.04,7,0,0,0,1,0,29.52,1,0,5,2026-07,4
FBJ-0047,2026-07-25,Noche,B,Antena,AP-02,453,-71.2,20,13,180.8,45.2,2.338,1.87,8,0,0,0,1,0,14.04,1,0,5,2026-07,4
FBJ-0048,2026-07-25,Noche,B,Antena,AP-01,721,-80.9,20,13,180.8,45.2,2.842,2.22,3,1,14,0,1,0,12.73,1,0,5,2026-07,4
FBJ-0049,2026-07-25,Noche,B,Cable,,350,,20,13,180.8,45.2,9.272,2.48,1,0,0,0,1,0,30.5,0,0,5,2026-07,4
FBJ-0050,2026-07-25,Noche,B,Antena,AP-02,277,-61.0,20,13,180.8,45.2,7.399,2.77,5,0,0,0,1,0,21.88,1,0,5,2026-07,4
FBJ-0053,2026-07-25,Noche,B,Antena,AP-01,245,-55.9,20,13,180.8,45.2,9.449,2.91,4,0,0,0,1,0,23.72,1,0,5,2026-07,4
FBJ-0054,2026-07-25,Noche,B,Antena,AP-02,302,-59.5,20,13,180.8,45.2,4.915,1.72,2,0,0,0,1,0,19.74,1,0,5,2026-07,4
FBJ-0056,2026-07-25,Noche,B,Antena,AP-02,549,-70.0,20,13,180.8,45.2,6.176,2.43,5,0,0,0,1,0,15.17,1,0,5,2026-07,4
FBJ-0057,2026-07-25,Noche,B,Antena,AP-01,851,-81.4,20,13,180.8,45.2,5.225,2.72,6,1,16,0,1,0,15.31,1,0,5,2026-07,4
FBJ-0060,2026-07-25,Noche,B,Cable,,110,,20,13,180.8,45.2,7.473,2.2,6,0,0,0,1,0,32.67,0,0,5,2026-07,4
FBJ-0013,2026-07-26,Madrugada,A,Antena,AP-02,111,-56.0,1,1,6.5,1.6,4.966,2.11,4,1,18,0,1,0,22.27,1,0,6,2026-07,1
FBJ-0034,2026-07-26,Madrugada,B,Antena,AP-02,604,-72.2,5,4,59.8,15.0,1.116,0.65,4,0,0,0,1,0,14.71,1,0,6,2026-07,1
FBJ-0048,2026-07-26,Madrugada,B,Antena,AP-01,721,-80.9,5,4,59.8,15.0,3.302,1.65,7,2,46,0,1,0,17.88,1,0,6,2026-07,1
FBJ-0049,2026-07-26,Madrugada,B,Cable,,350,,5,4,59.8,15.0,10.24,1.93,4,0,0,0,1,0,35.0,0,1,6,2026-07,1
FBJ-0056,2026-07-26,Madrugada,B,Antena,AP-02,549,-70.0,5,4,59.8,15.0,4.159,1.14,8,0,0,0,1,0,22.2,1,0,6,2026-07,1
FBJ-0001,2026-07-26,Mañana,A,Antena,AP-01,625,-74.5,13,8,75.3,18.8,4.933,1.94,4,0,0,0,1,0,17.19,1,0,6,2026-07,2
FBJ-0004,2026-07-26,Mañana,A,Cable,,322,,13,8,75.3,18.8,6.389,1.73,2,0,0,0,1,0,32.34,0,0,6,2026-07,2
FBJ-0005,2026-07-26,Mañana,A,Cable,,179,,13,8,75.3,18.8,5.326,1.78,2,0,0,0,1,0,26.62,0,0,6,2026-07,2
FBJ-0009,2026-07-26,Mañana,A,Antena,AP-02,565,-72.0,13,8,75.3,18.8,0.388,0.2,3,1,3,0,1,0,16.67,1,0,6,2026-07,2
FBJ-0010,2026-07-26,Mañana,A,Antena,AP-01,482,-67.3,13,8,75.3,18.8,3.823,1.85,2,0,0,0,1,0,19.48,1,0,6,2026-07,2
FBJ-0011,2026-07-26,Mañana,A,Antena,AP-02,440,-67.1,13,8,75.3,18.8,3.057,1.74,8,0,0,0,1,0,16.52,1,0,6,2026-07,2
FBJ-0012,2026-07-26,Mañana,A,Antena,AP-01,631,-74.1,13,8,75.3,18.8,2.03,1.25,1,0,0,0,1,0,16.81,1,0,6,2026-07,2
FBJ-0014,2026-07-26,Mañana,A,Antena,AP-01,319,-62.5,13,8,75.3,18.8,2.047,1.37,2,0,0,0,1,0,13.06,1,0,6,2026-07,2
FBJ-0015,2026-07-26,Mañana,A,Antena,AP-02,894,-83.5,13,8,75.3,18.8,4.281,1.94,7,2,58,0,1,0,21.14,1,0,6,2026-07,2
FBJ-0020,2026-07-26,Mañana,A,Antena,AP-01,244,-60.1,13,8,75.3,18.8,7.344,2.46,3,0,0,0,1,0,31.32,1,0,6,2026-07,2
FBJ-0022,2026-07-26,Mañana,A,Antena,AP-02,838,-82.4,13,8,75.3,18.8,3.398,1.05,3,0,0,0,1,0,23.55,1,0,6,2026-07,2
FBJ-0023,2026-07-26,Mañana,A,Antena,AP-01,872,-78.5,13,8,75.3,18.8,4.791,2.68,5,1,8,0,1,0,16.21,1,0,6,2026-07,2
FBJ-0026,2026-07-26,Mañana,A,Antena,AP-02,283,-64.0,13,8,75.3,18.8,1.802,1.18,4,1,16,0,1,0,18.15,1,0,6,2026-07,2
FBJ-0029,2026-07-26,Mañana,A,Cable,,251,,13,8,75.3,18.8,5.409,1.89,8,0,0,0,1,0,29.54,0,0,6,2026-07,2
FBJ-0030,2026-07-26,Mañana,A,Antena,AP-02,116,-54.6,13,8,75.3,18.8,4.444,2.17,1,0,0,0,1,0,25.47,1,0,6,2026-07,2
FBJ-0033,2026-07-26,Mañana,B,Antena,AP-01,719,-77.6,16,11,80.2,20.0,0.377,0.2,8,0,0,0,1,0,16.05,1,0,6,2026-07,2
FBJ-0034,2026-07-26,Mañana,B,Antena,AP-02,604,-72.2,16,11,80.2,20.0,1.514,0.83,5,0,0,0,1,0,15.49,1,0,6,2026-07,2
FBJ-0035,2026-07-26,Mañana,B,Cable,,154,,16,11,80.2,20.0,4.215,1.22,8,0,0,0,1,0,32.63,0,0,6,2026-07,2
FBJ-0036,2026-07-26,Mañana,B,Antena,AP-01,831,-77.3,16,11,80.2,20.0,5.123,2.15,3,0,0,0,1,0,15.42,1,0,6,2026-07,2
FBJ-0039,2026-07-26,Mañana,B,Cable,,288,,16,11,80.2,20.0,6.06,1.76,5,0,0,0,1,0,32.19,0,0,6,2026-07,2
FBJ-0040,2026-07-26,Mañana,B,Antena,AP-01,564,-73.1,16,11,80.2,20.0,4.216,2.31,3,0,0,0,1,0,13.58,1,0,6,2026-07,2
FBJ-0041,2026-07-26,Mañana,B,Antena,AP-02,509,-69.1,16,11,80.2,20.0,3.357,1.71,6,0,0,0,1,0,14.48,1,0,6,2026-07,2
FBJ-0045,2026-07-26,Mañana,B,Antena,AP-02,848,-81.7,16,11,80.2,20.0,3.945,1.72,3,1,33,0,1,0,16.4,1,0,6,2026-07,2
FBJ-0046,2026-07-26,Mañana,B,Antena,AP-01,177,-50.9,16,11,80.2,20.0,8.189,2.5,7,0,0,0,1,0,32.11,1,0,6,2026-07,2
FBJ-0047,2026-07-26,Mañana,B,Antena,AP-02,453,-71.2,16,11,80.2,20.0,3.056,1.29,5,0,0,0,1,0,18.21,1,0,6,2026-07,2
FBJ-0051,2026-07-26,Mañana,B,Cable,,42,,16,11,80.2,20.0,2.911,0.72,2,0,0,0,1,0,25.19,0,0,6,2026-07,2
FBJ-0054,2026-07-26,Mañana,B,Antena,AP-02,302,-59.5,16,11,80.2,20.0,5.817,1.64,6,0,0,0,1,0,26.33,1,0,6,2026-07,2
FBJ-0059,2026-07-26,Mañana,B,Cable,,107,,16,11,80.2,20.0,2.093,0.5,4,0,0,0,1,0,35.0,0,1,6,2026-07,2
FBJ-0060,2026-07-26,Mañana,B,Cable,,110,,16,11,80.2,20.0,12.818,2.61,1,0,0,0,1,0,35.0,0,1,6,2026-07,2
FBJ-0001,2026-07-26,Tarde,A,Antena,AP-01,625,-74.5,15,9,91.0,22.7,1.826,0.79,7,0,0,0,1,0,17.62,1,0,6,2026-07,3
FBJ-0003,2026-07-26,Tarde,A,Antena,AP-02,392,-66.0,15,9,91.0,22.7,5.387,1.66,7,0,0,0,1,0,24.08,1,0,6,2026-07,3
FBJ-0004,2026-07-26,Tarde,A,Cable,,322,,15,9,91.0,22.7,1.96,0.44,3,0,0,0,1,0,35.0,0,1,6,2026-07,3
FBJ-0005,2026-07-26,Tarde,A,Cable,,179,,15,9,91.0,22.7,3.655,1.04,2,0,0,0,1,0,35.0,0,1,6,2026-07,3
FBJ-0009,2026-07-26,Tarde,A,Antena,AP-02,565,-72.0,15,9,91.0,22.7,5.976,1.96,2,0,0,0,1,0,25.84,1,0,6,2026-07,3
FBJ-0010,2026-07-26,Tarde,A,Antena,AP-01,482,-67.3,15,9,91.0,22.7,3.472,1.37,3,0,0,0,1,0,17.27,1,0,6,2026-07,3
FBJ-0011,2026-07-26,Tarde,A,Antena,AP-02,440,-67.1,15,9,91.0,22.7,2.216,1.09,5,0,0,0,1,0,19.36,1,0,6,2026-07,3
FBJ-0012,2026-07-26,Tarde,A,Antena,AP-01,631,-74.1,15,9,91.0,22.7,3.738,1.52,4,0,0,0,1,0,16.79,1,0,6,2026-07,3
FBJ-0013,2026-07-26,Tarde,A,Antena,AP-02,111,-56.0,15,9,91.0,22.7,3.268,1.04,4,0,0,0,1,0,31.31,1,0,6,2026-07,3
FBJ-0014,2026-07-26,Tarde,A,Antena,AP-01,319,-62.5,15,9,91.0,22.7,2.472,0.77,3,0,0,0,1,0,24.46,1,0,6,2026-07,3
FBJ-0015,2026-07-26,Tarde,A,Antena,AP-02,894,-83.5,15,9,91.0,22.7,3.024,1.36,2,0,0,0,1,0,21.52,1,0,6,2026-07,3
FBJ-0018,2026-07-26,Tarde,A,Cable,,281,,15,9,91.0,22.7,4.079,1.02,4,0,0,0,1,0,26.16,0,0,6,2026-07,3
FBJ-0019,2026-07-26,Tarde,A,Cable,,81,,15,9,91.0,22.7,1.795,0.58,3,0,0,0,1,0,28.18,0,0,6,2026-07,3
FBJ-0020,2026-07-26,Tarde,A,Antena,AP-01,244,-60.1,15,9,91.0,22.7,3.933,1.26,8,0,0,0,1,0,22.48,1,0,6,2026-07,3
FBJ-0021,2026-07-26,Tarde,A,Cable,,163,,15,9,91.0,22.7,11.189,3.02,6,0,0,0,1,0,35.0,0,1,6,2026-07,3
FBJ-0023,2026-07-26,Tarde,A,Antena,AP-01,872,-78.5,15,9,91.0,22.7,6.008,2.07,2,1,30,0,1,0,24.45,1,0,6,2026-07,3
FBJ-0024,2026-07-26,Tarde,A,Antena,AP-02,169,-58.3,15,9,91.0,22.7,1.896,0.8,5,0,0,0,1,0,21.59,1,0,6,2026-07,3
FBJ-0026,2026-07-26,Tarde,A,Antena,AP-02,283,-64.0,15,9,91.0,22.7,1.406,0.76,2,0,0,0,1,0,19.42,1,0,6,2026-07,3
FBJ-0027,2026-07-26,Tarde,A,Cable,,85,,15,9,91.0,22.7,4.383,1.13,4,0,0,0,1,0,35.0,0,1,6,2026-07,3
FBJ-0029,2026-07-26,Tarde,A,Cable,,251,,15,9,91.0,22.7,6.719,1.71,2,0,0,0,1,0,29.15,0,0,6,2026-07,3
FBJ-0031,2026-07-26,Tarde,B,Cable,,202,,14,9,75.7,18.9,1.997,0.58,1,0,0,0,1,0,35.0,0,1,6,2026-07,3
FBJ-0032,2026-07-26,Tarde,B,Cable,,302,,14,9,75.7,18.9,6.825,1.7,6,0,0,0,1,0,35.0,0,1,6,2026-07,3
FBJ-0034,2026-07-26,Tarde,B,Antena,AP-02,604,-72.2,14,9,75.7,18.9,2.199,0.98,1,0,0,0,1,0,15.84,1,0,6,2026-07,3
FBJ-0037,2026-07-26,Tarde,B,Cable,,205,,14,9,75.7,18.9,1.883,0.55,7,0,0,0,1,0,29.08,0,0,6,2026-07,3
FBJ-0039,2026-07-26,Tarde,B,Cable,,288,,14,9,75.7,18.9,6.325,1.77,8,0,0,0,1,0,34.97,0,1,6,2026-07,3
FBJ-0042,2026-07-26,Tarde,B,Antena,AP-01,176,-53.0,14,9,75.7,18.9,0.717,0.2,3,0,0,0,1,0,25.59,1,0,6,2026-07,3
FBJ-0043,2026-07-26,Tarde,B,Cable,,318,,14,9,75.7,18.9,5.508,1.4,7,0,0,0,1,0,35.0,0,1,6,2026-07,3
FBJ-0044,2026-07-26,Tarde,B,Cable,,86,,14,9,75.7,18.9,3.729,1.17,7,0,0,0,1,0,28.9,0,0,6,2026-07,3
FBJ-0045,2026-07-26,Tarde,B,Antena,AP-02,848,-81.7,14,9,75.7,18.9,5.938,2.67,4,0,0,0,1,0,16.41,1,0,6,2026-07,3
FBJ-0046,2026-07-26,Tarde,B,Antena,AP-01,177,-50.9,14,9,75.7,18.9,0.957,0.27,1,0,0,0,1,0,34.14,1,0,6,2026-07,3
FBJ-0047,2026-07-26,Tarde,B,Antena,AP-02,453,-71.2,14,9,75.7,18.9,2.013,1.28,3,0,0,0,1,0,16.43,1,0,6,2026-07,3
FBJ-0049,2026-07-26,Tarde,B,Cable,,350,,14,9,75.7,18.9,9.263,1.95,2,0,0,0,1,0,35.0,0,1,6,2026-07,3
FBJ-0050,2026-07-26,Tarde,B,Antena,AP-02,277,-61.0,14,9,75.7,18.9,2.138,0.79,2,0,0,0,1,0,26.94,1,0,6,2026-07,3
FBJ-0052,2026-07-26,Tarde,B,Cable,,288,,14,9,75.7,18.9,6.208,1.48,2,0,0,0,1,0,35.0,0,1,6,2026-07,3
FBJ-0053,2026-07-26,Tarde,B,Antena,AP-01,245,-55.9,14,9,75.7,18.9,2.099,0.7,1,0,0,0,1,0,27.1,1,0,6,2026-07,3
FBJ-0001,2026-07-26,Noche,A,Antena,AP-01,625,-74.5,19,11,159.3,39.8,4.837,1.61,1,0,0,0,1,0,21.36,1,0,6,2026-07,4
FBJ-0003,2026-07-26,Noche,A,Antena,AP-02,392,-66.0,19,11,159.3,39.8,7.638,2.74,7,0,0,0,1,0,21.79,1,0,6,2026-07,4
FBJ-0004,2026-07-26,Noche,A,Cable,,322,,19,11,159.3,39.8,12.518,2.73,1,0,0,0,1,0,35.0,0,1,6,2026-07,4
FBJ-0007,2026-07-26,Noche,A,Antena,AP-02,594,-68.6,19,11,159.3,39.8,3.06,1.48,8,0,0,0,1,0,17.63,1,0,6,2026-07,4
FBJ-0009,2026-07-26,Noche,A,Antena,AP-02,565,-72.0,19,11,159.3,39.8,6.451,2.68,1,0,0,0,1,0,16.15,1,0,6,2026-07,4
FBJ-0012,2026-07-26,Noche,A,Antena,AP-01,631,-74.1,19,11,159.3,39.8,7.953,2.97,6,0,0,0,1,0,18.3,1,0,6,2026-07,4
FBJ-0013,2026-07-26,Noche,A,Antena,AP-02,111,-56.0,19,11,159.3,39.8,7.016,2.24,6,0,0,0,1,0,29.64,1,0,6,2026-07,4
FBJ-0014,2026-07-26,Noche,A,Antena,AP-01,319,-62.5,19,11,159.3,39.8,9.138,3.43,6,0,0,0,1,0,24.46,1,0,6,2026-07,4
FBJ-0015,2026-07-26,Noche,A,Antena,AP-02,894,-83.5,19,11,159.3,39.8,4.936,2.48,4,1,35,0,1,0,20.26,1,0,6,2026-07,4
FBJ-0018,2026-07-26,Noche,A,Cable,,281,,19,11,159.3,39.8,7.004,2.02,1,0,0,0,1,0,34.95,0,1,6,2026-07,4
FBJ-0019,2026-07-26,Noche,A,Cable,,81,,19,11,159.3,39.8,5.743,1.43,3,0,0,0,1,0,28.16,0,0,6,2026-07,4
FBJ-0020,2026-07-26,Noche,A,Antena,AP-01,244,-60.1,19,11,159.3,39.8,6.545,2.21,2,0,0,0,1,0,24.78,1,0,6,2026-07,4
FBJ-0021,2026-07-26,Noche,A,Cable,,163,,19,11,159.3,39.8,7.374,2.1,2,0,0,0,1,0,31.53,0,0,6,2026-07,4
FBJ-0022,2026-07-26,Noche,A,Antena,AP-02,838,-82.4,19,11,159.3,39.8,6.812,2.36,3,0,0,0,1,0,17.97,1,0,6,2026-07,4
FBJ-0023,2026-07-26,Noche,A,Antena,AP-01,872,-78.5,19,11,159.3,39.8,2.495,1.93,6,1,3,0,1,0,15.21,1,0,6,2026-07,4
FBJ-0024,2026-07-26,Noche,A,Antena,AP-02,169,-58.3,19,11,159.3,39.8,4.046,1.29,6,0,0,0,1,0,25.81,1,0,6,2026-07,4
FBJ-0029,2026-07-26,Noche,A,Cable,,251,,19,11,159.3,39.8,10.405,2.73,6,0,0,0,1,0,31.06,0,0,6,2026-07,4
FBJ-0030,2026-07-26,Noche,A,Antena,AP-02,116,-54.6,19,11,159.3,39.8,2.956,1.0,3,0,0,0,1,0,35.0,1,1,6,2026-07,4
FBJ-0031,2026-07-26,Noche,B,Cable,,202,,23,17,140.1,35.0,6.832,2.3,5,0,0,0,1,0,24.03,0,0,6,2026-07,4
FBJ-0032,2026-07-26,Noche,B,Cable,,302,,23,17,140.1,35.0,5.376,2.53,2,0,0,0,1,0,16.0,0,0,6,2026-07,4
FBJ-0033,2026-07-26,Noche,B,Antena,AP-01,719,-77.6,23,17,140.1,35.0,2.907,2.15,3,0,0,0,1,0,12.01,1,0,6,2026-07,4
FBJ-0035,2026-07-26,Noche,B,Cable,,154,,23,17,140.1,35.0,5.832,1.96,6,0,0,0,1,0,24.17,0,0,6,2026-07,4
FBJ-0036,2026-07-26,Noche,B,Antena,AP-01,831,-77.3,23,17,140.1,35.0,2.708,1.77,3,1,30,0,1,0,12.84,1,0,6,2026-07,4
FBJ-0037,2026-07-26,Noche,B,Cable,,205,,23,17,140.1,35.0,4.61,2.6,7,0,0,0,1,0,21.28,0,0,6,2026-07,4
FBJ-0039,2026-07-26,Noche,B,Cable,,288,,23,17,140.1,35.0,4.888,2.15,5,0,0,0,1,0,19.52,0,0,6,2026-07,4
FBJ-0040,2026-07-26,Noche,B,Antena,AP-01,564,-73.1,23,17,140.1,35.0,2.219,1.97,2,0,0,0,1,0,9.67,1,0,6,2026-07,4
FBJ-0041,2026-07-26,Noche,B,Antena,AP-02,509,-69.1,23,17,140.1,35.0,4.939,3.84,8,0,0,0,1,0,12.21,1,0,6,2026-07,4
FBJ-0042,2026-07-26,Noche,B,Antena,AP-01,176,-53.0,23,17,140.1,35.0,5.217,2.32,4,0,0,0,1,0,17.31,1,0,6,2026-07,4
FBJ-0045,2026-07-26,Noche,B,Antena,AP-02,848,-81.7,23,17,140.1,35.0,4.887,2.69,2,0,0,0,1,0,13.33,1,0,6,2026-07,4
FBJ-0046,2026-07-26,Noche,B,Antena,AP-01,177,-50.9,23,17,140.1,35.0,5.734,2.08,2,1,28,0,1,0,21.96,1,0,6,2026-07,4
FBJ-0047,2026-07-26,Noche,B,Antena,AP-02,453,-71.2,23,17,140.1,35.0,5.59,3.12,8,1,4,0,1,0,12.94,1,0,6,2026-07,4
FBJ-0048,2026-07-26,Noche,B,Antena,AP-01,721,-80.9,23,17,140.1,35.0,2.168,1.29,4,0,0,0,1,0,13.38,1,0,6,2026-07,4
FBJ-0049,2026-07-26,Noche,B,Cable,,350,,23,17,140.1,35.0,6.606,2.34,5,0,0,0,1,0,23.26,0,0,6,2026-07,4
FBJ-0050,2026-07-26,Noche,B,Antena,AP-02,277,-61.0,23,17,140.1,35.0,8.019,3.95,5,0,0,0,1,0,21.03,1,0,6,2026-07,4
FBJ-0051,2026-07-26,Noche,B,Cable,,42,,23,17,140.1,35.0,6.782,1.76,6,0,0,0,1,0,23.47,0,0,6,2026-07,4
FBJ-0052,2026-07-26,Noche,B,Cable,,288,,23,17,140.1,35.0,5.13,1.95,3,0,0,0,1,0,21.95,0,0,6,2026-07,4
FBJ-0053,2026-07-26,Noche,B,Antena,AP-01,245,-55.9,23,17,140.1,35.0,4.674,1.74,6,0,0,0,1,0,23.96,1,0,6,2026-07,4
FBJ-0054,2026-07-26,Noche,B,Antena,AP-02,302,-59.5,23,17,140.1,35.0,4.096,2.53,4,0,0,0,1,0,14.38,1,0,6,2026-07,4
FBJ-0057,2026-07-26,Noche,B,Antena,AP-01,851,-81.4,23,17,140.1,35.0,3.837,3.11,4,0,0,0,1,0,10.25,1,0,6,2026-07,4
FBJ-0058,2026-07-26,Noche,B,Antena,AP-02,308,-59.0,23,17,140.1,35.0,6.902,2.96,5,0,0,0,1,0,19.17,1,0,6,2026-07,4
FBJ-0059,2026-07-26,Noche,B,Cable,,107,,23,17,140.1,35.0,1.316,0.41,6,0,0,0,1,0,25.43,0,0,6,2026-07,4
FBJ-0060,2026-07-26,Noche,B,Cable,,110,,23,17,140.1,35.0,6.555,2.03,3,0,0,0,1,0,21.69,0,0,6,2026-07,4
FBJ-0001,2026-07-27,Madrugada,A,Antena,AP-01,625,-74.5,2,1,3.6,0.9,0.613,0.2,3,0,0,0,0,0,19.3,1,0,0,2026-07,1
FBJ-0019,2026-07-27,Madrugada,A,Cable,,81,,2,1,3.6,0.9,1.254,0.43,3,0,0,0,0,0,21.52,0,0,0,2026-07,1
FBJ-0024,2026-07-27,Madrugada,A,Antena,AP-02,169,-58.3,2,1,3.6,0.9,5.742,1.24,5,1,35,0,0,0,32.46,1,0,0,2026-07,1
FBJ-0026,2026-07-27,Madrugada,A,Antena,AP-02,283,-64.0,2,1,3.6,0.9,3.804,1.57,3,0,0,0,0,0,25.7,1,0,0,2026-07,1
FBJ-0029,2026-07-27,Madrugada,A,Cable,,251,,2,1,3.6,0.9,6.811,1.77,1,1,14,0,0,0,35.0,0,1,0,2026-07,1
FBJ-0001,2026-07-27,Mañana,A,Antena,AP-01,625,-74.5,7,5,79.3,19.8,2.639,1.21,3,0,0,0,0,0,19.3,1,0,0,2026-07,2
FBJ-0003,2026-07-27,Mañana,A,Antena,AP-02,392,-66.0,7,5,79.3,19.8,4.301,1.57,4,0,0,0,0,0,21.91,1,0,0,2026-07,2
FBJ-0004,2026-07-27,Mañana,A,Cable,,322,,7,5,79.3,19.8,4.993,1.46,3,0,0,0,0,0,25.19,0,0,0,2026-07,2
FBJ-0018,2026-07-27,Mañana,A,Cable,,281,,7,5,79.3,19.8,9.277,1.91,5,0,0,0,0,0,33.44,0,0,0,2026-07,2
FBJ-0025,2026-07-27,Mañana,A,Antena,AP-01,575,-73.2,7,5,79.3,19.8,1.867,1.35,3,1,25,0,0,0,13.6,1,0,0,2026-07,2
FBJ-0026,2026-07-27,Mañana,A,Antena,AP-02,283,-64.0,7,5,79.3,19.8,1.314,0.82,3,0,0,0,0,0,19.56,1,0,0,2026-07,2
FBJ-0032,2026-07-27,Mañana,B,Cable,,302,,13,10,104.9,26.2,9.433,2.09,1,0,0,0,0,0,32.91,0,0,0,2026-07,2
FBJ-0039,2026-07-27,Mañana,B,Cable,,288,,13,10,104.9,26.2,1.511,0.3,4,0,0,0,0,0,33.98,0,0,0,2026-07,2
FBJ-0043,2026-07-27,Mañana,B,Cable,,318,,13,10,104.9,26.2,2.138,0.63,8,0,0,0,0,0,35.0,0,1,0,2026-07,2
FBJ-0045,2026-07-27,Mañana,B,Antena,AP-02,848,-81.7,13,10,104.9,26.2,4.45,1.77,7,0,0,0,0,0,17.32,1,0,0,2026-07,2
FBJ-0047,2026-07-27,Mañana,B,Antena,AP-02,453,-71.2,13,10,104.9,26.2,4.603,1.77,7,0,0,0,0,0,18.76,1,0,0,2026-07,2
FBJ-0049,2026-07-27,Mañana,B,Cable,,350,,13,10,104.9,26.2,7.594,2.77,1,0,0,0,0,0,21.63,0,0,0,2026-07,2
FBJ-0050,2026-07-27,Mañana,B,Antena,AP-02,277,-61.0,13,10,104.9,26.2,5.788,2.05,3,1,24,0,0,0,22.05,1,0,0,2026-07,2
FBJ-0057,2026-07-27,Mañana,B,Antena,AP-01,851,-81.4,13,10,104.9,26.2,1.967,0.68,5,1,14,0,0,0,22.39,1,0,0,2026-07,2
FBJ-0058,2026-07-27,Mañana,B,Antena,AP-02,308,-59.0,13,10,104.9,26.2,1.678,0.51,6,0,0,0,0,0,24.53,1,0,0,2026-07,2
FBJ-0001,2026-07-27,Tarde,A,Antena,AP-01,625,-74.5,9,6,62.5,15.6,1.414,0.81,6,0,0,0,0,0,17.26,1,0,0,2026-07,3
FBJ-0003,2026-07-27,Tarde,A,Antena,AP-02,392,-66.0,9,6,62.5,15.6,2.456,0.99,7,0,0,0,0,0,22.62,1,0,0,2026-07,3
FBJ-0005,2026-07-27,Tarde,A,Cable,,179,,9,6,62.5,15.6,6.688,1.76,4,1,13,0,0,0,32.35,0,0,0,2026-07,3
FBJ-0007,2026-07-27,Tarde,A,Antena,AP-02,594,-68.6,9,6,62.5,15.6,2.615,0.81,8,0,0,0,0,0,23.31,1,0,0,2026-07,3
FBJ-0010,2026-07-27,Tarde,A,Antena,AP-01,482,-67.3,9,6,62.5,15.6,3.299,1.91,2,0,0,0,0,0,14.29,1,0,0,2026-07,3
FBJ-0012,2026-07-27,Tarde,A,Antena,AP-01,631,-74.1,9,6,62.5,15.6,1.353,0.68,1,0,0,0,0,0,15.74,1,0,0,2026-07,3
FBJ-0015,2026-07-27,Tarde,A,Antena,AP-02,894,-83.5,9,6,62.5,15.6,1.669,1.13,3,0,0,0,0,0,13.47,1,0,0,2026-07,3
FBJ-0019,2026-07-27,Tarde,A,Cable,,81,,9,6,62.5,15.6,11.826,3.0,2,0,0,0,0,0,35.0,0,1,0,2026-07,3
FBJ-0020,2026-07-27,Tarde,A,Antena,AP-01,244,-60.1,9,6,62.5,15.6,2.883,0.9,3,0,0,0,0,0,25.77,1,0,0,2026-07,3
FBJ-0021,2026-07-27,Tarde,A,Cable,,163,,9,6,62.5,15.6,2.759,0.54,7,0,0,0,0,0,35.0,0,1,0,2026-07,3
FBJ-0022,2026-07-27,Tarde,A,Antena,AP-02,838,-82.4,9,6,62.5,15.6,1.537,0.81,2,0,0,0,0,0,16.19,1,0,0,2026-07,3
FBJ-0023,2026-07-27,Tarde,A,Antena,AP-01,872,-78.5,9,6,62.5,15.6,1.92,0.9,3,0,0,0,0,0,21.0,1,0,0,2026-07,3
FBJ-0024,2026-07-27,Tarde,A,Antena,AP-02,169,-58.3,9,6,62.5,15.6,1.345,0.7,2,0,0,0,0,0,21.73,1,0,0,2026-07,3
FBJ-0025,2026-07-27,Tarde,A,Antena,AP-01,575,-73.2,9,6,62.5,15.6,4.13,1.99,8,0,0,0,0,0,18.35,1,0,0,2026-07,3
FBJ-0026,2026-07-27,Tarde,A,Antena,AP-02,283,-64.0,9,6,62.5,15.6,7.436,2.66,7,0,0,0,0,0,21.22,1,0,0,2026-07,3
FBJ-0029,2026-07-27,Tarde,A,Cable,,251,,9,6,62.5,15.6,5.525,1.7,2,0,0,0,0,0,32.5,0,0,0,2026-07,3
FBJ-0030,2026-07-27,Tarde,A,Antena,AP-02,116,-54.6,9,6,62.5,15.6,4.201,1.32,4,0,0,0,0,0,24.49,1,0,0,2026-07,3
FBJ-0031,2026-07-27,Tarde,B,Cable,,202,,9,6,54.2,13.6,2.558,0.66,3,0,0,0,0,0,35.0,0,1,0,2026-07,3
FBJ-0035,2026-07-27,Tarde,B,Cable,,154,,9,6,54.2,13.6,6.719,1.86,2,0,0,0,0,0,25.88,0,0,0,2026-07,3
FBJ-0040,2026-07-27,Tarde,B,Antena,AP-01,564,-73.1,9,6,54.2,13.6,6.64,2.34,4,0,0,0,0,0,19.85,1,0,0,2026-07,3
FBJ-0041,2026-07-27,Tarde,B,Antena,AP-02,509,-69.1,9,6,54.2,13.6,1.265,0.72,8,0,0,0,0,0,14.2,1,0,0,2026-07,3
FBJ-0042,2026-07-27,Tarde,B,Antena,AP-01,176,-53.0,9,6,54.2,13.6,5.94,1.89,8,0,0,0,0,0,20.6,1,0,0,2026-07,3
FBJ-0046,2026-07-27,Tarde,B,Antena,AP-01,177,-50.9,9,6,54.2,13.6,2.383,0.7,7,0,0,0,0,0,31.0,1,0,0,2026-07,3
FBJ-0047,2026-07-27,Tarde,B,Antena,AP-02,453,-71.2,9,6,54.2,13.6,2.023,1.4,5,0,0,0,0,0,16.87,1,0,0,2026-07,3
FBJ-0049,2026-07-27,Tarde,B,Cable,,350,,9,6,54.2,13.6,4.22,0.97,6,0,0,0,0,0,31.97,0,0,0,2026-07,3
FBJ-0051,2026-07-27,Tarde,B,Cable,,42,,9,6,54.2,13.6,8.859,2.0,8,0,0,0,0,0,32.44,0,0,0,2026-07,3
FBJ-0053,2026-07-27,Tarde,B,Antena,AP-01,245,-55.9,9,6,54.2,13.6,3.751,0.8,8,0,0,0,0,0,33.59,1,0,0,2026-07,3
FBJ-0054,2026-07-27,Tarde,B,Antena,AP-02,302,-59.5,9,6,54.2,13.6,5.556,1.78,6,1,6,0,0,0,31.11,1,0,0,2026-07,3
FBJ-0056,2026-07-27,Tarde,B,Antena,AP-02,549,-70.0,9,6,54.2,13.6,1.568,0.7,4,0,0,0,0,0,13.84,1,0,0,2026-07,3
FBJ-0058,2026-07-27,Tarde,B,Antena,AP-02,308,-59.0,9,6,54.2,13.6,5.199,1.13,8,0,0,0,0,0,35.0,1,1,0,2026-07,3
FBJ-0001,2026-07-27,Noche,A,Antena,AP-01,625,-74.5,20,15,169.1,42.3,4.079,2.39,1,0,0,0,0,0,15.54,1,0,0,2026-07,4
FBJ-0003,2026-07-27,Noche,A,Antena,AP-02,392,-66.0,20,15,169.1,42.3,3.506,1.52,7,0,0,0,0,0,14.75,1,0,0,2026-07,4
FBJ-0004,2026-07-27,Noche,A,Cable,,322,,20,15,169.1,42.3,5.922,2.6,1,0,0,0,0,0,26.18,0,0,0,2026-07,4
FBJ-0009,2026-07-27,Noche,A,Antena,AP-02,565,-72.0,20,15,169.1,42.3,5.224,3.19,4,0,0,0,0,0,15.79,1,0,0,2026-07,4
FBJ-0010,2026-07-27,Noche,A,Antena,AP-01,482,-67.3,20,15,169.1,42.3,6.755,3.34,5,0,0,0,0,0,15.93,1,0,0,2026-07,4
FBJ-0012,2026-07-27,Noche,A,Antena,AP-01,631,-74.1,20,15,169.1,42.3,6.112,4.5,6,0,0,0,0,0,14.12,1,0,0,2026-07,4
FBJ-0018,2026-07-27,Noche,A,Cable,,281,,20,15,169.1,42.3,8.293,2.75,2,0,0,0,0,0,31.63,0,0,0,2026-07,4
FBJ-0020,2026-07-27,Noche,A,Antena,AP-01,244,-60.1,20,15,169.1,42.3,6.216,3.14,5,0,0,0,0,0,19.31,1,0,0,2026-07,4
FBJ-0024,2026-07-27,Noche,A,Antena,AP-02,169,-58.3,20,15,169.1,42.3,7.135,2.93,1,0,0,0,0,0,17.93,1,0,0,2026-07,4
FBJ-0025,2026-07-27,Noche,A,Antena,AP-01,575,-73.2,20,15,169.1,42.3,1.879,1.07,7,0,0,0,0,0,13.85,1,0,0,2026-07,4
FBJ-0026,2026-07-27,Noche,A,Antena,AP-02,283,-64.0,20,15,169.1,42.3,4.245,2.96,3,0,0,0,0,0,15.98,1,0,0,2026-07,4
FBJ-0027,2026-07-27,Noche,A,Cable,,85,,20,15,169.1,42.3,9.06,2.04,5,1,7,0,0,0,28.88,0,0,0,2026-07,4
FBJ-0029,2026-07-27,Noche,A,Cable,,251,,20,15,169.1,42.3,5.358,2.52,6,0,0,0,0,0,18.4,0,0,0,2026-07,4
FBJ-0031,2026-07-27,Noche,B,Cable,,202,,16,13,135.9,34.0,4.474,1.26,2,0,0,0,0,0,32.01,0,0,0,2026-07,4
FBJ-0032,2026-07-27,Noche,B,Cable,,302,,16,13,135.9,34.0,1.14,0.38,6,0,0,0,0,0,27.81,0,0,0,2026-07,4
FBJ-0034,2026-07-27,Noche,B,Antena,AP-02,604,-72.2,16,13,135.9,34.0,5.005,2.49,7,0,0,0,0,0,13.87,1,0,0,2026-07,4
FBJ-0035,2026-07-27,Noche,B,Cable,,154,,16,13,135.9,34.0,6.867,2.75,2,0,0,0,0,0,22.91,0,0,0,2026-07,4
FBJ-0040,2026-07-27,Noche,B,Antena,AP-01,564,-73.1,16,13,135.9,34.0,4.831,2.14,2,0,0,0,0,0,16.92,1,0,0,2026-07,4
FBJ-0044,2026-07-27,Noche,B,Cable,,86,,16,13,135.9,34.0,6.617,2.08,7,0,0,0,0,0,25.83,0,0,0,2026-07,4
FBJ-0045,2026-07-27,Noche,B,Antena,AP-02,848,-81.7,16,13,135.9,34.0,3.754,1.87,6,1,30,0,0,0,17.9,1,0,0,2026-07,4
FBJ-0046,2026-07-27,Noche,B,Antena,AP-01,177,-50.9,16,13,135.9,34.0,13.512,3.07,1,0,0,0,0,0,35.0,1,1,0,2026-07,4
FBJ-0047,2026-07-27,Noche,B,Antena,AP-02,453,-71.2,16,13,135.9,34.0,3.995,2.0,3,0,0,0,0,0,17.68,1,0,0,2026-07,4
FBJ-0049,2026-07-27,Noche,B,Cable,,350,,16,13,135.9,34.0,12.24,2.98,4,0,0,0,0,0,34.58,0,0,0,2026-07,4
FBJ-0053,2026-07-27,Noche,B,Antena,AP-01,245,-55.9,16,13,135.9,34.0,7.649,3.1,2,0,0,0,0,0,23.67,1,0,0,2026-07,4
FBJ-0054,2026-07-27,Noche,B,Antena,AP-02,302,-59.5,16,13,135.9,34.0,4.329,2.15,1,0,0,0,0,0,20.84,1,0,0,2026-07,4
FBJ-0056,2026-07-27,Noche,B,Antena,AP-02,549,-70.0,16,13,135.9,34.0,11.571,3.21,5,0,0,0,0,0,24.61,1,0,0,2026-07,4
FBJ-0058,2026-07-27,Noche,B,Antena,AP-02,308,-59.0,16,13,135.9,34.0,9.07,3.0,8,0,0,0,0,0,23.86,1,0,0,2026-07,4
FBJ-0059,2026-07-27,Noche,B,Cable,,107,,16,13,135.9,34.0,6.42,2.01,8,0,0,0,0,0,33.02,0,0,0,2026-07,4
FBJ-0001,2026-07-28,Madrugada,A,Antena,AP-01,625,-74.5,4,3,36.4,9.1,2.351,1.09,3,0,0,0,0,0,21.19,1,0,1,2026-07,1
FBJ-0005,2026-07-28,Madrugada,A,Cable,,179,,4,3,36.4,9.1,4.75,1.24,7,0,0,0,0,0,28.82,0,0,1,2026-07,1
FBJ-0012,2026-07-28,Madrugada,A,Antena,AP-01,631,-74.1,4,3,36.4,9.1,1.8,1.11,2,0,0,0,0,0,17.77,1,0,1,2026-07,1
FBJ-0024,2026-07-28,Madrugada,A,Antena,AP-02,169,-58.3,4,3,36.4,9.1,2.499,0.72,8,0,0,0,0,0,23.7,1,0,1,2026-07,1
FBJ-0032,2026-07-28,Madrugada,B,Cable,,302,,4,3,9.6,2.4,0.58,0.2,5,0,0,0,0,0,30.76,0,0,1,2026-07,1
FBJ-0034,2026-07-28,Madrugada,B,Antena,AP-02,604,-72.2,4,3,9.6,2.4,2.486,1.41,4,0,0,0,0,0,17.41,1,0,1,2026-07,1
FBJ-0040,2026-07-28,Madrugada,B,Antena,AP-01,564,-73.1,4,3,9.6,2.4,4.447,1.83,4,0,0,0,0,0,18.1,1,0,1,2026-07,1
FBJ-0050,2026-07-28,Madrugada,B,Antena,AP-02,277,-61.0,4,3,9.6,2.4,3.209,1.59,3,0,0,0,0,0,21.51,1,0,1,2026-07,1
FBJ-0057,2026-07-28,Madrugada,B,Antena,AP-01,851,-81.4,4,3,9.6,2.4,1.375,0.61,2,2,10,0,0,0,18.29,1,0,1,2026-07,1
FBJ-0059,2026-07-28,Madrugada,B,Cable,,107,,4,3,9.6,2.4,5.915,1.46,4,0,0,0,0,0,30.34,0,0,1,2026-07,1
FBJ-0060,2026-07-28,Madrugada,B,Cable,,110,,4,3,9.6,2.4,4.606,1.16,5,0,0,0,0,0,35.0,0,1,1,2026-07,1
FBJ-0001,2026-07-28,Mañana,A,Antena,AP-01,625,-74.5,9,8,80.3,20.1,1.821,0.77,6,0,0,0,0,0,22.8,1,0,1,2026-07,2
FBJ-0005,2026-07-28,Mañana,A,Cable,,179,,9,8,80.3,20.1,3.48,1.04,6,0,0,0,0,0,35.0,0,1,1,2026-07,2
FBJ-0009,2026-07-28,Mañana,A,Antena,AP-02,565,-72.0,9,8,80.3,20.1,2.582,1.28,5,0,0,0,0,0,21.02,1,0,1,2026-07,2
FBJ-0012,2026-07-28,Mañana,A,Antena,AP-01,631,-74.1,9,8,80.3,20.1,2.231,1.08,2,0,0,0,0,0,17.6,1,0,1,2026-07,2
FBJ-0018,2026-07-28,Mañana,A,Cable,,281,,9,8,80.3,20.1,12.985,2.74,8,0,0,0,0,0,35.0,0,1,1,2026-07,2
FBJ-0019,2026-07-28,Mañana,A,Cable,,81,,9,8,80.3,20.1,7.413,1.51,2,0,0,0,0,0,35.0,0,1,1,2026-07,2
FBJ-0021,2026-07-28,Mañana,A,Cable,,163,,9,8,80.3,20.1,6.109,1.86,6,0,0,0,0,0,28.71,0,0,1,2026-07,2
FBJ-0022,2026-07-28,Mañana,A,Antena,AP-02,838,-82.4,9,8,80.3,20.1,2.157,1.26,8,1,15,0,0,0,13.85,1,0,1,2026-07,2
FBJ-0024,2026-07-28,Mañana,A,Antena,AP-02,169,-58.3,9,8,80.3,20.1,2.871,0.83,6,1,3,0,0,0,34.17,1,0,1,2026-07,2
FBJ-0025,2026-07-28,Mañana,A,Antena,AP-01,575,-73.2,9,8,80.3,20.1,4.577,2.2,1,1,5,0,0,0,20.38,1,0,1,2026-07,2
FBJ-0026,2026-07-28,Mañana,A,Antena,AP-02,283,-64.0,9,8,80.3,20.1,1.976,1.38,1,0,0,0,0,0,16.94,1,0,1,2026-07,2
FBJ-0027,2026-07-28,Mañana,A,Cable,,85,,9,8,80.3,20.1,6.927,1.71,6,0,0,0,0,0,28.04,0,0,1,2026-07,2
FBJ-0033,2026-07-28,Mañana,B,Antena,AP-01,719,-77.6,11,9,32.6,8.1,5.835,2.45,2,0,0,0,0,0,22.05,1,0,1,2026-07,2
FBJ-0035,2026-07-28,Mañana,B,Cable,,154,,11,9,32.6,8.1,5.447,1.85,3,0,0,0,0,0,28.84,0,0,1,2026-07,2
FBJ-0036,2026-07-28,Mañana,B,Antena,AP-01,831,-77.3,11,9,32.6,8.1,7.333,2.97,1,0,0,0,0,0,18.83,1,0,1,2026-07,2
FBJ-0042,2026-07-28,Mañana,B,Antena,AP-01,176,-53.0,11,9,32.6,8.1,7.586,1.86,6,0,0,0,0,0,32.12,1,0,1,2026-07,2
FBJ-0044,2026-07-28,Mañana,B,Cable,,86,,11,9,32.6,8.1,7.637,1.82,1,0,0,0,0,0,35.0,0,1,1,2026-07,2
FBJ-0045,2026-07-28,Mañana,B,Antena,AP-02,848,-81.7,11,9,32.6,8.1,4.779,1.78,3,0,0,0,0,0,18.69,1,0,1,2026-07,2
FBJ-0046,2026-07-28,Mañana,B,Antena,AP-01,177,-50.9,11,9,32.6,8.1,11.927,2.49,3,1,27,0,0,0,28.67,1,0,1,2026-07,2
FBJ-0047,2026-07-28,Mañana,B,Antena,AP-02,453,-71.2,11,9,32.6,8.1,1.035,0.48,5,0,0,0,0,0,21.42,1,0,1,2026-07,2
FBJ-0049,2026-07-28,Mañana,B,Cable,,350,,11,9,32.6,8.1,6.211,1.51,7,0,0,0,0,0,35.0,0,1,1,2026-07,2
FBJ-0051,2026-07-28,Mañana,B,Cable,,42,,11,9,32.6,8.1,10.454,1.9,7,0,0,0,0,0,35.0,0,1,1,2026-07,2
FBJ-0052,2026-07-28,Mañana,B,Cable,,288,,11,9,32.6,8.1,15.472,3.25,7,0,0,0,0,0,35.0,0,1,1,2026-07,2
FBJ-0058,2026-07-28,Mañana,B,Antena,AP-02,308,-59.0,11,9,32.6,8.1,5.91,2.18,4,2,42,0,0,0,29.37,1,0,1,2026-07,2
FBJ-0060,2026-07-28,Mañana,B,Cable,,110,,11,9,32.6,8.1,8.532,1.99,1,0,0,0,0,0,30.87,0,0,1,2026-07,2
FBJ-0001,2026-07-28,Tarde,A,Antena,AP-01,625,-74.5,8,5,18.3,4.6,3.175,1.66,1,0,0,0,0,0,19.86,1,0,1,2026-07,3
FBJ-0003,2026-07-28,Tarde,A,Antena,AP-02,392,-66.0,8,5,18.3,4.6,4.582,2.08,1,0,0,0,0,0,15.29,1,0,1,2026-07,3
FBJ-0004,2026-07-28,Tarde,A,Cable,,322,,8,5,18.3,4.6,5.554,1.68,6,0,0,0,0,0,35.0,0,1,1,2026-07,3
FBJ-0009,2026-07-28,Tarde,A,Antena,AP-02,565,-72.0,8,5,18.3,4.6,0.735,0.41,1,0,0,0,0,0,14.71,1,0,1,2026-07,3
FBJ-0010,2026-07-28,Tarde,A,Antena,AP-01,482,-67.3,8,5,18.3,4.6,3.607,1.24,4,0,0,0,0,0,24.4,1,0,1,2026-07,3
FBJ-0013,2026-07-28,Tarde,A,Antena,AP-02,111,-56.0,8,5,18.3,4.6,3.199,0.95,6,1,18,0,0,0,34.74,1,0,1,2026-07,3
FBJ-0019,2026-07-28,Tarde,A,Cable,,81,,8,5,18.3,4.6,9.581,2.12,1,0,0,0,0,0,35.0,0,1,1,2026-07,3
FBJ-0021,2026-07-28,Tarde,A,Cable,,163,,8,5,18.3,4.6,6.204,1.62,4,0,0,0,0,0,30.44,0,0,1,2026-07,3
FBJ-0024,2026-07-28,Tarde,A,Antena,AP-02,169,-58.3,8,5,18.3,4.6,8.059,1.9,4,0,0,0,0,0,30.3,1,0,1,2026-07,3
FBJ-0027,2026-07-28,Tarde,A,Cable,,85,,8,5,18.3,4.6,3.774,0.94,4,0,0,0,0,0,35.0,0,1,1,2026-07,3
FBJ-0030,2026-07-28,Tarde,A,Antena,AP-02,116,-54.6,8,5,18.3,4.6,2.67,1.14,4,0,0,0,0,0,26.6,1,0,1,2026-07,3
FBJ-0031,2026-07-28,Tarde,B,Cable,,202,,7,4,13.4,3.3,4.289,1.28,2,0,0,0,0,0,35.0,0,1,1,2026-07,3
FBJ-0032,2026-07-28,Tarde,B,Cable,,302,,7,4,13.4,3.3,4.456,1.33,4,1,7,0,0,0,35.0,0,1,1,2026-07,3
FBJ-0035,2026-07-28,Tarde,B,Cable,,154,,7,4,13.4,3.3,11.856,2.59,6,0,0,0,0,0,35.0,0,1,1,2026-07,3
FBJ-0036,2026-07-28,Tarde,B,Antena,AP-01,831,-77.3,7,4,13.4,3.3,2.31,1.01,3,0,0,0,0,0,18.91,1,0,1,2026-07,3
FBJ-0037,2026-07-28,Tarde,B,Cable,,205,,7,4,13.4,3.3,3.888,1.28,1,0,0,0,0,0,35.0,0,1,1,2026-07,3
FBJ-0039,2026-07-28,Tarde,B,Cable,,288,,7,4,13.4,3.3,6.566,2.08,3,0,0,0,0,0,32.46,0,0,1,2026-07,3
FBJ-0040,2026-07-28,Tarde,B,Antena,AP-01,564,-73.1,7,4,13.4,3.3,0.293,0.2,4,0,0,0,0,0,13.7,1,0,1,2026-07,3
FBJ-0042,2026-07-28,Tarde,B,Antena,AP-01,176,-53.0,7,4,13.4,3.3,8.93,2.18,1,0,0,0,0,0,28.64,1,0,1,2026-07,3
FBJ-0043,2026-07-28,Tarde,B,Cable,,318,,7,4,13.4,3.3,6.032,1.57,2,0,0,0,0,0,35.0,0,1,1,2026-07,3
FBJ-0044,2026-07-28,Tarde,B,Cable,,86,,7,4,13.4,3.3,15.866,3.31,6,0,0,0,0,0,33.99,0,0,1,2026-07,3
FBJ-0046,2026-07-28,Tarde,B,Antena,AP-01,177,-50.9,7,4,13.4,3.3,7.058,1.47,1,0,0,0,0,0,33.74,1,0,1,2026-07,3
FBJ-0048,2026-07-28,Tarde,B,Antena,AP-01,721,-80.9,7,4,13.4,3.3,3.846,1.63,6,0,0,0,0,0,17.22,1,0,1,2026-07,3
FBJ-0050,2026-07-28,Tarde,B,Antena,AP-02,277,-61.0,7,4,13.4,3.3,3.577,1.0,5,0,0,0,0,0,26.14,1,0,1,2026-07,3
FBJ-0051,2026-07-28,Tarde,B,Cable,,42,,7,4,13.4,3.3,5.685,1.05,7,0,0,0,0,0,35.0,0,1,1,2026-07,3
FBJ-0052,2026-07-28,Tarde,B,Cable,,288,,7,4,13.4,3.3,13.772,2.93,8,0,0,0,0,0,35.0,0,1,1,2026-07,3
FBJ-0053,2026-07-28,Tarde,B,Antena,AP-01,245,-55.9,7,4,13.4,3.3,5.346,1.23,1,1,30,0,0,0,33.84,1,0,1,2026-07,3
FBJ-0054,2026-07-28,Tarde,B,Antena,AP-02,302,-59.5,7,4,13.4,3.3,7.643,1.98,8,0,0,0,0,0,30.83,1,0,1,2026-07,3
FBJ-0056,2026-07-28,Tarde,B,Antena,AP-02,549,-70.0,7,4,13.4,3.3,2.865,1.27,8,0,0,0,0,0,16.81,1,0,1,2026-07,3
FBJ-0057,2026-07-28,Tarde,B,Antena,AP-01,851,-81.4,7,4,13.4,3.3,4.46,1.68,5,0,0,0,0,0,19.67,1,0,1,2026-07,3
FBJ-0001,2026-07-28,Noche,A,Antena,AP-01,625,-74.5,13,10,125.9,31.5,4.439,2.31,6,0,0,0,0,0,17.0,1,0,1,2026-07,4
FBJ-0004,2026-07-28,Noche,A,Cable,,322,,13,10,125.9,31.5,9.7,2.28,5,0,0,0,0,0,35.0,0,1,1,2026-07,4
FBJ-0005,2026-07-28,Noche,A,Cable,,179,,13,10,125.9,31.5,4.093,1.2,5,0,0,0,0,0,35.0,0,1,1,2026-07,4
FBJ-0009,2026-07-28,Noche,A,Antena,AP-02,565,-72.0,13,10,125.9,31.5,6.162,2.99,4,0,0,0,0,0,18.6,1,0,1,2026-07,4
FBJ-0010,2026-07-28,Noche,A,Antena,AP-01,482,-67.3,13,10,125.9,31.5,7.21,2.88,8,1,34,0,0,0,16.39,1,0,1,2026-07,4
FBJ-0011,2026-07-28,Noche,A,Antena,AP-02,440,-67.1,13,10,125.9,31.5,5.913,2.95,8,1,9,0,0,0,17.37,1,0,1,2026-07,4
FBJ-0012,2026-07-28,Noche,A,Antena,AP-01,631,-74.1,13,10,125.9,31.5,6.637,2.69,3,0,0,0,0,0,21.52,1,0,1,2026-07,4
FBJ-0013,2026-07-28,Noche,A,Antena,AP-02,111,-56.0,13,10,125.9,31.5,7.943,2.23,3,0,0,0,0,0,33.3,1,0,1,2026-07,4
FBJ-0014,2026-07-28,Noche,A,Antena,AP-01,319,-62.5,13,10,125.9,31.5,4.405,1.14,5,0,0,0,0,0,30.47,1,0,1,2026-07,4
FBJ-0018,2026-07-28,Noche,A,Cable,,281,,13,10,125.9,31.5,9.18,2.69,1,0,0,0,0,0,29.17,0,0,1,2026-07,4
FBJ-0020,2026-07-28,Noche,A,Antena,AP-01,244,-60.1,13,10,125.9,31.5,1.262,0.65,2,0,0,0,0,0,19.93,1,0,1,2026-07,4
FBJ-0021,2026-07-28,Noche,A,Cable,,163,,13,10,125.9,31.5,8.133,1.73,5,0,0,0,0,0,35.0,0,1,1,2026-07,4
FBJ-0024,2026-07-28,Noche,A,Antena,AP-02,169,-58.3,13,10,125.9,31.5,3.273,1.68,8,0,0,0,0,0,18.92,1,0,1,2026-07,4
FBJ-0026,2026-07-28,Noche,A,Antena,AP-02,283,-64.0,13,10,125.9,31.5,3.415,1.4,6,0,0,0,0,0,22.5,1,0,1,2026-07,4
FBJ-0030,2026-07-28,Noche,A,Antena,AP-02,116,-54.6,13,10,125.9,31.5,9.936,3.82,8,1,10,0,0,0,22.78,1,0,1,2026-07,4
FBJ-0031,2026-07-28,Noche,B,Cable,,202,,19,13,102.8,25.7,8.89,2.65,7,0,0,0,0,0,30.49,0,0,1,2026-07,4
FBJ-0032,2026-07-28,Noche,B,Cable,,302,,19,13,102.8,25.7,6.598,2.16,8,0,0,0,0,0,34.56,0,0,1,2026-07,4
FBJ-0033,2026-07-28,Noche,B,Antena,AP-01,719,-77.6,19,13,102.8,25.7,3.707,2.44,6,0,0,0,0,0,13.16,1,0,1,2026-07,4
FBJ-0034,2026-07-28,Noche,B,Antena,AP-02,604,-72.2,19,13,102.8,25.7,3.132,2.34,3,0,0,0,0,0,13.48,1,0,1,2026-07,4
FBJ-0040,2026-07-28,Noche,B,Antena,AP-01,564,-73.1,19,13,102.8,25.7,3.694,3.25,2,0,0,0,0,0,11.22,1,0,1,2026-07,4
FBJ-0042,2026-07-28,Noche,B,Antena,AP-01,176,-53.0,19,13,102.8,25.7,4.588,1.61,2,0,0,0,0,0,23.02,1,0,1,2026-07,4
FBJ-0044,2026-07-28,Noche,B,Cable,,86,,19,13,102.8,25.7,5.37,1.51,4,0,0,0,0,0,31.58,0,0,1,2026-07,4
FBJ-0045,2026-07-28,Noche,B,Antena,AP-02,848,-81.7,19,13,102.8,25.7,1.922,0.95,7,1,33,0,0,0,13.76,1,0,1,2026-07,4
FBJ-0046,2026-07-28,Noche,B,Antena,AP-01,177,-50.9,19,13,102.8,25.7,12.746,2.57,5,0,0,0,0,0,35.0,1,1,1,2026-07,4
FBJ-0047,2026-07-28,Noche,B,Antena,AP-02,453,-71.2,19,13,102.8,25.7,3.502,1.75,2,0,0,0,0,0,14.98,1,0,1,2026-07,4
FBJ-0048,2026-07-28,Noche,B,Antena,AP-01,721,-80.9,19,13,102.8,25.7,4.298,3.04,5,1,39,0,0,0,16.3,1,0,1,2026-07,4
FBJ-0049,2026-07-28,Noche,B,Cable,,350,,19,13,102.8,25.7,7.19,1.8,5,0,0,0,0,0,32.61,0,0,1,2026-07,4
FBJ-0051,2026-07-28,Noche,B,Cable,,42,,19,13,102.8,25.7,4.851,1.31,2,0,0,0,0,0,35.0,0,1,1,2026-07,4
FBJ-0052,2026-07-28,Noche,B,Cable,,288,,19,13,102.8,25.7,8.315,2.81,3,0,0,0,0,0,30.66,0,0,1,2026-07,4
FBJ-0058,2026-07-28,Noche,B,Antena,AP-02,308,-59.0,19,13,102.8,25.7,6.765,2.72,7,0,0,0,0,0,22.14,1,0,1,2026-07,4
FBJ-0059,2026-07-28,Noche,B,Cable,,107,,19,13,102.8,25.7,12.226,4.5,3,0,0,0,0,0,30.72,0,0,1,2026-07,4
FBJ-0060,2026-07-28,Noche,B,Cable,,110,,19,13,102.8,25.7,12.919,3.3,8,0,0,0,0,0,32.68,0,0,1,2026-07,4
FBJ-0010,2026-07-29,Madrugada,A,Antena,AP-01,482,-67.3,2,2,23.7,5.9,2.05,1.12,1,0,0,0,0,0,18.4,1,0,2,2026-07,1
FBJ-0012,2026-07-29,Madrugada,A,Antena,AP-01,631,-74.1,2,2,23.7,5.9,2.401,1.19,6,0,0,0,0,0,17.23,1,0,2,2026-07,1
FBJ-0020,2026-07-29,Madrugada,A,Antena,AP-01,244,-60.1,2,2,23.7,5.9,4.376,1.54,1,0,0,0,0,0,23.26,1,0,2,2026-07,1
FBJ-0032,2026-07-29,Madrugada,B,Cable,,302,,3,2,5.1,1.3,5.911,1.3,1,0,0,0,0,0,35.0,0,1,2,2026-07,1
FBJ-0039,2026-07-29,Madrugada,B,Cable,,288,,3,2,5.1,1.3,0.82,0.2,5,0,0,0,0,0,34.88,0,0,2,2026-07,1
FBJ-0041,2026-07-29,Madrugada,B,Antena,AP-02,509,-69.1,3,2,5.1,1.3,9.361,2.39,1,0,0,0,0,0,24.3,1,0,2,2026-07,1
FBJ-0047,2026-07-29,Madrugada,B,Antena,AP-02,453,-71.2,3,2,5.1,1.3,3.544,1.61,6,0,0,0,0,0,19.34,1,0,2,2026-07,1
FBJ-0048,2026-07-29,Madrugada,B,Antena,AP-01,721,-80.9,3,2,5.1,1.3,1.662,1.18,4,1,22,0,0,0,12.0,1,0,2,2026-07,1
FBJ-0057,2026-07-29,Madrugada,B,Antena,AP-01,851,-81.4,3,2,5.1,1.3,3.291,1.61,4,0,0,0,0,0,16.53,1,0,2,2026-07,1
FBJ-0058,2026-07-29,Madrugada,B,Antena,AP-02,308,-59.0,3,2,5.1,1.3,7.11,2.23,6,0,0,0,0,0,33.04,1,0,2,2026-07,1
FBJ-0001,2026-07-29,Mañana,A,Antena,AP-01,625,-74.5,10,9,70.6,17.6,4.437,1.72,6,0,0,0,0,0,17.03,1,0,2,2026-07,2
FBJ-0009,2026-07-29,Mañana,A,Antena,AP-02,565,-72.0,10,9,70.6,17.6,5.337,2.01,6,0,0,0,0,0,17.43,1,0,2,2026-07,2
FBJ-0014,2026-07-29,Mañana,A,Antena,AP-01,319,-62.5,10,9,70.6,17.6,5.401,1.84,8,0,0,0,0,0,20.36,1,0,2,2026-07,2
FBJ-0015,2026-07-29,Mañana,A,Antena,AP-02,894,-83.5,10,9,70.6,17.6,2.222,1.46,3,0,0,0,0,0,18.06,1,0,2,2026-07,2
FBJ-0022,2026-07-29,Mañana,A,Antena,AP-02,838,-82.4,10,9,70.6,17.6,4.078,2.57,6,1,14,0,0,0,12.39,1,0,2,2026-07,2
FBJ-0030,2026-07-29,Mañana,A,Antena,AP-02,116,-54.6,10,9,70.6,17.6,3.952,1.35,5,0,0,0,0,0,27.71,1,0,2,2026-07,2
FBJ-0031,2026-07-29,Mañana,B,Cable,,202,,7,5,18.4,4.6,6.337,1.43,2,0,0,0,0,0,34.7,0,0,2,2026-07,2
FBJ-0032,2026-07-29,Mañana,B,Cable,,302,,7,5,18.4,4.6,5.375,1.49,2,0,0,0,0,0,35.0,0,1,2,2026-07,2
FBJ-0040,2026-07-29,Mañana,B,Antena,AP-01,564,-73.1,7,5,18.4,4.6,6.314,2.71,8,0,0,0,0,0,16.41,1,0,2,2026-07,2
FBJ-0041,2026-07-29,Mañana,B,Antena,AP-02,509,-69.1,7,5,18.4,4.6,6.147,2.26,8,0,0,0,0,0,21.33,1,0,2,2026-07,2
FBJ-0044,2026-07-29,Mañana,B,Cable,,86,,7,5,18.4,4.6,7.486,1.96,7,0,0,0,0,0,35.0,0,1,2,2026-07,2
FBJ-0046,2026-07-29,Mañana,B,Antena,AP-01,177,-50.9,7,5,18.4,4.6,2.504,0.77,4,0,0,0,0,0,27.24,1,0,2,2026-07,2
FBJ-0048,2026-07-29,Mañana,B,Antena,AP-01,721,-80.9,7,5,18.4,4.6,4.638,2.32,7,0,0,0,0,0,15.9,1,0,2,2026-07,2
FBJ-0050,2026-07-29,Mañana,B,Antena,AP-02,277,-61.0,7,5,18.4,4.6,3.018,0.97,8,0,0,0,0,0,29.14,1,0,2,2026-07,2
FBJ-0051,2026-07-29,Mañana,B,Cable,,42,,7,5,18.4,4.6,5.064,0.96,5,0,0,0,0,0,35.0,0,1,2,2026-07,2
FBJ-0053,2026-07-29,Mañana,B,Antena,AP-01,245,-55.9,7,5,18.4,4.6,4.393,1.32,6,0,0,0,0,0,23.51,1,0,2,2026-07,2
FBJ-0001,2026-07-29,Tarde,A,Antena,AP-01,625,-74.5,9,6,79.3,19.8,6.157,2.59,5,0,0,0,0,0,15.37,1,0,2,2026-07,3
FBJ-0003,2026-07-29,Tarde,A,Antena,AP-02,392,-66.0,9,6,79.3,19.8,7.749,2.26,3,1,18,0,0,0,30.46,1,0,2,2026-07,3
FBJ-0004,2026-07-29,Tarde,A,Cable,,322,,9,6,79.3,19.8,4.926,1.82,3,0,0,0,0,0,28.15,0,0,2,2026-07,3
FBJ-0005,2026-07-29,Tarde,A,Cable,,179,,9,6,79.3,19.8,8.094,2.83,5,0,0,0,0,0,26.46,0,0,2,2026-07,3
FBJ-0007,2026-07-29,Tarde,A,Antena,AP-02,594,-68.6,9,6,79.3,19.8,3.235,1.09,2,0,0,0,0,0,21.53,1,0,2,2026-07,3
FBJ-0009,2026-07-29,Tarde,A,Antena,AP-02,565,-72.0,9,6,79.3,19.8,7.444,2.86,5,0,0,0,0,0,18.91,1,0,2,2026-07,3
FBJ-0010,2026-07-29,Tarde,A,Antena,AP-01,482,-67.3,9,6,79.3,19.8,3.012,1.08,8,0,0,0,0,0,21.36,1,0,2,2026-07,3
FBJ-0011,2026-07-29,Tarde,A,Antena,AP-02,440,-67.1,9,6,79.3,19.8,1.054,0.48,2,0,0,0,0,0,16.59,1,0,2,2026-07,3
FBJ-0013,2026-07-29,Tarde,A,Antena,AP-02,111,-56.0,9,6,79.3,19.8,6.979,2.28,4,0,0,0,0,0,27.62,1,0,2,2026-07,3
FBJ-0015,2026-07-29,Tarde,A,Antena,AP-02,894,-83.5,9,6,79.3,19.8,5.014,1.97,8,2,26,0,0,0,20.83,1,0,2,2026-07,3
FBJ-0018,2026-07-29,Tarde,A,Cable,,281,,9,6,79.3,19.8,6.007,1.33,6,0,0,0,0,0,33.37,0,0,2,2026-07,3
FBJ-0019,2026-07-29,Tarde,A,Cable,,81,,9,6,79.3,19.8,4.149,0.88,4,0,0,0,0,0,35.0,0,1,2,2026-07,3
FBJ-0022,2026-07-29,Tarde,A,Antena,AP-02,838,-82.4,9,6,79.3,19.8,5.448,1.53,4,0,0,0,0,0,21.93,1,0,2,2026-07,3
FBJ-0024,2026-07-29,Tarde,A,Antena,AP-02,169,-58.3,9,6,79.3,19.8,3.307,1.07,3,0,0,0,0,0,23.9,1,0,2,2026-07,3
FBJ-0026,2026-07-29,Tarde,A,Antena,AP-02,283,-64.0,9,6,79.3,19.8,1.937,1.2,2,0,0,0,0,0,18.49,1,0,2,2026-07,3
FBJ-0029,2026-07-29,Tarde,A,Cable,,251,,9,6,79.3,19.8,3.283,0.92,1,0,0,0,0,0,30.68,0,0,2,2026-07,3
FBJ-0030,2026-07-29,Tarde,A,Antena,AP-02,116,-54.6,9,6,79.3,19.8,6.577,2.28,7,0,0,0,0,0,35.0,1,1,2,2026-07,3
FBJ-0032,2026-07-29,Tarde,B,Cable,,302,,16,9,79.5,19.9,2.266,0.66,8,0,0,0,0,0,29.69,0,0,2,2026-07,3
FBJ-0042,2026-07-29,Tarde,B,Antena,AP-01,176,-53.0,16,9,79.5,19.9,8.197,2.2,7,0,0,0,0,0,33.47,1,0,2,2026-07,3
FBJ-0045,2026-07-29,Tarde,B,Antena,AP-02,848,-81.7,16,9,79.5,19.9,0.526,0.2,2,1,8,0,0,0,18.07,1,0,2,2026-07,3
FBJ-0046,2026-07-29,Tarde,B,Antena,AP-01,177,-50.9,16,9,79.5,19.9,4.447,1.12,6,0,0,0,0,0,26.38,1,0,2,2026-07,3
FBJ-0047,2026-07-29,Tarde,B,Antena,AP-02,453,-71.2,16,9,79.5,19.9,1.661,1.2,5,0,0,0,0,0,13.95,1,0,2,2026-07,3
FBJ-0051,2026-07-29,Tarde,B,Cable,,42,,16,9,79.5,19.9,1.763,0.31,3,0,0,0,0,0,35.0,0,1,2,2026-07,3
FBJ-0052,2026-07-29,Tarde,B,Cable,,288,,16,9,79.5,19.9,7.55,1.97,6,1,33,0,0,0,30.65,0,0,2,2026-07,3
FBJ-0053,2026-07-29,Tarde,B,Antena,AP-01,245,-55.9,16,9,79.5,19.9,7.495,1.84,5,0,0,0,0,0,29.84,1,0,2,2026-07,3
FBJ-0054,2026-07-29,Tarde,B,Antena,AP-02,302,-59.5,16,9,79.5,19.9,7.959,1.53,4,0,0,0,0,0,35.0,1,1,2,2026-07,3
FBJ-0056,2026-07-29,Tarde,B,Antena,AP-02,549,-70.0,16,9,79.5,19.9,2.43,1.31,5,0,0,0,0,0,15.94,1,0,2,2026-07,3
FBJ-0003,2026-07-29,Noche,A,Antena,AP-02,392,-66.0,19,8,62.2,15.5,4.173,2.02,5,0,0,0,0,0,15.8,1,0,2,2026-07,4
FBJ-0005,2026-07-29,Noche,A,Cable,,179,,19,8,62.2,15.5,4.207,1.07,3,0,0,0,0,0,35.0,0,1,2,2026-07,4
FBJ-0007,2026-07-29,Noche,A,Antena,AP-02,594,-68.6,19,8,62.2,15.5,6.002,3.3,1,0,0,0,0,0,18.99,1,0,2,2026-07,4
FBJ-0009,2026-07-29,Noche,A,Antena,AP-02,565,-72.0,19,8,62.2,15.5,7.725,2.43,1,0,0,0,0,0,22.11,1,0,2,2026-07,4
FBJ-0011,2026-07-29,Noche,A,Antena,AP-02,440,-67.1,19,8,62.2,15.5,3.947,1.67,5,0,0,0,0,0,18.21,1,0,2,2026-07,4
FBJ-0012,2026-07-29,Noche,A,Antena,AP-01,631,-74.1,19,8,62.2,15.5,2.471,1.21,5,0,0,0,0,0,17.47,1,0,2,2026-07,4
FBJ-0014,2026-07-29,Noche,A,Antena,AP-01,319,-62.5,19,8,62.2,15.5,5.972,2.85,4,0,0,0,0,0,21.51,1,0,2,2026-07,4
FBJ-0015,2026-07-29,Noche,A,Antena,AP-02,894,-83.5,19,8,62.2,15.5,6.623,2.83,2,0,0,0,0,0,18.77,1,0,2,2026-07,4
FBJ-0018,2026-07-29,Noche,A,Cable,,281,,19,8,62.2,15.5,10.564,2.82,7,0,0,0,0,0,32.24,0,0,2,2026-07,4
FBJ-0020,2026-07-29,Noche,A,Antena,AP-01,244,-60.1,19,8,62.2,15.5,6.832,2.76,1,0,0,0,0,0,24.75,1,0,2,2026-07,4
FBJ-0022,2026-07-29,Noche,A,Antena,AP-02,838,-82.4,19,8,62.2,15.5,6.818,2.39,8,1,13,0,0,0,19.84,1,0,2,2026-07,4
FBJ-0023,2026-07-29,Noche,A,Antena,AP-01,872,-78.5,19,8,62.2,15.5,3.301,1.57,4,0,0,0,0,0,16.36,1,0,2,2026-07,4
FBJ-0025,2026-07-29,Noche,A,Antena,AP-01,575,-73.2,19,8,62.2,15.5,4.758,2.71,6,0,0,0,0,0,15.68,1,0,2,2026-07,4
FBJ-0026,2026-07-29,Noche,A,Antena,AP-02,283,-64.0,19,8,62.2,15.5,4.464,2.47,7,0,0,0,0,0,21.14,1,0,2,2026-07,4
FBJ-0027,2026-07-29,Noche,A,Cable,,85,,19,8,62.2,15.5,15.287,3.38,7,0,0,0,0,0,35.0,0,1,2,2026-07,4
FBJ-0029,2026-07-29,Noche,A,Cable,,251,,19,8,62.2,15.5,10.283,2.23,4,0,0,0,0,0,32.4,0,0,2,2026-07,4
FBJ-0030,2026-07-29,Noche,A,Antena,AP-02,116,-54.6,19,8,62.2,15.5,3.669,1.64,3,0,0,0,0,0,26.87,1,0,2,2026-07,4
FBJ-0031,2026-07-29,Noche,B,Cable,,202,,21,17,143.3,35.8,7.918,3.23,1,0,0,0,0,0,22.91,0,0,2,2026-07,4
FBJ-0032,2026-07-29,Noche,B,Cable,,302,,21,17,143.3,35.8,4.25,1.46,7,0,0,0,0,0,20.88,0,0,2,2026-07,4
FBJ-0033,2026-07-29,Noche,B,Antena,AP-01,719,-77.6,21,17,143.3,35.8,3.032,2.26,2,0,0,0,0,0,12.8,1,0,2,2026-07,4
FBJ-0034,2026-07-29,Noche,B,Antena,AP-02,604,-72.2,21,17,143.3,35.8,1.514,1.09,6,1,36,0,0,0,10.7,1,0,2,2026-07,4
FBJ-0035,2026-07-29,Noche,B,Cable,,154,,21,17,143.3,35.8,6.731,2.29,2,0,0,0,0,0,32.58,0,0,2,2026-07,4
FBJ-0036,2026-07-29,Noche,B,Antena,AP-01,831,-77.3,21,17,143.3,35.8,6.095,3.84,6,0,0,0,0,0,11.01,1,0,2,2026-07,4
FBJ-0037,2026-07-29,Noche,B,Cable,,205,,21,17,143.3,35.8,4.906,2.35,6,0,0,0,0,0,18.08,0,0,2,2026-07,4
FBJ-0039,2026-07-29,Noche,B,Cable,,288,,21,17,143.3,35.8,5.683,2.25,5,0,0,0,0,0,23.94,0,0,2,2026-07,4
FBJ-0041,2026-07-29,Noche,B,Antena,AP-02,509,-69.1,21,17,143.3,35.8,7.059,4.15,7,0,0,0,0,0,11.11,1,0,2,2026-07,4
FBJ-0044,2026-07-29,Noche,B,Cable,,86,,21,17,143.3,35.8,7.542,2.8,7,0,0,0,0,0,18.93,0,0,2,2026-07,4
FBJ-0045,2026-07-29,Noche,B,Antena,AP-02,848,-81.7,21,17,143.3,35.8,6.78,3.42,5,0,0,0,0,0,12.08,1,0,2,2026-07,4
FBJ-0046,2026-07-29,Noche,B,Antena,AP-01,177,-50.9,21,17,143.3,35.8,6.481,2.61,6,0,0,0,0,0,20.39,1,0,2,2026-07,4
FBJ-0048,2026-07-29,Noche,B,Antena,AP-01,721,-80.9,21,17,143.3,35.8,3.564,2.29,7,0,0,0,0,0,16.17,1,0,2,2026-07,4
FBJ-0050,2026-07-29,Noche,B,Antena,AP-02,277,-61.0,21,17,143.3,35.8,6.312,2.89,2,0,0,0,0,0,18.46,1,0,2,2026-07,4
FBJ-0052,2026-07-29,Noche,B,Cable,,288,,21,17,143.3,35.8,6.794,2.57,7,0,0,0,0,0,20.27,0,0,2,2026-07,4
FBJ-0057,2026-07-29,Noche,B,Antena,AP-01,851,-81.4,21,17,143.3,35.8,2.97,2.2,6,0,0,0,0,0,11.25,1,0,2,2026-07,4
FBJ-0059,2026-07-29,Noche,B,Cable,,107,,21,17,143.3,35.8,5.866,2.41,5,0,0,0,0,0,23.28,0,0,2,2026-07,4
FBJ-0060,2026-07-29,Noche,B,Cable,,110,,21,17,143.3,35.8,7.381,2.55,7,0,0,0,0,0,20.32,0,0,2,2026-07,4
FBJ-0040,2026-07-30,Madrugada,B,Antena,AP-01,564,-73.1,4,2,25.5,6.4,3.305,1.87,5,0,0,0,0,0,17.79,1,0,3,2026-07,1
FBJ-0047,2026-07-30,Madrugada,B,Antena,AP-02,453,-71.2,4,2,25.5,6.4,0.368,0.2,7,0,0,0,0,0,19.35,1,0,3,2026-07,1
FBJ-0054,2026-07-30,Madrugada,B,Antena,AP-02,302,-59.5,4,2,25.5,6.4,1.476,0.51,6,0,0,0,0,0,21.38,1,0,3,2026-07,1
FBJ-0058,2026-07-30,Madrugada,B,Antena,AP-02,308,-59.0,4,2,25.5,6.4,5.863,1.84,5,0,0,0,0,0,33.02,1,0,3,2026-07,1
FBJ-0010,2026-07-30,Mañana,A,Antena,AP-01,482,-67.3,9,8,140.1,35.0,7.529,2.53,5,1,21,0,0,0,20.74,1,0,3,2026-07,2
FBJ-0011,2026-07-30,Mañana,A,Antena,AP-02,440,-67.1,9,8,140.1,35.0,4.017,2.16,5,0,0,0,0,0,15.57,1,0,3,2026-07,2
FBJ-0012,2026-07-30,Mañana,A,Antena,AP-01,631,-74.1,9,8,140.1,35.0,2.59,1.3,5,0,0,0,0,0,16.64,1,0,3,2026-07,2
FBJ-0020,2026-07-30,Mañana,A,Antena,AP-01,244,-60.1,9,8,140.1,35.0,3.783,0.97,1,0,0,0,0,0,25.66,1,0,3,2026-07,2
FBJ-0021,2026-07-30,Mañana,A,Cable,,163,,9,8,140.1,35.0,8.983,1.93,1,0,0,0,0,0,35.0,0,1,3,2026-07,2
FBJ-0023,2026-07-30,Mañana,A,Antena,AP-01,872,-78.5,9,8,140.1,35.0,1.005,0.74,7,1,9,0,0,0,13.2,1,0,3,2026-07,2
FBJ-0024,2026-07-30,Mañana,A,Antena,AP-02,169,-58.3,9,8,140.1,35.0,2.914,1.08,1,1,28,0,0,0,20.85,1,0,3,2026-07,2
FBJ-0025,2026-07-30,Mañana,A,Antena,AP-01,575,-73.2,9,8,140.1,35.0,3.197,2.02,1,0,0,0,0,0,18.3,1,0,3,2026-07,2
FBJ-0026,2026-07-30,Mañana,A,Antena,AP-02,283,-64.0,9,8,140.1,35.0,7.907,2.9,8,0,0,0,0,0,21.36,1,0,3,2026-07,2
FBJ-0029,2026-07-30,Mañana,A,Cable,,251,,9,8,140.1,35.0,9.325,2.16,3,0,0,0,0,0,35.0,0,1,3,2026-07,2
FBJ-0030,2026-07-30,Mañana,A,Antena,AP-02,116,-54.6,9,8,140.1,35.0,9.389,3.59,5,0,0,0,0,0,28.64,1,0,3,2026-07,2
FBJ-0031,2026-07-30,Mañana,B,Cable,,202,,8,5,51.8,12.9,6.251,1.55,2,0,0,0,0,0,35.0,0,1,3,2026-07,2
FBJ-0033,2026-07-30,Mañana,B,Antena,AP-01,719,-77.6,8,5,51.8,12.9,4.019,2.58,1,0,0,0,0,0,14.52,1,0,3,2026-07,2
FBJ-0036,2026-07-30,Mañana,B,Antena,AP-01,831,-77.3,8,5,51.8,12.9,4.598,2.11,7,0,0,0,0,0,20.04,1,0,3,2026-07,2
FBJ-0037,2026-07-30,Mañana,B,Cable,,205,,8,5,51.8,12.9,5.506,1.65,6,0,0,0,0,0,27.21,0,0,3,2026-07,2
FBJ-0039,2026-07-30,Mañana,B,Cable,,288,,8,5,51.8,12.9,5.785,1.88,7,0,0,0,0,0,28.53,0,0,3,2026-07,2
FBJ-0040,2026-07-30,Mañana,B,Antena,AP-01,564,-73.1,8,5,51.8,12.9,1.71,0.83,3,0,0,0,0,0,15.08,1,0,3,2026-07,2
FBJ-0042,2026-07-30,Mañana,B,Antena,AP-01,176,-53.0,8,5,51.8,12.9,8.193,1.89,4,0,0,0,0,0,32.64,1,0,3,2026-07,2
FBJ-0043,2026-07-30,Mañana,B,Cable,,318,,8,5,51.8,12.9,7.648,1.88,7,0,0,0,0,0,35.0,0,1,3,2026-07,2
FBJ-0045,2026-07-30,Mañana,B,Antena,AP-02,848,-81.7,8,5,51.8,12.9,5.817,2.3,7,0,0,0,0,0,16.47,1,0,3,2026-07,2
FBJ-0056,2026-07-30,Mañana,B,Antena,AP-02,549,-70.0,8,5,51.8,12.9,1.424,0.47,6,0,0,0,0,0,19.65,1,0,3,2026-07,2
FBJ-0058,2026-07-30,Mañana,B,Antena,AP-02,308,-59.0,8,5,51.8,12.9,4.555,1.39,7,0,0,0,0,0,23.57,1,0,3,2026-07,2
FBJ-0003,2026-07-30,Tarde,A,Antena,AP-02,392,-66.0,13,10,122.0,30.5,5.674,2.09,6,0,0,0,0,0,19.8,1,0,3,2026-07,3
FBJ-0004,2026-07-30,Tarde,A,Cable,,322,,13,10,122.0,30.5,3.073,1.07,7,0,0,0,0,0,35.0,0,1,3,2026-07,3
FBJ-0005,2026-07-30,Tarde,A,Cable,,179,,13,10,122.0,30.5,0.844,0.22,3,0,0,0,0,0,35.0,0,1,3,2026-07,3
FBJ-0010,2026-07-30,Tarde,A,Antena,AP-01,482,-67.3,13,10,122.0,30.5,1.828,0.53,3,0,0,0,0,0,22.46,1,0,3,2026-07,3
FBJ-0011,2026-07-30,Tarde,A,Antena,AP-02,440,-67.1,13,10,122.0,30.5,2.904,1.06,4,0,0,0,0,0,22.07,1,0,3,2026-07,3
FBJ-0012,2026-07-30,Tarde,A,Antena,AP-01,631,-74.1,13,10,122.0,30.5,3.475,1.18,2,0,0,0,0,0,19.95,1,0,3,2026-07,3
FBJ-0015,2026-07-30,Tarde,A,Antena,AP-02,894,-83.5,13,10,122.0,30.5,1.157,0.45,1,2,10,0,0,0,20.55,1,0,3,2026-07,3
FBJ-0023,2026-07-30,Tarde,A,Antena,AP-01,872,-78.5,13,10,122.0,30.5,2.854,1.91,3,0,0,0,0,0,12.87,1,0,3,2026-07,3
FBJ-0025,2026-07-30,Tarde,A,Antena,AP-01,575,-73.2,13,10,122.0,30.5,0.336,0.2,7,0,0,0,0,0,16.06,1,0,3,2026-07,3
FBJ-0026,2026-07-30,Tarde,A,Antena,AP-02,283,-64.0,13,10,122.0,30.5,3.022,0.84,4,0,0,0,0,0,27.24,1,0,3,2026-07,3
FBJ-0027,2026-07-30,Tarde,A,Cable,,85,,13,10,122.0,30.5,2.3,0.53,2,0,0,0,0,0,31.25,0,0,3,2026-07,3
FBJ-0030,2026-07-30,Tarde,A,Antena,AP-02,116,-54.6,13,10,122.0,30.5,4.062,1.15,1,0,0,0,0,0,30.95,1,0,3,2026-07,3
FBJ-0031,2026-07-30,Tarde,B,Cable,,202,,12,7,40.4,10.1,4.789,1.29,1,0,0,0,0,0,35.0,0,1,3,2026-07,3
FBJ-0032,2026-07-30,Tarde,B,Cable,,302,,12,7,40.4,10.1,4.975,1.12,4,0,0,0,0,0,35.0,0,1,3,2026-07,3
FBJ-0033,2026-07-30,Tarde,B,Antena,AP-01,719,-77.6,12,7,40.4,10.1,6.836,2.56,2,0,0,0,0,0,17.84,1,0,3,2026-07,3
FBJ-0035,2026-07-30,Tarde,B,Cable,,154,,12,7,40.4,10.1,2.73,0.62,7,0,0,0,0,0,32.57,0,0,3,2026-07,3
FBJ-0037,2026-07-30,Tarde,B,Cable,,205,,12,7,40.4,10.1,1.932,0.75,3,0,0,0,0,0,27.97,0,0,3,2026-07,3
FBJ-0039,2026-07-30,Tarde,B,Cable,,288,,12,7,40.4,10.1,7.056,1.46,5,0,0,0,0,0,34.63,0,0,3,2026-07,3
FBJ-0040,2026-07-30,Tarde,B,Antena,AP-01,564,-73.1,12,7,40.4,10.1,5.328,2.4,6,1,38,0,0,0,17.69,1,0,3,2026-07,3
FBJ-0041,2026-07-30,Tarde,B,Antena,AP-02,509,-69.1,12,7,40.4,10.1,3.996,1.67,2,0,0,0,0,0,20.52,1,0,3,2026-07,3
FBJ-0042,2026-07-30,Tarde,B,Antena,AP-01,176,-53.0,12,7,40.4,10.1,7.431,2.36,5,0,0,0,0,0,29.27,1,0,3,2026-07,3
FBJ-0043,2026-07-30,Tarde,B,Cable,,318,,12,7,40.4,10.1,5.216,1.29,7,0,0,0,0,0,29.06,0,0,3,2026-07,3
FBJ-0044,2026-07-30,Tarde,B,Cable,,86,,12,7,40.4,10.1,2.343,0.47,7,0,0,0,0,0,35.0,0,1,3,2026-07,3
FBJ-0046,2026-07-30,Tarde,B,Antena,AP-01,177,-50.9,12,7,40.4,10.1,9.12,1.69,6,0,0,0,0,0,35.0,1,1,3,2026-07,3
FBJ-0047,2026-07-30,Tarde,B,Antena,AP-02,453,-71.2,12,7,40.4,10.1,2.794,1.23,1,0,0,0,0,0,18.81,1,0,3,2026-07,3
FBJ-0049,2026-07-30,Tarde,B,Cable,,350,,12,7,40.4,10.1,7.679,1.47,4,0,0,0,0,0,32.21,0,0,3,2026-07,3
FBJ-0050,2026-07-30,Tarde,B,Antena,AP-02,277,-61.0,12,7,40.4,10.1,1.606,0.92,3,0,0,0,0,0,19.2,1,0,3,2026-07,3
FBJ-0051,2026-07-30,Tarde,B,Cable,,42,,12,7,40.4,10.1,2.084,0.41,4,0,0,0,0,0,35.0,0,1,3,2026-07,3
FBJ-0056,2026-07-30,Tarde,B,Antena,AP-02,549,-70.0,12,7,40.4,10.1,5.145,2.4,6,0,0,0,0,0,14.21,1,0,3,2026-07,3
FBJ-0059,2026-07-30,Tarde,B,Cable,,107,,12,7,40.4,10.1,4.995,1.64,6,0,0,0,0,0,30.29,0,0,3,2026-07,3
FBJ-0001,2026-07-30,Noche,A,Antena,AP-01,625,-74.5,18,15,170.6,42.6,2.726,1.34,5,0,0,0,0,0,15.72,1,0,3,2026-07,4
FBJ-0007,2026-07-30,Noche,A,Antena,AP-02,594,-68.6,18,15,170.6,42.6,5.2,2.77,7,0,0,0,0,0,12.23,1,0,3,2026-07,4
FBJ-0009,2026-07-30,Noche,A,Antena,AP-02,565,-72.0,18,15,170.6,42.6,6.812,3.19,5,0,0,0,0,0,14.03,1,0,3,2026-07,4
FBJ-0013,2026-07-30,Noche,A,Antena,AP-02,111,-56.0,18,15,170.6,42.6,3.967,2.34,1,0,0,0,0,0,15.77,1,0,3,2026-07,4
FBJ-0014,2026-07-30,Noche,A,Antena,AP-01,319,-62.5,18,15,170.6,42.6,4.332,2.52,8,0,0,0,0,0,17.39,1,0,3,2026-07,4
FBJ-0015,2026-07-30,Noche,A,Antena,AP-02,894,-83.5,18,15,170.6,42.6,4.442,2.37,4,1,17,0,0,0,17.2,1,0,3,2026-07,4
FBJ-0018,2026-07-30,Noche,A,Cable,,281,,18,15,170.6,42.6,13.501,3.35,5,0,0,0,0,0,34.11,0,0,3,2026-07,4
FBJ-0019,2026-07-30,Noche,A,Cable,,81,,18,15,170.6,42.6,8.893,3.38,7,0,0,0,0,0,26.64,0,0,3,2026-07,4
FBJ-0020,2026-07-30,Noche,A,Antena,AP-01,244,-60.1,18,15,170.6,42.6,3.18,1.53,4,0,0,0,0,0,14.9,1,0,3,2026-07,4
FBJ-0021,2026-07-30,Noche,A,Cable,,163,,18,15,170.6,42.6,12.694,3.24,6,0,0,0,0,0,31.42,0,0,3,2026-07,4
FBJ-0022,2026-07-30,Noche,A,Antena,AP-02,838,-82.4,18,15,170.6,42.6,4.458,2.27,5,0,0,0,0,0,13.86,1,0,3,2026-07,4
FBJ-0023,2026-07-30,Noche,A,Antena,AP-01,872,-78.5,18,15,170.6,42.6,2.178,2.12,3,1,21,0,0,0,12.3,1,0,3,2026-07,4
FBJ-0025,2026-07-30,Noche,A,Antena,AP-01,575,-73.2,18,15,170.6,42.6,2.295,2.38,6,0,0,0,0,0,9.49,1,0,3,2026-07,4
FBJ-0026,2026-07-30,Noche,A,Antena,AP-02,283,-64.0,18,15,170.6,42.6,3.495,2.41,7,0,0,0,0,0,13.62,1,0,3,2026-07,4
FBJ-0027,2026-07-30,Noche,A,Cable,,85,,18,15,170.6,42.6,8.247,1.91,2,0,0,0,0,0,27.57,0,0,3,2026-07,4
FBJ-0029,2026-07-30,Noche,A,Cable,,251,,18,15,170.6,42.6,9.284,3.36,1,0,0,0,0,0,24.03,0,0,3,2026-07,4
FBJ-0032,2026-07-30,Noche,B,Cable,,302,,14,12,78.9,19.7,8.176,2.19,6,0,0,0,0,0,32.56,0,0,3,2026-07,4
FBJ-0033,2026-07-30,Noche,B,Antena,AP-01,719,-77.6,14,12,78.9,19.7,4.439,2.32,7,0,0,0,0,0,18.1,1,0,3,2026-07,4
FBJ-0035,2026-07-30,Noche,B,Cable,,154,,14,12,78.9,19.7,12.133,3.34,3,0,0,0,0,0,29.96,0,0,3,2026-07,4
FBJ-0039,2026-07-30,Noche,B,Cable,,288,,14,12,78.9,19.7,13.774,3.27,5,0,0,0,0,0,33.02,0,0,3,2026-07,4
FBJ-0040,2026-07-30,Noche,B,Antena,AP-01,564,-73.1,14,12,78.9,19.7,4.005,2.24,5,0,0,0,0,0,14.78,1,0,3,2026-07,4
FBJ-0041,2026-07-30,Noche,B,Antena,AP-02,509,-69.1,14,12,78.9,19.7,5.798,2.06,7,0,0,0,0,0,20.01,1,0,3,2026-07,4
FBJ-0049,2026-07-30,Noche,B,Cable,,350,,14,12,78.9,19.7,5.179,1.41,5,1,26,0,0,0,28.58,0,0,3,2026-07,4
FBJ-0050,2026-07-30,Noche,B,Antena,AP-02,277,-61.0,14,12,78.9,19.7,6.627,2.04,4,0,0,0,0,0,24.79,1,0,3,2026-07,4
FBJ-0051,2026-07-30,Noche,B,Cable,,42,,14,12,78.9,19.7,9.783,2.95,6,0,0,0,0,0,28.55,0,0,3,2026-07,4
FBJ-0054,2026-07-30,Noche,B,Antena,AP-02,302,-59.5,14,12,78.9,19.7,5.643,2.9,5,0,0,0,0,0,18.75,1,0,3,2026-07,4
FBJ-0057,2026-07-30,Noche,B,Antena,AP-01,851,-81.4,14,12,78.9,19.7,4.128,2.65,6,0,0,0,0,0,12.47,1,0,3,2026-07,4
FBJ-0058,2026-07-30,Noche,B,Antena,AP-02,308,-59.0,14,12,78.9,19.7,5.625,2.85,8,0,0,0,0,0,21.24,1,0,3,2026-07,4
FBJ-0060,2026-07-30,Noche,B,Cable,,110,,14,12,78.9,19.7,12.18,2.71,1,0,0,0,0,0,31.99,0,0,3,2026-07,4
FBJ-0009,2026-07-31,Madrugada,A,Antena,AP-02,565,-72.0,5,3,14.0,3.5,0.818,0.62,5,0,0,1,0,0,12.06,1,0,4,2026-07,1
FBJ-0015,2026-07-31,Madrugada,A,Antena,AP-02,894,-83.5,5,3,14.0,3.5,1.132,0.6,3,1,36,1,0,0,14.18,1,0,4,2026-07,1
FBJ-0024,2026-07-31,Madrugada,A,Antena,AP-02,169,-58.3,5,3,14.0,3.5,1.816,0.85,3,0,0,1,0,0,16.15,1,0,4,2026-07,1
FBJ-0025,2026-07-31,Madrugada,A,Antena,AP-01,575,-73.2,5,3,14.0,3.5,3.506,2.23,1,1,13,1,0,0,12.58,1,0,4,2026-07,1
FBJ-0039,2026-07-31,Madrugada,B,Cable,,288,,4,4,24.9,6.2,2.888,0.99,3,1,10,1,0,0,27.52,0,0,4,2026-07,1
FBJ-0043,2026-07-31,Madrugada,B,Cable,,318,,4,4,24.9,6.2,6.023,1.75,8,1,38,1,0,0,22.24,0,0,4,2026-07,1
FBJ-0053,2026-07-31,Madrugada,B,Antena,AP-01,245,-55.9,4,4,24.9,6.2,3.463,1.1,3,1,12,1,0,0,20.11,1,0,4,2026-07,1
FBJ-0054,2026-07-31,Madrugada,B,Antena,AP-02,302,-59.5,4,4,24.9,6.2,2.055,0.99,7,0,0,1,0,0,16.13,1,0,4,2026-07,1
FBJ-0004,2026-07-31,Mañana,A,Cable,,322,,13,8,53.8,13.5,6.14,1.67,6,3,105,1,0,0,28.32,0,0,4,2026-07,2
FBJ-0007,2026-07-31,Mañana,A,Antena,AP-02,594,-68.6,13,8,53.8,13.5,1.923,1.7,1,3,45,1,0,0,11.08,1,0,4,2026-07,2
FBJ-0010,2026-07-31,Mañana,A,Antena,AP-01,482,-67.3,13,8,53.8,13.5,3.665,1.55,8,0,0,1,0,0,15.57,1,0,4,2026-07,2
FBJ-0013,2026-07-31,Mañana,A,Antena,AP-02,111,-56.0,13,8,53.8,13.5,5.647,2.88,6,1,15,1,0,0,22.55,1,0,4,2026-07,2
FBJ-0014,2026-07-31,Mañana,A,Antena,AP-01,319,-62.5,13,8,53.8,13.5,0.431,0.23,3,0,0,1,0,0,14.13,1,0,4,2026-07,2
FBJ-0015,2026-07-31,Mañana,A,Antena,AP-02,894,-83.5,13,8,53.8,13.5,3.848,2.12,7,3,24,1,0,0,15.61,1,0,4,2026-07,2
FBJ-0021,2026-07-31,Mañana,A,Cable,,163,,13,8,53.8,13.5,6.676,1.67,6,0,0,1,0,0,31.75,0,0,4,2026-07,2
FBJ-0023,2026-07-31,Mañana,A,Antena,AP-01,872,-78.5,13,8,53.8,13.5,2.09,1.99,7,0,0,1,0,0,10.19,1,0,4,2026-07,2
FBJ-0024,2026-07-31,Mañana,A,Antena,AP-02,169,-58.3,13,8,53.8,13.5,3.693,1.42,1,3,30,1,0,0,20.18,1,0,4,2026-07,2
FBJ-0027,2026-07-31,Mañana,A,Cable,,85,,13,8,53.8,13.5,5.781,1.52,1,1,25,1,0,0,23.36,0,0,4,2026-07,2
FBJ-0030,2026-07-31,Mañana,A,Antena,AP-02,116,-54.6,13,8,53.8,13.5,1.394,0.53,7,1,33,1,0,0,22.01,1,0,4,2026-07,2
FBJ-0033,2026-07-31,Mañana,B,Antena,AP-01,719,-77.6,8,5,56.7,14.2,2.607,1.19,5,3,60,1,0,0,15.87,1,0,4,2026-07,2
FBJ-0036,2026-07-31,Mañana,B,Antena,AP-01,831,-77.3,8,5,56.7,14.2,4.092,2.27,1,1,14,1,0,0,15.65,1,0,4,2026-07,2
FBJ-0039,2026-07-31,Mañana,B,Cable,,288,,8,5,56.7,14.2,6.128,1.71,8,1,25,1,0,0,32.79,0,0,4,2026-07,2
FBJ-0049,2026-07-31,Mañana,B,Cable,,350,,8,5,56.7,14.2,0.721,0.2,6,3,33,1,0,0,27.97,0,0,4,2026-07,2
FBJ-0053,2026-07-31,Mañana,B,Antena,AP-01,245,-55.9,8,5,56.7,14.2,10.897,2.09,2,2,22,1,0,0,32.67,1,0,4,2026-07,2
FBJ-0058,2026-07-31,Mañana,B,Antena,AP-02,308,-59.0,8,5,56.7,14.2,6.679,1.84,1,1,8,1,0,0,27.09,1,0,4,2026-07,2
FBJ-0059,2026-07-31,Mañana,B,Cable,,107,,8,5,56.7,14.2,4.775,2.34,7,1,9,1,0,0,22.89,0,0,4,2026-07,2
FBJ-0005,2026-07-31,Tarde,A,Cable,,179,,11,10,86.8,21.7,0.658,0.2,5,0,0,1,0,0,22.61,0,0,4,2026-07,3
FBJ-0010,2026-07-31,Tarde,A,Antena,AP-01,482,-67.3,11,10,86.8,21.7,2.278,1.61,7,0,0,1,0,0,13.68,1,0,4,2026-07,3
FBJ-0013,2026-07-31,Tarde,A,Antena,AP-02,111,-56.0,11,10,86.8,21.7,5.932,1.79,5,3,90,1,0,0,23.47,1,0,4,2026-07,3
FBJ-0015,2026-07-31,Tarde,A,Antena,AP-02,894,-83.5,11,10,86.8,21.7,2.321,1.38,5,1,19,1,0,0,12.17,1,0,4,2026-07,3
FBJ-0018,2026-07-31,Tarde,A,Cable,,281,,11,10,86.8,21.7,0.596,0.2,6,0,0,1,0,0,20.43,0,0,4,2026-07,3
FBJ-0022,2026-07-31,Tarde,A,Antena,AP-02,838,-82.4,11,10,86.8,21.7,2.371,1.09,5,1,25,1,0,0,15.2,1,0,4,2026-07,3
FBJ-0024,2026-07-31,Tarde,A,Antena,AP-02,169,-58.3,11,10,86.8,21.7,2.06,1.12,8,0,0,1,0,0,15.4,1,0,4,2026-07,3
FBJ-0025,2026-07-31,Tarde,A,Antena,AP-01,575,-73.2,11,10,86.8,21.7,1.872,0.94,1,0,0,1,0,0,15.78,1,0,4,2026-07,3
FBJ-0029,2026-07-31,Tarde,A,Cable,,251,,11,10,86.8,21.7,0.686,0.2,3,1,6,1,0,0,26.27,0,0,4,2026-07,3
FBJ-0033,2026-07-31,Tarde,B,Antena,AP-01,719,-77.6,16,11,94.2,23.6,2.056,1.47,7,1,36,1,0,0,11.96,1,0,4,2026-07,3
FBJ-0034,2026-07-31,Tarde,B,Antena,AP-02,604,-72.2,16,11,94.2,23.6,2.269,1.25,2,1,14,1,0,0,12.49,1,0,4,2026-07,3
FBJ-0035,2026-07-31,Tarde,B,Cable,,154,,16,11,94.2,23.6,2.9,1.09,6,1,22,1,0,0,22.68,0,0,4,2026-07,3
FBJ-0039,2026-07-31,Tarde,B,Cable,,288,,16,11,94.2,23.6,5.343,1.25,3,4,48,1,0,0,31.61,0,0,4,2026-07,3
FBJ-0040,2026-07-31,Tarde,B,Antena,AP-01,564,-73.1,16,11,94.2,23.6,2.108,0.78,1,1,25,1,0,0,20.24,1,0,4,2026-07,3
FBJ-0041,2026-07-31,Tarde,B,Antena,AP-02,509,-69.1,16,11,94.2,23.6,0.403,0.24,2,1,32,1,0,0,14.71,1,0,4,2026-07,3
FBJ-0043,2026-07-31,Tarde,B,Cable,,318,,16,11,94.2,23.6,4.339,1.25,5,0,0,1,0,0,25.23,0,0,4,2026-07,3
FBJ-0044,2026-07-31,Tarde,B,Cable,,86,,16,11,94.2,23.6,5.708,1.89,2,0,0,1,0,0,35.0,0,1,4,2026-07,3
FBJ-0045,2026-07-31,Tarde,B,Antena,AP-02,848,-81.7,16,11,94.2,23.6,2.378,1.3,5,3,36,1,0,0,15.21,1,0,4,2026-07,3
FBJ-0047,2026-07-31,Tarde,B,Antena,AP-02,453,-71.2,16,11,94.2,23.6,1.837,1.2,4,1,9,1,0,0,12.6,1,0,4,2026-07,3
FBJ-0051,2026-07-31,Tarde,B,Cable,,42,,16,11,94.2,23.6,7.001,1.84,4,0,0,1,0,0,35.0,0,1,4,2026-07,3
FBJ-0054,2026-07-31,Tarde,B,Antena,AP-02,302,-59.5,16,11,94.2,23.6,1.49,0.83,1,1,7,1,0,0,16.72,1,0,4,2026-07,3
FBJ-0057,2026-07-31,Tarde,B,Antena,AP-01,851,-81.4,16,11,94.2,23.6,1.19,0.77,7,0,0,1,0,0,13.17,1,0,4,2026-07,3
FBJ-0059,2026-07-31,Tarde,B,Cable,,107,,16,11,94.2,23.6,3.039,0.67,4,1,34,1,0,0,31.37,0,0,4,2026-07,3
FBJ-0001,2026-07-31,Noche,A,Antena,AP-01,625,-74.5,15,12,100.4,25.1,2.391,1.84,5,0,0,1,0,0,10.41,1,0,4,2026-07,4
FBJ-0005,2026-07-31,Noche,A,Cable,,179,,15,12,100.4,25.1,5.468,2.3,5,0,0,1,0,0,24.89,0,0,4,2026-07,4
FBJ-0007,2026-07-31,Noche,A,Antena,AP-02,594,-68.6,15,12,100.4,25.1,2.489,2.19,6,2,56,1,0,0,10.39,1,0,4,2026-07,4
FBJ-0009,2026-07-31,Noche,A,Antena,AP-02,565,-72.0,15,12,100.4,25.1,2.001,1.53,1,1,28,1,0,0,11.28,1,0,4,2026-07,4
FBJ-0010,2026-07-31,Noche,A,Antena,AP-01,482,-67.3,15,12,100.4,25.1,2.703,1.2,7,0,0,1,0,0,20.2,1,0,4,2026-07,4
FBJ-0013,2026-07-31,Noche,A,Antena,AP-02,111,-56.0,15,12,100.4,25.1,3.425,2.2,3,1,28,1,0,0,13.58,1,0,4,2026-07,4
FBJ-0014,2026-07-31,Noche,A,Antena,AP-01,319,-62.5,15,12,100.4,25.1,2.925,1.98,4,2,64,1,0,0,11.6,1,0,4,2026-07,4
FBJ-0019,2026-07-31,Noche,A,Cable,,81,,15,12,100.4,25.1,9.633,3.27,7,1,27,1,0,0,24.49,0,0,4,2026-07,4
FBJ-0020,2026-07-31,Noche,A,Antena,AP-01,244,-60.1,15,12,100.4,25.1,1.982,0.8,8,2,14,1,0,0,19.08,1,0,4,2026-07,4
FBJ-0021,2026-07-31,Noche,A,Cable,,163,,15,12,100.4,25.1,9.755,3.28,1,2,62,1,0,0,24.69,0,0,4,2026-07,4
FBJ-0022,2026-07-31,Noche,A,Antena,AP-02,838,-82.4,15,12,100.4,25.1,5.834,2.92,1,2,58,1,0,0,14.04,1,0,4,2026-07,4
FBJ-0023,2026-07-31,Noche,A,Antena,AP-01,872,-78.5,15,12,100.4,25.1,4.578,2.57,2,1,14,1,0,0,15.04,1,0,4,2026-07,4
FBJ-0025,2026-07-31,Noche,A,Antena,AP-01,575,-73.2,15,12,100.4,25.1,1.502,1.18,3,2,8,1,0,0,10.53,1,0,4,2026-07,4
FBJ-0026,2026-07-31,Noche,A,Antena,AP-02,283,-64.0,15,12,100.4,25.1,1.97,1.8,5,0,0,1,0,0,11.87,1,0,4,2026-07,4
FBJ-0027,2026-07-31,Noche,A,Cable,,85,,15,12,100.4,25.1,9.095,2.85,5,2,14,1,0,0,21.48,0,0,4,2026-07,4
FBJ-0029,2026-07-31,Noche,A,Cable,,251,,15,12,100.4,25.1,8.945,3.29,6,0,0,1,0,0,25.59,0,0,4,2026-07,4
FBJ-0030,2026-07-31,Noche,A,Antena,AP-02,116,-54.6,15,12,100.4,25.1,5.719,2.34,4,1,32,1,0,0,24.76,1,0,4,2026-07,4
FBJ-0031,2026-07-31,Noche,B,Cable,,202,,16,11,97.0,24.3,5.522,2.73,7,0,0,1,0,0,22.86,0,0,4,2026-07,4
FBJ-0033,2026-07-31,Noche,B,Antena,AP-01,719,-77.6,16,11,97.0,24.3,2.134,1.25,2,2,64,1,0,0,12.84,1,0,4,2026-07,4
FBJ-0034,2026-07-31,Noche,B,Antena,AP-02,604,-72.2,16,11,97.0,24.3,4.559,3.33,3,0,0,1,0,0,11.08,1,0,4,2026-07,4
FBJ-0035,2026-07-31,Noche,B,Cable,,154,,16,11,97.0,24.3,4.794,2.08,3,0,0,1,0,0,26.17,0,0,4,2026-07,4
FBJ-0036,2026-07-31,Noche,B,Antena,AP-01,831,-77.3,16,11,97.0,24.3,4.181,2.35,7,1,21,1,0,0,11.92,1,0,4,2026-07,4
FBJ-0037,2026-07-31,Noche,B,Cable,,205,,16,11,97.0,24.3,5.03,2.06,7,0,0,1,0,0,24.62,0,0,4,2026-07,4
FBJ-0039,2026-07-31,Noche,B,Cable,,288,,16,11,97.0,24.3,2.597,1.33,4,0,0,1,0,0,20.19,0,0,4,2026-07,4
FBJ-0040,2026-07-31,Noche,B,Antena,AP-01,564,-73.1,16,11,97.0,24.3,4.075,2.81,2,1,22,1,0,0,11.76,1,0,4,2026-07,4
FBJ-0043,2026-07-31,Noche,B,Cable,,318,,16,11,97.0,24.3,13.421,4.24,4,1,20,1,0,0,28.29,0,0,4,2026-07,4
FBJ-0044,2026-07-31,Noche,B,Cable,,86,,16,11,97.0,24.3,3.994,2.53,2,1,17,1,0,0,18.3,0,0,4,2026-07,4
FBJ-0045,2026-07-31,Noche,B,Antena,AP-02,848,-81.7,16,11,97.0,24.3,3.927,2.23,3,1,19,1,0,0,15.96,1,0,4,2026-07,4
FBJ-0046,2026-07-31,Noche,B,Antena,AP-01,177,-50.9,16,11,97.0,24.3,6.842,3.02,8,1,17,1,0,0,19.92,1,0,4,2026-07,4
FBJ-0047,2026-07-31,Noche,B,Antena,AP-02,453,-71.2,16,11,97.0,24.3,4.021,2.93,1,0,0,1,0,0,15.19,1,0,4,2026-07,4
FBJ-0048,2026-07-31,Noche,B,Antena,AP-01,721,-80.9,16,11,97.0,24.3,3.156,1.87,7,0,0,1,0,0,15.84,1,0,4,2026-07,4
FBJ-0049,2026-07-31,Noche,B,Cable,,350,,16,11,97.0,24.3,5.473,1.28,4,0,0,1,0,0,27.49,0,0,4,2026-07,4
FBJ-0050,2026-07-31,Noche,B,Antena,AP-02,277,-61.0,16,11,97.0,24.3,3.478,2.31,7,1,28,1,0,0,15.31,1,0,4,2026-07,4
FBJ-0052,2026-07-31,Noche,B,Cable,,288,,16,11,97.0,24.3,3.748,1.34,7,2,22,1,0,0,26.44,0,0,4,2026-07,4
FBJ-0053,2026-07-31,Noche,B,Antena,AP-01,245,-55.9,16,11,97.0,24.3,6.416,2.67,6,1,31,1,0,0,19.41,1,0,4,2026-07,4
FBJ-0054,2026-07-31,Noche,B,Antena,AP-02,302,-59.5,16,11,97.0,24.3,4.351,1.76,2,1,5,1,0,0,22.24,1,0,4,2026-07,4
FBJ-0056,2026-07-31,Noche,B,Antena,AP-02,549,-70.0,16,11,97.0,24.3,3.854,2.56,8,1,34,1,0,0,13.37,1,0,4,2026-07,4
FBJ-0051,2026-08-01,Madrugada,B,Cable,,42,,5,4,68.3,17.1,3.595,0.82,8,0,0,0,1,0,35.0,0,1,5,2026-08,1
FBJ-0052,2026-08-01,Madrugada,B,Cable,,288,,5,4,68.3,17.1,0.759,0.2,7,0,0,0,1,0,35.0,0,1,5,2026-08,1
FBJ-0001,2026-08-01,Mañana,A,Antena,AP-01,625,-74.5,6,6,46.0,11.5,5.609,2.04,8,0,0,0,1,0,19.49,1,0,5,2026-08,2
FBJ-0003,2026-08-01,Mañana,A,Antena,AP-02,392,-66.0,6,6,46.0,11.5,0.675,0.2,7,1,11,0,1,0,21.81,1,0,5,2026-08,2
FBJ-0005,2026-08-01,Mañana,A,Cable,,179,,6,6,46.0,11.5,6.987,1.71,6,0,0,0,1,0,35.0,0,1,5,2026-08,2
FBJ-0012,2026-08-01,Mañana,A,Antena,AP-01,631,-74.1,6,6,46.0,11.5,3.281,1.11,3,0,0,0,1,0,21.37,1,0,5,2026-08,2
FBJ-0018,2026-08-01,Mañana,A,Cable,,281,,6,6,46.0,11.5,11.395,2.61,5,0,0,0,1,0,30.63,0,0,5,2026-08,2
FBJ-0019,2026-08-01,Mañana,A,Cable,,81,,6,6,46.0,11.5,10.047,2.9,1,0,0,0,1,0,35.0,0,1,5,2026-08,2
FBJ-0020,2026-08-01,Mañana,A,Antena,AP-01,244,-60.1,6,6,46.0,11.5,11.07,2.5,5,0,0,0,1,0,29.38,1,0,5,2026-08,2
FBJ-0022,2026-08-01,Mañana,A,Antena,AP-02,838,-82.4,6,6,46.0,11.5,3.359,1.67,7,1,33,0,1,0,15.88,1,0,5,2026-08,2
FBJ-0023,2026-08-01,Mañana,A,Antena,AP-01,872,-78.5,6,6,46.0,11.5,1.413,0.65,2,2,14,0,1,0,18.08,1,0,5,2026-08,2
FBJ-0024,2026-08-01,Mañana,A,Antena,AP-02,169,-58.3,6,6,46.0,11.5,3.702,1.31,7,0,0,0,1,0,29.64,1,0,5,2026-08,2
FBJ-0026,2026-08-01,Mañana,A,Antena,AP-02,283,-64.0,6,6,46.0,11.5,3.085,2.22,3,1,6,0,1,0,17.42,1,0,5,2026-08,2
FBJ-0029,2026-08-01,Mañana,A,Cable,,251,,6,6,46.0,11.5,2.852,0.78,4,0,0,0,1,0,31.86,0,0,5,2026-08,2
FBJ-0031,2026-08-01,Mañana,B,Cable,,202,,10,9,79.3,19.8,4.435,1.5,6,0,0,0,1,0,27.69,0,0,5,2026-08,2
FBJ-0033,2026-08-01,Mañana,B,Antena,AP-01,719,-77.6,10,9,79.3,19.8,1.382,0.68,6,2,16,0,1,0,19.08,1,0,5,2026-08,2
FBJ-0037,2026-08-01,Mañana,B,Cable,,205,,10,9,79.3,19.8,7.126,1.94,7,0,0,0,1,0,35.0,0,1,5,2026-08,2
FBJ-0039,2026-08-01,Mañana,B,Cable,,288,,10,9,79.3,19.8,4.86,1.37,5,0,0,0,1,0,35.0,0,1,5,2026-08,2
FBJ-0040,2026-08-01,Mañana,B,Antena,AP-01,564,-73.1,10,9,79.3,19.8,0.711,0.47,2,0,0,0,1,0,16.64,1,0,5,2026-08,2
FBJ-0042,2026-08-01,Mañana,B,Antena,AP-01,176,-53.0,10,9,79.3,19.8,2.885,0.73,5,0,0,0,1,0,30.52,1,0,5,2026-08,2
FBJ-0043,2026-08-01,Mañana,B,Cable,,318,,10,9,79.3,19.8,8.386,2.46,4,0,0,0,1,0,27.98,0,0,5,2026-08,2
FBJ-0044,2026-08-01,Mañana,B,Cable,,86,,10,9,79.3,19.8,4.383,0.95,1,0,0,0,1,0,33.6,0,0,5,2026-08,2
FBJ-0046,2026-08-01,Mañana,B,Antena,AP-01,177,-50.9,10,9,79.3,19.8,4.771,1.5,5,0,0,0,1,0,31.18,1,0,5,2026-08,2
FBJ-0047,2026-08-01,Mañana,B,Antena,AP-02,453,-71.2,10,9,79.3,19.8,0.826,0.36,8,0,0,0,1,0,27.15,1,0,5,2026-08,2
FBJ-0048,2026-08-01,Mañana,B,Antena,AP-01,721,-80.9,10,9,79.3,19.8,2.65,1.23,8,0,0,0,1,0,16.91,1,0,5,2026-08,2
FBJ-0049,2026-08-01,Mañana,B,Cable,,350,,10,9,79.3,19.8,4.846,0.96,6,0,0,0,1,0,35.0,0,1,5,2026-08,2
FBJ-0052,2026-08-01,Mañana,B,Cable,,288,,10,9,79.3,19.8,4.661,1.75,7,0,0,0,1,0,30.21,0,0,5,2026-08,2
FBJ-0056,2026-08-01,Mañana,B,Antena,AP-02,549,-70.0,10,9,79.3,19.8,0.351,0.2,2,0,0,0,1,0,15.64,1,0,5,2026-08,2
FBJ-0057,2026-08-01,Mañana,B,Antena,AP-01,851,-81.4,10,9,79.3,19.8,3.614,1.75,3,0,0,0,1,0,20.3,1,0,5,2026-08,2
FBJ-0058,2026-08-01,Mañana,B,Antena,AP-02,308,-59.0,10,9,79.3,19.8,2.749,0.81,1,1,37,0,1,0,26.11,1,0,5,2026-08,2
FBJ-0059,2026-08-01,Mañana,B,Cable,,107,,10,9,79.3,19.8,4.984,1.04,1,1,38,0,1,0,33.84,0,0,5,2026-08,2
FBJ-0001,2026-08-01,Tarde,A,Antena,AP-01,625,-74.5,17,11,134.2,33.6,3.461,1.6,6,1,32,0,1,0,20.4,1,0,5,2026-08,3
FBJ-0003,2026-08-01,Tarde,A,Antena,AP-02,392,-66.0,17,11,134.2,33.6,5.226,1.79,2,1,12,0,1,0,18.74,1,0,5,2026-08,3
FBJ-0004,2026-08-01,Tarde,A,Cable,,322,,17,11,134.2,33.6,3.018,0.75,2,1,14,0,1,0,35.0,0,1,5,2026-08,3
FBJ-0007,2026-08-01,Tarde,A,Antena,AP-02,594,-68.6,17,11,134.2,33.6,0.848,0.58,1,0,0,0,1,0,15.16,1,0,5,2026-08,3
FBJ-0010,2026-08-01,Tarde,A,Antena,AP-01,482,-67.3,17,11,134.2,33.6,3.287,1.13,4,0,0,0,1,0,19.74,1,0,5,2026-08,3
FBJ-0011,2026-08-01,Tarde,A,Antena,AP-02,440,-67.1,17,11,134.2,33.6,2.309,1.31,5,0,0,0,1,0,18.58,1,0,5,2026-08,3
FBJ-0012,2026-08-01,Tarde,A,Antena,AP-01,631,-74.1,17,11,134.2,33.6,2.368,1.02,1,0,0,0,1,0,19.73,1,0,5,2026-08,3
FBJ-0013,2026-08-01,Tarde,A,Antena,AP-02,111,-56.0,17,11,134.2,33.6,6.661,1.76,2,0,0,0,1,0,27.15,1,0,5,2026-08,3
FBJ-0014,2026-08-01,Tarde,A,Antena,AP-01,319,-62.5,17,11,134.2,33.6,2.64,1.16,6,0,0,0,1,0,18.97,1,0,5,2026-08,3
FBJ-0015,2026-08-01,Tarde,A,Antena,AP-02,894,-83.5,17,11,134.2,33.6,3.957,2.03,4,0,0,0,1,0,15.21,1,0,5,2026-08,3
FBJ-0018,2026-08-01,Tarde,A,Cable,,281,,17,11,134.2,33.6,4.86,1.38,4,0,0,0,1,0,35.0,0,1,5,2026-08,3
FBJ-0019,2026-08-01,Tarde,A,Cable,,81,,17,11,134.2,33.6,11.875,2.98,7,0,0,0,1,0,33.25,0,0,5,2026-08,3
FBJ-0021,2026-08-01,Tarde,A,Cable,,163,,17,11,134.2,33.6,4.593,1.12,1,0,0,0,1,0,35.0,0,1,5,2026-08,3
FBJ-0023,2026-08-01,Tarde,A,Antena,AP-01,872,-78.5,17,11,134.2,33.6,5.532,1.8,2,1,20,0,1,0,23.53,1,0,5,2026-08,3
FBJ-0027,2026-08-01,Tarde,A,Cable,,85,,17,11,134.2,33.6,9.432,2.43,3,0,0,0,1,0,30.75,0,0,5,2026-08,3
FBJ-0029,2026-08-01,Tarde,A,Cable,,251,,17,11,134.2,33.6,4.485,1.17,7,0,0,0,1,0,35.0,0,1,5,2026-08,3
FBJ-0030,2026-08-01,Tarde,A,Antena,AP-02,116,-54.6,17,11,134.2,33.6,2.969,1.04,2,0,0,0,1,0,35.0,1,1,5,2026-08,3
FBJ-0031,2026-08-01,Tarde,B,Cable,,202,,13,7,86.2,21.6,4.849,1.71,8,1,22,0,1,0,35.0,0,1,5,2026-08,3
FBJ-0033,2026-08-01,Tarde,B,Antena,AP-01,719,-77.6,13,7,86.2,21.6,2.01,0.86,4,0,0,0,1,0,15.89,1,0,5,2026-08,3
FBJ-0034,2026-08-01,Tarde,B,Antena,AP-02,604,-72.2,13,7,86.2,21.6,5.085,2.53,1,0,0,0,1,0,16.35,1,0,5,2026-08,3
FBJ-0040,2026-08-01,Tarde,B,Antena,AP-01,564,-73.1,13,7,86.2,21.6,1.208,0.45,8,0,0,0,1,0,22.27,1,0,5,2026-08,3
FBJ-0042,2026-08-01,Tarde,B,Antena,AP-01,176,-53.0,13,7,86.2,21.6,2.944,1.09,6,0,0,0,1,0,22.35,1,0,5,2026-08,3
FBJ-0043,2026-08-01,Tarde,B,Cable,,318,,13,7,86.2,21.6,6.766,1.79,4,0,0,0,1,0,35.0,0,1,5,2026-08,3
FBJ-0047,2026-08-01,Tarde,B,Antena,AP-02,453,-71.2,13,7,86.2,21.6,5.713,3.16,8,0,0,0,1,0,19.07,1,0,5,2026-08,3
FBJ-0048,2026-08-01,Tarde,B,Antena,AP-01,721,-80.9,13,7,86.2,21.6,1.993,1.53,7,0,0,0,1,0,14.26,1,0,5,2026-08,3
FBJ-0050,2026-08-01,Tarde,B,Antena,AP-02,277,-61.0,13,7,86.2,21.6,7.441,2.05,6,0,0,0,1,0,24.66,1,0,5,2026-08,3
FBJ-0051,2026-08-01,Tarde,B,Cable,,42,,13,7,86.2,21.6,12.379,2.41,6,0,0,0,1,0,34.0,0,0,5,2026-08,3
FBJ-0052,2026-08-01,Tarde,B,Cable,,288,,13,7,86.2,21.6,7.905,2.34,3,0,0,0,1,0,35.0,0,1,5,2026-08,3
FBJ-0053,2026-08-01,Tarde,B,Antena,AP-01,245,-55.9,13,7,86.2,21.6,2.726,0.84,1,0,0,0,1,0,22.19,1,0,5,2026-08,3
FBJ-0056,2026-08-01,Tarde,B,Antena,AP-02,549,-70.0,13,7,86.2,21.6,1.075,0.54,4,1,26,0,1,0,17.26,1,0,5,2026-08,3
FBJ-0057,2026-08-01,Tarde,B,Antena,AP-01,851,-81.4,13,7,86.2,21.6,1.653,0.36,4,0,0,0,1,0,31.61,1,0,5,2026-08,3
FBJ-0059,2026-08-01,Tarde,B,Cable,,107,,13,7,86.2,21.6,10.795,2.6,1,1,19,0,1,0,35.0,0,1,5,2026-08,3
FBJ-0001,2026-08-01,Noche,A,Antena,AP-01,625,-74.5,18,13,175.9,44.0,1.672,0.71,5,0,0,0,1,0,16.92,1,0,5,2026-08,4
FBJ-0003,2026-08-01,Noche,A,Antena,AP-02,392,-66.0,18,13,175.9,44.0,10.154,2.94,5,0,0,0,1,0,25.74,1,0,5,2026-08,4
FBJ-0004,2026-08-01,Noche,A,Cable,,322,,18,13,175.9,44.0,6.088,2.43,2,0,0,0,1,0,23.74,0,0,5,2026-08,4
FBJ-0005,2026-08-01,Noche,A,Cable,,179,,18,13,175.9,44.0,7.17,2.23,5,0,0,0,1,0,30.16,0,0,5,2026-08,4
FBJ-0009,2026-08-01,Noche,A,Antena,AP-02,565,-72.0,18,13,175.9,44.0,3.664,1.39,7,1,31,0,1,0,21.93,1,0,5,2026-08,4
FBJ-0011,2026-08-01,Noche,A,Antena,AP-02,440,-67.1,18,13,175.9,44.0,2.007,1.19,4,0,0,0,1,0,14.0,1,0,5,2026-08,4
FBJ-0012,2026-08-01,Noche,A,Antena,AP-01,631,-74.1,18,13,175.9,44.0,3.615,1.76,7,0,0,0,1,0,17.13,1,0,5,2026-08,4
FBJ-0013,2026-08-01,Noche,A,Antena,AP-02,111,-56.0,18,13,175.9,44.0,12.436,3.63,7,0,0,0,1,0,29.6,1,0,5,2026-08,4
FBJ-0014,2026-08-01,Noche,A,Antena,AP-01,319,-62.5,18,13,175.9,44.0,9.55,3.39,8,0,0,0,1,0,22.97,1,0,5,2026-08,4
FBJ-0015,2026-08-01,Noche,A,Antena,AP-02,894,-83.5,18,13,175.9,44.0,4.007,2.22,4,3,117,0,1,0,15.72,1,0,5,2026-08,4
FBJ-0021,2026-08-01,Noche,A,Cable,,163,,18,13,175.9,44.0,10.436,3.92,6,0,0,0,1,0,25.85,0,0,5,2026-08,4
FBJ-0022,2026-08-01,Noche,A,Antena,AP-02,838,-82.4,18,13,175.9,44.0,5.149,1.96,5,3,111,0,1,0,19.13,1,0,5,2026-08,4
FBJ-0023,2026-08-01,Noche,A,Antena,AP-01,872,-78.5,18,13,175.9,44.0,3.882,2.3,5,0,0,0,1,0,18.41,1,0,5,2026-08,4
FBJ-0025,2026-08-01,Noche,A,Antena,AP-01,575,-73.2,18,13,175.9,44.0,7.418,3.21,5,2,16,0,1,0,17.74,1,0,5,2026-08,4
FBJ-0027,2026-08-01,Noche,A,Cable,,85,,18,13,175.9,44.0,6.743,1.37,4,0,0,0,1,0,32.9,0,0,5,2026-08,4
FBJ-0029,2026-08-01,Noche,A,Cable,,251,,18,13,175.9,44.0,9.234,2.25,5,0,0,0,1,0,35.0,0,1,5,2026-08,4
FBJ-0030,2026-08-01,Noche,A,Antena,AP-02,116,-54.6,18,13,175.9,44.0,4.838,1.94,6,0,0,0,1,0,19.66,1,0,5,2026-08,4
FBJ-0031,2026-08-01,Noche,B,Cable,,202,,24,20,124.3,31.1,3.638,1.87,5,0,0,0,1,0,16.54,0,0,5,2026-08,4
FBJ-0032,2026-08-01,Noche,B,Cable,,302,,24,20,124.3,31.1,4.338,1.71,7,0,0,0,1,0,19.48,0,0,5,2026-08,4
FBJ-0033,2026-08-01,Noche,B,Antena,AP-01,719,-77.6,24,20,124.3,31.1,1.856,1.64,1,0,0,0,1,0,8.96,1,0,5,2026-08,4
FBJ-0035,2026-08-01,Noche,B,Cable,,154,,24,20,124.3,31.1,6.064,2.26,3,0,0,0,1,0,19.54,0,0,5,2026-08,4
FBJ-0036,2026-08-01,Noche,B,Antena,AP-01,831,-77.3,24,20,124.3,31.1,2.127,1.38,4,0,0,0,1,0,10.04,1,0,5,2026-08,4
FBJ-0037,2026-08-01,Noche,B,Cable,,205,,24,20,124.3,31.1,3.34,1.43,8,0,0,0,1,0,18.62,0,0,5,2026-08,4
FBJ-0039,2026-08-01,Noche,B,Cable,,288,,24,20,124.3,31.1,6.189,2.57,4,0,0,0,1,0,22.21,0,0,5,2026-08,4
FBJ-0040,2026-08-01,Noche,B,Antena,AP-01,564,-73.1,24,20,124.3,31.1,1.539,2.05,1,0,0,0,1,0,8.26,1,0,5,2026-08,4
FBJ-0041,2026-08-01,Noche,B,Antena,AP-02,509,-69.1,24,20,124.3,31.1,3.517,3.6,7,0,0,0,1,0,9.79,1,0,5,2026-08,4
FBJ-0043,2026-08-01,Noche,B,Cable,,318,,24,20,124.3,31.1,7.493,2.17,6,0,0,0,1,0,31.0,0,0,5,2026-08,4
FBJ-0044,2026-08-01,Noche,B,Cable,,86,,24,20,124.3,31.1,6.303,2.98,8,0,0,0,1,0,17.71,0,0,5,2026-08,4
FBJ-0045,2026-08-01,Noche,B,Antena,AP-02,848,-81.7,24,20,124.3,31.1,2.838,2.49,4,0,0,0,1,0,10.61,1,0,5,2026-08,4
FBJ-0047,2026-08-01,Noche,B,Antena,AP-02,453,-71.2,24,20,124.3,31.1,1.847,1.96,2,0,0,0,1,0,8.72,1,0,5,2026-08,4
FBJ-0049,2026-08-01,Noche,B,Cable,,350,,24,20,124.3,31.1,4.687,2.54,4,1,22,0,1,0,17.52,0,0,5,2026-08,4
FBJ-0050,2026-08-01,Noche,B,Antena,AP-02,277,-61.0,24,20,124.3,31.1,5.446,2.83,3,1,15,0,1,0,13.53,1,0,5,2026-08,4
FBJ-0051,2026-08-01,Noche,B,Cable,,42,,24,20,124.3,31.1,8.033,3.13,3,0,0,0,1,0,19.87,0,0,5,2026-08,4
FBJ-0052,2026-08-01,Noche,B,Cable,,288,,24,20,124.3,31.1,3.804,1.39,3,0,0,0,1,0,21.2,0,0,5,2026-08,4
FBJ-0053,2026-08-01,Noche,B,Antena,AP-01,245,-55.9,24,20,124.3,31.1,6.74,3.41,5,0,0,0,1,0,15.54,1,0,5,2026-08,4
FBJ-0054,2026-08-01,Noche,B,Antena,AP-02,302,-59.5,24,20,124.3,31.1,1.772,1.45,1,1,8,0,1,0,13.02,1,0,5,2026-08,4
FBJ-0056,2026-08-01,Noche,B,Antena,AP-02,549,-70.0,24,20,124.3,31.1,2.918,2.23,8,0,0,0,1,0,11.05,1,0,5,2026-08,4
FBJ-0057,2026-08-01,Noche,B,Antena,AP-01,851,-81.4,24,20,124.3,31.1,2.4,2.19,6,2,78,0,1,0,12.1,1,0,5,2026-08,4
FBJ-0058,2026-08-01,Noche,B,Antena,AP-02,308,-59.0,24,20,124.3,31.1,4.581,2.56,5,0,0,0,1,0,13.73,1,0,5,2026-08,4
FBJ-0059,2026-08-01,Noche,B,Cable,,107,,24,20,124.3,31.1,7.426,2.55,1,0,0,0,1,0,25.12,0,0,5,2026-08,4
FBJ-0060,2026-08-01,Noche,B,Cable,,110,,24,20,124.3,31.1,4.647,1.97,4,0,0,0,1,0,22.39,0,0,5,2026-08,4
FBJ-0019,2026-08-02,Madrugada,A,Cable,,81,,4,2,8.6,2.1,0.804,0.2,3,0,0,0,1,0,35.0,0,1,6,2026-08,1
FBJ-0022,2026-08-02,Madrugada,A,Antena,AP-02,838,-82.4,4,2,8.6,2.1,4.785,2.13,2,1,35,0,1,0,14.86,1,0,6,2026-08,1
FBJ-0029,2026-08-02,Madrugada,A,Cable,,251,,4,2,8.6,2.1,4.536,1.13,5,0,0,0,1,0,34.37,0,0,6,2026-08,1
FBJ-0039,2026-08-02,Madrugada,B,Cable,,288,,4,2,16.6,4.1,1.484,0.33,4,0,0,0,1,0,34.24,0,0,6,2026-08,1
FBJ-0042,2026-08-02,Madrugada,B,Antena,AP-01,176,-53.0,4,2,16.6,4.1,4.482,1.37,2,0,0,0,1,0,21.05,1,0,6,2026-08,1
FBJ-0050,2026-08-02,Madrugada,B,Antena,AP-02,277,-61.0,4,2,16.6,4.1,7.932,2.21,7,0,0,0,1,0,33.38,1,0,6,2026-08,1
FBJ-0053,2026-08-02,Madrugada,B,Antena,AP-01,245,-55.9,4,2,16.6,4.1,4.075,1.35,2,0,0,0,1,0,25.02,1,0,6,2026-08,1
FBJ-0001,2026-08-02,Mañana,A,Antena,AP-01,625,-74.5,8,6,78.4,19.6,3.776,1.42,2,0,0,0,1,0,21.33,1,0,6,2026-08,2
FBJ-0003,2026-08-02,Mañana,A,Antena,AP-02,392,-66.0,8,6,78.4,19.6,4.241,1.34,6,0,0,0,1,0,22.77,1,0,6,2026-08,2
FBJ-0004,2026-08-02,Mañana,A,Cable,,322,,8,6,78.4,19.6,7.478,1.79,5,0,0,0,1,0,35.0,0,1,6,2026-08,2
FBJ-0009,2026-08-02,Mañana,A,Antena,AP-02,565,-72.0,8,6,78.4,19.6,6.286,2.14,2,0,0,0,1,0,19.71,1,0,6,2026-08,2
FBJ-0010,2026-08-02,Mañana,A,Antena,AP-01,482,-67.3,8,6,78.4,19.6,2.924,1.19,2,0,0,0,1,0,22.64,1,0,6,2026-08,2
FBJ-0018,2026-08-02,Mañana,A,Cable,,281,,8,6,78.4,19.6,5.92,1.75,5,0,0,0,1,0,35.0,0,1,6,2026-08,2
FBJ-0019,2026-08-02,Mañana,A,Cable,,81,,8,6,78.4,19.6,9.034,1.91,4,0,0,0,1,0,34.24,0,0,6,2026-08,2
FBJ-0020,2026-08-02,Mañana,A,Antena,AP-01,244,-60.1,8,6,78.4,19.6,11.202,2.91,6,0,0,0,1,0,24.44,1,0,6,2026-08,2
FBJ-0022,2026-08-02,Mañana,A,Antena,AP-02,838,-82.4,8,6,78.4,19.6,4.962,1.93,2,0,0,0,1,0,16.31,1,0,6,2026-08,2
FBJ-0023,2026-08-02,Mañana,A,Antena,AP-01,872,-78.5,8,6,78.4,19.6,5.284,2.32,2,1,28,0,1,0,18.41,1,0,6,2026-08,2
FBJ-0024,2026-08-02,Mañana,A,Antena,AP-02,169,-58.3,8,6,78.4,19.6,2.177,1.21,4,0,0,0,1,0,17.58,1,0,6,2026-08,2
FBJ-0025,2026-08-02,Mañana,A,Antena,AP-01,575,-73.2,8,6,78.4,19.6,3.382,1.64,7,1,8,0,1,0,20.51,1,0,6,2026-08,2
FBJ-0026,2026-08-02,Mañana,A,Antena,AP-02,283,-64.0,8,6,78.4,19.6,4.129,2.81,3,0,0,0,1,0,16.64,1,0,6,2026-08,2
FBJ-0030,2026-08-02,Mañana,A,Antena,AP-02,116,-54.6,8,6,78.4,19.6,3.884,1.58,6,0,0,0,1,0,28.74,1,0,6,2026-08,2
FBJ-0031,2026-08-02,Mañana,B,Cable,,202,,17,13,125.4,31.4,4.157,1.61,8,1,26,0,1,0,31.11,0,0,6,2026-08,2
FBJ-0036,2026-08-02,Mañana,B,Antena,AP-01,831,-77.3,17,13,125.4,31.4,0.411,0.2,2,0,0,0,1,0,14.27,1,0,6,2026-08,2
FBJ-0039,2026-08-02,Mañana,B,Cable,,288,,17,13,125.4,31.4,5.262,1.88,8,0,0,0,1,0,23.65,0,0,6,2026-08,2
FBJ-0042,2026-08-02,Mañana,B,Antena,AP-01,176,-53.0,17,13,125.4,31.4,7.215,2.36,5,1,9,0,1,0,27.59,1,0,6,2026-08,2
FBJ-0044,2026-08-02,Mañana,B,Cable,,86,,17,13,125.4,31.4,6.662,1.57,3,0,0,0,1,0,35.0,0,1,6,2026-08,2
FBJ-0045,2026-08-02,Mañana,B,Antena,AP-02,848,-81.7,17,13,125.4,31.4,1.901,0.95,7,0,0,0,1,0,13.95,1,0,6,2026-08,2
FBJ-0047,2026-08-02,Mañana,B,Antena,AP-02,453,-71.2,17,13,125.4,31.4,1.917,1.92,4,0,0,0,1,0,11.72,1,0,6,2026-08,2
FBJ-0048,2026-08-02,Mañana,B,Antena,AP-01,721,-80.9,17,13,125.4,31.4,1.802,1.52,7,1,19,0,1,0,14.04,1,0,6,2026-08,2
FBJ-0054,2026-08-02,Mañana,B,Antena,AP-02,302,-59.5,17,13,125.4,31.4,2.286,0.7,6,0,0,0,1,0,27.0,1,0,6,2026-08,2
FBJ-0056,2026-08-02,Mañana,B,Antena,AP-02,549,-70.0,17,13,125.4,31.4,4.285,1.28,3,1,15,0,1,0,21.65,1,0,6,2026-08,2
FBJ-0058,2026-08-02,Mañana,B,Antena,AP-02,308,-59.0,17,13,125.4,31.4,7.686,2.58,6,0,0,0,1,0,21.83,1,0,6,2026-08,2
FBJ-0059,2026-08-02,Mañana,B,Cable,,107,,17,13,125.4,31.4,4.243,1.23,8,0,0,0,1,0,32.02,0,0,6,2026-08,2
FBJ-0060,2026-08-02,Mañana,B,Cable,,110,,17,13,125.4,31.4,2.689,1.22,8,1,39,0,1,0,23.02,0,0,6,2026-08,2
FBJ-0003,2026-08-02,Tarde,A,Antena,AP-02,392,-66.0,18,16,147.0,36.7,0.411,0.24,6,0,0,0,1,0,10.68,1,0,6,2026-08,3
FBJ-0004,2026-08-02,Tarde,A,Cable,,322,,18,16,147.0,36.7,4.933,2.03,4,0,0,0,1,0,21.8,0,0,6,2026-08,3
FBJ-0005,2026-08-02,Tarde,A,Cable,,179,,18,16,147.0,36.7,6.116,2.75,3,0,0,0,1,0,23.51,0,0,6,2026-08,3
FBJ-0007,2026-08-02,Tarde,A,Antena,AP-02,594,-68.6,18,16,147.0,36.7,3.262,2.64,5,0,0,0,1,0,9.44,1,0,6,2026-08,3
FBJ-0009,2026-08-02,Tarde,A,Antena,AP-02,565,-72.0,18,16,147.0,36.7,2.824,1.89,2,0,0,0,1,0,13.38,1,0,6,2026-08,3
FBJ-0010,2026-08-02,Tarde,A,Antena,AP-01,482,-67.3,18,16,147.0,36.7,1.221,0.76,3,0,0,0,1,0,13.2,1,0,6,2026-08,3
FBJ-0011,2026-08-02,Tarde,A,Antena,AP-02,440,-67.1,18,16,147.0,36.7,0.872,0.69,4,0,0,0,1,0,12.08,1,0,6,2026-08,3
FBJ-0012,2026-08-02,Tarde,A,Antena,AP-01,631,-74.1,18,16,147.0,36.7,1.586,1.37,4,0,0,0,1,0,10.88,1,0,6,2026-08,3
FBJ-0013,2026-08-02,Tarde,A,Antena,AP-02,111,-56.0,18,16,147.0,36.7,3.06,1.5,7,0,0,0,1,0,17.78,1,0,6,2026-08,3
FBJ-0014,2026-08-02,Tarde,A,Antena,AP-01,319,-62.5,18,16,147.0,36.7,2.122,0.64,8,1,30,0,1,0,21.19,1,0,6,2026-08,3
FBJ-0019,2026-08-02,Tarde,A,Cable,,81,,18,16,147.0,36.7,2.955,1.2,3,0,0,0,1,0,23.57,0,0,6,2026-08,3
FBJ-0020,2026-08-02,Tarde,A,Antena,AP-01,244,-60.1,18,16,147.0,36.7,0.519,0.26,8,0,0,0,1,0,16.7,1,0,6,2026-08,3
FBJ-0024,2026-08-02,Tarde,A,Antena,AP-02,169,-58.3,18,16,147.0,36.7,1.797,1.06,3,0,0,0,1,0,17.79,1,0,6,2026-08,3
FBJ-0025,2026-08-02,Tarde,A,Antena,AP-01,575,-73.2,18,16,147.0,36.7,1.701,1.25,6,0,0,0,1,0,11.25,1,0,6,2026-08,3
FBJ-0027,2026-08-02,Tarde,A,Cable,,85,,18,16,147.0,36.7,6.752,2.68,3,0,0,0,1,0,19.61,0,0,6,2026-08,3
FBJ-0031,2026-08-02,Tarde,B,Cable,,202,,17,13,83.1,20.8,4.385,0.99,4,0,0,0,1,0,34.37,0,0,6,2026-08,3
FBJ-0034,2026-08-02,Tarde,B,Antena,AP-02,604,-72.2,17,13,83.1,20.8,3.271,1.51,7,0,0,0,1,0,16.12,1,0,6,2026-08,3
FBJ-0036,2026-08-02,Tarde,B,Antena,AP-01,831,-77.3,17,13,83.1,20.8,1.357,0.86,3,0,0,0,1,0,12.85,1,0,6,2026-08,3
FBJ-0037,2026-08-02,Tarde,B,Cable,,205,,17,13,83.1,20.8,5.211,1.74,4,0,0,0,1,0,26.09,0,0,6,2026-08,3
FBJ-0039,2026-08-02,Tarde,B,Cable,,288,,17,13,83.1,20.8,5.737,1.14,1,0,0,0,1,0,35.0,0,1,6,2026-08,3
FBJ-0040,2026-08-02,Tarde,B,Antena,AP-01,564,-73.1,17,13,83.1,20.8,3.934,2.03,2,1,5,0,1,0,19.72,1,0,6,2026-08,3
FBJ-0042,2026-08-02,Tarde,B,Antena,AP-01,176,-53.0,17,13,83.1,20.8,6.668,1.9,2,0,0,0,1,0,23.33,1,0,6,2026-08,3
FBJ-0043,2026-08-02,Tarde,B,Cable,,318,,17,13,83.1,20.8,6.997,1.52,8,0,0,0,1,0,35.0,0,1,6,2026-08,3
FBJ-0044,2026-08-02,Tarde,B,Cable,,86,,17,13,83.1,20.8,2.223,0.76,8,0,0,0,1,0,26.16,0,0,6,2026-08,3
FBJ-0046,2026-08-02,Tarde,B,Antena,AP-01,177,-50.9,17,13,83.1,20.8,4.546,1.05,2,0,0,0,1,0,27.69,1,0,6,2026-08,3
FBJ-0047,2026-08-02,Tarde,B,Antena,AP-02,453,-71.2,17,13,83.1,20.8,0.902,0.48,5,0,0,0,1,0,15.34,1,0,6,2026-08,3
FBJ-0050,2026-08-02,Tarde,B,Antena,AP-02,277,-61.0,17,13,83.1,20.8,2.465,0.85,6,0,0,0,1,0,20.64,1,0,6,2026-08,3
FBJ-0052,2026-08-02,Tarde,B,Cable,,288,,17,13,83.1,20.8,5.704,1.96,7,0,0,0,1,0,28.74,0,0,6,2026-08,3
FBJ-0057,2026-08-02,Tarde,B,Antena,AP-01,851,-81.4,17,13,83.1,20.8,1.255,0.57,3,0,0,0,1,0,16.18,1,0,6,2026-08,3
FBJ-0058,2026-08-02,Tarde,B,Antena,AP-02,308,-59.0,17,13,83.1,20.8,4.673,2.4,7,0,0,0,1,0,17.59,1,0,6,2026-08,3
FBJ-0059,2026-08-02,Tarde,B,Cable,,107,,17,13,83.1,20.8,8.845,2.36,1,1,15,0,1,0,29.47,0,0,6,2026-08,3
FBJ-0001,2026-08-02,Noche,A,Antena,AP-01,625,-74.5,21,16,176.7,44.2,4.162,3.47,1,0,0,0,1,0,12.02,1,0,6,2026-08,4
FBJ-0003,2026-08-02,Noche,A,Antena,AP-02,392,-66.0,21,16,176.7,44.2,2.437,2.0,6,0,0,0,1,0,10.61,1,0,6,2026-08,4
FBJ-0004,2026-08-02,Noche,A,Cable,,322,,21,16,176.7,44.2,7.203,2.43,5,0,0,0,1,0,30.18,0,0,6,2026-08,4
FBJ-0005,2026-08-02,Noche,A,Cable,,179,,21,16,176.7,44.2,9.21,3.09,3,0,0,0,1,0,20.83,0,0,6,2026-08,4
FBJ-0010,2026-08-02,Noche,A,Antena,AP-01,482,-67.3,21,16,176.7,44.2,6.104,2.66,6,1,17,0,1,0,15.95,1,0,6,2026-08,4
FBJ-0011,2026-08-02,Noche,A,Antena,AP-02,440,-67.1,21,16,176.7,44.2,3.106,2.09,6,0,0,0,1,0,14.84,1,0,6,2026-08,4
FBJ-0012,2026-08-02,Noche,A,Antena,AP-01,631,-74.1,21,16,176.7,44.2,4.162,2.27,4,0,0,0,1,0,12.51,1,0,6,2026-08,4
FBJ-0013,2026-08-02,Noche,A,Antena,AP-02,111,-56.0,21,16,176.7,44.2,5.185,1.75,3,0,0,0,1,0,22.72,1,0,6,2026-08,4
FBJ-0014,2026-08-02,Noche,A,Antena,AP-01,319,-62.5,21,16,176.7,44.2,5.536,3.24,1,0,0,0,1,0,13.53,1,0,6,2026-08,4
FBJ-0015,2026-08-02,Noche,A,Antena,AP-02,894,-83.5,21,16,176.7,44.2,2.398,1.57,8,0,0,0,1,0,12.52,1,0,6,2026-08,4
FBJ-0018,2026-08-02,Noche,A,Cable,,281,,21,16,176.7,44.2,6.088,2.04,6,0,0,0,1,0,21.86,0,0,6,2026-08,4
FBJ-0019,2026-08-02,Noche,A,Cable,,81,,21,16,176.7,44.2,6.983,2.37,4,0,0,0,1,0,21.88,0,0,6,2026-08,4
FBJ-0020,2026-08-02,Noche,A,Antena,AP-01,244,-60.1,21,16,176.7,44.2,5.322,2.8,3,0,0,0,1,0,19.87,1,0,6,2026-08,4
FBJ-0021,2026-08-02,Noche,A,Cable,,163,,21,16,176.7,44.2,7.381,2.25,6,0,0,0,1,0,33.22,0,0,6,2026-08,4
FBJ-0022,2026-08-02,Noche,A,Antena,AP-02,838,-82.4,21,16,176.7,44.2,4.075,2.72,4,1,18,0,1,0,13.36,1,0,6,2026-08,4
FBJ-0023,2026-08-02,Noche,A,Antena,AP-01,872,-78.5,21,16,176.7,44.2,3.523,1.94,4,1,26,0,1,0,15.96,1,0,6,2026-08,4
FBJ-0025,2026-08-02,Noche,A,Antena,AP-01,575,-73.2,21,16,176.7,44.2,1.886,1.59,4,0,0,0,1,0,14.77,1,0,6,2026-08,4
FBJ-0026,2026-08-02,Noche,A,Antena,AP-02,283,-64.0,21,16,176.7,44.2,2.78,1.75,3,0,0,0,1,0,19.24,1,0,6,2026-08,4
FBJ-0027,2026-08-02,Noche,A,Cable,,85,,21,16,176.7,44.2,8.332,2.36,2,0,0,0,1,0,23.21,0,0,6,2026-08,4
FBJ-0029,2026-08-02,Noche,A,Cable,,251,,21,16,176.7,44.2,6.959,2.22,8,0,0,0,1,0,25.79,0,0,6,2026-08,4
FBJ-0030,2026-08-02,Noche,A,Antena,AP-02,116,-54.6,21,16,176.7,44.2,4.368,1.65,8,0,0,0,1,0,20.6,1,0,6,2026-08,4
FBJ-0033,2026-08-02,Noche,B,Antena,AP-01,719,-77.6,21,15,140.5,35.1,3.367,1.63,4,0,0,0,1,0,12.58,1,0,6,2026-08,4
FBJ-0034,2026-08-02,Noche,B,Antena,AP-02,604,-72.2,21,15,140.5,35.1,2.863,1.46,6,0,0,0,1,0,14.83,1,0,6,2026-08,4
FBJ-0035,2026-08-02,Noche,B,Cable,,154,,21,15,140.5,35.1,9.955,3.11,8,0,0,0,1,0,23.41,0,0,6,2026-08,4
FBJ-0036,2026-08-02,Noche,B,Antena,AP-01,831,-77.3,21,15,140.5,35.1,5.787,3.43,7,0,0,0,1,0,12.37,1,0,6,2026-08,4
FBJ-0037,2026-08-02,Noche,B,Cable,,205,,21,15,140.5,35.1,5.39,2.18,1,0,0,0,1,0,20.47,0,0,6,2026-08,4
FBJ-0040,2026-08-02,Noche,B,Antena,AP-01,564,-73.1,21,15,140.5,35.1,2.38,2.93,2,0,0,0,1,0,8.56,1,0,6,2026-08,4
FBJ-0041,2026-08-02,Noche,B,Antena,AP-02,509,-69.1,21,15,140.5,35.1,3.11,2.09,3,1,6,0,1,0,12.96,1,0,6,2026-08,4
FBJ-0043,2026-08-02,Noche,B,Cable,,318,,21,15,140.5,35.1,6.165,2.5,4,0,0,0,1,0,24.47,0,0,6,2026-08,4
FBJ-0045,2026-08-02,Noche,B,Antena,AP-02,848,-81.7,21,15,140.5,35.1,1.375,0.96,6,1,14,0,1,0,13.16,1,0,6,2026-08,4
FBJ-0046,2026-08-02,Noche,B,Antena,AP-01,177,-50.9,21,15,140.5,35.1,7.895,2.6,6,0,0,0,1,0,18.12,1,0,6,2026-08,4
FBJ-0047,2026-08-02,Noche,B,Antena,AP-02,453,-71.2,21,15,140.5,35.1,4.262,2.35,1,2,28,0,1,0,13.35,1,0,6,2026-08,4
FBJ-0048,2026-08-02,Noche,B,Antena,AP-01,721,-80.9,21,15,140.5,35.1,4.14,3.21,2,1,37,0,1,0,13.56,1,0,6,2026-08,4
FBJ-0049,2026-08-02,Noche,B,Cable,,350,,21,15,140.5,35.1,5.488,1.43,5,1,10,0,1,0,27.36,0,0,6,2026-08,4
FBJ-0052,2026-08-02,Noche,B,Cable,,288,,21,15,140.5,35.1,9.141,2.71,8,0,0,0,1,0,23.49,0,0,6,2026-08,4
FBJ-0053,2026-08-02,Noche,B,Antena,AP-01,245,-55.9,21,15,140.5,35.1,6.822,2.42,7,1,22,0,1,0,26.08,1,0,6,2026-08,4
FBJ-0054,2026-08-02,Noche,B,Antena,AP-02,302,-59.5,21,15,140.5,35.1,4.761,2.76,6,0,0,0,1,0,14.24,1,0,6,2026-08,4
FBJ-0056,2026-08-02,Noche,B,Antena,AP-02,549,-70.0,21,15,140.5,35.1,4.27,2.16,4,0,0,0,1,0,13.98,1,0,6,2026-08,4
FBJ-0057,2026-08-02,Noche,B,Antena,AP-01,851,-81.4,21,15,140.5,35.1,6.297,3.08,8,3,48,0,1,0,13.99,1,0,6,2026-08,4
FBJ-0058,2026-08-02,Noche,B,Antena,AP-02,308,-59.0,21,15,140.5,35.1,3.375,2.66,6,0,0,0,1,0,13.96,1,0,6,2026-08,4
FBJ-0059,2026-08-02,Noche,B,Cable,,107,,21,15,140.5,35.1,7.798,2.9,8,0,0,0,1,0,29.47,0,0,6,2026-08,4
FBJ-0060,2026-08-02,Noche,B,Cable,,110,,21,15,140.5,35.1,7.916,2.81,1,0,0,0,1,0,21.65,0,0,6,2026-08,4
FBJ-0009,2026-08-03,Madrugada,A,Antena,AP-02,565,-72.0,2,2,10.3,2.6,3.407,1.26,6,0,0,0,0,0,20.43,1,0,0,2026-08,1
FBJ-0024,2026-08-03,Madrugada,A,Antena,AP-02,169,-58.3,2,2,10.3,2.6,2.714,0.9,8,0,0,0,0,0,28.15,1,0,0,2026-08,1
FBJ-0035,2026-08-03,Madrugada,B,Cable,,154,,2,2,33.2,8.3,3.935,1.0,5,0,0,0,0,0,35.0,0,1,0,2026-08,1
FBJ-0046,2026-08-03,Madrugada,B,Antena,AP-01,177,-50.9,2,2,33.2,8.3,4.827,1.16,2,0,0,0,0,0,24.61,1,0,0,2026-08,1
FBJ-0052,2026-08-03,Madrugada,B,Cable,,288,,2,2,33.2,8.3,3.061,0.68,2,0,0,0,0,0,35.0,0,1,0,2026-08,1
FBJ-0004,2026-08-03,Mañana,A,Cable,,322,,5,5,58.9,14.7,5.114,1.26,6,0,0,0,0,0,29.93,0,0,0,2026-08,2
FBJ-0007,2026-08-03,Mañana,A,Antena,AP-02,594,-68.6,5,5,58.9,14.7,1.575,0.83,3,0,0,0,0,0,17.0,1,0,0,2026-08,2
FBJ-0024,2026-08-03,Mañana,A,Antena,AP-02,169,-58.3,5,5,58.9,14.7,5.63,1.77,2,0,0,0,0,0,31.71,1,0,0,2026-08,2
FBJ-0026,2026-08-03,Mañana,A,Antena,AP-02,283,-64.0,5,5,58.9,14.7,5.036,1.92,4,0,0,0,0,0,23.56,1,0,0,2026-08,2
FBJ-0027,2026-08-03,Mañana,A,Cable,,85,,5,5,58.9,14.7,16.661,3.72,6,0,0,0,0,0,31.16,0,0,0,2026-08,2
FBJ-0031,2026-08-03,Mañana,B,Cable,,202,,13,10,117.5,29.4,3.653,0.92,5,0,0,0,0,0,33.64,0,0,0,2026-08,2
FBJ-0032,2026-08-03,Mañana,B,Cable,,302,,13,10,117.5,29.4,3.403,0.76,7,0,0,0,0,0,35.0,0,1,0,2026-08,2
FBJ-0033,2026-08-03,Mañana,B,Antena,AP-01,719,-77.6,13,10,117.5,29.4,4.884,2.23,2,0,0,0,0,0,20.43,1,0,0,2026-08,2
FBJ-0034,2026-08-03,Mañana,B,Antena,AP-02,604,-72.2,13,10,117.5,29.4,4.005,1.96,6,0,0,0,0,0,17.99,1,0,0,2026-08,2
FBJ-0035,2026-08-03,Mañana,B,Cable,,154,,13,10,117.5,29.4,12.606,2.98,7,0,0,0,0,0,35.0,0,1,0,2026-08,2
FBJ-0037,2026-08-03,Mañana,B,Cable,,205,,13,10,117.5,29.4,7.907,2.01,6,0,0,0,0,0,35.0,0,1,0,2026-08,2
FBJ-0039,2026-08-03,Mañana,B,Cable,,288,,13,10,117.5,29.4,7.267,1.36,3,1,10,0,0,0,35.0,0,1,0,2026-08,2
FBJ-0040,2026-08-03,Mañana,B,Antena,AP-01,564,-73.1,13,10,117.5,29.4,5.176,2.18,2,0,0,0,0,0,16.31,1,0,0,2026-08,2
FBJ-0042,2026-08-03,Mañana,B,Antena,AP-01,176,-53.0,13,10,117.5,29.4,5.861,1.72,1,0,0,0,0,0,35.0,1,1,0,2026-08,2
FBJ-0044,2026-08-03,Mañana,B,Cable,,86,,13,10,117.5,29.4,10.295,2.74,3,0,0,0,0,0,35.0,0,1,0,2026-08,2
FBJ-0047,2026-08-03,Mañana,B,Antena,AP-02,453,-71.2,13,10,117.5,29.4,2.656,1.44,5,0,0,0,0,0,16.46,1,0,0,2026-08,2
FBJ-0049,2026-08-03,Mañana,B,Cable,,350,,13,10,117.5,29.4,7.187,1.58,1,0,0,0,0,0,31.39,0,0,0,2026-08,2
FBJ-0053,2026-08-03,Mañana,B,Antena,AP-01,245,-55.9,13,10,117.5,29.4,6.352,1.82,2,0,0,0,0,0,24.99,1,0,0,2026-08,2
FBJ-0054,2026-08-03,Mañana,B,Antena,AP-02,302,-59.5,13,10,117.5,29.4,4.78,2.23,1,0,0,0,0,0,22.73,1,0,0,2026-08,2
FBJ-0057,2026-08-03,Mañana,B,Antena,AP-01,851,-81.4,13,10,117.5,29.4,3.49,1.55,6,0,0,0,0,0,15.35,1,0,0,2026-08,2
FBJ-0001,2026-08-03,Tarde,A,Antena,AP-01,625,-74.5,10,7,46.3,11.6,5.536,2.26,3,1,6,0,0,0,19.07,1,0,0,2026-08,3
FBJ-0004,2026-08-03,Tarde,A,Cable,,322,,10,7,46.3,11.6,6.155,1.29,2,0,0,0,0,0,35.0,0,1,0,2026-08,3
FBJ-0005,2026-08-03,Tarde,A,Cable,,179,,10,7,46.3,11.6,2.4,1.04,6,0,0,0,0,0,23.18,0,0,0,2026-08,3
FBJ-0007,2026-08-03,Tarde,A,Antena,AP-02,594,-68.6,10,7,46.3,11.6,4.378,1.53,5,0,0,0,0,0,19.26,1,0,0,2026-08,3
FBJ-0009,2026-08-03,Tarde,A,Antena,AP-02,565,-72.0,10,7,46.3,11.6,3.343,2.03,2,0,0,0,0,0,16.13,1,0,0,2026-08,3
FBJ-0011,2026-08-03,Tarde,A,Antena,AP-02,440,-67.1,10,7,46.3,11.6,1.291,0.81,6,0,0,0,0,0,16.39,1,0,0,2026-08,3
FBJ-0013,2026-08-03,Tarde,A,Antena,AP-02,111,-56.0,10,7,46.3,11.6,4.034,1.22,3,0,0,0,0,0,28.31,1,0,0,2026-08,3
FBJ-0019,2026-08-03,Tarde,A,Cable,,81,,10,7,46.3,11.6,6.61,1.54,1,0,0,0,0,0,33.83,0,0,0,2026-08,3
FBJ-0021,2026-08-03,Tarde,A,Cable,,163,,10,7,46.3,11.6,13.353,2.63,5,0,0,0,0,0,35.0,0,1,0,2026-08,3
FBJ-0022,2026-08-03,Tarde,A,Antena,AP-02,838,-82.4,10,7,46.3,11.6,0.864,0.38,1,1,23,0,0,0,15.41,1,0,0,2026-08,3
FBJ-0024,2026-08-03,Tarde,A,Antena,AP-02,169,-58.3,10,7,46.3,11.6,7.318,1.81,8,0,0,0,0,0,28.88,1,0,0,2026-08,3
FBJ-0025,2026-08-03,Tarde,A,Antena,AP-01,575,-73.2,10,7,46.3,11.6,5.13,2.0,6,0,0,0,0,0,22.7,1,0,0,2026-08,3
FBJ-0027,2026-08-03,Tarde,A,Cable,,85,,10,7,46.3,11.6,3.969,1.04,5,0,0,0,0,0,35.0,0,1,0,2026-08,3
FBJ-0029,2026-08-03,Tarde,A,Cable,,251,,10,7,46.3,11.6,4.167,0.84,8,0,0,0,0,0,35.0,0,1,0,2026-08,3
FBJ-0030,2026-08-03,Tarde,A,Antena,AP-02,116,-54.6,10,7,46.3,11.6,3.812,1.58,3,0,0,0,0,0,22.77,1,0,0,2026-08,3
FBJ-0031,2026-08-03,Tarde,B,Cable,,202,,10,8,37.9,9.5,2.862,0.97,6,0,0,0,0,0,34.65,0,0,0,2026-08,3
FBJ-0033,2026-08-03,Tarde,B,Antena,AP-01,719,-77.6,10,8,37.9,9.5,3.454,1.16,5,0,0,0,0,0,18.14,1,0,0,2026-08,3
FBJ-0035,2026-08-03,Tarde,B,Cable,,154,,10,8,37.9,9.5,5.742,1.57,4,0,0,0,0,0,34.22,0,0,0,2026-08,3
FBJ-0036,2026-08-03,Tarde,B,Antena,AP-01,831,-77.3,10,8,37.9,9.5,2.949,1.32,1,0,0,0,0,0,16.44,1,0,0,2026-08,3
FBJ-0039,2026-08-03,Tarde,B,Cable,,288,,10,8,37.9,9.5,6.119,1.64,4,0,0,0,0,0,29.66,0,0,0,2026-08,3
FBJ-0040,2026-08-03,Tarde,B,Antena,AP-01,564,-73.1,10,8,37.9,9.5,2.133,1.28,2,0,0,0,0,0,17.18,1,0,0,2026-08,3
FBJ-0041,2026-08-03,Tarde,B,Antena,AP-02,509,-69.1,10,8,37.9,9.5,3.344,1.77,4,0,0,0,0,0,17.46,1,0,0,2026-08,3
FBJ-0043,2026-08-03,Tarde,B,Cable,,318,,10,8,37.9,9.5,5.408,1.22,2,0,0,0,0,0,35.0,0,1,0,2026-08,3
FBJ-0044,2026-08-03,Tarde,B,Cable,,86,,10,8,37.9,9.5,3.549,0.84,7,0,0,0,0,0,35.0,0,1,0,2026-08,3
FBJ-0046,2026-08-03,Tarde,B,Antena,AP-01,177,-50.9,10,8,37.9,9.5,2.288,0.41,7,0,0,0,0,0,35.0,1,1,0,2026-08,3
FBJ-0047,2026-08-03,Tarde,B,Antena,AP-02,453,-71.2,10,8,37.9,9.5,3.344,2.31,8,0,0,0,0,0,13.49,1,0,0,2026-08,3
FBJ-0048,2026-08-03,Tarde,B,Antena,AP-01,721,-80.9,10,8,37.9,9.5,1.817,0.95,5,2,44,0,0,0,15.18,1,0,0,2026-08,3
FBJ-0049,2026-08-03,Tarde,B,Cable,,350,,10,8,37.9,9.5,5.877,1.77,7,1,36,0,0,0,26.6,0,0,0,2026-08,3
FBJ-0050,2026-08-03,Tarde,B,Antena,AP-02,277,-61.0,10,8,37.9,9.5,2.085,1.01,1,0,0,0,0,0,22.21,1,0,0,2026-08,3
FBJ-0051,2026-08-03,Tarde,B,Cable,,42,,10,8,37.9,9.5,6.489,1.16,8,0,0,0,0,0,35.0,0,1,0,2026-08,3
FBJ-0052,2026-08-03,Tarde,B,Cable,,288,,10,8,37.9,9.5,6.614,1.36,5,0,0,0,0,0,35.0,0,1,0,2026-08,3
FBJ-0053,2026-08-03,Tarde,B,Antena,AP-01,245,-55.9,10,8,37.9,9.5,3.099,1.07,3,0,0,0,0,0,25.48,1,0,0,2026-08,3
FBJ-0056,2026-08-03,Tarde,B,Antena,AP-02,549,-70.0,10,8,37.9,9.5,2.343,0.93,3,0,0,0,0,0,16.8,1,0,0,2026-08,3
FBJ-0058,2026-08-03,Tarde,B,Antena,AP-02,308,-59.0,10,8,37.9,9.5,3.376,1.26,1,0,0,0,0,0,21.53,1,0,0,2026-08,3
FBJ-0059,2026-08-03,Tarde,B,Cable,,107,,10,8,37.9,9.5,8.111,1.87,3,1,39,0,0,0,34.35,0,0,0,2026-08,3
FBJ-0003,2026-08-03,Noche,A,Antena,AP-02,392,-66.0,10,7,52.1,13.0,2.307,0.82,3,0,0,0,0,0,19.67,1,0,0,2026-08,4
FBJ-0004,2026-08-03,Noche,A,Cable,,322,,10,7,52.1,13.0,9.394,2.97,7,0,0,0,0,0,35.0,0,1,0,2026-08,4
FBJ-0005,2026-08-03,Noche,A,Cable,,179,,10,7,52.1,13.0,10.149,2.03,1,0,0,0,0,0,35.0,0,1,0,2026-08,4
FBJ-0011,2026-08-03,Noche,A,Antena,AP-02,440,-67.1,10,7,52.1,13.0,4.153,2.21,5,0,0,0,0,0,18.77,1,0,0,2026-08,4
FBJ-0012,2026-08-03,Noche,A,Antena,AP-01,631,-74.1,10,7,52.1,13.0,4.121,1.92,4,0,0,0,0,0,14.44,1,0,0,2026-08,4
FBJ-0015,2026-08-03,Noche,A,Antena,AP-02,894,-83.5,10,7,52.1,13.0,7.838,2.46,4,1,20,0,0,0,23.48,1,0,0,2026-08,4
FBJ-0018,2026-08-03,Noche,A,Cable,,281,,10,7,52.1,13.0,6.945,1.92,2,0,0,0,0,0,30.42,0,0,0,2026-08,4
FBJ-0020,2026-08-03,Noche,A,Antena,AP-01,244,-60.1,10,7,52.1,13.0,6.528,2.24,2,0,0,0,0,0,21.42,1,0,0,2026-08,4
FBJ-0021,2026-08-03,Noche,A,Cable,,163,,10,7,52.1,13.0,5.766,1.76,4,0,0,0,0,0,31.98,0,0,0,2026-08,4
FBJ-0023,2026-08-03,Noche,A,Antena,AP-01,872,-78.5,10,7,52.1,13.0,3.656,2.1,3,1,25,0,0,0,20.83,1,0,0,2026-08,4
FBJ-0025,2026-08-03,Noche,A,Antena,AP-01,575,-73.2,10,7,52.1,13.0,3.534,1.77,5,1,16,0,0,0,18.52,1,0,0,2026-08,4
FBJ-0026,2026-08-03,Noche,A,Antena,AP-02,283,-64.0,10,7,52.1,13.0,4.699,3.01,6,1,31,0,0,0,18.11,1,0,0,2026-08,4
FBJ-0027,2026-08-03,Noche,A,Cable,,85,,10,7,52.1,13.0,7.957,2.16,3,0,0,0,0,0,33.85,0,0,0,2026-08,4
FBJ-0029,2026-08-03,Noche,A,Cable,,251,,10,7,52.1,13.0,8.936,1.84,3,0,0,0,0,0,35.0,0,1,0,2026-08,4
FBJ-0030,2026-08-03,Noche,A,Antena,AP-02,116,-54.6,10,7,52.1,13.0,7.133,1.94,4,0,0,0,0,0,30.51,1,0,0,2026-08,4
FBJ-0031,2026-08-03,Noche,B,Cable,,202,,19,13,170.4,42.6,4.429,1.68,8,0,0,0,0,0,33.42,0,0,0,2026-08,4
FBJ-0033,2026-08-03,Noche,B,Antena,AP-01,719,-77.6,19,13,170.4,42.6,4.298,2.69,7,0,0,0,0,0,14.36,1,0,0,2026-08,4
FBJ-0034,2026-08-03,Noche,B,Antena,AP-02,604,-72.2,19,13,170.4,42.6,3.738,1.83,8,0,0,0,0,0,13.48,1,0,0,2026-08,4
FBJ-0035,2026-08-03,Noche,B,Cable,,154,,19,13,170.4,42.6,16.454,3.61,5,0,0,0,0,0,33.59,0,0,0,2026-08,4
FBJ-0040,2026-08-03,Noche,B,Antena,AP-01,564,-73.1,19,13,170.4,42.6,6.71,3.07,6,0,0,0,0,0,16.54,1,0,0,2026-08,4
FBJ-0041,2026-08-03,Noche,B,Antena,AP-02,509,-69.1,19,13,170.4,42.6,3.374,2.25,3,0,0,0,0,0,12.87,1,0,0,2026-08,4
FBJ-0042,2026-08-03,Noche,B,Antena,AP-01,176,-53.0,19,13,170.4,42.6,5.875,1.95,2,0,0,0,0,0,22.95,1,0,0,2026-08,4
FBJ-0044,2026-08-03,Noche,B,Cable,,86,,19,13,170.4,42.6,3.137,1.12,1,0,0,0,0,0,23.59,0,0,0,2026-08,4
FBJ-0045,2026-08-03,Noche,B,Antena,AP-02,848,-81.7,19,13,170.4,42.6,4.01,2.75,5,0,0,0,0,0,12.33,1,0,0,2026-08,4
FBJ-0046,2026-08-03,Noche,B,Antena,AP-01,177,-50.9,19,13,170.4,42.6,8.901,1.78,7,0,0,0,0,0,31.56,1,0,0,2026-08,4
FBJ-0047,2026-08-03,Noche,B,Antena,AP-02,453,-71.2,19,13,170.4,42.6,3.162,2.33,2,0,0,0,0,0,12.22,1,0,0,2026-08,4
FBJ-0048,2026-08-03,Noche,B,Antena,AP-01,721,-80.9,19,13,170.4,42.6,5.731,3.42,4,0,0,0,0,0,14.59,1,0,0,2026-08,4
FBJ-0049,2026-08-03,Noche,B,Cable,,350,,19,13,170.4,42.6,6.986,2.26,3,0,0,0,0,0,24.56,0,0,0,2026-08,4
FBJ-0050,2026-08-03,Noche,B,Antena,AP-02,277,-61.0,19,13,170.4,42.6,7.031,3.33,4,0,0,0,0,0,19.37,1,0,0,2026-08,4
FBJ-0052,2026-08-03,Noche,B,Cable,,288,,19,13,170.4,42.6,5.824,2.18,5,0,0,0,0,0,26.28,0,0,0,2026-08,4
FBJ-0057,2026-08-03,Noche,B,Antena,AP-01,851,-81.4,19,13,170.4,42.6,4.701,2.05,2,1,7,0,0,0,16.93,1,0,0,2026-08,4
FBJ-0058,2026-08-03,Noche,B,Antena,AP-02,308,-59.0,19,13,170.4,42.6,6.369,3.04,6,0,0,0,0,0,17.89,1,0,0,2026-08,4
FBJ-0059,2026-08-03,Noche,B,Cable,,107,,19,13,170.4,42.6,18.564,4.01,8,0,0,0,0,0,35.0,0,1,0,2026-08,4
FBJ-0060,2026-08-03,Noche,B,Cable,,110,,19,13,170.4,42.6,9.066,2.1,4,0,0,0,0,0,32.25,0,0,0,2026-08,4
FBJ-0009,2026-08-04,Madrugada,A,Antena,AP-02,565,-72.0,5,3,70.6,17.6,2.111,1.38,7,0,0,0,0,0,16.11,1,0,1,2026-08,1
FBJ-0025,2026-08-04,Madrugada,A,Antena,AP-01,575,-73.2,5,3,70.6,17.6,2.464,1.2,8,0,0,0,0,0,15.84,1,0,1,2026-08,1
FBJ-0037,2026-08-04,Madrugada,B,Cable,,205,,3,2,25.2,6.3,4.145,1.13,5,1,29,0,0,0,35.0,0,1,1,2026-08,1
FBJ-0041,2026-08-04,Madrugada,B,Antena,AP-02,509,-69.1,3,2,25.2,6.3,2.861,1.11,6,0,0,0,0,0,19.28,1,0,1,2026-08,1
FBJ-0049,2026-08-04,Madrugada,B,Cable,,350,,3,2,25.2,6.3,0.693,0.2,4,0,0,0,0,0,29.76,0,0,1,2026-08,1
FBJ-0003,2026-08-04,Mañana,A,Antena,AP-02,392,-66.0,10,7,58.9,14.7,2.395,1.07,6,0,0,0,0,0,14.12,1,0,1,2026-08,2
FBJ-0004,2026-08-04,Mañana,A,Cable,,322,,10,7,58.9,14.7,2.643,0.6,8,0,0,0,0,0,35.0,0,1,1,2026-08,2
FBJ-0007,2026-08-04,Mañana,A,Antena,AP-02,594,-68.6,10,7,58.9,14.7,0.928,0.57,1,0,0,0,0,0,17.28,1,0,1,2026-08,2
FBJ-0024,2026-08-04,Mañana,A,Antena,AP-02,169,-58.3,10,7,58.9,14.7,2.277,1.08,3,0,0,0,0,0,22.95,1,0,1,2026-08,2
FBJ-0027,2026-08-04,Mañana,A,Cable,,85,,10,7,58.9,14.7,7.881,1.73,5,0,0,0,0,0,33.76,0,0,1,2026-08,2
FBJ-0031,2026-08-04,Mañana,B,Cable,,202,,12,7,103.2,25.8,2.954,0.76,6,0,0,0,0,0,35.0,0,1,1,2026-08,2
FBJ-0036,2026-08-04,Mañana,B,Antena,AP-01,831,-77.3,12,7,103.2,25.8,5.023,1.57,4,0,0,0,0,0,23.76,1,0,1,2026-08,2
FBJ-0037,2026-08-04,Mañana,B,Cable,,205,,12,7,103.2,25.8,6.339,1.71,7,0,0,0,0,0,35.0,0,1,1,2026-08,2
FBJ-0039,2026-08-04,Mañana,B,Cable,,288,,12,7,103.2,25.8,8.898,2.34,8,0,0,0,0,0,26.39,0,0,1,2026-08,2
FBJ-0043,2026-08-04,Mañana,B,Cable,,318,,12,7,103.2,25.8,3.851,1.1,3,0,0,0,0,0,35.0,0,1,1,2026-08,2
FBJ-0046,2026-08-04,Mañana,B,Antena,AP-01,177,-50.9,12,7,103.2,25.8,10.881,3.03,8,0,0,0,0,0,35.0,1,1,1,2026-08,2
FBJ-0047,2026-08-04,Mañana,B,Antena,AP-02,453,-71.2,12,7,103.2,25.8,2.42,1.71,5,0,0,0,0,0,11.97,1,0,1,2026-08,2
FBJ-0049,2026-08-04,Mañana,B,Cable,,350,,12,7,103.2,25.8,7.499,1.64,4,0,0,0,0,0,34.34,0,0,1,2026-08,2
FBJ-0050,2026-08-04,Mañana,B,Antena,AP-02,277,-61.0,12,7,103.2,25.8,4.006,1.09,5,0,0,0,0,0,29.43,1,0,1,2026-08,2
FBJ-0054,2026-08-04,Mañana,B,Antena,AP-02,302,-59.5,12,7,103.2,25.8,2.181,0.92,3,0,0,0,0,0,24.24,1,0,1,2026-08,2
FBJ-0056,2026-08-04,Mañana,B,Antena,AP-02,549,-70.0,12,7,103.2,25.8,2.83,1.48,8,0,0,0,0,0,16.93,1,0,1,2026-08,2
FBJ-0058,2026-08-04,Mañana,B,Antena,AP-02,308,-59.0,12,7,103.2,25.8,2.5,1.1,3,0,0,0,0,0,26.41,1,0,1,2026-08,2
FBJ-0001,2026-08-04,Tarde,A,Antena,AP-01,625,-74.5,9,5,73.6,18.4,2.915,1.2,8,0,0,0,0,0,18.76,1,0,1,2026-08,3
FBJ-0003,2026-08-04,Tarde,A,Antena,AP-02,392,-66.0,9,5,73.6,18.4,5.653,2.19,1,0,0,0,0,0,22.37,1,0,1,2026-08,3
FBJ-0005,2026-08-04,Tarde,A,Cable,,179,,9,5,73.6,18.4,7.82,1.95,3,0,0,0,0,0,34.92,0,1,1,2026-08,3
FBJ-0007,2026-08-04,Tarde,A,Antena,AP-02,594,-68.6,9,5,73.6,18.4,2.258,1.21,5,0,0,0,0,0,19.25,1,0,1,2026-08,3
FBJ-0013,2026-08-04,Tarde,A,Antena,AP-02,111,-56.0,9,5,73.6,18.4,4.046,1.28,8,0,0,0,0,0,28.13,1,0,1,2026-08,3
FBJ-0015,2026-08-04,Tarde,A,Antena,AP-02,894,-83.5,9,5,73.6,18.4,1.492,0.59,6,0,0,0,0,0,19.65,1,0,1,2026-08,3
FBJ-0020,2026-08-04,Tarde,A,Antena,AP-01,244,-60.1,9,5,73.6,18.4,3.663,1.03,6,0,0,0,0,0,31.56,1,0,1,2026-08,3
FBJ-0023,2026-08-04,Tarde,A,Antena,AP-01,872,-78.5,9,5,73.6,18.4,1.827,0.87,8,1,14,0,0,0,16.99,1,0,1,2026-08,3
FBJ-0026,2026-08-04,Tarde,A,Antena,AP-02,283,-64.0,9,5,73.6,18.4,3.296,1.0,1,0,0,0,0,0,25.7,1,0,1,2026-08,3
FBJ-0029,2026-08-04,Tarde,A,Cable,,251,,9,5,73.6,18.4,4.548,1.15,8,0,0,0,0,0,35.0,0,1,1,2026-08,3
FBJ-0030,2026-08-04,Tarde,A,Antena,AP-02,116,-54.6,9,5,73.6,18.4,0.541,0.25,1,0,0,0,0,0,23.61,1,0,1,2026-08,3
FBJ-0031,2026-08-04,Tarde,B,Cable,,202,,18,14,105.2,26.3,3.608,1.31,3,0,0,0,0,0,31.49,0,0,1,2026-08,3
FBJ-0032,2026-08-04,Tarde,B,Cable,,302,,18,14,105.2,26.3,4.954,1.25,5,0,0,0,0,0,31.01,0,0,1,2026-08,3
FBJ-0033,2026-08-04,Tarde,B,Antena,AP-01,719,-77.6,18,14,105.2,26.3,3.629,2.48,1,0,0,0,0,0,11.73,1,0,1,2026-08,3
FBJ-0037,2026-08-04,Tarde,B,Cable,,205,,18,14,105.2,26.3,2.425,0.79,1,0,0,0,0,0,34.8,0,0,1,2026-08,3
FBJ-0040,2026-08-04,Tarde,B,Antena,AP-01,564,-73.1,18,14,105.2,26.3,0.641,0.31,6,1,23,0,0,0,15.04,1,0,1,2026-08,3
FBJ-0042,2026-08-04,Tarde,B,Antena,AP-01,176,-53.0,18,14,105.2,26.3,4.285,1.33,5,0,0,0,0,0,21.66,1,0,1,2026-08,3
FBJ-0044,2026-08-04,Tarde,B,Cable,,86,,18,14,105.2,26.3,1.246,0.46,8,0,0,0,0,0,22.87,0,0,1,2026-08,3
FBJ-0047,2026-08-04,Tarde,B,Antena,AP-02,453,-71.2,18,14,105.2,26.3,4.267,2.8,8,0,0,0,0,0,13.25,1,0,1,2026-08,3
FBJ-0049,2026-08-04,Tarde,B,Cable,,350,,18,14,105.2,26.3,8.361,1.68,7,0,0,0,0,0,31.03,0,0,1,2026-08,3
FBJ-0050,2026-08-04,Tarde,B,Antena,AP-02,277,-61.0,18,14,105.2,26.3,2.261,0.61,5,1,9,0,0,0,25.51,1,0,1,2026-08,3
FBJ-0053,2026-08-04,Tarde,B,Antena,AP-01,245,-55.9,18,14,105.2,26.3,2.088,0.44,1,0,0,0,0,0,29.43,1,0,1,2026-08,3
FBJ-0056,2026-08-04,Tarde,B,Antena,AP-02,549,-70.0,18,14,105.2,26.3,2.29,1.49,8,0,0,0,0,0,14.32,1,0,1,2026-08,3
FBJ-0059,2026-08-04,Tarde,B,Cable,,107,,18,14,105.2,26.3,7.259,2.15,8,0,0,0,0,0,26.85,0,0,1,2026-08,3
FBJ-0060,2026-08-04,Tarde,B,Cable,,110,,18,14,105.2,26.3,3.951,1.25,2,2,40,0,0,0,25.42,0,0,1,2026-08,3
FBJ-0001,2026-08-04,Noche,A,Antena,AP-01,625,-74.5,16,8,40.2,10.1,4.742,2.13,7,0,0,0,0,0,15.42,1,0,1,2026-08,4
FBJ-0005,2026-08-04,Noche,A,Cable,,179,,16,8,40.2,10.1,11.016,2.21,2,0,0,0,0,0,35.0,0,1,1,2026-08,4
FBJ-0010,2026-08-04,Noche,A,Antena,AP-01,482,-67.3,16,8,40.2,10.1,5.429,2.67,8,0,0,0,0,0,15.68,1,0,1,2026-08,4
FBJ-0013,2026-08-04,Noche,A,Antena,AP-02,111,-56.0,16,8,40.2,10.1,7.051,2.15,5,0,0,0,0,0,26.93,1,0,1,2026-08,4
FBJ-0014,2026-08-04,Noche,A,Antena,AP-01,319,-62.5,16,8,40.2,10.1,6.801,1.88,7,0,0,0,0,0,27.34,1,0,1,2026-08,4
FBJ-0015,2026-08-04,Noche,A,Antena,AP-02,894,-83.5,16,8,40.2,10.1,1.407,0.71,1,0,0,0,0,0,15.42,1,0,1,2026-08,4
FBJ-0018,2026-08-04,Noche,A,Cable,,281,,16,8,40.2,10.1,17.725,3.29,5,0,0,0,0,0,35.0,0,1,1,2026-08,4
FBJ-0019,2026-08-04,Noche,A,Cable,,81,,16,8,40.2,10.1,4.961,1.47,6,0,0,0,0,0,26.54,0,0,1,2026-08,4
FBJ-0020,2026-08-04,Noche,A,Antena,AP-01,244,-60.1,16,8,40.2,10.1,7.511,2.0,2,0,0,0,0,0,26.28,1,0,1,2026-08,4
FBJ-0022,2026-08-04,Noche,A,Antena,AP-02,838,-82.4,16,8,40.2,10.1,7.682,2.29,1,0,0,0,0,0,28.16,1,0,1,2026-08,4
FBJ-0024,2026-08-04,Noche,A,Antena,AP-02,169,-58.3,16,8,40.2,10.1,6.113,2.61,6,0,0,0,0,0,24.54,1,0,1,2026-08,4
FBJ-0025,2026-08-04,Noche,A,Antena,AP-01,575,-73.2,16,8,40.2,10.1,4.7,2.41,6,0,0,0,0,0,18.23,1,0,1,2026-08,4
FBJ-0030,2026-08-04,Noche,A,Antena,AP-02,116,-54.6,16,8,40.2,10.1,3.419,2.07,2,0,0,0,0,0,20.52,1,0,1,2026-08,4
FBJ-0031,2026-08-04,Noche,B,Cable,,202,,19,12,113.3,28.3,13.215,3.63,6,0,0,0,0,0,32.44,0,0,1,2026-08,4
FBJ-0033,2026-08-04,Noche,B,Antena,AP-01,719,-77.6,19,12,113.3,28.3,3.346,1.32,1,0,0,0,0,0,16.49,1,0,1,2026-08,4
FBJ-0035,2026-08-04,Noche,B,Cable,,154,,19,12,113.3,28.3,7.104,2.15,7,1,30,0,0,0,35.0,0,1,1,2026-08,4
FBJ-0037,2026-08-04,Noche,B,Cable,,205,,19,12,113.3,28.3,5.021,2.05,4,1,18,0,0,0,27.62,0,0,1,2026-08,4
FBJ-0041,2026-08-04,Noche,B,Antena,AP-02,509,-69.1,19,12,113.3,28.3,4.765,2.4,7,0,0,0,0,0,17.05,1,0,1,2026-08,4
FBJ-0042,2026-08-04,Noche,B,Antena,AP-01,176,-53.0,19,12,113.3,28.3,10.143,3.32,4,0,0,0,0,0,24.95,1,0,1,2026-08,4
FBJ-0043,2026-08-04,Noche,B,Cable,,318,,19,12,113.3,28.3,7.391,1.96,3,0,0,0,0,0,35.0,0,1,1,2026-08,4
FBJ-0044,2026-08-04,Noche,B,Cable,,86,,19,12,113.3,28.3,2.649,0.73,7,0,0,0,0,0,35.0,0,1,1,2026-08,4
FBJ-0045,2026-08-04,Noche,B,Antena,AP-02,848,-81.7,19,12,113.3,28.3,4.409,2.09,4,2,14,0,0,0,18.58,1,0,1,2026-08,4
FBJ-0046,2026-08-04,Noche,B,Antena,AP-01,177,-50.9,19,12,113.3,28.3,11.941,2.21,6,0,0,0,0,0,35.0,1,1,1,2026-08,4
FBJ-0047,2026-08-04,Noche,B,Antena,AP-02,453,-71.2,19,12,113.3,28.3,6.334,2.91,2,0,0,0,0,0,18.85,1,0,1,2026-08,4
FBJ-0048,2026-08-04,Noche,B,Antena,AP-01,721,-80.9,19,12,113.3,28.3,7.226,2.21,5,0,0,0,0,0,25.13,1,0,1,2026-08,4
FBJ-0049,2026-08-04,Noche,B,Cable,,350,,19,12,113.3,28.3,6.914,2.02,6,0,0,0,0,0,31.9,0,0,1,2026-08,4
FBJ-0050,2026-08-04,Noche,B,Antena,AP-02,277,-61.0,19,12,113.3,28.3,4.109,1.81,5,0,0,0,0,0,22.34,1,0,1,2026-08,4
FBJ-0051,2026-08-04,Noche,B,Cable,,42,,19,12,113.3,28.3,7.02,1.91,7,0,0,0,0,0,35.0,0,1,1,2026-08,4
FBJ-0054,2026-08-04,Noche,B,Antena,AP-02,302,-59.5,19,12,113.3,28.3,3.486,1.97,4,0,0,0,0,0,18.89,1,0,1,2026-08,4
FBJ-0056,2026-08-04,Noche,B,Antena,AP-02,549,-70.0,19,12,113.3,28.3,4.842,1.93,3,0,0,0,0,0,16.7,1,0,1,2026-08,4
FBJ-0059,2026-08-04,Noche,B,Cable,,107,,19,12,113.3,28.3,10.123,2.63,1,0,0,0,0,0,35.0,0,1,1,2026-08,4
FBJ-0012,2026-08-05,Madrugada,A,Antena,AP-01,631,-74.1,1,1,35.0,8.8,3.707,1.28,3,1,15,0,0,0,20.24,1,0,2,2026-08,1
FBJ-0047,2026-08-05,Madrugada,B,Antena,AP-02,453,-71.2,2,1,11.6,2.9,3.273,2.24,3,0,0,0,0,0,15.53,1,0,2,2026-08,1
FBJ-0050,2026-08-05,Madrugada,B,Antena,AP-02,277,-61.0,2,1,11.6,2.9,3.12,1.16,2,0,0,0,0,0,22.97,1,0,2,2026-08,1
FBJ-0052,2026-08-05,Madrugada,B,Cable,,288,,2,1,11.6,2.9,3.287,0.94,5,0,0,0,0,0,35.0,0,1,2,2026-08,1
FBJ-0004,2026-08-05,Mañana,A,Cable,,322,,8,6,65.4,16.3,3.988,1.44,1,0,0,0,0,0,30.87,0,0,2,2026-08,2
FBJ-0005,2026-08-05,Mañana,A,Cable,,179,,8,6,65.4,16.3,6.238,1.18,8,0,0,0,0,0,35.0,0,1,2,2026-08,2
FBJ-0009,2026-08-05,Mañana,A,Antena,AP-02,565,-72.0,8,6,65.4,16.3,5.666,2.27,6,0,0,0,0,0,16.99,1,0,2,2026-08,2
FBJ-0012,2026-08-05,Mañana,A,Antena,AP-01,631,-74.1,8,6,65.4,16.3,1.816,0.92,2,0,0,0,0,0,20.57,1,0,2,2026-08,2
FBJ-0013,2026-08-05,Mañana,A,Antena,AP-02,111,-56.0,8,6,65.4,16.3,2.338,1.12,4,0,0,0,0,0,22.03,1,0,2,2026-08,2
FBJ-0020,2026-08-05,Mañana,A,Antena,AP-01,244,-60.1,8,6,65.4,16.3,4.372,1.77,2,0,0,0,0,0,22.33,1,0,2,2026-08,2
FBJ-0022,2026-08-05,Mañana,A,Antena,AP-02,838,-82.4,8,6,65.4,16.3,5.903,2.37,4,0,0,0,0,0,15.23,1,0,2,2026-08,2
FBJ-0025,2026-08-05,Mañana,A,Antena,AP-01,575,-73.2,8,6,65.4,16.3,5.665,2.74,8,0,0,0,0,0,18.37,1,0,2,2026-08,2
FBJ-0026,2026-08-05,Mañana,A,Antena,AP-02,283,-64.0,8,6,65.4,16.3,3.825,1.91,2,0,0,0,0,0,17.37,1,0,2,2026-08,2
FBJ-0029,2026-08-05,Mañana,A,Cable,,251,,8,6,65.4,16.3,5.795,1.87,3,0,0,0,0,0,32.28,0,0,2,2026-08,2
FBJ-0031,2026-08-05,Mañana,B,Cable,,202,,16,12,133.6,33.4,9.108,2.63,4,0,0,0,0,0,33.65,0,0,2,2026-08,2
FBJ-0037,2026-08-05,Mañana,B,Cable,,205,,16,12,133.6,33.4,5.358,1.53,5,0,0,0,0,0,30.1,0,0,2,2026-08,2
FBJ-0042,2026-08-05,Mañana,B,Antena,AP-01,176,-53.0,16,12,133.6,33.4,5.814,2.15,2,1,5,0,0,0,26.63,1,0,2,2026-08,2
FBJ-0044,2026-08-05,Mañana,B,Cable,,86,,16,12,133.6,33.4,4.475,1.29,1,0,0,0,0,0,35.0,0,1,2,2026-08,2
FBJ-0045,2026-08-05,Mañana,B,Antena,AP-02,848,-81.7,16,12,133.6,33.4,3.036,2.3,7,0,0,0,0,0,13.29,1,0,2,2026-08,2
FBJ-0048,2026-08-05,Mañana,B,Antena,AP-01,721,-80.9,16,12,133.6,33.4,3.147,1.72,5,0,0,0,0,0,14.37,1,0,2,2026-08,2
FBJ-0049,2026-08-05,Mañana,B,Cable,,350,,16,12,133.6,33.4,5.199,1.49,3,0,0,0,0,0,32.45,0,0,2,2026-08,2
FBJ-0050,2026-08-05,Mañana,B,Antena,AP-02,277,-61.0,16,12,133.6,33.4,1.848,0.55,8,0,0,0,0,0,23.89,1,0,2,2026-08,2
FBJ-0051,2026-08-05,Mañana,B,Cable,,42,,16,12,133.6,33.4,1.081,0.2,1,0,0,0,0,0,35.0,0,1,2,2026-08,2
FBJ-0052,2026-08-05,Mañana,B,Cable,,288,,16,12,133.6,33.4,9.442,2.95,2,0,0,0,0,0,35.0,0,1,2,2026-08,2
FBJ-0058,2026-08-05,Mañana,B,Antena,AP-02,308,-59.0,16,12,133.6,33.4,2.852,1.3,6,1,4,0,0,0,21.96,1,0,2,2026-08,2
FBJ-0001,2026-08-05,Tarde,A,Antena,AP-01,625,-74.5,12,11,114.6,28.6,2.336,1.45,4,0,0,0,0,0,15.46,1,0,2,2026-08,3
FBJ-0003,2026-08-05,Tarde,A,Antena,AP-02,392,-66.0,12,11,114.6,28.6,1.748,0.7,5,0,0,0,0,0,19.37,1,0,2,2026-08,3
FBJ-0007,2026-08-05,Tarde,A,Antena,AP-02,594,-68.6,12,11,114.6,28.6,2.584,1.38,5,1,34,0,0,0,16.84,1,0,2,2026-08,3
FBJ-0011,2026-08-05,Tarde,A,Antena,AP-02,440,-67.1,12,11,114.6,28.6,2.267,1.15,3,0,0,0,0,0,20.69,1,0,2,2026-08,3
FBJ-0013,2026-08-05,Tarde,A,Antena,AP-02,111,-56.0,12,11,114.6,28.6,4.327,1.49,4,0,0,0,0,0,25.29,1,0,2,2026-08,3
FBJ-0014,2026-08-05,Tarde,A,Antena,AP-01,319,-62.5,12,11,114.6,28.6,4.556,1.64,1,0,0,0,0,0,19.53,1,0,2,2026-08,3
FBJ-0020,2026-08-05,Tarde,A,Antena,AP-01,244,-60.1,12,11,114.6,28.6,4.162,1.52,2,0,0,0,0,0,28.65,1,0,2,2026-08,3
FBJ-0022,2026-08-05,Tarde,A,Antena,AP-02,838,-82.4,12,11,114.6,28.6,5.426,2.17,2,2,68,0,0,0,19.44,1,0,2,2026-08,3
FBJ-0023,2026-08-05,Tarde,A,Antena,AP-01,872,-78.5,12,11,114.6,28.6,2.383,1.31,2,1,11,0,0,0,16.51,1,0,2,2026-08,3
FBJ-0024,2026-08-05,Tarde,A,Antena,AP-02,169,-58.3,12,11,114.6,28.6,3.24,1.32,7,0,0,0,0,0,24.27,1,0,2,2026-08,3
FBJ-0027,2026-08-05,Tarde,A,Cable,,85,,12,11,114.6,28.6,10.046,2.66,2,0,0,0,0,0,35.0,0,1,2,2026-08,3
FBJ-0029,2026-08-05,Tarde,A,Cable,,251,,12,11,114.6,28.6,12.125,2.72,4,0,0,0,0,0,35.0,0,1,2,2026-08,3
FBJ-0032,2026-08-05,Tarde,B,Cable,,302,,10,6,36.0,9.0,7.93,2.15,8,0,0,0,0,0,27.64,0,0,2,2026-08,3
FBJ-0033,2026-08-05,Tarde,B,Antena,AP-01,719,-77.6,10,6,36.0,9.0,1.943,0.64,3,0,0,0,0,0,21.3,1,0,2,2026-08,3
FBJ-0034,2026-08-05,Tarde,B,Antena,AP-02,604,-72.2,10,6,36.0,9.0,0.735,0.24,4,0,0,0,0,0,20.16,1,0,2,2026-08,3
FBJ-0039,2026-08-05,Tarde,B,Cable,,288,,10,6,36.0,9.0,12.181,2.77,7,0,0,0,0,0,29.31,0,0,2,2026-08,3
FBJ-0043,2026-08-05,Tarde,B,Cable,,318,,10,6,36.0,9.0,6.88,1.65,7,0,0,0,0,0,35.0,0,1,2,2026-08,3
FBJ-0044,2026-08-05,Tarde,B,Cable,,86,,10,6,36.0,9.0,6.951,1.59,7,0,0,0,0,0,33.24,0,0,2,2026-08,3
FBJ-0049,2026-08-05,Tarde,B,Cable,,350,,10,6,36.0,9.0,1.049,0.25,4,0,0,0,0,0,34.2,0,0,2,2026-08,3
FBJ-0050,2026-08-05,Tarde,B,Antena,AP-02,277,-61.0,10,6,36.0,9.0,6.665,2.31,7,0,0,0,0,0,22.95,1,0,2,2026-08,3
FBJ-0051,2026-08-05,Tarde,B,Cable,,42,,10,6,36.0,9.0,2.86,0.5,7,1,27,0,0,0,35.0,0,1,2,2026-08,3
FBJ-0052,2026-08-05,Tarde,B,Cable,,288,,10,6,36.0,9.0,5.234,1.22,2,0,0,0,0,0,32.28,0,0,2,2026-08,3
FBJ-0060,2026-08-05,Tarde,B,Cable,,110,,10,6,36.0,9.0,0.99,0.2,1,0,0,0,0,0,35.0,0,1,2,2026-08,3
FBJ-0003,2026-08-05,Noche,A,Antena,AP-02,392,-66.0,10,8,86.0,21.5,10.146,3.28,3,0,0,0,0,0,19.32,1,0,2,2026-08,4
FBJ-0005,2026-08-05,Noche,A,Cable,,179,,10,8,86.0,21.5,13.683,2.96,8,0,0,0,0,0,35.0,0,1,2,2026-08,4
FBJ-0007,2026-08-05,Noche,A,Antena,AP-02,594,-68.6,10,8,86.0,21.5,4.708,2.06,2,0,0,0,0,0,15.01,1,0,2,2026-08,4
FBJ-0009,2026-08-05,Noche,A,Antena,AP-02,565,-72.0,10,8,86.0,21.5,4.089,2.16,5,0,0,0,0,0,13.36,1,0,2,2026-08,4
FBJ-0011,2026-08-05,Noche,A,Antena,AP-02,440,-67.1,10,8,86.0,21.5,6.229,2.58,1,0,0,0,0,0,23.65,1,0,2,2026-08,4
FBJ-0012,2026-08-05,Noche,A,Antena,AP-01,631,-74.1,10,8,86.0,21.5,6.998,2.83,6,0,0,0,0,0,22.22,1,0,2,2026-08,4
FBJ-0014,2026-08-05,Noche,A,Antena,AP-01,319,-62.5,10,8,86.0,21.5,6.692,2.28,3,0,0,0,0,0,20.94,1,0,2,2026-08,4
FBJ-0015,2026-08-05,Noche,A,Antena,AP-02,894,-83.5,10,8,86.0,21.5,7.74,3.05,5,0,0,0,0,0,22.26,1,0,2,2026-08,4
FBJ-0018,2026-08-05,Noche,A,Cable,,281,,10,8,86.0,21.5,7.765,2.05,5,0,0,0,0,0,35.0,0,1,2,2026-08,4
FBJ-0019,2026-08-05,Noche,A,Cable,,81,,10,8,86.0,21.5,11.031,2.76,3,0,0,0,0,0,35.0,0,1,2,2026-08,4
FBJ-0021,2026-08-05,Noche,A,Cable,,163,,10,8,86.0,21.5,12.384,3.47,2,0,0,0,0,0,35.0,0,1,2,2026-08,4
FBJ-0022,2026-08-05,Noche,A,Antena,AP-02,838,-82.4,10,8,86.0,21.5,5.616,1.59,2,1,16,0,0,0,23.56,1,0,2,2026-08,4
FBJ-0023,2026-08-05,Noche,A,Antena,AP-01,872,-78.5,10,8,86.0,21.5,4.586,2.15,2,2,32,0,0,0,21.31,1,0,2,2026-08,4
FBJ-0024,2026-08-05,Noche,A,Antena,AP-02,169,-58.3,10,8,86.0,21.5,6.589,2.28,4,0,0,0,0,0,31.45,1,0,2,2026-08,4
FBJ-0026,2026-08-05,Noche,A,Antena,AP-02,283,-64.0,10,8,86.0,21.5,3.402,1.54,5,0,0,0,0,0,17.66,1,0,2,2026-08,4
FBJ-0027,2026-08-05,Noche,A,Cable,,85,,10,8,86.0,21.5,15.915,3.24,3,0,0,0,0,0,35.0,0,1,2,2026-08,4
FBJ-0030,2026-08-05,Noche,A,Antena,AP-02,116,-54.6,10,8,86.0,21.5,5.451,2.69,1,0,0,0,0,0,23.22,1,0,2,2026-08,4
FBJ-0031,2026-08-05,Noche,B,Cable,,202,,16,13,111.6,27.9,7.531,3.09,8,0,0,0,0,0,26.12,0,0,2,2026-08,4
FBJ-0033,2026-08-05,Noche,B,Antena,AP-01,719,-77.6,16,13,111.6,27.9,3.189,1.27,4,0,0,0,0,0,16.1,1,0,2,2026-08,4
FBJ-0034,2026-08-05,Noche,B,Antena,AP-02,604,-72.2,16,13,111.6,27.9,5.545,2.39,1,0,0,0,0,0,15.91,1,0,2,2026-08,4
FBJ-0036,2026-08-05,Noche,B,Antena,AP-01,831,-77.3,16,13,111.6,27.9,4.61,1.84,1,1,37,0,0,0,16.86,1,0,2,2026-08,4
FBJ-0039,2026-08-05,Noche,B,Cable,,288,,16,13,111.6,27.9,8.524,2.65,7,0,0,0,0,0,35.0,0,1,2,2026-08,4
FBJ-0042,2026-08-05,Noche,B,Antena,AP-01,176,-53.0,16,13,111.6,27.9,8.71,2.26,6,1,24,0,0,0,30.38,1,0,2,2026-08,4
FBJ-0046,2026-08-05,Noche,B,Antena,AP-01,177,-50.9,16,13,111.6,27.9,2.307,0.84,5,0,0,0,0,0,25.44,1,0,2,2026-08,4
FBJ-0049,2026-08-05,Noche,B,Cable,,350,,16,13,111.6,27.9,10.068,1.84,8,0,0,0,0,0,35.0,0,1,2,2026-08,4
FBJ-0050,2026-08-05,Noche,B,Antena,AP-02,277,-61.0,16,13,111.6,27.9,10.075,3.22,1,0,0,0,0,0,24.77,1,0,2,2026-08,4
FBJ-0051,2026-08-05,Noche,B,Cable,,42,,16,13,111.6,27.9,8.831,2.06,5,0,0,0,0,0,31.37,0,0,2,2026-08,4
FBJ-0052,2026-08-05,Noche,B,Cable,,288,,16,13,111.6,27.9,8.812,2.59,8,0,0,0,0,0,31.09,0,0,2,2026-08,4
FBJ-0056,2026-08-05,Noche,B,Antena,AP-02,549,-70.0,16,13,111.6,27.9,3.076,2.05,1,0,0,0,0,0,14.66,1,0,2,2026-08,4
FBJ-0057,2026-08-05,Noche,B,Antena,AP-01,851,-81.4,16,13,111.6,27.9,5.059,2.61,6,2,52,0,0,0,17.25,1,0,2,2026-08,4
FBJ-0060,2026-08-05,Noche,B,Cable,,110,,16,13,111.6,27.9,11.022,2.46,8,0,0,0,0,0,32.3,0,0,2,2026-08,4
FBJ-0026,2026-08-06,Madrugada,A,Antena,AP-02,283,-64.0,3,1,0.8,0.2,3.621,2.01,6,0,0,0,0,0,18.69,1,0,3,2026-08,1
FBJ-0036,2026-08-06,Madrugada,B,Antena,AP-01,831,-77.3,2,2,15.1,3.8,3.757,1.54,4,0,0,0,0,0,19.06,1,0,3,2026-08,1
FBJ-0046,2026-08-06,Madrugada,B,Antena,AP-01,177,-50.9,2,2,15.1,3.8,7.162,1.6,5,0,0,0,0,0,34.44,1,0,3,2026-08,1
FBJ-0057,2026-08-06,Madrugada,B,Antena,AP-01,851,-81.4,2,2,15.1,3.8,4.28,1.89,5,0,0,0,0,0,20.54,1,0,3,2026-08,1
FBJ-0004,2026-08-06,Mañana,A,Cable,,322,,10,6,89.7,22.4,5.422,1.21,2,1,33,0,0,0,35.0,0,1,3,2026-08,2
FBJ-0012,2026-08-06,Mañana,A,Antena,AP-01,631,-74.1,10,6,89.7,22.4,4.1,1.55,3,0,0,0,0,0,18.22,1,0,3,2026-08,2
FBJ-0018,2026-08-06,Mañana,A,Cable,,281,,10,6,89.7,22.4,9.766,2.04,3,1,39,0,0,0,35.0,0,1,3,2026-08,2
FBJ-0025,2026-08-06,Mañana,A,Antena,AP-01,575,-73.2,10,6,89.7,22.4,0.907,0.71,4,0,0,0,0,0,15.84,1,0,3,2026-08,2
FBJ-0027,2026-08-06,Mañana,A,Cable,,85,,10,6,89.7,22.4,7.573,1.68,2,0,0,0,0,0,35.0,0,1,3,2026-08,2
FBJ-0032,2026-08-06,Mañana,B,Cable,,302,,7,3,21.7,5.4,5.248,1.21,1,0,0,0,0,0,35.0,0,1,3,2026-08,2
FBJ-0035,2026-08-06,Mañana,B,Cable,,154,,7,3,21.7,5.4,5.344,1.4,5,0,0,0,0,0,34.33,0,0,3,2026-08,2
FBJ-0037,2026-08-06,Mañana,B,Cable,,205,,7,3,21.7,5.4,8.067,1.78,8,0,0,0,0,0,35.0,0,1,3,2026-08,2
FBJ-0039,2026-08-06,Mañana,B,Cable,,288,,7,3,21.7,5.4,7.73,1.46,5,0,0,0,0,0,35.0,0,1,3,2026-08,2
FBJ-0042,2026-08-06,Mañana,B,Antena,AP-01,176,-53.0,7,3,21.7,5.4,8.867,1.73,8,0,0,0,0,0,32.84,1,0,3,2026-08,2
FBJ-0045,2026-08-06,Mañana,B,Antena,AP-02,848,-81.7,7,3,21.7,5.4,4.249,1.25,7,0,0,0,0,0,22.83,1,0,3,2026-08,2
FBJ-0046,2026-08-06,Mañana,B,Antena,AP-01,177,-50.9,7,3,21.7,5.4,2.361,0.66,8,0,0,0,0,0,30.54,1,0,3,2026-08,2
FBJ-0047,2026-08-06,Mañana,B,Antena,AP-02,453,-71.2,7,3,21.7,5.4,2.517,1.85,1,0,0,0,0,0,15.4,1,0,3,2026-08,2
FBJ-0053,2026-08-06,Mañana,B,Antena,AP-01,245,-55.9,7,3,21.7,5.4,7.641,1.53,5,0,0,0,0,0,30.11,1,0,3,2026-08,2
FBJ-0059,2026-08-06,Mañana,B,Cable,,107,,7,3,21.7,5.4,7.307,1.76,1,1,11,0,0,0,35.0,0,1,3,2026-08,2
FBJ-0060,2026-08-06,Mañana,B,Cable,,110,,7,3,21.7,5.4,6.524,2.0,4,0,0,0,0,0,31.8,0,0,3,2026-08,2
FBJ-0001,2026-08-06,Tarde,A,Antena,AP-01,625,-74.5,12,8,74.8,18.7,3.031,0.85,5,0,0,0,0,0,22.46,1,0,3,2026-08,3
FBJ-0003,2026-08-06,Tarde,A,Antena,AP-02,392,-66.0,12,8,74.8,18.7,1.709,0.6,6,0,0,0,0,0,19.63,1,0,3,2026-08,3
FBJ-0004,2026-08-06,Tarde,A,Cable,,322,,12,8,74.8,18.7,2.314,0.75,1,0,0,0,0,0,35.0,0,1,3,2026-08,3
FBJ-0009,2026-08-06,Tarde,A,Antena,AP-02,565,-72.0,12,8,74.8,18.7,5.355,2.38,2,0,0,0,0,0,17.33,1,0,3,2026-08,3
FBJ-0013,2026-08-06,Tarde,A,Antena,AP-02,111,-56.0,12,8,74.8,18.7,6.808,1.82,1,0,0,0,0,0,28.7,1,0,3,2026-08,3
FBJ-0014,2026-08-06,Tarde,A,Antena,AP-01,319,-62.5,12,8,74.8,18.7,2.571,0.77,1,0,0,0,0,0,25.02,1,0,3,2026-08,3
FBJ-0015,2026-08-06,Tarde,A,Antena,AP-02,894,-83.5,12,8,74.8,18.7,1.882,0.95,1,0,0,0,0,0,21.38,1,0,3,2026-08,3
FBJ-0021,2026-08-06,Tarde,A,Cable,,163,,12,8,74.8,18.7,4.059,0.8,7,0,0,0,0,0,35.0,0,1,3,2026-08,3
FBJ-0022,2026-08-06,Tarde,A,Antena,AP-02,838,-82.4,12,8,74.8,18.7,3.116,1.73,2,1,18,0,0,0,14.91,1,0,3,2026-08,3
FBJ-0023,2026-08-06,Tarde,A,Antena,AP-01,872,-78.5,12,8,74.8,18.7,2.344,1.19,3,0,0,0,0,0,16.59,1,0,3,2026-08,3
FBJ-0024,2026-08-06,Tarde,A,Antena,AP-02,169,-58.3,12,8,74.8,18.7,1.274,0.67,5,0,0,0,0,0,19.27,1,0,3,2026-08,3
FBJ-0025,2026-08-06,Tarde,A,Antena,AP-01,575,-73.2,12,8,74.8,18.7,0.485,0.22,2,0,0,0,0,0,21.77,1,0,3,2026-08,3
FBJ-0027,2026-08-06,Tarde,A,Cable,,85,,12,8,74.8,18.7,6.838,1.88,1,0,0,0,0,0,34.79,0,0,3,2026-08,3
FBJ-0029,2026-08-06,Tarde,A,Cable,,251,,12,8,74.8,18.7,5.461,1.36,5,0,0,0,0,0,34.0,0,0,3,2026-08,3
FBJ-0030,2026-08-06,Tarde,A,Antena,AP-02,116,-54.6,12,8,74.8,18.7,3.417,1.06,6,0,0,0,0,0,24.96,1,0,3,2026-08,3
FBJ-0032,2026-08-06,Tarde,B,Cable,,302,,11,10,51.7,12.9,9.598,2.4,3,0,0,0,0,0,32.15,0,0,3,2026-08,3
FBJ-0034,2026-08-06,Tarde,B,Antena,AP-02,604,-72.2,11,10,51.7,12.9,4.345,1.61,5,0,0,0,0,0,27.99,1,0,3,2026-08,3
FBJ-0037,2026-08-06,Tarde,B,Cable,,205,,11,10,51.7,12.9,8.644,2.21,3,1,33,0,0,0,35.0,0,1,3,2026-08,3
FBJ-0039,2026-08-06,Tarde,B,Cable,,288,,11,10,51.7,12.9,2.176,0.64,2,0,0,0,0,0,35.0,0,1,3,2026-08,3
FBJ-0045,2026-08-06,Tarde,B,Antena,AP-02,848,-81.7,11,10,51.7,12.9,2.292,1.18,4,0,0,0,0,0,17.12,1,0,3,2026-08,3
FBJ-0046,2026-08-06,Tarde,B,Antena,AP-01,177,-50.9,11,10,51.7,12.9,7.444,1.76,4,0,0,0,0,0,30.49,1,0,3,2026-08,3
FBJ-0047,2026-08-06,Tarde,B,Antena,AP-02,453,-71.2,11,10,51.7,12.9,4.323,1.35,8,0,0,0,0,0,28.32,1,0,3,2026-08,3
FBJ-0051,2026-08-06,Tarde,B,Cable,,42,,11,10,51.7,12.9,3.598,0.88,2,0,0,0,0,0,33.15,0,0,3,2026-08,3
FBJ-0058,2026-08-06,Tarde,B,Antena,AP-02,308,-59.0,11,10,51.7,12.9,0.769,0.28,1,0,0,0,0,0,30.05,1,0,3,2026-08,3
FBJ-0060,2026-08-06,Tarde,B,Cable,,110,,11,10,51.7,12.9,3.569,0.98,5,0,0,0,0,0,34.95,0,1,3,2026-08,3
FBJ-0001,2026-08-06,Noche,A,Antena,AP-01,625,-74.5,13,9,131.3,32.8,7.434,2.33,6,0,0,0,0,0,24.42,1,0,3,2026-08,4
FBJ-0004,2026-08-06,Noche,A,Cable,,322,,13,9,131.3,32.8,7.113,1.96,7,1,30,0,0,0,35.0,0,1,3,2026-08,4
FBJ-0009,2026-08-06,Noche,A,Antena,AP-02,565,-72.0,13,9,131.3,32.8,6.155,2.45,3,0,0,0,0,0,16.97,1,0,3,2026-08,4
FBJ-0010,2026-08-06,Noche,A,Antena,AP-01,482,-67.3,13,9,131.3,32.8,4.49,2.67,8,0,0,0,0,0,14.34,1,0,3,2026-08,4
FBJ-0011,2026-08-06,Noche,A,Antena,AP-02,440,-67.1,13,9,131.3,32.8,6.407,3.07,7,0,0,0,0,0,16.22,1,0,3,2026-08,4
FBJ-0012,2026-08-06,Noche,A,Antena,AP-01,631,-74.1,13,9,131.3,32.8,5.032,2.06,7,0,0,0,0,0,20.72,1,0,3,2026-08,4
FBJ-0013,2026-08-06,Noche,A,Antena,AP-02,111,-56.0,13,9,131.3,32.8,6.973,2.16,1,0,0,0,0,0,23.19,1,0,3,2026-08,4
FBJ-0014,2026-08-06,Noche,A,Antena,AP-01,319,-62.5,13,9,131.3,32.8,4.095,1.89,4,0,0,0,0,0,20.51,1,0,3,2026-08,4
FBJ-0015,2026-08-06,Noche,A,Antena,AP-02,894,-83.5,13,9,131.3,32.8,3.679,2.49,6,1,5,0,0,0,17.45,1,0,3,2026-08,4
FBJ-0021,2026-08-06,Noche,A,Cable,,163,,13,9,131.3,32.8,8.262,2.37,2,0,0,0,0,0,34.77,0,0,3,2026-08,4
FBJ-0022,2026-08-06,Noche,A,Antena,AP-02,838,-82.4,13,9,131.3,32.8,10.293,3.14,3,1,10,0,0,0,24.08,1,0,3,2026-08,4
FBJ-0023,2026-08-06,Noche,A,Antena,AP-01,872,-78.5,13,9,131.3,32.8,2.557,1.52,7,0,0,0,0,0,19.07,1,0,3,2026-08,4
FBJ-0025,2026-08-06,Noche,A,Antena,AP-01,575,-73.2,13,9,131.3,32.8,3.412,1.48,6,0,0,0,0,0,18.11,1,0,3,2026-08,4
FBJ-0026,2026-08-06,Noche,A,Antena,AP-02,283,-64.0,13,9,131.3,32.8,5.985,2.32,2,1,38,0,0,0,19.7,1,0,3,2026-08,4
FBJ-0030,2026-08-06,Noche,A,Antena,AP-02,116,-54.6,13,9,131.3,32.8,5.035,2.43,4,0,0,0,0,0,20.82,1,0,3,2026-08,4
FBJ-0032,2026-08-06,Noche,B,Cable,,302,,20,16,165.9,41.5,4.864,2.42,7,0,0,0,0,0,23.06,0,0,3,2026-08,4
FBJ-0036,2026-08-06,Noche,B,Antena,AP-01,831,-77.3,20,16,165.9,41.5,3.087,1.55,4,0,0,0,0,0,13.39,1,0,3,2026-08,4
FBJ-0037,2026-08-06,Noche,B,Cable,,205,,20,16,165.9,41.5,7.66,2.73,1,0,0,0,0,0,22.83,0,0,3,2026-08,4
FBJ-0039,2026-08-06,Noche,B,Cable,,288,,20,16,165.9,41.5,2.576,1.26,3,0,0,0,0,0,20.9,0,0,3,2026-08,4
FBJ-0040,2026-08-06,Noche,B,Antena,AP-01,564,-73.1,20,16,165.9,41.5,3.698,3.27,8,0,0,0,0,0,11.79,1,0,3,2026-08,4
FBJ-0041,2026-08-06,Noche,B,Antena,AP-02,509,-69.1,20,16,165.9,41.5,7.076,3.31,1,0,0,0,0,0,13.39,1,0,3,2026-08,4
FBJ-0042,2026-08-06,Noche,B,Antena,AP-01,176,-53.0,20,16,165.9,41.5,6.811,3.08,1,0,0,0,0,0,18.61,1,0,3,2026-08,4
FBJ-0044,2026-08-06,Noche,B,Cable,,86,,20,16,165.9,41.5,9.85,2.49,6,0,0,0,0,0,28.93,0,0,3,2026-08,4
FBJ-0045,2026-08-06,Noche,B,Antena,AP-02,848,-81.7,20,16,165.9,41.5,4.796,3.42,5,1,12,0,0,0,13.42,1,0,3,2026-08,4
FBJ-0047,2026-08-06,Noche,B,Antena,AP-02,453,-71.2,20,16,165.9,41.5,3.594,2.34,5,0,0,0,0,0,12.56,1,0,3,2026-08,4
FBJ-0048,2026-08-06,Noche,B,Antena,AP-01,721,-80.9,20,16,165.9,41.5,1.927,1.28,8,0,0,0,0,0,14.73,1,0,3,2026-08,4
FBJ-0049,2026-08-06,Noche,B,Cable,,350,,20,16,165.9,41.5,10.328,2.31,2,0,0,0,0,0,28.22,0,0,3,2026-08,4
FBJ-0050,2026-08-06,Noche,B,Antena,AP-02,277,-61.0,20,16,165.9,41.5,5.626,2.76,5,0,0,0,0,0,14.01,1,0,3,2026-08,4
FBJ-0051,2026-08-06,Noche,B,Cable,,42,,20,16,165.9,41.5,10.716,3.29,6,0,0,0,0,0,23.43,0,0,3,2026-08,4
FBJ-0053,2026-08-06,Noche,B,Antena,AP-01,245,-55.9,20,16,165.9,41.5,2.076,0.78,3,0,0,0,0,0,22.17,1,0,3,2026-08,4
FBJ-0054,2026-08-06,Noche,B,Antena,AP-02,302,-59.5,20,16,165.9,41.5,9.363,2.81,1,0,0,0,0,0,25.27,1,0,3,2026-08,4
FBJ-0056,2026-08-06,Noche,B,Antena,AP-02,549,-70.0,20,16,165.9,41.5,2.52,1.94,8,0,0,0,0,0,11.9,1,0,3,2026-08,4
FBJ-0057,2026-08-06,Noche,B,Antena,AP-01,851,-81.4,20,16,165.9,41.5,5.689,2.6,4,0,0,0,0,0,16.16,1,0,3,2026-08,4
FBJ-0059,2026-08-06,Noche,B,Cable,,107,,20,16,165.9,41.5,4.358,1.83,8,0,0,0,0,0,19.71,0,0,3,2026-08,4
FBJ-0060,2026-08-06,Noche,B,Cable,,110,,20,16,165.9,41.5,12.765,3.07,6,0,0,0,0,0,29.56,0,0,3,2026-08,4
FBJ-0004,2026-08-07,Madrugada,A,Cable,,322,,2,2,16.2,4.1,5.142,1.24,3,0,0,0,0,0,35.0,0,1,4,2026-08,1
FBJ-0036,2026-08-07,Madrugada,B,Antena,AP-01,831,-77.3,1,1,2.0,0.5,2.807,1.56,8,0,0,0,0,0,14.99,1,0,4,2026-08,1
FBJ-0043,2026-08-07,Madrugada,B,Cable,,318,,1,1,2.0,0.5,12.553,2.45,5,0,0,0,0,0,35.0,0,1,4,2026-08,1
FBJ-0048,2026-08-07,Madrugada,B,Antena,AP-01,721,-80.9,1,1,2.0,0.5,3.897,1.48,2,0,0,0,0,0,20.48,1,0,4,2026-08,1
FBJ-0001,2026-08-07,Mañana,A,Antena,AP-01,625,-74.5,6,3,32.7,8.2,1.463,1.05,4,0,0,0,0,0,13.8,1,0,4,2026-08,2
FBJ-0005,2026-08-07,Mañana,A,Cable,,179,,6,3,32.7,8.2,12.974,2.95,5,0,0,0,0,0,35.0,0,1,4,2026-08,2
FBJ-0012,2026-08-07,Mañana,A,Antena,AP-01,631,-74.1,6,3,32.7,8.2,2.803,1.21,6,0,0,0,0,0,21.0,1,0,4,2026-08,2
FBJ-0013,2026-08-07,Mañana,A,Antena,AP-02,111,-56.0,6,3,32.7,8.2,6.659,1.73,3,0,0,0,0,0,34.4,1,0,4,2026-08,2
FBJ-0018,2026-08-07,Mañana,A,Cable,,281,,6,3,32.7,8.2,7.794,2.79,5,0,0,0,0,0,29.34,0,0,4,2026-08,2
FBJ-0020,2026-08-07,Mañana,A,Antena,AP-01,244,-60.1,6,3,32.7,8.2,5.005,1.45,3,0,0,0,0,0,24.0,1,0,4,2026-08,2
FBJ-0022,2026-08-07,Mañana,A,Antena,AP-02,838,-82.4,6,3,32.7,8.2,2.93,1.51,6,0,0,0,0,0,19.35,1,0,4,2026-08,2
FBJ-0026,2026-08-07,Mañana,A,Antena,AP-02,283,-64.0,6,3,32.7,8.2,3.188,1.96,3,0,0,0,0,0,20.06,1,0,4,2026-08,2
FBJ-0029,2026-08-07,Mañana,A,Cable,,251,,6,3,32.7,8.2,7.077,1.48,7,1,31,0,0,0,35.0,0,1,4,2026-08,2
FBJ-0032,2026-08-07,Mañana,B,Cable,,302,,10,9,98.0,24.5,9.579,2.73,6,1,16,0,0,0,32.47,0,0,4,2026-08,2
FBJ-0034,2026-08-07,Mañana,B,Antena,AP-02,604,-72.2,10,9,98.0,24.5,3.995,2.17,4,0,0,0,0,0,15.55,1,0,4,2026-08,2
FBJ-0035,2026-08-07,Mañana,B,Cable,,154,,10,9,98.0,24.5,5.282,1.15,5,0,0,0,0,0,35.0,0,1,4,2026-08,2
FBJ-0037,2026-08-07,Mañana,B,Cable,,205,,10,9,98.0,24.5,7.006,1.75,8,0,0,0,0,0,35.0,0,1,4,2026-08,2
FBJ-0039,2026-08-07,Mañana,B,Cable,,288,,10,9,98.0,24.5,2.609,0.51,5,0,0,0,0,0,35.0,0,1,4,2026-08,2
FBJ-0043,2026-08-07,Mañana,B,Cable,,318,,10,9,98.0,24.5,10.484,2.11,1,0,0,0,0,0,31.24,0,0,4,2026-08,2
FBJ-0047,2026-08-07,Mañana,B,Antena,AP-02,453,-71.2,10,9,98.0,24.5,3.648,2.48,8,0,0,0,0,0,15.17,1,0,4,2026-08,2
FBJ-0049,2026-08-07,Mañana,B,Cable,,350,,10,9,98.0,24.5,10.665,2.59,7,0,0,0,0,0,35.0,0,1,4,2026-08,2
FBJ-0053,2026-08-07,Mañana,B,Antena,AP-01,245,-55.9,10,9,98.0,24.5,12.034,2.39,2,1,20,0,0,0,30.28,1,0,4,2026-08,2
FBJ-0001,2026-08-07,Tarde,A,Antena,AP-01,625,-74.5,11,4,57.3,14.3,1.334,0.59,8,0,0,0,0,0,16.99,1,0,4,2026-08,3
FBJ-0004,2026-08-07,Tarde,A,Cable,,322,,11,4,57.3,14.3,4.987,1.77,6,0,0,0,0,0,29.35,0,0,4,2026-08,3
FBJ-0009,2026-08-07,Tarde,A,Antena,AP-02,565,-72.0,11,4,57.3,14.3,4.767,1.96,6,0,0,0,0,0,18.2,1,0,4,2026-08,3
FBJ-0011,2026-08-07,Tarde,A,Antena,AP-02,440,-67.1,11,4,57.3,14.3,3.61,2.16,3,0,0,0,0,0,16.24,1,0,4,2026-08,3
FBJ-0014,2026-08-07,Tarde,A,Antena,AP-01,319,-62.5,11,4,57.3,14.3,2.643,1.03,2,0,0,0,0,0,18.05,1,0,4,2026-08,3
FBJ-0019,2026-08-07,Tarde,A,Cable,,81,,11,4,57.3,14.3,3.945,0.77,4,0,0,0,0,0,35.0,0,1,4,2026-08,3
FBJ-0020,2026-08-07,Tarde,A,Antena,AP-01,244,-60.1,11,4,57.3,14.3,6.293,2.0,3,0,0,0,0,0,22.39,1,0,4,2026-08,3
FBJ-0024,2026-08-07,Tarde,A,Antena,AP-02,169,-58.3,11,4,57.3,14.3,7.027,2.9,4,1,6,0,0,0,20.11,1,0,4,2026-08,3
FBJ-0025,2026-08-07,Tarde,A,Antena,AP-01,575,-73.2,11,4,57.3,14.3,1.545,0.79,6,0,0,0,0,0,16.8,1,0,4,2026-08,3
FBJ-0026,2026-08-07,Tarde,A,Antena,AP-02,283,-64.0,11,4,57.3,14.3,5.881,2.05,3,0,0,0,0,0,23.28,1,0,4,2026-08,3
FBJ-0029,2026-08-07,Tarde,A,Cable,,251,,11,4,57.3,14.3,4.932,1.24,3,0,0,0,0,0,30.66,0,0,4,2026-08,3
FBJ-0032,2026-08-07,Tarde,B,Cable,,302,,17,14,142.4,35.6,5.531,1.41,4,0,0,0,0,0,27.49,0,0,4,2026-08,3
FBJ-0036,2026-08-07,Tarde,B,Antena,AP-01,831,-77.3,17,14,142.4,35.6,4.443,2.31,3,0,0,0,0,0,18.86,1,0,4,2026-08,3
FBJ-0037,2026-08-07,Tarde,B,Cable,,205,,17,14,142.4,35.6,3.697,1.14,1,0,0,0,0,0,26.25,0,0,4,2026-08,3
FBJ-0039,2026-08-07,Tarde,B,Cable,,288,,17,14,142.4,35.6,2.794,0.75,3,0,0,0,0,0,32.26,0,0,4,2026-08,3
FBJ-0043,2026-08-07,Tarde,B,Cable,,318,,17,14,142.4,35.6,5.127,1.2,4,0,0,0,0,0,26.82,0,0,4,2026-08,3
FBJ-0045,2026-08-07,Tarde,B,Antena,AP-02,848,-81.7,17,14,142.4,35.6,2.736,2.24,7,0,0,0,0,0,12.04,1,0,4,2026-08,3
FBJ-0048,2026-08-07,Tarde,B,Antena,AP-01,721,-80.9,17,14,142.4,35.6,1.994,1.63,8,0,0,0,0,0,13.37,1,0,4,2026-08,3
FBJ-0049,2026-08-07,Tarde,B,Cable,,350,,17,14,142.4,35.6,4.81,1.27,6,0,0,0,0,0,30.07,0,0,4,2026-08,3
FBJ-0050,2026-08-07,Tarde,B,Antena,AP-02,277,-61.0,17,14,142.4,35.6,6.824,2.73,8,0,0,0,0,0,18.59,1,0,4,2026-08,3
FBJ-0052,2026-08-07,Tarde,B,Cable,,288,,17,14,142.4,35.6,3.637,0.93,7,0,0,0,0,0,27.64,0,0,4,2026-08,3
FBJ-0053,2026-08-07,Tarde,B,Antena,AP-01,245,-55.9,17,14,142.4,35.6,5.922,2.43,6,0,0,0,0,0,23.73,1,0,4,2026-08,3
FBJ-0057,2026-08-07,Tarde,B,Antena,AP-01,851,-81.4,17,14,142.4,35.6,5.33,2.51,1,1,28,0,0,0,14.51,1,0,4,2026-08,3
FBJ-0058,2026-08-07,Tarde,B,Antena,AP-02,308,-59.0,17,14,142.4,35.6,3.211,1.44,5,0,0,0,0,0,22.07,1,0,4,2026-08,3
FBJ-0059,2026-08-07,Tarde,B,Cable,,107,,17,14,142.4,35.6,3.087,1.07,4,0,0,0,0,0,22.46,0,0,4,2026-08,3
FBJ-0001,2026-08-07,Noche,A,Antena,AP-01,625,-74.5,17,12,109.1,27.3,5.946,2.3,1,1,3,0,0,0,20.39,1,0,4,2026-08,4
FBJ-0004,2026-08-07,Noche,A,Cable,,322,,17,12,109.1,27.3,4.086,1.9,8,0,0,0,0,0,25.02,0,0,4,2026-08,4
FBJ-0010,2026-08-07,Noche,A,Antena,AP-01,482,-67.3,17,12,109.1,27.3,3.28,2.24,3,0,0,0,0,0,14.32,1,0,4,2026-08,4
FBJ-0011,2026-08-07,Noche,A,Antena,AP-02,440,-67.1,17,12,109.1,27.3,2.956,1.42,8,0,0,0,0,0,16.11,1,0,4,2026-08,4
FBJ-0015,2026-08-07,Noche,A,Antena,AP-02,894,-83.5,17,12,109.1,27.3,4.754,2.13,7,1,23,0,0,0,18.37,1,0,4,2026-08,4
FBJ-0018,2026-08-07,Noche,A,Cable,,281,,17,12,109.1,27.3,11.246,2.92,1,0,0,0,0,0,35.0,0,1,4,2026-08,4
FBJ-0019,2026-08-07,Noche,A,Cable,,81,,17,12,109.1,27.3,6.277,1.91,1,0,0,0,0,0,35.0,0,1,4,2026-08,4
FBJ-0021,2026-08-07,Noche,A,Cable,,163,,17,12,109.1,27.3,7.995,2.99,4,0,0,0,0,0,27.46,0,0,4,2026-08,4
FBJ-0022,2026-08-07,Noche,A,Antena,AP-02,838,-82.4,17,12,109.1,27.3,6.926,2.43,6,0,0,0,0,0,17.32,1,0,4,2026-08,4
FBJ-0023,2026-08-07,Noche,A,Antena,AP-01,872,-78.5,17,12,109.1,27.3,5.259,2.85,2,0,0,0,0,0,14.65,1,0,4,2026-08,4
FBJ-0025,2026-08-07,Noche,A,Antena,AP-01,575,-73.2,17,12,109.1,27.3,3.994,3.01,8,0,0,0,0,0,12.84,1,0,4,2026-08,4
FBJ-0026,2026-08-07,Noche,A,Antena,AP-02,283,-64.0,17,12,109.1,27.3,4.899,3.55,6,0,0,0,0,0,16.58,1,0,4,2026-08,4
FBJ-0027,2026-08-07,Noche,A,Cable,,85,,17,12,109.1,27.3,5.055,1.06,2,0,0,0,0,0,35.0,0,1,4,2026-08,4
FBJ-0029,2026-08-07,Noche,A,Cable,,251,,17,12,109.1,27.3,6.922,2.58,4,0,0,0,0,0,26.08,0,0,4,2026-08,4
FBJ-0031,2026-08-07,Noche,B,Cable,,202,,18,16,89.3,22.3,9.738,3.95,4,0,0,0,0,0,30.81,0,0,4,2026-08,4
FBJ-0033,2026-08-07,Noche,B,Antena,AP-01,719,-77.6,18,16,89.3,22.3,3.723,2.11,1,0,0,0,0,0,11.4,1,0,4,2026-08,4
FBJ-0034,2026-08-07,Noche,B,Antena,AP-02,604,-72.2,18,16,89.3,22.3,3.624,2.29,5,0,0,0,0,0,10.52,1,0,4,2026-08,4
FBJ-0035,2026-08-07,Noche,B,Cable,,154,,18,16,89.3,22.3,7.752,1.89,5,1,28,0,0,0,29.25,0,0,4,2026-08,4
FBJ-0037,2026-08-07,Noche,B,Cable,,205,,18,16,89.3,22.3,5.518,2.37,3,0,0,0,0,0,22.0,0,0,4,2026-08,4
FBJ-0039,2026-08-07,Noche,B,Cable,,288,,18,16,89.3,22.3,7.206,2.2,5,1,37,0,0,0,25.06,0,0,4,2026-08,4
FBJ-0040,2026-08-07,Noche,B,Antena,AP-01,564,-73.1,18,16,89.3,22.3,3.083,1.72,6,0,0,0,0,0,14.17,1,0,4,2026-08,4
FBJ-0041,2026-08-07,Noche,B,Antena,AP-02,509,-69.1,18,16,89.3,22.3,4.327,2.39,3,0,0,0,0,0,14.22,1,0,4,2026-08,4
FBJ-0042,2026-08-07,Noche,B,Antena,AP-01,176,-53.0,18,16,89.3,22.3,3.609,1.11,1,0,0,0,0,0,24.8,1,0,4,2026-08,4
FBJ-0043,2026-08-07,Noche,B,Cable,,318,,18,16,89.3,22.3,8.571,2.81,3,0,0,0,0,0,19.38,0,0,4,2026-08,4
FBJ-0044,2026-08-07,Noche,B,Cable,,86,,18,16,89.3,22.3,5.55,2.29,3,0,0,0,0,0,23.4,0,0,4,2026-08,4
FBJ-0045,2026-08-07,Noche,B,Antena,AP-02,848,-81.7,18,16,89.3,22.3,4.479,3.32,1,0,0,0,0,0,11.62,1,0,4,2026-08,4
FBJ-0046,2026-08-07,Noche,B,Antena,AP-01,177,-50.9,18,16,89.3,22.3,4.447,1.68,7,0,0,0,0,0,23.09,1,0,4,2026-08,4
FBJ-0048,2026-08-07,Noche,B,Antena,AP-01,721,-80.9,18,16,89.3,22.3,4.222,2.63,6,1,20,0,0,0,15.86,1,0,4,2026-08,4
FBJ-0049,2026-08-07,Noche,B,Cable,,350,,18,16,89.3,22.3,10.121,2.41,5,0,0,0,0,0,29.54,0,0,4,2026-08,4
FBJ-0051,2026-08-07,Noche,B,Cable,,42,,18,16,89.3,22.3,8.435,1.64,4,1,28,0,0,0,32.32,0,0,4,2026-08,4
FBJ-0052,2026-08-07,Noche,B,Cable,,288,,18,16,89.3,22.3,12.666,3.99,7,0,0,0,0,0,25.58,0,0,4,2026-08,4
FBJ-0058,2026-08-07,Noche,B,Antena,AP-02,308,-59.0,18,16,89.3,22.3,5.394,2.37,7,0,0,0,0,0,18.75,1,0,4,2026-08,4
FBJ-0060,2026-08-07,Noche,B,Cable,,110,,18,16,89.3,22.3,11.881,2.81,4,0,0,0,0,0,32.27,0,0,4,2026-08,4
FBJ-0009,2026-08-08,Madrugada,A,Antena,AP-02,565,-72.0,2,2,21.2,5.3,4.689,1.78,6,0,0,0,1,0,17.38,1,0,5,2026-08,1
FBJ-0023,2026-08-08,Madrugada,A,Antena,AP-01,872,-78.5,2,2,21.2,5.3,2.025,1.68,5,2,32,0,1,0,14.33,1,0,5,2026-08,1
FBJ-0043,2026-08-08,Madrugada,B,Cable,,318,,2,2,4.6,1.1,6.996,1.25,7,0,0,0,1,0,35.0,0,1,5,2026-08,1
FBJ-0058,2026-08-08,Madrugada,B,Antena,AP-02,308,-59.0,2,2,4.6,1.1,3.152,0.77,4,0,0,0,1,0,30.01,1,0,5,2026-08,1
FBJ-0001,2026-08-08,Mañana,A,Antena,AP-01,625,-74.5,9,8,101.8,25.4,1.131,0.47,2,0,0,0,1,0,20.54,1,0,5,2026-08,2
FBJ-0003,2026-08-08,Mañana,A,Antena,AP-02,392,-66.0,9,8,101.8,25.4,5.149,1.66,1,0,0,0,1,0,19.43,1,0,5,2026-08,2
FBJ-0004,2026-08-08,Mañana,A,Cable,,322,,9,8,101.8,25.4,7.968,1.93,2,0,0,0,1,0,35.0,0,1,5,2026-08,2
FBJ-0007,2026-08-08,Mañana,A,Antena,AP-02,594,-68.6,9,8,101.8,25.4,3.581,1.59,2,0,0,0,1,0,14.59,1,0,5,2026-08,2
FBJ-0010,2026-08-08,Mañana,A,Antena,AP-01,482,-67.3,9,8,101.8,25.4,4.942,2.61,8,0,0,0,1,0,17.03,1,0,5,2026-08,2
FBJ-0012,2026-08-08,Mañana,A,Antena,AP-01,631,-74.1,9,8,101.8,25.4,2.364,0.86,7,0,0,0,1,0,19.98,1,0,5,2026-08,2
FBJ-0013,2026-08-08,Mañana,A,Antena,AP-02,111,-56.0,9,8,101.8,25.4,7.842,2.8,5,0,0,0,1,0,23.22,1,0,5,2026-08,2
FBJ-0014,2026-08-08,Mañana,A,Antena,AP-01,319,-62.5,9,8,101.8,25.4,2.564,0.84,3,0,0,0,1,0,20.94,1,0,5,2026-08,2
FBJ-0020,2026-08-08,Mañana,A,Antena,AP-01,244,-60.1,9,8,101.8,25.4,1.189,0.41,5,0,0,0,1,0,22.88,1,0,5,2026-08,2
FBJ-0022,2026-08-08,Mañana,A,Antena,AP-02,838,-82.4,9,8,101.8,25.4,4.097,1.56,1,0,0,0,1,0,25.11,1,0,5,2026-08,2
FBJ-0023,2026-08-08,Mañana,A,Antena,AP-01,872,-78.5,9,8,101.8,25.4,3.89,2.24,4,0,0,0,1,0,18.58,1,0,5,2026-08,2
FBJ-0025,2026-08-08,Mañana,A,Antena,AP-01,575,-73.2,9,8,101.8,25.4,3.493,1.74,7,0,0,0,1,0,19.03,1,0,5,2026-08,2
FBJ-0026,2026-08-08,Mañana,A,Antena,AP-02,283,-64.0,9,8,101.8,25.4,3.328,1.44,7,1,35,0,1,0,20.56,1,0,5,2026-08,2
FBJ-0027,2026-08-08,Mañana,A,Cable,,85,,9,8,101.8,25.4,13.738,3.01,3,0,0,0,1,0,35.0,0,1,5,2026-08,2
FBJ-0029,2026-08-08,Mañana,A,Cable,,251,,9,8,101.8,25.4,10.258,2.73,6,0,0,0,1,0,35.0,0,1,5,2026-08,2
FBJ-0034,2026-08-08,Mañana,B,Antena,AP-02,604,-72.2,14,11,71.7,17.9,5.738,2.45,8,0,0,0,1,0,18.13,1,0,5,2026-08,2
FBJ-0035,2026-08-08,Mañana,B,Cable,,154,,14,11,71.7,17.9,9.214,2.29,4,0,0,0,1,0,35.0,0,1,5,2026-08,2
FBJ-0037,2026-08-08,Mañana,B,Cable,,205,,14,11,71.7,17.9,0.829,0.27,2,0,0,0,1,0,35.0,0,1,5,2026-08,2
FBJ-0039,2026-08-08,Mañana,B,Cable,,288,,14,11,71.7,17.9,5.371,1.34,7,0,0,0,1,0,29.49,0,0,5,2026-08,2
FBJ-0041,2026-08-08,Mañana,B,Antena,AP-02,509,-69.1,14,11,71.7,17.9,4.928,2.4,1,0,0,0,1,0,18.24,1,0,5,2026-08,2
FBJ-0042,2026-08-08,Mañana,B,Antena,AP-01,176,-53.0,14,11,71.7,17.9,8.509,3.1,4,0,0,0,1,0,24.49,1,0,5,2026-08,2
FBJ-0044,2026-08-08,Mañana,B,Cable,,86,,14,11,71.7,17.9,5.276,1.61,6,0,0,0,1,0,35.0,0,1,5,2026-08,2
FBJ-0045,2026-08-08,Mañana,B,Antena,AP-02,848,-81.7,14,11,71.7,17.9,2.773,1.45,7,1,35,0,1,0,16.81,1,0,5,2026-08,2
FBJ-0049,2026-08-08,Mañana,B,Cable,,350,,14,11,71.7,17.9,5.445,0.93,8,0,0,0,1,0,34.76,0,0,5,2026-08,2
FBJ-0050,2026-08-08,Mañana,B,Antena,AP-02,277,-61.0,14,11,71.7,17.9,10.185,2.75,6,0,0,0,1,0,24.93,1,0,5,2026-08,2
FBJ-0051,2026-08-08,Mañana,B,Cable,,42,,14,11,71.7,17.9,6.448,1.79,7,0,0,0,1,0,30.31,0,0,5,2026-08,2
FBJ-0052,2026-08-08,Mañana,B,Cable,,288,,14,11,71.7,17.9,2.728,1.16,4,0,0,0,1,0,26.26,0,0,5,2026-08,2
FBJ-0053,2026-08-08,Mañana,B,Antena,AP-01,245,-55.9,14,11,71.7,17.9,1.891,0.68,1,0,0,0,1,0,27.23,1,0,5,2026-08,2
FBJ-0056,2026-08-08,Mañana,B,Antena,AP-02,549,-70.0,14,11,71.7,17.9,7.335,3.03,6,0,0,0,1,0,16.66,1,0,5,2026-08,2
FBJ-0058,2026-08-08,Mañana,B,Antena,AP-02,308,-59.0,14,11,71.7,17.9,3.305,1.77,5,0,0,0,1,0,22.07,1,0,5,2026-08,2
FBJ-0004,2026-08-08,Tarde,A,Cable,,322,,12,6,31.1,7.8,8.182,2.66,7,0,0,0,1,0,35.0,0,1,5,2026-08,3
FBJ-0009,2026-08-08,Tarde,A,Antena,AP-02,565,-72.0,12,6,31.1,7.8,2.71,1.75,3,0,0,0,1,0,13.52,1,0,5,2026-08,3
FBJ-0010,2026-08-08,Tarde,A,Antena,AP-01,482,-67.3,12,6,31.1,7.8,2.325,0.9,2,0,0,0,1,0,16.97,1,0,5,2026-08,3
FBJ-0011,2026-08-08,Tarde,A,Antena,AP-02,440,-67.1,12,6,31.1,7.8,7.917,2.11,5,0,0,0,1,0,27.49,1,0,5,2026-08,3
FBJ-0014,2026-08-08,Tarde,A,Antena,AP-01,319,-62.5,12,6,31.1,7.8,3.349,1.16,6,0,0,0,1,0,20.96,1,0,5,2026-08,3
FBJ-0015,2026-08-08,Tarde,A,Antena,AP-02,894,-83.5,12,6,31.1,7.8,0.568,0.33,7,0,0,0,1,0,14.42,1,0,5,2026-08,3
FBJ-0018,2026-08-08,Tarde,A,Cable,,281,,12,6,31.1,7.8,5.439,1.07,5,0,0,0,1,0,35.0,0,1,5,2026-08,3
FBJ-0020,2026-08-08,Tarde,A,Antena,AP-01,244,-60.1,12,6,31.1,7.8,6.111,1.79,6,0,0,0,1,0,26.62,1,0,5,2026-08,3
FBJ-0025,2026-08-08,Tarde,A,Antena,AP-01,575,-73.2,12,6,31.1,7.8,1.982,1.16,4,0,0,0,1,0,20.37,1,0,5,2026-08,3
FBJ-0026,2026-08-08,Tarde,A,Antena,AP-02,283,-64.0,12,6,31.1,7.8,1.437,0.82,2,0,0,0,1,0,18.42,1,0,5,2026-08,3
FBJ-0027,2026-08-08,Tarde,A,Cable,,85,,12,6,31.1,7.8,2.706,0.75,8,0,0,0,1,0,34.53,0,0,5,2026-08,3
FBJ-0030,2026-08-08,Tarde,A,Antena,AP-02,116,-54.6,12,6,31.1,7.8,3.458,1.16,1,0,0,0,1,0,23.21,1,0,5,2026-08,3
FBJ-0031,2026-08-08,Tarde,B,Cable,,202,,15,11,108.4,27.1,2.639,1.1,2,0,0,0,1,0,26.97,0,0,5,2026-08,3
FBJ-0033,2026-08-08,Tarde,B,Antena,AP-01,719,-77.6,15,11,108.4,27.1,4.996,2.01,1,0,0,0,1,0,16.76,1,0,5,2026-08,3
FBJ-0034,2026-08-08,Tarde,B,Antena,AP-02,604,-72.2,15,11,108.4,27.1,2.582,1.36,7,0,0,0,1,0,17.48,1,0,5,2026-08,3
FBJ-0035,2026-08-08,Tarde,B,Cable,,154,,15,11,108.4,27.1,1.903,0.61,4,0,0,0,1,0,35.0,0,1,5,2026-08,3
FBJ-0036,2026-08-08,Tarde,B,Antena,AP-01,831,-77.3,15,11,108.4,27.1,2.034,1.35,2,0,0,0,1,0,15.34,1,0,5,2026-08,3
FBJ-0040,2026-08-08,Tarde,B,Antena,AP-01,564,-73.1,15,11,108.4,27.1,1.31,0.51,5,0,0,0,1,0,18.29,1,0,5,2026-08,3
FBJ-0041,2026-08-08,Tarde,B,Antena,AP-02,509,-69.1,15,11,108.4,27.1,1.936,0.69,4,0,0,0,1,0,18.74,1,0,5,2026-08,3
FBJ-0043,2026-08-08,Tarde,B,Cable,,318,,15,11,108.4,27.1,2.646,0.83,2,0,0,0,1,0,28.55,0,0,5,2026-08,3
FBJ-0044,2026-08-08,Tarde,B,Cable,,86,,15,11,108.4,27.1,5.753,1.71,4,0,0,0,1,0,25.57,0,0,5,2026-08,3
FBJ-0046,2026-08-08,Tarde,B,Antena,AP-01,177,-50.9,15,11,108.4,27.1,5.67,1.89,8,0,0,0,1,0,28.48,1,0,5,2026-08,3
FBJ-0048,2026-08-08,Tarde,B,Antena,AP-01,721,-80.9,15,11,108.4,27.1,3.052,1.25,5,0,0,0,1,0,21.64,1,0,5,2026-08,3
FBJ-0049,2026-08-08,Tarde,B,Cable,,350,,15,11,108.4,27.1,6.004,1.29,3,0,0,0,1,0,29.37,0,0,5,2026-08,3
FBJ-0052,2026-08-08,Tarde,B,Cable,,288,,15,11,108.4,27.1,9.127,1.92,6,0,0,0,1,0,35.0,0,1,5,2026-08,3
FBJ-0053,2026-08-08,Tarde,B,Antena,AP-01,245,-55.9,15,11,108.4,27.1,8.179,1.47,7,0,0,0,1,0,35.0,1,1,5,2026-08,3
FBJ-0054,2026-08-08,Tarde,B,Antena,AP-02,302,-59.5,15,11,108.4,27.1,6.394,1.73,7,0,0,0,1,0,26.74,1,0,5,2026-08,3
FBJ-0056,2026-08-08,Tarde,B,Antena,AP-02,549,-70.0,15,11,108.4,27.1,3.207,1.5,7,0,0,0,1,0,16.94,1,0,5,2026-08,3
FBJ-0058,2026-08-08,Tarde,B,Antena,AP-02,308,-59.0,15,11,108.4,27.1,6.304,2.78,4,1,23,0,1,0,22.78,1,0,5,2026-08,3
FBJ-0001,2026-08-08,Noche,A,Antena,AP-01,625,-74.5,22,16,204.1,51.0,3.864,1.78,3,0,0,0,1,0,13.59,1,0,5,2026-08,4
FBJ-0003,2026-08-08,Noche,A,Antena,AP-02,392,-66.0,22,16,204.1,51.0,4.129,2.85,4,0,0,0,1,0,12.83,1,0,5,2026-08,4
FBJ-0004,2026-08-08,Noche,A,Cable,,322,,22,16,204.1,51.0,7.753,2.4,3,0,0,0,1,0,23.92,0,0,5,2026-08,4
FBJ-0007,2026-08-08,Noche,A,Antena,AP-02,594,-68.6,22,16,204.1,51.0,5.054,2.96,1,0,0,0,1,0,13.67,1,0,5,2026-08,4
FBJ-0011,2026-08-08,Noche,A,Antena,AP-02,440,-67.1,22,16,204.1,51.0,3.921,1.96,2,0,0,0,1,0,16.79,1,0,5,2026-08,4
FBJ-0013,2026-08-08,Noche,A,Antena,AP-02,111,-56.0,22,16,204.1,51.0,4.524,1.68,8,0,0,0,1,0,27.26,1,0,5,2026-08,4
FBJ-0015,2026-08-08,Noche,A,Antena,AP-02,894,-83.5,22,16,204.1,51.0,2.294,1.52,6,0,0,0,1,0,11.35,1,0,5,2026-08,4
FBJ-0018,2026-08-08,Noche,A,Cable,,281,,22,16,204.1,51.0,2.796,0.77,7,0,0,0,1,0,34.54,0,0,5,2026-08,4
FBJ-0019,2026-08-08,Noche,A,Cable,,81,,22,16,204.1,51.0,5.111,2.26,7,0,0,0,1,0,24.34,0,0,5,2026-08,4
FBJ-0020,2026-08-08,Noche,A,Antena,AP-01,244,-60.1,22,16,204.1,51.0,4.815,2.58,1,0,0,0,1,0,12.31,1,0,5,2026-08,4
FBJ-0022,2026-08-08,Noche,A,Antena,AP-02,838,-82.4,22,16,204.1,51.0,4.044,3.53,1,0,0,0,1,0,9.1,1,0,5,2026-08,4
FBJ-0023,2026-08-08,Noche,A,Antena,AP-01,872,-78.5,22,16,204.1,51.0,4.981,3.27,3,0,0,0,1,0,14.85,1,0,5,2026-08,4
FBJ-0024,2026-08-08,Noche,A,Antena,AP-02,169,-58.3,22,16,204.1,51.0,4.693,2.45,8,0,0,0,1,0,13.63,1,0,5,2026-08,4
FBJ-0025,2026-08-08,Noche,A,Antena,AP-01,575,-73.2,22,16,204.1,51.0,3.597,2.49,6,0,0,0,1,0,18.13,1,0,5,2026-08,4
FBJ-0026,2026-08-08,Noche,A,Antena,AP-02,283,-64.0,22,16,204.1,51.0,2.418,1.96,8,0,0,0,1,0,11.87,1,0,5,2026-08,4
FBJ-0027,2026-08-08,Noche,A,Cable,,85,,22,16,204.1,51.0,10.655,3.64,4,0,0,0,1,0,26.05,0,0,5,2026-08,4
FBJ-0029,2026-08-08,Noche,A,Cable,,251,,22,16,204.1,51.0,6.283,1.68,7,0,0,0,1,0,26.59,0,0,5,2026-08,4
FBJ-0030,2026-08-08,Noche,A,Antena,AP-02,116,-54.6,22,16,204.1,51.0,5.11,2.34,7,0,0,0,1,0,21.2,1,0,5,2026-08,4
FBJ-0031,2026-08-08,Noche,B,Cable,,202,,21,15,120.4,30.1,8.92,3.04,2,0,0,0,1,0,24.64,0,0,5,2026-08,4
FBJ-0032,2026-08-08,Noche,B,Cable,,302,,21,15,120.4,30.1,4.564,2.11,3,0,0,0,1,0,24.29,0,0,5,2026-08,4
FBJ-0036,2026-08-08,Noche,B,Antena,AP-01,831,-77.3,21,15,120.4,30.1,2.311,1.53,4,0,0,0,1,0,10.32,1,0,5,2026-08,4
FBJ-0039,2026-08-08,Noche,B,Cable,,288,,21,15,120.4,30.1,8.526,3.29,2,0,0,0,1,0,24.85,0,0,5,2026-08,4
FBJ-0041,2026-08-08,Noche,B,Antena,AP-02,509,-69.1,21,15,120.4,30.1,5.423,2.47,7,0,0,0,1,0,15.25,1,0,5,2026-08,4
FBJ-0042,2026-08-08,Noche,B,Antena,AP-01,176,-53.0,21,15,120.4,30.1,13.253,3.09,3,0,0,0,1,0,27.34,1,0,5,2026-08,4
FBJ-0043,2026-08-08,Noche,B,Cable,,318,,21,15,120.4,30.1,7.479,2.71,7,0,0,0,1,0,26.03,0,0,5,2026-08,4
FBJ-0044,2026-08-08,Noche,B,Cable,,86,,21,15,120.4,30.1,7.325,2.42,6,0,0,0,1,0,29.73,0,0,5,2026-08,4
FBJ-0045,2026-08-08,Noche,B,Antena,AP-02,848,-81.7,21,15,120.4,30.1,2.996,1.79,3,0,0,0,1,0,12.14,1,0,5,2026-08,4
FBJ-0047,2026-08-08,Noche,B,Antena,AP-02,453,-71.2,21,15,120.4,30.1,3.764,2.7,2,0,0,0,1,0,13.96,1,0,5,2026-08,4
FBJ-0048,2026-08-08,Noche,B,Antena,AP-01,721,-80.9,21,15,120.4,30.1,5.181,2.99,3,0,0,0,1,0,13.86,1,0,5,2026-08,4
FBJ-0050,2026-08-08,Noche,B,Antena,AP-02,277,-61.0,21,15,120.4,30.1,4.205,2.39,8,0,0,0,1,0,14.18,1,0,5,2026-08,4
FBJ-0051,2026-08-08,Noche,B,Cable,,42,,21,15,120.4,30.1,8.541,2.66,2,0,0,0,1,0,23.54,0,0,5,2026-08,4
FBJ-0052,2026-08-08,Noche,B,Cable,,288,,21,15,120.4,30.1,10.123,2.6,4,0,0,0,1,0,35.0,0,1,5,2026-08,4
FBJ-0053,2026-08-08,Noche,B,Antena,AP-01,245,-55.9,21,15,120.4,30.1,4.972,2.32,7,0,0,0,1,0,20.56,1,0,5,2026-08,4
FBJ-0054,2026-08-08,Noche,B,Antena,AP-02,302,-59.5,21,15,120.4,30.1,5.008,1.86,5,0,0,0,1,0,22.75,1,0,5,2026-08,4
FBJ-0056,2026-08-08,Noche,B,Antena,AP-02,549,-70.0,21,15,120.4,30.1,3.941,1.83,5,0,0,0,1,0,12.85,1,0,5,2026-08,4
FBJ-0057,2026-08-08,Noche,B,Antena,AP-01,851,-81.4,21,15,120.4,30.1,7.025,3.03,7,2,68,0,1,0,17.08,1,0,5,2026-08,4
FBJ-0059,2026-08-08,Noche,B,Cable,,107,,21,15,120.4,30.1,8.144,3.63,5,0,0,0,1,0,20.42,0,0,5,2026-08,4
FBJ-0060,2026-08-08,Noche,B,Cable,,110,,21,15,120.4,30.1,7.76,2.94,4,1,20,0,1,0,23.87,0,0,5,2026-08,4
FBJ-0014,2026-08-09,Madrugada,A,Antena,AP-01,319,-62.5,3,2,20.6,5.2,4.062,1.76,2,0,0,0,1,0,18.81,1,0,6,2026-08,1
FBJ-0030,2026-08-09,Madrugada,A,Antena,AP-02,116,-54.6,3,2,20.6,5.2,1.116,0.4,3,1,33,0,1,0,29.29,1,0,6,2026-08,1
FBJ-0037,2026-08-09,Madrugada,B,Cable,,205,,4,2,8.6,2.1,2.213,0.67,5,0,0,0,1,0,35.0,0,1,6,2026-08,1
FBJ-0041,2026-08-09,Madrugada,B,Antena,AP-02,509,-69.1,4,2,8.6,2.1,2.564,1.22,4,0,0,0,1,0,15.1,1,0,6,2026-08,1
FBJ-0053,2026-08-09,Madrugada,B,Antena,AP-01,245,-55.9,4,2,8.6,2.1,4.754,1.58,8,0,0,0,1,0,23.8,1,0,6,2026-08,1
FBJ-0058,2026-08-09,Madrugada,B,Antena,AP-02,308,-59.0,4,2,8.6,2.1,0.469,0.2,4,0,0,0,1,0,20.19,1,0,6,2026-08,1
FBJ-0059,2026-08-09,Madrugada,B,Cable,,107,,4,2,8.6,2.1,2.802,0.91,7,0,0,0,1,0,35.0,0,1,6,2026-08,1
FBJ-0003,2026-08-09,Mañana,A,Antena,AP-02,392,-66.0,12,8,111.0,27.8,4.628,1.2,6,0,0,0,1,0,24.59,1,0,6,2026-08,2
FBJ-0005,2026-08-09,Mañana,A,Cable,,179,,12,8,111.0,27.8,7.648,2.04,7,0,0,0,1,0,35.0,0,1,6,2026-08,2
FBJ-0014,2026-08-09,Mañana,A,Antena,AP-01,319,-62.5,12,8,111.0,27.8,2.019,0.93,5,0,0,0,1,0,19.23,1,0,6,2026-08,2
FBJ-0015,2026-08-09,Mañana,A,Antena,AP-02,894,-83.5,12,8,111.0,27.8,0.754,0.37,4,0,0,0,1,0,17.8,1,0,6,2026-08,2
FBJ-0019,2026-08-09,Mañana,A,Cable,,81,,12,8,111.0,27.8,12.267,2.49,5,0,0,0,1,0,34.74,0,0,6,2026-08,2
FBJ-0020,2026-08-09,Mañana,A,Antena,AP-01,244,-60.1,12,8,111.0,27.8,5.753,2.28,6,1,25,0,1,0,24.71,1,0,6,2026-08,2
FBJ-0024,2026-08-09,Mañana,A,Antena,AP-02,169,-58.3,12,8,111.0,27.8,6.699,2.71,8,1,19,0,1,0,21.33,1,0,6,2026-08,2
FBJ-0026,2026-08-09,Mañana,A,Antena,AP-02,283,-64.0,12,8,111.0,27.8,3.238,1.45,7,0,0,0,1,0,23.61,1,0,6,2026-08,2
FBJ-0027,2026-08-09,Mañana,A,Cable,,85,,12,8,111.0,27.8,2.723,0.61,8,0,0,0,1,0,35.0,0,1,6,2026-08,2
FBJ-0029,2026-08-09,Mañana,A,Cable,,251,,12,8,111.0,27.8,10.093,2.04,3,0,0,0,1,0,35.0,0,1,6,2026-08,2
FBJ-0032,2026-08-09,Mañana,B,Cable,,302,,12,5,35.0,8.7,4.374,1.43,3,1,13,0,1,0,28.16,0,0,6,2026-08,2
FBJ-0034,2026-08-09,Mañana,B,Antena,AP-02,604,-72.2,12,5,35.0,8.7,5.002,1.96,1,0,0,0,1,0,17.46,1,0,6,2026-08,2
FBJ-0039,2026-08-09,Mañana,B,Cable,,288,,12,5,35.0,8.7,4.6,0.88,1,0,0,0,1,0,35.0,0,1,6,2026-08,2
FBJ-0040,2026-08-09,Mañana,B,Antena,AP-01,564,-73.1,12,5,35.0,8.7,3.69,2.03,1,0,0,0,1,0,16.65,1,0,6,2026-08,2
FBJ-0041,2026-08-09,Mañana,B,Antena,AP-02,509,-69.1,12,5,35.0,8.7,0.397,0.2,8,0,0,0,1,0,19.14,1,0,6,2026-08,2
FBJ-0045,2026-08-09,Mañana,B,Antena,AP-02,848,-81.7,12,5,35.0,8.7,3.847,1.54,5,0,0,0,1,0,15.47,1,0,6,2026-08,2
FBJ-0048,2026-08-09,Mañana,B,Antena,AP-01,721,-80.9,12,5,35.0,8.7,2.886,1.45,5,0,0,0,1,0,15.58,1,0,6,2026-08,2
FBJ-0049,2026-08-09,Mañana,B,Cable,,350,,12,5,35.0,8.7,7.766,1.57,8,0,0,0,1,0,35.0,0,1,6,2026-08,2
FBJ-0050,2026-08-09,Mañana,B,Antena,AP-02,277,-61.0,12,5,35.0,8.7,2.464,1.11,1,0,0,0,1,0,21.24,1,0,6,2026-08,2
FBJ-0053,2026-08-09,Mañana,B,Antena,AP-01,245,-55.9,12,5,35.0,8.7,9.557,2.34,2,0,0,0,1,0,26.84,1,0,6,2026-08,2
FBJ-0054,2026-08-09,Mañana,B,Antena,AP-02,302,-59.5,12,5,35.0,8.7,5.312,2.75,6,0,0,0,1,0,17.65,1,0,6,2026-08,2
FBJ-0056,2026-08-09,Mañana,B,Antena,AP-02,549,-70.0,12,5,35.0,8.7,4.616,2.27,8,0,0,0,1,0,15.46,1,0,6,2026-08,2
FBJ-0059,2026-08-09,Mañana,B,Cable,,107,,12,5,35.0,8.7,12.827,2.95,7,0,0,0,1,0,30.62,0,0,6,2026-08,2
FBJ-0005,2026-08-09,Tarde,A,Cable,,179,,19,12,128.5,32.1,2.809,0.54,8,0,0,0,1,0,35.0,0,1,6,2026-08,3
FBJ-0009,2026-08-09,Tarde,A,Antena,AP-02,565,-72.0,19,12,128.5,32.1,3.791,1.53,5,0,0,0,1,0,17.46,1,0,6,2026-08,3
FBJ-0010,2026-08-09,Tarde,A,Antena,AP-01,482,-67.3,19,12,128.5,32.1,3.101,1.46,7,0,0,0,1,0,22.02,1,0,6,2026-08,3
FBJ-0011,2026-08-09,Tarde,A,Antena,AP-02,440,-67.1,19,12,128.5,32.1,5.539,1.99,7,0,0,0,1,0,19.0,1,0,6,2026-08,3
FBJ-0012,2026-08-09,Tarde,A,Antena,AP-01,631,-74.1,19,12,128.5,32.1,2.321,1.3,5,0,0,0,1,0,19.33,1,0,6,2026-08,3
FBJ-0014,2026-08-09,Tarde,A,Antena,AP-01,319,-62.5,19,12,128.5,32.1,3.745,1.69,4,0,0,0,1,0,20.04,1,0,6,2026-08,3
FBJ-0015,2026-08-09,Tarde,A,Antena,AP-02,894,-83.5,19,12,128.5,32.1,3.026,2.1,3,1,23,0,1,0,16.18,1,0,6,2026-08,3
FBJ-0018,2026-08-09,Tarde,A,Cable,,281,,19,12,128.5,32.1,1.903,0.53,2,0,0,0,1,0,25.55,0,0,6,2026-08,3
FBJ-0019,2026-08-09,Tarde,A,Cable,,81,,19,12,128.5,32.1,2.899,0.57,3,1,31,0,1,0,35.0,0,1,6,2026-08,3
FBJ-0021,2026-08-09,Tarde,A,Cable,,163,,19,12,128.5,32.1,4.172,0.88,4,1,35,0,1,0,33.95,0,0,6,2026-08,3
FBJ-0023,2026-08-09,Tarde,A,Antena,AP-01,872,-78.5,19,12,128.5,32.1,2.698,1.6,7,0,0,0,1,0,16.53,1,0,6,2026-08,3
FBJ-0024,2026-08-09,Tarde,A,Antena,AP-02,169,-58.3,19,12,128.5,32.1,5.23,1.91,6,0,0,0,1,0,21.73,1,0,6,2026-08,3
FBJ-0026,2026-08-09,Tarde,A,Antena,AP-02,283,-64.0,19,12,128.5,32.1,2.301,0.99,1,0,0,0,1,0,23.86,1,0,6,2026-08,3
FBJ-0030,2026-08-09,Tarde,A,Antena,AP-02,116,-54.6,19,12,128.5,32.1,5.747,2.27,8,0,0,0,1,0,27.76,1,0,6,2026-08,3
FBJ-0031,2026-08-09,Tarde,B,Cable,,202,,19,17,149.6,37.4,2.621,1.13,1,0,0,0,1,0,23.07,0,0,6,2026-08,3
FBJ-0033,2026-08-09,Tarde,B,Antena,AP-01,719,-77.6,19,17,149.6,37.4,3.062,1.95,7,0,0,0,1,0,10.99,1,0,6,2026-08,3
FBJ-0034,2026-08-09,Tarde,B,Antena,AP-02,604,-72.2,19,17,149.6,37.4,2.311,1.93,4,0,0,0,1,0,8.63,1,0,6,2026-08,3
FBJ-0036,2026-08-09,Tarde,B,Antena,AP-01,831,-77.3,19,17,149.6,37.4,1.395,0.79,8,0,0,0,1,0,12.65,1,0,6,2026-08,3
FBJ-0037,2026-08-09,Tarde,B,Cable,,205,,19,17,149.6,37.4,3.933,2.2,1,0,0,0,1,0,19.9,0,0,6,2026-08,3
FBJ-0039,2026-08-09,Tarde,B,Cable,,288,,19,17,149.6,37.4,7.531,2.96,3,0,0,0,1,0,23.93,0,0,6,2026-08,3
FBJ-0040,2026-08-09,Tarde,B,Antena,AP-01,564,-73.1,19,17,149.6,37.4,0.262,0.2,1,0,0,0,1,0,11.05,1,0,6,2026-08,3
FBJ-0041,2026-08-09,Tarde,B,Antena,AP-02,509,-69.1,19,17,149.6,37.4,1.53,0.81,6,0,0,0,1,0,11.78,1,0,6,2026-08,3
FBJ-0043,2026-08-09,Tarde,B,Cable,,318,,19,17,149.6,37.4,2.491,1.52,6,0,0,0,1,0,16.81,0,0,6,2026-08,3
FBJ-0045,2026-08-09,Tarde,B,Antena,AP-02,848,-81.7,19,17,149.6,37.4,3.172,2.1,5,1,25,0,1,0,12.0,1,0,6,2026-08,3
FBJ-0046,2026-08-09,Tarde,B,Antena,AP-01,177,-50.9,19,17,149.6,37.4,2.143,1.11,4,1,9,0,1,0,17.02,1,0,6,2026-08,3
FBJ-0048,2026-08-09,Tarde,B,Antena,AP-01,721,-80.9,19,17,149.6,37.4,2.857,1.9,1,2,48,0,1,0,11.94,1,0,6,2026-08,3
FBJ-0050,2026-08-09,Tarde,B,Antena,AP-02,277,-61.0,19,17,149.6,37.4,1.012,0.54,5,0,0,0,1,0,15.64,1,0,6,2026-08,3
FBJ-0052,2026-08-09,Tarde,B,Cable,,288,,19,17,149.6,37.4,7.131,2.47,4,0,0,0,1,0,21.66,0,0,6,2026-08,3
FBJ-0053,2026-08-09,Tarde,B,Antena,AP-01,245,-55.9,19,17,149.6,37.4,0.444,0.2,2,0,0,0,1,0,15.25,1,0,6,2026-08,3
FBJ-0054,2026-08-09,Tarde,B,Antena,AP-02,302,-59.5,19,17,149.6,37.4,3.435,1.87,6,0,0,0,1,0,18.27,1,0,6,2026-08,3
FBJ-0056,2026-08-09,Tarde,B,Antena,AP-02,549,-70.0,19,17,149.6,37.4,0.902,0.76,5,0,0,0,1,0,10.19,1,0,6,2026-08,3
FBJ-0059,2026-08-09,Tarde,B,Cable,,107,,19,17,149.6,37.4,6.035,2.4,2,0,0,0,1,0,21.32,0,0,6,2026-08,3
FBJ-0001,2026-08-09,Noche,A,Antena,AP-01,625,-74.5,22,18,148.1,37.0,2.59,1.79,6,1,11,0,1,0,13.62,1,0,6,2026-08,4
FBJ-0003,2026-08-09,Noche,A,Antena,AP-02,392,-66.0,22,18,148.1,37.0,6.416,3.28,6,0,0,0,1,0,12.6,1,0,6,2026-08,4
FBJ-0004,2026-08-09,Noche,A,Cable,,322,,22,18,148.1,37.0,8.677,2.82,5,0,0,0,1,0,24.57,0,0,6,2026-08,4
FBJ-0005,2026-08-09,Noche,A,Cable,,179,,22,18,148.1,37.0,9.735,3.52,7,0,0,0,1,0,27.76,0,0,6,2026-08,4
FBJ-0007,2026-08-09,Noche,A,Antena,AP-02,594,-68.6,22,18,148.1,37.0,6.65,3.71,5,0,0,0,1,0,13.2,1,0,6,2026-08,4
FBJ-0009,2026-08-09,Noche,A,Antena,AP-02,565,-72.0,22,18,148.1,37.0,4.592,2.93,8,0,0,0,1,0,13.14,1,0,6,2026-08,4
FBJ-0010,2026-08-09,Noche,A,Antena,AP-01,482,-67.3,22,18,148.1,37.0,2.748,1.72,6,0,0,0,1,0,14.31,1,0,6,2026-08,4
FBJ-0011,2026-08-09,Noche,A,Antena,AP-02,440,-67.1,22,18,148.1,37.0,2.311,1.53,2,0,0,0,1,0,12.02,1,0,6,2026-08,4
FBJ-0012,2026-08-09,Noche,A,Antena,AP-01,631,-74.1,22,18,148.1,37.0,3.453,3.65,2,0,0,0,1,0,9.3,1,0,6,2026-08,4
FBJ-0013,2026-08-09,Noche,A,Antena,AP-02,111,-56.0,22,18,148.1,37.0,3.22,2.09,6,0,0,0,1,0,17.07,1,0,6,2026-08,4
FBJ-0014,2026-08-09,Noche,A,Antena,AP-01,319,-62.5,22,18,148.1,37.0,2.068,1.18,2,0,0,0,1,0,15.13,1,0,6,2026-08,4
FBJ-0015,2026-08-09,Noche,A,Antena,AP-02,894,-83.5,22,18,148.1,37.0,1.986,1.65,2,0,0,0,1,0,11.51,1,0,6,2026-08,4
FBJ-0020,2026-08-09,Noche,A,Antena,AP-01,244,-60.1,22,18,148.1,37.0,2.501,1.2,1,0,0,0,1,0,15.45,1,0,6,2026-08,4
FBJ-0021,2026-08-09,Noche,A,Cable,,163,,22,18,148.1,37.0,2.917,1.7,1,1,5,0,1,0,18.57,0,0,6,2026-08,4
FBJ-0023,2026-08-09,Noche,A,Antena,AP-01,872,-78.5,22,18,148.1,37.0,1.83,1.44,8,0,0,0,1,0,12.72,1,0,6,2026-08,4
FBJ-0024,2026-08-09,Noche,A,Antena,AP-02,169,-58.3,22,18,148.1,37.0,4.374,2.72,7,0,0,0,1,0,13.49,1,0,6,2026-08,4
FBJ-0025,2026-08-09,Noche,A,Antena,AP-01,575,-73.2,22,18,148.1,37.0,2.235,2.25,3,0,0,0,1,0,10.47,1,0,6,2026-08,4
FBJ-0026,2026-08-09,Noche,A,Antena,AP-02,283,-64.0,22,18,148.1,37.0,4.273,3.02,8,1,31,0,1,0,16.29,1,0,6,2026-08,4
FBJ-0027,2026-08-09,Noche,A,Cable,,85,,22,18,148.1,37.0,12.79,2.63,5,1,28,0,1,0,32.04,0,0,6,2026-08,4
FBJ-0030,2026-08-09,Noche,A,Antena,AP-02,116,-54.6,22,18,148.1,37.0,5.327,2.15,6,0,0,0,1,0,18.84,1,0,6,2026-08,4
FBJ-0031,2026-08-09,Noche,B,Cable,,202,,23,13,56.5,14.1,5.56,1.67,5,0,0,0,1,0,35.0,0,1,6,2026-08,4
FBJ-0034,2026-08-09,Noche,B,Antena,AP-02,604,-72.2,23,13,56.5,14.1,6.716,3.25,5,0,0,0,1,0,14.67,1,0,6,2026-08,4
FBJ-0035,2026-08-09,Noche,B,Cable,,154,,23,13,56.5,14.1,6.392,1.79,2,0,0,0,1,0,30.05,0,0,6,2026-08,4
FBJ-0036,2026-08-09,Noche,B,Antena,AP-01,831,-77.3,23,13,56.5,14.1,4.121,1.38,6,1,15,0,1,0,20.74,1,0,6,2026-08,4
FBJ-0039,2026-08-09,Noche,B,Cable,,288,,23,13,56.5,14.1,9.964,2.6,3,0,0,0,1,0,30.17,0,0,6,2026-08,4
FBJ-0041,2026-08-09,Noche,B,Antena,AP-02,509,-69.1,23,13,56.5,14.1,4.49,1.7,5,0,0,0,1,0,19.13,1,0,6,2026-08,4
FBJ-0042,2026-08-09,Noche,B,Antena,AP-01,176,-53.0,23,13,56.5,14.1,3.39,1.18,2,1,6,0,1,0,23.9,1,0,6,2026-08,4
FBJ-0043,2026-08-09,Noche,B,Cable,,318,,23,13,56.5,14.1,12.693,3.05,4,0,0,0,1,0,30.31,0,0,6,2026-08,4
FBJ-0044,2026-08-09,Noche,B,Cable,,86,,23,13,56.5,14.1,15.451,3.38,4,0,0,0,1,0,34.18,0,0,6,2026-08,4
FBJ-0046,2026-08-09,Noche,B,Antena,AP-01,177,-50.9,23,13,56.5,14.1,6.38,2.55,5,0,0,0,1,0,20.55,1,0,6,2026-08,4
FBJ-0048,2026-08-09,Noche,B,Antena,AP-01,721,-80.9,23,13,56.5,14.1,7.771,3.49,5,1,33,0,1,0,20.57,1,0,6,2026-08,4
FBJ-0049,2026-08-09,Noche,B,Cable,,350,,23,13,56.5,14.1,11.207,2.95,8,0,0,0,1,0,27.91,0,0,6,2026-08,4
FBJ-0051,2026-08-09,Noche,B,Cable,,42,,23,13,56.5,14.1,16.09,2.99,6,0,0,0,1,0,32.02,0,0,6,2026-08,4
FBJ-0052,2026-08-09,Noche,B,Cable,,288,,23,13,56.5,14.1,7.764,2.45,5,0,0,0,1,0,29.25,0,0,6,2026-08,4
FBJ-0053,2026-08-09,Noche,B,Antena,AP-01,245,-55.9,23,13,56.5,14.1,9.001,2.03,4,0,0,0,1,0,28.06,1,0,6,2026-08,4
FBJ-0054,2026-08-09,Noche,B,Antena,AP-02,302,-59.5,23,13,56.5,14.1,9.642,2.53,2,0,0,0,1,0,25.22,1,0,6,2026-08,4
FBJ-0056,2026-08-09,Noche,B,Antena,AP-02,549,-70.0,23,13,56.5,14.1,6.572,2.81,3,0,0,0,1,0,16.94,1,0,6,2026-08,4
FBJ-0057,2026-08-09,Noche,B,Antena,AP-01,851,-81.4,23,13,56.5,14.1,4.354,2.73,2,1,35,0,1,0,18.08,1,0,6,2026-08,4
FBJ-0058,2026-08-09,Noche,B,Antena,AP-02,308,-59.0,23,13,56.5,14.1,5.555,2.45,6,0,0,0,1,0,20.91,1,0,6,2026-08,4
FBJ-0059,2026-08-09,Noche,B,Cable,,107,,23,13,56.5,14.1,8.514,2.25,3,0,0,0,1,0,33.46,0,0,6,2026-08,4
FBJ-0018,2026-08-10,Madrugada,A,Cable,,281,,4,3,13.2,3.3,8.466,1.92,7,0,0,0,0,0,34.41,0,0,0,2026-08,1
FBJ-0020,2026-08-10,Madrugada,A,Antena,AP-01,244,-60.1,4,3,13.2,3.3,1.343,0.73,8,0,0,0,0,0,17.43,1,0,0,2026-08,1
FBJ-0035,2026-08-10,Madrugada,B,Cable,,154,,3,3,39.3,9.8,1.815,0.59,6,0,0,0,0,0,29.81,0,0,0,2026-08,1
FBJ-0041,2026-08-10,Madrugada,B,Antena,AP-02,509,-69.1,3,3,39.3,9.8,5.274,1.68,3,0,0,0,0,0,21.63,1,0,0,2026-08,1
FBJ-0047,2026-08-10,Madrugada,B,Antena,AP-02,453,-71.2,3,3,39.3,9.8,0.833,0.31,3,0,0,0,0,0,22.79,1,0,0,2026-08,1
FBJ-0049,2026-08-10,Madrugada,B,Cable,,350,,3,3,39.3,9.8,9.136,1.87,3,0,0,0,0,0,35.0,0,1,0,2026-08,1
FBJ-0051,2026-08-10,Madrugada,B,Cable,,42,,3,3,39.3,9.8,5.94,1.52,6,0,0,0,0,0,27.77,0,0,0,2026-08,1
FBJ-0060,2026-08-10,Madrugada,B,Cable,,110,,3,3,39.3,9.8,5.009,1.44,2,0,0,0,0,0,31.1,0,0,0,2026-08,1
FBJ-0003,2026-08-10,Mañana,A,Antena,AP-02,392,-66.0,11,6,77.3,19.3,6.598,1.83,1,0,0,0,0,0,24.76,1,0,0,2026-08,2
FBJ-0005,2026-08-10,Mañana,A,Cable,,179,,11,6,77.3,19.3,12.305,2.36,4,0,0,0,0,0,34.84,0,0,0,2026-08,2
FBJ-0009,2026-08-10,Mañana,A,Antena,AP-02,565,-72.0,11,6,77.3,19.3,1.548,0.49,2,0,0,0,0,0,21.67,1,0,0,2026-08,2
FBJ-0010,2026-08-10,Mañana,A,Antena,AP-01,482,-67.3,11,6,77.3,19.3,5.891,2.14,7,0,0,0,0,0,23.29,1,0,0,2026-08,2
FBJ-0014,2026-08-10,Mañana,A,Antena,AP-01,319,-62.5,11,6,77.3,19.3,9.119,3.31,5,0,0,0,0,0,22.61,1,0,0,2026-08,2
FBJ-0018,2026-08-10,Mañana,A,Cable,,281,,11,6,77.3,19.3,6.565,1.35,1,0,0,0,0,0,33.31,0,0,0,2026-08,2
FBJ-0022,2026-08-10,Mañana,A,Antena,AP-02,838,-82.4,11,6,77.3,19.3,5.258,2.24,4,0,0,0,0,0,15.8,1,0,0,2026-08,2
FBJ-0023,2026-08-10,Mañana,A,Antena,AP-01,872,-78.5,11,6,77.3,19.3,2.286,1.12,4,1,8,0,0,0,18.26,1,0,0,2026-08,2
FBJ-0026,2026-08-10,Mañana,A,Antena,AP-02,283,-64.0,11,6,77.3,19.3,1.43,0.89,3,0,0,0,0,0,17.91,1,0,0,2026-08,2
FBJ-0027,2026-08-10,Mañana,A,Cable,,85,,11,6,77.3,19.3,11.335,2.73,4,0,0,0,0,0,30.83,0,0,0,2026-08,2
FBJ-0030,2026-08-10,Mañana,A,Antena,AP-02,116,-54.6,11,6,77.3,19.3,4.853,1.68,2,0,0,0,0,0,26.74,1,0,0,2026-08,2
FBJ-0035,2026-08-10,Mañana,B,Cable,,154,,11,9,49.2,12.3,7.347,2.17,8,0,0,0,0,0,28.26,0,0,0,2026-08,2
FBJ-0046,2026-08-10,Mañana,B,Antena,AP-01,177,-50.9,11,9,49.2,12.3,11.027,2.31,5,0,0,0,0,0,35.0,1,1,0,2026-08,2
FBJ-0056,2026-08-10,Mañana,B,Antena,AP-02,549,-70.0,11,9,49.2,12.3,3.36,1.2,6,0,0,0,0,0,17.14,1,0,0,2026-08,2
FBJ-0060,2026-08-10,Mañana,B,Cable,,110,,11,9,49.2,12.3,4.943,1.39,2,1,23,0,0,0,32.2,0,0,0,2026-08,2
FBJ-0004,2026-08-10,Tarde,A,Cable,,322,,14,10,139.3,34.8,4.622,1.63,3,0,0,0,0,0,32.64,0,0,0,2026-08,3
FBJ-0007,2026-08-10,Tarde,A,Antena,AP-02,594,-68.6,14,10,139.3,34.8,3.499,1.57,4,0,0,0,0,0,18.66,1,0,0,2026-08,3
FBJ-0009,2026-08-10,Tarde,A,Antena,AP-02,565,-72.0,14,10,139.3,34.8,4.37,2.21,4,0,0,0,0,0,18.09,1,0,0,2026-08,3
FBJ-0012,2026-08-10,Tarde,A,Antena,AP-01,631,-74.1,14,10,139.3,34.8,1.938,1.05,2,0,0,0,0,0,18.21,1,0,0,2026-08,3
FBJ-0018,2026-08-10,Tarde,A,Cable,,281,,14,10,139.3,34.8,6.056,1.73,1,0,0,0,0,0,35.0,0,1,0,2026-08,3
FBJ-0021,2026-08-10,Tarde,A,Cable,,163,,14,10,139.3,34.8,3.901,1.25,1,0,0,0,0,0,30.0,0,0,0,2026-08,3
FBJ-0022,2026-08-10,Tarde,A,Antena,AP-02,838,-82.4,14,10,139.3,34.8,6.878,2.46,7,1,4,0,0,0,18.16,1,0,0,2026-08,3
FBJ-0026,2026-08-10,Tarde,A,Antena,AP-02,283,-64.0,14,10,139.3,34.8,5.022,2.01,6,0,0,0,0,0,19.96,1,0,0,2026-08,3
FBJ-0029,2026-08-10,Tarde,A,Cable,,251,,14,10,139.3,34.8,9.296,1.9,1,1,33,0,0,0,35.0,0,1,0,2026-08,3
FBJ-0032,2026-08-10,Tarde,B,Cable,,302,,12,9,79.7,19.9,5.239,1.62,2,0,0,0,0,0,27.66,0,0,0,2026-08,3
FBJ-0037,2026-08-10,Tarde,B,Cable,,205,,12,9,79.7,19.9,4.816,1.21,7,1,38,0,0,0,35.0,0,1,0,2026-08,3
FBJ-0039,2026-08-10,Tarde,B,Cable,,288,,12,9,79.7,19.9,4.637,0.94,4,0,0,0,0,0,35.0,0,1,0,2026-08,3
FBJ-0040,2026-08-10,Tarde,B,Antena,AP-01,564,-73.1,12,9,79.7,19.9,0.455,0.2,8,0,0,0,0,0,15.47,1,0,0,2026-08,3
FBJ-0042,2026-08-10,Tarde,B,Antena,AP-01,176,-53.0,12,9,79.7,19.9,8.26,1.57,8,0,0,0,0,0,34.85,1,0,0,2026-08,3
FBJ-0046,2026-08-10,Tarde,B,Antena,AP-01,177,-50.9,12,9,79.7,19.9,4.759,1.03,6,0,0,0,0,0,32.54,1,0,0,2026-08,3
FBJ-0048,2026-08-10,Tarde,B,Antena,AP-01,721,-80.9,12,9,79.7,19.9,2.27,1.57,4,0,0,0,0,0,16.18,1,0,0,2026-08,3
FBJ-0049,2026-08-10,Tarde,B,Cable,,350,,12,9,79.7,19.9,4.429,1.33,3,0,0,0,0,0,28.83,0,0,0,2026-08,3
FBJ-0053,2026-08-10,Tarde,B,Antena,AP-01,245,-55.9,12,9,79.7,19.9,7.954,2.48,4,0,0,0,0,0,26.84,1,0,0,2026-08,3
FBJ-0054,2026-08-10,Tarde,B,Antena,AP-02,302,-59.5,12,9,79.7,19.9,6.846,1.79,1,0,0,0,0,0,26.86,1,0,0,2026-08,3
FBJ-0056,2026-08-10,Tarde,B,Antena,AP-02,549,-70.0,12,9,79.7,19.9,2.351,1.32,4,0,0,0,0,0,14.96,1,0,0,2026-08,3
FBJ-0057,2026-08-10,Tarde,B,Antena,AP-01,851,-81.4,12,9,79.7,19.9,1.224,0.62,5,1,32,0,0,0,16.38,1,0,0,2026-08,3
FBJ-0058,2026-08-10,Tarde,B,Antena,AP-02,308,-59.0,12,9,79.7,19.9,3.789,1.44,2,0,0,0,0,0,19.01,1,0,0,2026-08,3
FBJ-0059,2026-08-10,Tarde,B,Cable,,107,,12,9,79.7,19.9,7.421,2.0,8,0,0,0,0,0,25.93,0,0,0,2026-08,3
FBJ-0001,2026-08-10,Noche,A,Antena,AP-01,625,-74.5,15,11,98.4,24.6,4.135,1.98,6,0,0,0,0,0,13.3,1,0,0,2026-08,4
FBJ-0004,2026-08-10,Noche,A,Cable,,322,,15,11,98.4,24.6,10.06,2.54,3,0,0,0,0,0,33.64,0,0,0,2026-08,4
FBJ-0009,2026-08-10,Noche,A,Antena,AP-02,565,-72.0,15,11,98.4,24.6,2.712,1.09,1,0,0,0,0,0,16.65,1,0,0,2026-08,4
FBJ-0013,2026-08-10,Noche,A,Antena,AP-02,111,-56.0,15,11,98.4,24.6,5.207,1.6,7,0,0,0,0,0,29.06,1,0,0,2026-08,4
FBJ-0014,2026-08-10,Noche,A,Antena,AP-01,319,-62.5,15,11,98.4,24.6,5.022,1.81,3,0,0,0,0,0,25.06,1,0,0,2026-08,4
FBJ-0015,2026-08-10,Noche,A,Antena,AP-02,894,-83.5,15,11,98.4,24.6,4.575,2.39,3,1,33,0,0,0,15.69,1,0,0,2026-08,4
FBJ-0018,2026-08-10,Noche,A,Cable,,281,,15,11,98.4,24.6,8.301,2.24,7,0,0,0,0,0,35.0,0,1,0,2026-08,4
FBJ-0019,2026-08-10,Noche,A,Cable,,81,,15,11,98.4,24.6,9.165,1.8,1,0,0,0,0,0,35.0,0,1,0,2026-08,4
FBJ-0020,2026-08-10,Noche,A,Antena,AP-01,244,-60.1,15,11,98.4,24.6,13.286,3.21,8,0,0,0,0,0,29.16,1,0,0,2026-08,4
FBJ-0022,2026-08-10,Noche,A,Antena,AP-02,838,-82.4,15,11,98.4,24.6,5.2,2.36,1,1,25,0,0,0,13.57,1,0,0,2026-08,4
FBJ-0023,2026-08-10,Noche,A,Antena,AP-01,872,-78.5,15,11,98.4,24.6,6.369,3.03,2,0,0,0,0,0,23.7,1,0,0,2026-08,4
FBJ-0024,2026-08-10,Noche,A,Antena,AP-02,169,-58.3,15,11,98.4,24.6,6.074,2.04,1,0,0,0,0,0,26.04,1,0,0,2026-08,4
FBJ-0025,2026-08-10,Noche,A,Antena,AP-01,575,-73.2,15,11,98.4,24.6,4.474,2.18,3,0,0,0,0,0,18.84,1,0,0,2026-08,4
FBJ-0027,2026-08-10,Noche,A,Cable,,85,,15,11,98.4,24.6,10.122,2.64,6,0,0,0,0,0,29.31,0,0,0,2026-08,4
FBJ-0029,2026-08-10,Noche,A,Cable,,251,,15,11,98.4,24.6,12.653,3.05,5,0,0,0,0,0,35.0,0,1,0,2026-08,4
FBJ-0030,2026-08-10,Noche,A,Antena,AP-02,116,-54.6,15,11,98.4,24.6,5.354,1.79,8,1,12,0,0,0,35.0,1,1,0,2026-08,4
FBJ-0031,2026-08-10,Noche,B,Cable,,202,,17,12,144.9,36.2,7.641,2.7,1,0,0,0,0,0,26.36,0,0,0,2026-08,4
FBJ-0034,2026-08-10,Noche,B,Antena,AP-02,604,-72.2,17,12,144.9,36.2,3.99,2.65,3,0,0,0,0,0,14.96,1,0,0,2026-08,4
FBJ-0035,2026-08-10,Noche,B,Cable,,154,,17,12,144.9,36.2,5.976,1.99,4,0,0,0,0,0,25.89,0,0,0,2026-08,4
FBJ-0037,2026-08-10,Noche,B,Cable,,205,,17,12,144.9,36.2,4.43,2.71,3,0,0,0,0,0,20.39,0,0,0,2026-08,4
FBJ-0040,2026-08-10,Noche,B,Antena,AP-01,564,-73.1,17,12,144.9,36.2,6.458,2.85,7,0,0,0,0,0,18.71,1,0,0,2026-08,4
FBJ-0042,2026-08-10,Noche,B,Antena,AP-01,176,-53.0,17,12,144.9,36.2,13.176,2.7,7,0,0,0,0,0,31.23,1,0,0,2026-08,4
FBJ-0044,2026-08-10,Noche,B,Cable,,86,,17,12,144.9,36.2,9.233,2.48,2,0,0,0,0,0,35.0,0,1,0,2026-08,4
FBJ-0045,2026-08-10,Noche,B,Antena,AP-02,848,-81.7,17,12,144.9,36.2,9.351,3.65,4,0,0,0,0,0,19.25,1,0,0,2026-08,4
FBJ-0046,2026-08-10,Noche,B,Antena,AP-01,177,-50.9,17,12,144.9,36.2,12.245,3.13,4,0,0,0,0,0,28.24,1,0,0,2026-08,4
FBJ-0047,2026-08-10,Noche,B,Antena,AP-02,453,-71.2,17,12,144.9,36.2,1.72,1.44,4,0,0,0,0,0,13.35,1,0,0,2026-08,4
FBJ-0049,2026-08-10,Noche,B,Cable,,350,,17,12,144.9,36.2,13.782,2.92,8,0,0,0,0,0,30.43,0,0,0,2026-08,4
FBJ-0050,2026-08-10,Noche,B,Antena,AP-02,277,-61.0,17,12,144.9,36.2,8.036,3.17,5,0,0,0,0,0,23.61,1,0,0,2026-08,4
FBJ-0051,2026-08-10,Noche,B,Cable,,42,,17,12,144.9,36.2,13.005,2.72,2,0,0,0,0,0,35.0,0,1,0,2026-08,4
FBJ-0052,2026-08-10,Noche,B,Cable,,288,,17,12,144.9,36.2,3.738,0.93,6,0,0,0,0,0,28.71,0,0,0,2026-08,4
FBJ-0054,2026-08-10,Noche,B,Antena,AP-02,302,-59.5,17,12,144.9,36.2,8.593,4.06,6,0,0,0,0,0,21.63,1,0,0,2026-08,4
FBJ-0056,2026-08-10,Noche,B,Antena,AP-02,549,-70.0,17,12,144.9,36.2,5.784,2.92,5,0,0,0,0,0,18.74,1,0,0,2026-08,4
FBJ-0057,2026-08-10,Noche,B,Antena,AP-01,851,-81.4,17,12,144.9,36.2,7.924,2.75,6,2,24,0,0,0,22.43,1,0,0,2026-08,4
FBJ-0058,2026-08-10,Noche,B,Antena,AP-02,308,-59.0,17,12,144.9,36.2,5.501,1.61,3,0,0,0,0,0,27.27,1,0,0,2026-08,4
FBJ-0060,2026-08-10,Noche,B,Cable,,110,,17,12,144.9,36.2,2.91,0.67,3,0,0,0,0,0,27.47,0,0,0,2026-08,4
FBJ-0026,2026-08-11,Madrugada,A,Antena,AP-02,283,-64.0,3,3,35.7,8.9,3.379,1.5,3,0,0,0,0,0,22.03,1,0,1,2026-08,1
FBJ-0027,2026-08-11,Madrugada,A,Cable,,85,,3,3,35.7,8.9,8.475,1.68,7,0,0,0,0,0,30.21,0,0,1,2026-08,1
FBJ-0042,2026-08-11,Madrugada,B,Antena,AP-01,176,-53.0,3,2,9.6,2.4,2.305,0.62,4,0,0,0,0,0,25.0,1,0,1,2026-08,1
FBJ-0047,2026-08-11,Madrugada,B,Antena,AP-02,453,-71.2,3,2,9.6,2.4,2.377,1.58,6,0,0,0,0,0,12.97,1,0,1,2026-08,1
FBJ-0048,2026-08-11,Madrugada,B,Antena,AP-01,721,-80.9,3,2,9.6,2.4,3.441,1.45,8,0,0,0,0,0,17.74,1,0,1,2026-08,1
FBJ-0049,2026-08-11,Madrugada,B,Cable,,350,,3,2,9.6,2.4,3.914,0.79,2,0,0,0,0,0,29.76,0,0,1,2026-08,1
FBJ-0053,2026-08-11,Madrugada,B,Antena,AP-01,245,-55.9,3,2,9.6,2.4,3.001,0.75,1,0,0,0,0,0,35.0,1,1,1,2026-08,1
FBJ-0059,2026-08-11,Madrugada,B,Cable,,107,,3,2,9.6,2.4,3.164,1.05,5,0,0,0,0,0,33.08,0,0,1,2026-08,1
FBJ-0001,2026-08-11,Mañana,A,Antena,AP-01,625,-74.5,12,8,46.1,11.5,2.854,1.17,3,0,0,0,0,0,18.18,1,0,1,2026-08,2
FBJ-0004,2026-08-11,Mañana,A,Cable,,322,,12,8,46.1,11.5,6.828,1.81,7,0,0,0,0,0,35.0,0,1,1,2026-08,2
FBJ-0005,2026-08-11,Mañana,A,Cable,,179,,12,8,46.1,11.5,5.265,1.35,1,0,0,0,0,0,35.0,0,1,1,2026-08,2
FBJ-0015,2026-08-11,Mañana,A,Antena,AP-02,894,-83.5,12,8,46.1,11.5,5.879,2.08,3,3,12,0,0,0,21.32,1,0,1,2026-08,2
FBJ-0019,2026-08-11,Mañana,A,Cable,,81,,12,8,46.1,11.5,8.821,2.43,8,0,0,0,0,0,30.53,0,0,1,2026-08,2
FBJ-0020,2026-08-11,Mañana,A,Antena,AP-01,244,-60.1,12,8,46.1,11.5,2.813,0.93,8,0,0,0,0,0,24.51,1,0,1,2026-08,2
FBJ-0021,2026-08-11,Mañana,A,Cable,,163,,12,8,46.1,11.5,1.37,0.39,7,0,0,0,0,0,31.34,0,0,1,2026-08,2
FBJ-0023,2026-08-11,Mañana,A,Antena,AP-01,872,-78.5,12,8,46.1,11.5,3.301,2.63,4,2,20,0,0,0,14.25,1,0,1,2026-08,2
FBJ-0024,2026-08-11,Mañana,A,Antena,AP-02,169,-58.3,12,8,46.1,11.5,4.852,1.7,2,1,28,0,0,0,28.66,1,0,1,2026-08,2
FBJ-0025,2026-08-11,Mañana,A,Antena,AP-01,575,-73.2,12,8,46.1,11.5,3.715,2.24,6,0,0,0,0,0,15.64,1,0,1,2026-08,2
FBJ-0029,2026-08-11,Mañana,A,Cable,,251,,12,8,46.1,11.5,3.013,0.87,4,0,0,0,0,0,34.7,0,0,1,2026-08,2
FBJ-0030,2026-08-11,Mañana,A,Antena,AP-02,116,-54.6,12,8,46.1,11.5,4.103,1.73,6,0,0,0,0,0,24.35,1,0,1,2026-08,2
FBJ-0032,2026-08-11,Mañana,B,Cable,,302,,11,6,37.7,9.4,4.857,1.63,7,0,0,0,0,0,34.07,0,0,1,2026-08,2
FBJ-0034,2026-08-11,Mañana,B,Antena,AP-02,604,-72.2,11,6,37.7,9.4,3.464,1.11,3,0,0,0,0,0,23.11,1,0,1,2026-08,2
FBJ-0037,2026-08-11,Mañana,B,Cable,,205,,11,6,37.7,9.4,4.791,1.09,3,0,0,0,0,0,35.0,0,1,1,2026-08,2
FBJ-0040,2026-08-11,Mañana,B,Antena,AP-01,564,-73.1,11,6,37.7,9.4,1.364,0.77,5,0,0,0,0,0,17.31,1,0,1,2026-08,2
FBJ-0041,2026-08-11,Mañana,B,Antena,AP-02,509,-69.1,11,6,37.7,9.4,3.632,1.42,6,0,0,0,0,0,17.85,1,0,1,2026-08,2
FBJ-0043,2026-08-11,Mañana,B,Cable,,318,,11,6,37.7,9.4,7.028,1.8,7,0,0,0,0,0,35.0,0,1,1,2026-08,2
FBJ-0045,2026-08-11,Mañana,B,Antena,AP-02,848,-81.7,11,6,37.7,9.4,2.807,1.44,1,0,0,0,0,0,17.24,1,0,1,2026-08,2
FBJ-0046,2026-08-11,Mañana,B,Antena,AP-01,177,-50.9,11,6,37.7,9.4,7.909,2.11,1,0,0,0,0,0,31.33,1,0,1,2026-08,2
FBJ-0047,2026-08-11,Mañana,B,Antena,AP-02,453,-71.2,11,6,37.7,9.4,3.93,2.05,2,0,0,0,0,0,18.77,1,0,1,2026-08,2
FBJ-0050,2026-08-11,Mañana,B,Antena,AP-02,277,-61.0,11,6,37.7,9.4,2.509,0.85,4,0,0,0,0,0,25.72,1,0,1,2026-08,2
FBJ-0053,2026-08-11,Mañana,B,Antena,AP-01,245,-55.9,11,6,37.7,9.4,5.921,1.22,7,0,0,0,0,0,32.98,1,0,1,2026-08,2
FBJ-0059,2026-08-11,Mañana,B,Cable,,107,,11,6,37.7,9.4,4.777,1.11,5,1,31,0,0,0,35.0,0,1,1,2026-08,2
FBJ-0060,2026-08-11,Mañana,B,Cable,,110,,11,6,37.7,9.4,8.821,2.01,4,1,6,0,0,0,30.22,0,0,1,2026-08,2
FBJ-0004,2026-08-11,Tarde,A,Cable,,322,,11,9,99.5,24.9,3.472,0.76,6,0,0,0,0,0,33.7,0,0,1,2026-08,3
FBJ-0005,2026-08-11,Tarde,A,Cable,,179,,11,9,99.5,24.9,0.944,0.27,8,0,0,0,0,0,32.62,0,0,1,2026-08,3
FBJ-0010,2026-08-11,Tarde,A,Antena,AP-01,482,-67.3,11,9,99.5,24.9,5.01,2.05,5,0,0,0,0,0,17.86,1,0,1,2026-08,3
FBJ-0011,2026-08-11,Tarde,A,Antena,AP-02,440,-67.1,11,9,99.5,24.9,1.205,0.43,8,0,0,0,0,0,20.93,1,0,1,2026-08,3
FBJ-0012,2026-08-11,Tarde,A,Antena,AP-01,631,-74.1,11,9,99.5,24.9,2.541,1.1,3,0,0,0,0,0,17.17,1,0,1,2026-08,3
FBJ-0013,2026-08-11,Tarde,A,Antena,AP-02,111,-56.0,11,9,99.5,24.9,6.127,1.43,5,0,0,0,0,0,32.28,1,0,1,2026-08,3
FBJ-0015,2026-08-11,Tarde,A,Antena,AP-02,894,-83.5,11,9,99.5,24.9,1.279,0.66,4,0,0,0,0,0,14.99,1,0,1,2026-08,3
FBJ-0020,2026-08-11,Tarde,A,Antena,AP-01,244,-60.1,11,9,99.5,24.9,7.682,1.79,2,0,0,0,0,0,27.3,1,0,1,2026-08,3
FBJ-0021,2026-08-11,Tarde,A,Cable,,163,,11,9,99.5,24.9,2.307,0.58,6,0,0,0,0,0,26.93,0,0,1,2026-08,3
FBJ-0025,2026-08-11,Tarde,A,Antena,AP-01,575,-73.2,11,9,99.5,24.9,1.613,1.26,3,1,10,0,0,0,12.58,1,0,1,2026-08,3
FBJ-0026,2026-08-11,Tarde,A,Antena,AP-02,283,-64.0,11,9,99.5,24.9,1.9,0.98,4,0,0,0,0,0,18.33,1,0,1,2026-08,3
FBJ-0027,2026-08-11,Tarde,A,Cable,,85,,11,9,99.5,24.9,1.164,0.2,3,0,0,0,0,0,35.0,0,1,1,2026-08,3
FBJ-0029,2026-08-11,Tarde,A,Cable,,251,,11,9,99.5,24.9,3.661,1.24,4,0,0,0,0,0,28.23,0,0,1,2026-08,3
FBJ-0032,2026-08-11,Tarde,B,Cable,,302,,7,4,54.6,13.7,3.279,0.9,7,1,33,0,0,0,35.0,0,1,1,2026-08,3
FBJ-0033,2026-08-11,Tarde,B,Antena,AP-01,719,-77.6,7,4,54.6,13.7,1.91,0.77,3,0,0,0,0,0,17.26,1,0,1,2026-08,3
FBJ-0034,2026-08-11,Tarde,B,Antena,AP-02,604,-72.2,7,4,54.6,13.7,1.868,0.76,8,0,0,0,0,0,19.07,1,0,1,2026-08,3
FBJ-0041,2026-08-11,Tarde,B,Antena,AP-02,509,-69.1,7,4,54.6,13.7,3.699,1.64,7,0,0,0,0,0,16.15,1,0,1,2026-08,3
FBJ-0046,2026-08-11,Tarde,B,Antena,AP-01,177,-50.9,7,4,54.6,13.7,6.592,1.33,8,0,0,0,0,0,29.28,1,0,1,2026-08,3
FBJ-0054,2026-08-11,Tarde,B,Antena,AP-02,302,-59.5,7,4,54.6,13.7,4.723,1.45,8,1,8,0,0,0,24.69,1,0,1,2026-08,3
FBJ-0057,2026-08-11,Tarde,B,Antena,AP-01,851,-81.4,7,4,54.6,13.7,2.334,1.48,3,2,70,0,0,0,17.87,1,0,1,2026-08,3
FBJ-0058,2026-08-11,Tarde,B,Antena,AP-02,308,-59.0,7,4,54.6,13.7,1.369,0.44,1,0,0,0,0,0,27.99,1,0,1,2026-08,3
FBJ-0001,2026-08-11,Noche,A,Antena,AP-01,625,-74.5,12,10,149.0,37.2,8.085,3.38,6,0,0,0,0,0,16.79,1,0,1,2026-08,4
FBJ-0003,2026-08-11,Noche,A,Antena,AP-02,392,-66.0,12,10,149.0,37.2,5.751,2.5,2,0,0,0,0,0,22.03,1,0,1,2026-08,4
FBJ-0004,2026-08-11,Noche,A,Cable,,322,,12,10,149.0,37.2,7.841,2.53,6,0,0,0,0,0,35.0,0,1,1,2026-08,4
FBJ-0005,2026-08-11,Noche,A,Cable,,179,,12,10,149.0,37.2,5.829,1.77,2,1,12,0,0,0,35.0,0,1,1,2026-08,4
FBJ-0009,2026-08-11,Noche,A,Antena,AP-02,565,-72.0,12,10,149.0,37.2,6.493,2.64,2,0,0,0,0,0,17.07,1,0,1,2026-08,4
FBJ-0010,2026-08-11,Noche,A,Antena,AP-01,482,-67.3,12,10,149.0,37.2,5.695,2.49,6,0,0,0,0,0,20.68,1,0,1,2026-08,4
FBJ-0011,2026-08-11,Noche,A,Antena,AP-02,440,-67.1,12,10,149.0,37.2,4.384,2.11,7,0,0,0,0,0,20.26,1,0,1,2026-08,4
FBJ-0012,2026-08-11,Noche,A,Antena,AP-01,631,-74.1,12,10,149.0,37.2,4.018,2.1,1,0,0,0,0,0,19.13,1,0,1,2026-08,4
FBJ-0014,2026-08-11,Noche,A,Antena,AP-01,319,-62.5,12,10,149.0,37.2,5.394,2.03,6,0,0,0,0,0,21.51,1,0,1,2026-08,4
FBJ-0015,2026-08-11,Noche,A,Antena,AP-02,894,-83.5,12,10,149.0,37.2,7.265,2.92,8,0,0,0,0,0,20.87,1,0,1,2026-08,4
FBJ-0020,2026-08-11,Noche,A,Antena,AP-01,244,-60.1,12,10,149.0,37.2,11.246,2.54,5,0,0,0,0,0,31.54,1,0,1,2026-08,4
FBJ-0021,2026-08-11,Noche,A,Cable,,163,,12,10,149.0,37.2,6.438,2.19,2,0,0,0,0,0,25.57,0,0,1,2026-08,4
FBJ-0023,2026-08-11,Noche,A,Antena,AP-01,872,-78.5,12,10,149.0,37.2,8.041,3.29,6,2,28,0,0,0,21.33,1,0,1,2026-08,4
FBJ-0025,2026-08-11,Noche,A,Antena,AP-01,575,-73.2,12,10,149.0,37.2,3.597,2.29,3,0,0,0,0,0,18.79,1,0,1,2026-08,4
FBJ-0029,2026-08-11,Noche,A,Cable,,251,,12,10,149.0,37.2,10.143,2.19,4,0,0,0,0,0,35.0,0,1,1,2026-08,4
FBJ-0030,2026-08-11,Noche,A,Antena,AP-02,116,-54.6,12,10,149.0,37.2,3.6,2.71,1,0,0,0,0,0,15.44,1,0,1,2026-08,4
FBJ-0032,2026-08-11,Noche,B,Cable,,302,,20,14,142.0,35.5,8.336,2.58,6,1,22,0,0,0,23.23,0,0,1,2026-08,4
FBJ-0033,2026-08-11,Noche,B,Antena,AP-01,719,-77.6,20,14,142.0,35.5,7.973,3.29,1,0,0,0,0,0,14.5,1,0,1,2026-08,4
FBJ-0034,2026-08-11,Noche,B,Antena,AP-02,604,-72.2,20,14,142.0,35.5,4.041,2.57,7,0,0,0,0,0,15.01,1,0,1,2026-08,4
FBJ-0036,2026-08-11,Noche,B,Antena,AP-01,831,-77.3,20,14,142.0,35.5,2.234,1.54,1,0,0,0,0,0,14.03,1,0,1,2026-08,4
FBJ-0037,2026-08-11,Noche,B,Cable,,205,,20,14,142.0,35.5,6.831,1.96,6,0,0,0,0,0,28.13,0,0,1,2026-08,4
FBJ-0041,2026-08-11,Noche,B,Antena,AP-02,509,-69.1,20,14,142.0,35.5,6.013,3.87,8,1,25,0,0,0,12.82,1,0,1,2026-08,4
FBJ-0042,2026-08-11,Noche,B,Antena,AP-01,176,-53.0,20,14,142.0,35.5,9.18,2.7,8,0,0,0,0,0,24.39,1,0,1,2026-08,4
FBJ-0044,2026-08-11,Noche,B,Cable,,86,,20,14,142.0,35.5,9.086,3.21,8,0,0,0,0,0,29.66,0,0,1,2026-08,4
FBJ-0046,2026-08-11,Noche,B,Antena,AP-01,177,-50.9,20,14,142.0,35.5,8.298,3.15,8,0,0,0,0,0,22.81,1,0,1,2026-08,4
FBJ-0047,2026-08-11,Noche,B,Antena,AP-02,453,-71.2,20,14,142.0,35.5,5.449,2.63,6,0,0,0,0,0,15.32,1,0,1,2026-08,4
FBJ-0049,2026-08-11,Noche,B,Cable,,350,,20,14,142.0,35.5,7.767,2.5,5,0,0,0,0,0,27.25,0,0,1,2026-08,4
FBJ-0050,2026-08-11,Noche,B,Antena,AP-02,277,-61.0,20,14,142.0,35.5,5.209,2.5,2,0,0,0,0,0,18.42,1,0,1,2026-08,4
FBJ-0051,2026-08-11,Noche,B,Cable,,42,,20,14,142.0,35.5,3.745,0.84,1,0,0,0,0,0,30.23,0,0,1,2026-08,4
FBJ-0052,2026-08-11,Noche,B,Cable,,288,,20,14,142.0,35.5,6.634,2.13,5,0,0,0,0,0,28.47,0,0,1,2026-08,4
FBJ-0054,2026-08-11,Noche,B,Antena,AP-02,302,-59.5,20,14,142.0,35.5,4.224,1.72,6,0,0,0,0,0,18.87,1,0,1,2026-08,4
FBJ-0056,2026-08-11,Noche,B,Antena,AP-02,549,-70.0,20,14,142.0,35.5,4.435,2.94,8,0,0,0,0,0,12.75,1,0,1,2026-08,4
FBJ-0057,2026-08-11,Noche,B,Antena,AP-01,851,-81.4,20,14,142.0,35.5,5.38,3.38,6,0,0,0,0,0,17.42,1,0,1,2026-08,4
FBJ-0058,2026-08-11,Noche,B,Antena,AP-02,308,-59.0,20,14,142.0,35.5,4.463,2.43,4,0,0,0,0,0,17.98,1,0,1,2026-08,4
FBJ-0060,2026-08-11,Noche,B,Cable,,110,,20,14,142.0,35.5,12.139,2.44,6,0,0,0,0,0,35.0,0,1,1,2026-08,4
FBJ-0004,2026-08-12,Madrugada,A,Cable,,322,,2,2,26.3,6.6,8.592,2.34,7,0,0,0,0,0,34.24,0,0,2,2026-08,1
FBJ-0012,2026-08-12,Madrugada,A,Antena,AP-01,631,-74.1,2,2,26.3,6.6,4.613,1.63,7,0,0,0,0,0,20.86,1,0,2,2026-08,1
FBJ-0050,2026-08-12,Madrugada,B,Antena,AP-02,277,-61.0,3,2,12.9,3.2,4.349,1.82,2,0,0,0,0,0,17.65,1,0,2,2026-08,1
FBJ-0054,2026-08-12,Madrugada,B,Antena,AP-02,302,-59.5,3,2,12.9,3.2,5.384,1.51,3,0,0,0,0,0,28.51,1,0,2,2026-08,1
FBJ-0004,2026-08-12,Mañana,A,Cable,,322,,7,7,51.2,12.8,2.964,0.79,5,0,0,0,0,0,33.88,0,0,2,2026-08,2
FBJ-0005,2026-08-12,Mañana,A,Cable,,179,,7,7,51.2,12.8,3.267,1.03,8,1,4,0,0,0,34.03,0,0,2,2026-08,2
FBJ-0010,2026-08-12,Mañana,A,Antena,AP-01,482,-67.3,7,7,51.2,12.8,9.738,3.22,8,0,0,0,0,0,20.5,1,0,2,2026-08,2
FBJ-0011,2026-08-12,Mañana,A,Antena,AP-02,440,-67.1,7,7,51.2,12.8,2.667,1.37,8,0,0,0,0,0,14.83,1,0,2,2026-08,2
FBJ-0013,2026-08-12,Mañana,A,Antena,AP-02,111,-56.0,7,7,51.2,12.8,3.125,1.02,8,0,0,0,0,0,35.0,1,1,2,2026-08,2
FBJ-0014,2026-08-12,Mañana,A,Antena,AP-01,319,-62.5,7,7,51.2,12.8,2.712,0.97,5,0,0,0,0,0,17.89,1,0,2,2026-08,2
FBJ-0019,2026-08-12,Mañana,A,Cable,,81,,7,7,51.2,12.8,5.998,1.69,4,0,0,0,0,0,32.25,0,0,2,2026-08,2
FBJ-0022,2026-08-12,Mañana,A,Antena,AP-02,838,-82.4,7,7,51.2,12.8,4.859,2.03,6,1,14,0,0,0,20.46,1,0,2,2026-08,2
FBJ-0023,2026-08-12,Mañana,A,Antena,AP-01,872,-78.5,7,7,51.2,12.8,5.611,2.3,5,0,0,0,0,0,18.79,1,0,2,2026-08,2
FBJ-0025,2026-08-12,Mañana,A,Antena,AP-01,575,-73.2,7,7,51.2,12.8,5.625,2.74,2,0,0,0,0,0,15.98,1,0,2,2026-08,2
FBJ-0031,2026-08-12,Mañana,B,Cable,,202,,16,13,115.4,28.9,4.865,1.07,3,0,0,0,0,0,35.0,0,1,2,2026-08,2
FBJ-0033,2026-08-12,Mañana,B,Antena,AP-01,719,-77.6,16,13,115.4,28.9,0.313,0.2,4,0,0,0,0,0,14.71,1,0,2,2026-08,2
FBJ-0037,2026-08-12,Mañana,B,Cable,,205,,16,13,115.4,28.9,0.886,0.25,3,0,0,0,0,0,28.0,0,0,2,2026-08,2
FBJ-0039,2026-08-12,Mañana,B,Cable,,288,,16,13,115.4,28.9,9.414,2.75,2,0,0,0,0,0,31.02,0,0,2,2026-08,2
FBJ-0040,2026-08-12,Mañana,B,Antena,AP-01,564,-73.1,16,13,115.4,28.9,2.765,1.61,7,0,0,0,0,0,15.47,1,0,2,2026-08,2
FBJ-0042,2026-08-12,Mañana,B,Antena,AP-01,176,-53.0,16,13,115.4,28.9,9.345,1.94,1,0,0,0,0,0,31.89,1,0,2,2026-08,2
FBJ-0044,2026-08-12,Mañana,B,Cable,,86,,16,13,115.4,28.9,3.911,0.96,1,0,0,0,0,0,31.03,0,0,2,2026-08,2
FBJ-0049,2026-08-12,Mañana,B,Cable,,350,,16,13,115.4,28.9,3.881,0.92,3,1,14,0,0,0,35.0,0,1,2,2026-08,2
FBJ-0050,2026-08-12,Mañana,B,Antena,AP-02,277,-61.0,16,13,115.4,28.9,5.066,1.53,3,0,0,0,0,0,26.22,1,0,2,2026-08,2
FBJ-0053,2026-08-12,Mañana,B,Antena,AP-01,245,-55.9,16,13,115.4,28.9,1.577,0.39,3,0,0,0,0,0,31.13,1,0,2,2026-08,2
FBJ-0054,2026-08-12,Mañana,B,Antena,AP-02,302,-59.5,16,13,115.4,28.9,12.153,3.33,4,0,0,0,0,0,24.31,1,0,2,2026-08,2
FBJ-0057,2026-08-12,Mañana,B,Antena,AP-01,851,-81.4,16,13,115.4,28.9,1.366,0.59,6,0,0,0,0,0,17.32,1,0,2,2026-08,2
FBJ-0058,2026-08-12,Mañana,B,Antena,AP-02,308,-59.0,16,13,115.4,28.9,3.426,1.21,1,0,0,0,0,0,27.03,1,0,2,2026-08,2
FBJ-0005,2026-08-12,Tarde,A,Cable,,179,,10,9,165.5,41.4,5.62,1.48,7,0,0,0,0,0,32.38,0,0,2,2026-08,3
FBJ-0012,2026-08-12,Tarde,A,Antena,AP-01,631,-74.1,10,9,165.5,41.4,4.48,2.03,6,1,37,0,0,0,16.14,1,0,2,2026-08,3
FBJ-0014,2026-08-12,Tarde,A,Antena,AP-01,319,-62.5,10,9,165.5,41.4,0.842,0.21,2,1,14,0,0,0,25.97,1,0,2,2026-08,3
FBJ-0018,2026-08-12,Tarde,A,Cable,,281,,10,9,165.5,41.4,5.965,1.9,7,0,0,0,0,0,33.11,0,0,2,2026-08,3
FBJ-0021,2026-08-12,Tarde,A,Cable,,163,,10,9,165.5,41.4,8.441,1.75,4,0,0,0,0,0,35.0,0,1,2,2026-08,3
FBJ-0023,2026-08-12,Tarde,A,Antena,AP-01,872,-78.5,10,9,165.5,41.4,5.358,2.66,7,0,0,0,0,0,16.86,1,0,2,2026-08,3
FBJ-0024,2026-08-12,Tarde,A,Antena,AP-02,169,-58.3,10,9,165.5,41.4,4.466,1.12,5,1,34,0,0,0,32.9,1,0,2,2026-08,3
FBJ-0025,2026-08-12,Tarde,A,Antena,AP-01,575,-73.2,10,9,165.5,41.4,2.248,1.49,4,0,0,0,0,0,18.53,1,0,2,2026-08,3
FBJ-0030,2026-08-12,Tarde,A,Antena,AP-02,116,-54.6,10,9,165.5,41.4,6.06,2.1,6,0,0,0,0,0,31.55,1,0,2,2026-08,3
FBJ-0032,2026-08-12,Tarde,B,Cable,,302,,14,13,87.6,21.9,4.182,2.05,2,0,0,0,0,0,23.04,0,0,2,2026-08,3
FBJ-0035,2026-08-12,Tarde,B,Cable,,154,,14,13,87.6,21.9,3.076,0.88,8,0,0,0,0,0,29.21,0,0,2,2026-08,3
FBJ-0036,2026-08-12,Tarde,B,Antena,AP-01,831,-77.3,14,13,87.6,21.9,2.232,1.48,3,0,0,0,0,0,12.95,1,0,2,2026-08,3
FBJ-0037,2026-08-12,Tarde,B,Cable,,205,,14,13,87.6,21.9,4.066,1.18,6,0,0,0,0,0,33.91,0,0,2,2026-08,3
FBJ-0043,2026-08-12,Tarde,B,Cable,,318,,14,13,87.6,21.9,7.04,2.04,3,0,0,0,0,0,30.95,0,0,2,2026-08,3
FBJ-0045,2026-08-12,Tarde,B,Antena,AP-02,848,-81.7,14,13,87.6,21.9,2.936,1.32,2,1,21,0,0,0,17.53,1,0,2,2026-08,3
FBJ-0046,2026-08-12,Tarde,B,Antena,AP-01,177,-50.9,14,13,87.6,21.9,2.273,0.55,6,0,0,0,0,0,28.36,1,0,2,2026-08,3
FBJ-0047,2026-08-12,Tarde,B,Antena,AP-02,453,-71.2,14,13,87.6,21.9,2.479,1.39,7,0,0,0,0,0,14.48,1,0,2,2026-08,3
FBJ-0048,2026-08-12,Tarde,B,Antena,AP-01,721,-80.9,14,13,87.6,21.9,1.285,0.89,1,2,34,0,0,0,14.09,1,0,2,2026-08,3
FBJ-0051,2026-08-12,Tarde,B,Cable,,42,,14,13,87.6,21.9,3.645,1.13,7,0,0,0,0,0,23.59,0,0,2,2026-08,3
FBJ-0053,2026-08-12,Tarde,B,Antena,AP-01,245,-55.9,14,13,87.6,21.9,4.936,1.54,6,0,0,0,0,0,26.91,1,0,2,2026-08,3
FBJ-0054,2026-08-12,Tarde,B,Antena,AP-02,302,-59.5,14,13,87.6,21.9,2.676,0.84,8,0,0,0,0,0,21.95,1,0,2,2026-08,3
FBJ-0057,2026-08-12,Tarde,B,Antena,AP-01,851,-81.4,14,13,87.6,21.9,1.993,0.91,4,0,0,0,0,0,17.83,1,0,2,2026-08,3
FBJ-0058,2026-08-12,Tarde,B,Antena,AP-02,308,-59.0,14,13,87.6,21.9,4.289,2.48,7,0,0,0,0,0,18.96,1,0,2,2026-08,3
FBJ-0060,2026-08-12,Tarde,B,Cable,,110,,14,13,87.6,21.9,3.907,1.12,5,0,0,0,0,0,29.49,0,0,2,2026-08,3
FBJ-0001,2026-08-12,Noche,A,Antena,AP-01,625,-74.5,12,8,101.3,25.3,3.695,1.65,1,0,0,0,0,0,15.35,1,0,2,2026-08,4
FBJ-0005,2026-08-12,Noche,A,Cable,,179,,12,8,101.3,25.3,8.433,1.79,6,0,0,0,0,0,31.34,0,0,2,2026-08,4
FBJ-0007,2026-08-12,Noche,A,Antena,AP-02,594,-68.6,12,8,101.3,25.3,3.544,1.44,1,0,0,0,0,0,20.13,1,0,2,2026-08,4
FBJ-0010,2026-08-12,Noche,A,Antena,AP-01,482,-67.3,12,8,101.3,25.3,8.232,3.83,5,0,0,0,0,0,19.17,1,0,2,2026-08,4
FBJ-0011,2026-08-12,Noche,A,Antena,AP-02,440,-67.1,12,8,101.3,25.3,3.256,1.32,7,0,0,0,0,0,19.45,1,0,2,2026-08,4
FBJ-0013,2026-08-12,Noche,A,Antena,AP-02,111,-56.0,12,8,101.3,25.3,3.962,0.97,6,0,0,0,0,0,31.75,1,0,2,2026-08,4
FBJ-0018,2026-08-12,Noche,A,Cable,,281,,12,8,101.3,25.3,3.963,0.77,4,0,0,0,0,0,35.0,0,1,2,2026-08,4
FBJ-0020,2026-08-12,Noche,A,Antena,AP-01,244,-60.1,12,8,101.3,25.3,11.444,3.36,1,0,0,0,0,0,25.42,1,0,2,2026-08,4
FBJ-0025,2026-08-12,Noche,A,Antena,AP-01,575,-73.2,12,8,101.3,25.3,4.9,2.98,2,0,0,0,0,0,18.17,1,0,2,2026-08,4
FBJ-0026,2026-08-12,Noche,A,Antena,AP-02,283,-64.0,12,8,101.3,25.3,7.593,2.96,5,0,0,0,0,0,22.27,1,0,2,2026-08,4
FBJ-0027,2026-08-12,Noche,A,Cable,,85,,12,8,101.3,25.3,3.923,1.09,5,0,0,0,0,0,35.0,0,1,2,2026-08,4
FBJ-0029,2026-08-12,Noche,A,Cable,,251,,12,8,101.3,25.3,12.254,3.06,7,0,0,0,0,0,32.35,0,0,2,2026-08,4
FBJ-0030,2026-08-12,Noche,A,Antena,AP-02,116,-54.6,12,8,101.3,25.3,4.075,1.65,6,0,0,0,0,0,21.28,1,0,2,2026-08,4
FBJ-0032,2026-08-12,Noche,B,Cable,,302,,17,12,85.9,21.5,10.762,2.37,2,1,11,0,0,0,35.0,0,1,2,2026-08,4
FBJ-0034,2026-08-12,Noche,B,Antena,AP-02,604,-72.2,17,12,85.9,21.5,5.629,3.16,5,0,0,0,0,0,15.6,1,0,2,2026-08,4
FBJ-0036,2026-08-12,Noche,B,Antena,AP-01,831,-77.3,17,12,85.9,21.5,6.332,3.13,6,0,0,0,0,0,13.79,1,0,2,2026-08,4
FBJ-0037,2026-08-12,Noche,B,Cable,,205,,17,12,85.9,21.5,7.684,1.93,8,0,0,0,0,0,35.0,0,1,2,2026-08,4
FBJ-0040,2026-08-12,Noche,B,Antena,AP-01,564,-73.1,17,12,85.9,21.5,7.49,3.4,6,0,0,0,0,0,16.33,1,0,2,2026-08,4
FBJ-0041,2026-08-12,Noche,B,Antena,AP-02,509,-69.1,17,12,85.9,21.5,4.824,2.17,3,0,0,0,0,0,15.17,1,0,2,2026-08,4
FBJ-0042,2026-08-12,Noche,B,Antena,AP-01,176,-53.0,17,12,85.9,21.5,8.431,2.33,4,0,0,0,0,0,33.65,1,0,2,2026-08,4
FBJ-0043,2026-08-12,Noche,B,Cable,,318,,17,12,85.9,21.5,7.997,1.92,8,0,0,0,0,0,30.86,0,0,2,2026-08,4
FBJ-0044,2026-08-12,Noche,B,Cable,,86,,17,12,85.9,21.5,6.817,1.74,3,0,0,0,0,0,29.42,0,0,2,2026-08,4
FBJ-0046,2026-08-12,Noche,B,Antena,AP-01,177,-50.9,17,12,85.9,21.5,18.551,3.16,2,0,0,0,0,0,35.0,1,1,2,2026-08,4
FBJ-0048,2026-08-12,Noche,B,Antena,AP-01,721,-80.9,17,12,85.9,21.5,2.847,1.55,4,0,0,0,0,0,21.59,1,0,2,2026-08,4
FBJ-0049,2026-08-12,Noche,B,Cable,,350,,17,12,85.9,21.5,6.281,2.51,7,0,0,0,0,0,23.97,0,0,2,2026-08,4
FBJ-0050,2026-08-12,Noche,B,Antena,AP-02,277,-61.0,17,12,85.9,21.5,5.621,2.22,4,0,0,0,0,0,22.96,1,0,2,2026-08,4
FBJ-0051,2026-08-12,Noche,B,Cable,,42,,17,12,85.9,21.5,15.539,2.7,4,0,0,0,0,0,35.0,0,1,2,2026-08,4
FBJ-0052,2026-08-12,Noche,B,Cable,,288,,17,12,85.9,21.5,7.246,1.7,7,0,0,0,0,0,35.0,0,1,2,2026-08,4
FBJ-0057,2026-08-12,Noche,B,Antena,AP-01,851,-81.4,17,12,85.9,21.5,6.015,2.75,1,0,0,0,0,0,16.73,1,0,2,2026-08,4
FBJ-0059,2026-08-12,Noche,B,Cable,,107,,17,12,85.9,21.5,6.198,2.23,3,0,0,0,0,0,30.09,0,0,2,2026-08,4
FBJ-0060,2026-08-12,Noche,B,Cable,,110,,17,12,85.9,21.5,12.001,2.54,8,0,0,0,0,0,34.36,0,0,2,2026-08,4
FBJ-0001,2026-08-13,Madrugada,A,Antena,AP-01,625,-74.5,2,1,3.4,0.9,7.766,2.41,4,0,0,0,0,0,22.1,1,0,3,2026-08,1
FBJ-0004,2026-08-13,Madrugada,A,Cable,,322,,2,1,3.4,0.9,5.83,1.23,3,0,0,0,0,0,35.0,0,1,3,2026-08,1
FBJ-0027,2026-08-13,Madrugada,A,Cable,,85,,2,1,3.4,0.9,5.96,1.43,7,1,34,0,0,0,35.0,0,1,3,2026-08,1
FBJ-0037,2026-08-13,Madrugada,B,Cable,,205,,4,3,17.4,4.3,0.76,0.3,1,0,0,0,0,0,30.3,0,0,3,2026-08,1
FBJ-0058,2026-08-13,Madrugada,B,Antena,AP-02,308,-59.0,4,3,17.4,4.3,4.298,1.33,2,0,0,0,0,0,25.75,1,0,3,2026-08,1
FBJ-0001,2026-08-13,Mañana,A,Antena,AP-01,625,-74.5,7,3,22.3,5.6,1.8,0.63,4,0,0,0,0,0,20.42,1,0,3,2026-08,2
FBJ-0012,2026-08-13,Mañana,A,Antena,AP-01,631,-74.1,7,3,22.3,5.6,4.954,2.22,3,0,0,0,0,0,17.42,1,0,3,2026-08,2
FBJ-0019,2026-08-13,Mañana,A,Cable,,81,,7,3,22.3,5.6,4.822,1.55,2,0,0,0,0,0,30.89,0,0,3,2026-08,2
FBJ-0020,2026-08-13,Mañana,A,Antena,AP-01,244,-60.1,7,3,22.3,5.6,6.91,1.64,2,0,0,0,0,0,28.71,1,0,3,2026-08,2
FBJ-0021,2026-08-13,Mañana,A,Cable,,163,,7,3,22.3,5.6,7.933,1.84,8,0,0,0,0,0,33.03,0,0,3,2026-08,2
FBJ-0022,2026-08-13,Mañana,A,Antena,AP-02,838,-82.4,7,3,22.3,5.6,4.609,1.68,8,0,0,0,0,0,16.81,1,0,3,2026-08,2
FBJ-0029,2026-08-13,Mañana,A,Cable,,251,,7,3,22.3,5.6,8.195,1.73,3,0,0,0,0,0,35.0,0,1,3,2026-08,2
FBJ-0031,2026-08-13,Mañana,B,Cable,,202,,8,6,64.2,16.0,5.36,1.7,8,0,0,0,0,0,28.1,0,0,3,2026-08,2
FBJ-0032,2026-08-13,Mañana,B,Cable,,302,,8,6,64.2,16.0,5.12,1.53,5,0,0,0,0,0,28.2,0,0,3,2026-08,2
FBJ-0033,2026-08-13,Mañana,B,Antena,AP-01,719,-77.6,8,6,64.2,16.0,5.814,2.63,8,0,0,0,0,0,18.52,1,0,3,2026-08,2
FBJ-0037,2026-08-13,Mañana,B,Cable,,205,,8,6,64.2,16.0,6.199,2.1,6,0,0,0,0,0,31.12,0,0,3,2026-08,2
FBJ-0046,2026-08-13,Mañana,B,Antena,AP-01,177,-50.9,8,6,64.2,16.0,9.292,1.77,7,0,0,0,0,0,32.04,1,0,3,2026-08,2
FBJ-0047,2026-08-13,Mañana,B,Antena,AP-02,453,-71.2,8,6,64.2,16.0,4.363,2.18,5,0,0,0,0,0,14.73,1,0,3,2026-08,2
FBJ-0048,2026-08-13,Mañana,B,Antena,AP-01,721,-80.9,8,6,64.2,16.0,0.72,0.4,2,1,4,0,0,0,15.26,1,0,3,2026-08,2
FBJ-0053,2026-08-13,Mañana,B,Antena,AP-01,245,-55.9,8,6,64.2,16.0,4.252,1.65,7,0,0,0,0,0,22.18,1,0,3,2026-08,2
FBJ-0058,2026-08-13,Mañana,B,Antena,AP-02,308,-59.0,8,6,64.2,16.0,4.484,1.69,1,0,0,0,0,0,19.71,1,0,3,2026-08,2
FBJ-0001,2026-08-13,Tarde,A,Antena,AP-01,625,-74.5,15,10,70.3,17.6,1.51,0.65,1,0,0,0,0,0,14.98,1,0,3,2026-08,3
FBJ-0004,2026-08-13,Tarde,A,Cable,,322,,15,10,70.3,17.6,4.78,1.65,4,0,0,0,0,0,35.0,0,1,3,2026-08,3
FBJ-0005,2026-08-13,Tarde,A,Cable,,179,,15,10,70.3,17.6,5.604,1.51,6,0,0,0,0,0,32.63,0,0,3,2026-08,3
FBJ-0009,2026-08-13,Tarde,A,Antena,AP-02,565,-72.0,15,10,70.3,17.6,3.458,1.36,7,0,0,0,0,0,19.36,1,0,3,2026-08,3
FBJ-0011,2026-08-13,Tarde,A,Antena,AP-02,440,-67.1,15,10,70.3,17.6,5.244,2.85,7,0,0,0,0,0,19.38,1,0,3,2026-08,3
FBJ-0012,2026-08-13,Tarde,A,Antena,AP-01,631,-74.1,15,10,70.3,17.6,0.467,0.2,3,0,0,0,0,0,17.7,1,0,3,2026-08,3
FBJ-0014,2026-08-13,Tarde,A,Antena,AP-01,319,-62.5,15,10,70.3,17.6,1.174,0.52,4,0,0,0,0,0,20.84,1,0,3,2026-08,3
FBJ-0015,2026-08-13,Tarde,A,Antena,AP-02,894,-83.5,15,10,70.3,17.6,2.55,1.34,7,1,32,0,0,0,17.81,1,0,3,2026-08,3
FBJ-0019,2026-08-13,Tarde,A,Cable,,81,,15,10,70.3,17.6,12.901,2.49,6,0,0,0,0,0,35.0,0,1,3,2026-08,3
FBJ-0020,2026-08-13,Tarde,A,Antena,AP-01,244,-60.1,15,10,70.3,17.6,5.798,1.82,7,0,0,0,0,0,23.65,1,0,3,2026-08,3
FBJ-0022,2026-08-13,Tarde,A,Antena,AP-02,838,-82.4,15,10,70.3,17.6,0.668,0.22,1,0,0,0,0,0,19.24,1,0,3,2026-08,3
FBJ-0026,2026-08-13,Tarde,A,Antena,AP-02,283,-64.0,15,10,70.3,17.6,3.737,1.48,6,0,0,0,0,0,19.04,1,0,3,2026-08,3
FBJ-0031,2026-08-13,Tarde,B,Cable,,202,,13,11,140.5,35.1,4.421,1.57,7,0,0,0,0,0,27.91,0,0,3,2026-08,3
FBJ-0032,2026-08-13,Tarde,B,Cable,,302,,13,11,140.5,35.1,3.209,1.18,7,0,0,0,0,0,30.63,0,0,3,2026-08,3
FBJ-0034,2026-08-13,Tarde,B,Antena,AP-02,604,-72.2,13,11,140.5,35.1,2.369,0.91,5,0,0,0,0,0,18.19,1,0,3,2026-08,3
FBJ-0035,2026-08-13,Tarde,B,Cable,,154,,13,11,140.5,35.1,4.314,1.06,2,0,0,0,0,0,34.02,0,0,3,2026-08,3
FBJ-0036,2026-08-13,Tarde,B,Antena,AP-01,831,-77.3,13,11,140.5,35.1,3.056,0.87,6,0,0,0,0,0,23.87,1,0,3,2026-08,3
FBJ-0037,2026-08-13,Tarde,B,Cable,,205,,13,11,140.5,35.1,7.393,1.62,8,0,0,0,0,0,35.0,0,1,3,2026-08,3
FBJ-0039,2026-08-13,Tarde,B,Cable,,288,,13,11,140.5,35.1,0.613,0.22,1,0,0,0,0,0,29.29,0,0,3,2026-08,3
FBJ-0040,2026-08-13,Tarde,B,Antena,AP-01,564,-73.1,13,11,140.5,35.1,2.945,1.33,5,0,0,0,0,0,21.63,1,0,3,2026-08,3
FBJ-0049,2026-08-13,Tarde,B,Cable,,350,,13,11,140.5,35.1,3.406,0.6,2,1,22,0,0,0,35.0,0,1,3,2026-08,3
FBJ-0050,2026-08-13,Tarde,B,Antena,AP-02,277,-61.0,13,11,140.5,35.1,9.604,3.18,6,1,16,0,0,0,20.65,1,0,3,2026-08,3
FBJ-0051,2026-08-13,Tarde,B,Cable,,42,,13,11,140.5,35.1,3.056,0.73,1,0,0,0,0,0,31.09,0,0,3,2026-08,3
FBJ-0058,2026-08-13,Tarde,B,Antena,AP-02,308,-59.0,13,11,140.5,35.1,4.524,1.41,4,0,0,0,0,0,26.74,1,0,3,2026-08,3
FBJ-0059,2026-08-13,Tarde,B,Cable,,107,,13,11,140.5,35.1,2.9,0.79,4,2,70,0,0,0,31.99,0,0,3,2026-08,3
FBJ-0009,2026-08-13,Noche,A,Antena,AP-02,565,-72.0,11,5,50.6,12.7,8.873,3.26,4,0,0,0,0,0,18.7,1,0,3,2026-08,4
FBJ-0010,2026-08-13,Noche,A,Antena,AP-01,482,-67.3,11,5,50.6,12.7,6.089,2.45,6,0,0,0,0,0,16.41,1,0,3,2026-08,4
FBJ-0011,2026-08-13,Noche,A,Antena,AP-02,440,-67.1,11,5,50.6,12.7,5.719,1.62,8,1,28,0,0,0,26.47,1,0,3,2026-08,4
FBJ-0013,2026-08-13,Noche,A,Antena,AP-02,111,-56.0,11,5,50.6,12.7,8.381,3.62,3,1,39,0,0,0,21.75,1,0,3,2026-08,4
FBJ-0020,2026-08-13,Noche,A,Antena,AP-01,244,-60.1,11,5,50.6,12.7,12.234,2.75,3,0,0,0,0,0,31.66,1,0,3,2026-08,4
FBJ-0021,2026-08-13,Noche,A,Cable,,163,,11,5,50.6,12.7,9.014,1.88,8,0,0,0,0,0,35.0,0,1,3,2026-08,4
FBJ-0023,2026-08-13,Noche,A,Antena,AP-01,872,-78.5,11,5,50.6,12.7,5.132,2.2,1,0,0,0,0,0,19.48,1,0,3,2026-08,4
FBJ-0024,2026-08-13,Noche,A,Antena,AP-02,169,-58.3,11,5,50.6,12.7,9.07,2.84,4,0,0,0,0,0,24.93,1,0,3,2026-08,4
FBJ-0025,2026-08-13,Noche,A,Antena,AP-01,575,-73.2,11,5,50.6,12.7,5.338,2.81,2,0,0,0,0,0,17.39,1,0,3,2026-08,4
FBJ-0027,2026-08-13,Noche,A,Cable,,85,,11,5,50.6,12.7,13.297,2.66,5,0,0,0,0,0,35.0,0,1,3,2026-08,4
FBJ-0029,2026-08-13,Noche,A,Cable,,251,,11,5,50.6,12.7,7.065,2.18,1,0,0,0,0,0,34.36,0,0,3,2026-08,4
FBJ-0030,2026-08-13,Noche,A,Antena,AP-02,116,-54.6,11,5,50.6,12.7,8.09,3.21,4,0,0,0,0,0,28.16,1,0,3,2026-08,4
FBJ-0031,2026-08-13,Noche,B,Cable,,202,,20,13,110.5,27.6,5.892,2.04,4,0,0,0,0,0,27.28,0,0,3,2026-08,4
FBJ-0032,2026-08-13,Noche,B,Cable,,302,,20,13,110.5,27.6,6.001,1.98,4,0,0,0,0,0,25.09,0,0,3,2026-08,4
FBJ-0033,2026-08-13,Noche,B,Antena,AP-01,719,-77.6,20,13,110.5,27.6,4.592,2.36,4,0,0,0,0,0,13.51,1,0,3,2026-08,4
FBJ-0034,2026-08-13,Noche,B,Antena,AP-02,604,-72.2,20,13,110.5,27.6,6.259,2.61,2,0,0,0,0,0,15.83,1,0,3,2026-08,4
FBJ-0035,2026-08-13,Noche,B,Cable,,154,,20,13,110.5,27.6,4.789,1.46,2,0,0,0,0,0,30.08,0,0,3,2026-08,4
FBJ-0037,2026-08-13,Noche,B,Cable,,205,,20,13,110.5,27.6,7.944,2.34,4,0,0,0,0,0,31.57,0,0,3,2026-08,4
FBJ-0039,2026-08-13,Noche,B,Cable,,288,,20,13,110.5,27.6,7.615,2.44,2,0,0,0,0,0,24.55,0,0,3,2026-08,4
FBJ-0040,2026-08-13,Noche,B,Antena,AP-01,564,-73.1,20,13,110.5,27.6,3.423,1.47,8,0,0,0,0,0,20.9,1,0,3,2026-08,4
FBJ-0041,2026-08-13,Noche,B,Antena,AP-02,509,-69.1,20,13,110.5,27.6,2.925,1.73,2,0,0,0,0,0,11.75,1,0,3,2026-08,4
FBJ-0042,2026-08-13,Noche,B,Antena,AP-01,176,-53.0,20,13,110.5,27.6,4.431,2.06,2,0,0,0,0,0,19.43,1,0,3,2026-08,4
FBJ-0044,2026-08-13,Noche,B,Cable,,86,,20,13,110.5,27.6,3.016,1.1,7,0,0,0,0,0,26.79,0,0,3,2026-08,4
FBJ-0046,2026-08-13,Noche,B,Antena,AP-01,177,-50.9,20,13,110.5,27.6,8.859,2.4,8,0,0,0,0,0,23.5,1,0,3,2026-08,4
FBJ-0047,2026-08-13,Noche,B,Antena,AP-02,453,-71.2,20,13,110.5,27.6,5.251,2.6,4,0,0,0,0,0,15.93,1,0,3,2026-08,4
FBJ-0048,2026-08-13,Noche,B,Antena,AP-01,721,-80.9,20,13,110.5,27.6,4.975,3.12,1,1,30,0,0,0,12.82,1,0,3,2026-08,4
FBJ-0050,2026-08-13,Noche,B,Antena,AP-02,277,-61.0,20,13,110.5,27.6,6.492,2.37,3,0,0,0,0,0,19.04,1,0,3,2026-08,4
FBJ-0053,2026-08-13,Noche,B,Antena,AP-01,245,-55.9,20,13,110.5,27.6,5.71,2.2,2,0,0,0,0,0,21.85,1,0,3,2026-08,4
FBJ-0054,2026-08-13,Noche,B,Antena,AP-02,302,-59.5,20,13,110.5,27.6,4.111,1.67,3,0,0,0,0,0,23.85,1,0,3,2026-08,4
FBJ-0056,2026-08-13,Noche,B,Antena,AP-02,549,-70.0,20,13,110.5,27.6,7.467,3.08,3,0,0,0,0,0,17.15,1,0,3,2026-08,4
FBJ-0057,2026-08-13,Noche,B,Antena,AP-01,851,-81.4,20,13,110.5,27.6,3.852,2.42,8,0,0,0,0,0,14.9,1,0,3,2026-08,4
FBJ-0059,2026-08-13,Noche,B,Cable,,107,,20,13,110.5,27.6,9.76,3.1,1,0,0,0,0,0,35.0,0,1,3,2026-08,4
FBJ-0025,2026-08-14,Madrugada,A,Antena,AP-01,575,-73.2,1,1,3.8,1.0,1.85,1.39,6,1,27,1,0,0,16.97,1,0,4,2026-08,1
FBJ-0041,2026-08-14,Madrugada,B,Antena,AP-02,509,-69.1,3,2,9.5,2.4,2.229,2.65,4,1,35,1,0,0,8.36,1,0,4,2026-08,1
FBJ-0048,2026-08-14,Madrugada,B,Antena,AP-01,721,-80.9,3,2,9.5,2.4,1.287,0.83,4,0,0,1,0,0,14.16,1,0,4,2026-08,1
FBJ-0011,2026-08-14,Mañana,A,Antena,AP-02,440,-67.1,11,11,66.6,16.7,1.977,1.72,6,2,38,1,0,0,11.42,1,0,4,2026-08,2
FBJ-0013,2026-08-14,Mañana,A,Antena,AP-02,111,-56.0,11,11,66.6,16.7,5.048,2.42,3,1,37,1,0,0,17.62,1,0,4,2026-08,2
FBJ-0018,2026-08-14,Mañana,A,Cable,,281,,11,11,66.6,16.7,4.493,0.98,6,0,0,1,0,0,32.38,0,0,4,2026-08,2
FBJ-0026,2026-08-14,Mañana,A,Antena,AP-02,283,-64.0,11,11,66.6,16.7,3.69,2.3,2,1,37,1,0,0,17.04,1,0,4,2026-08,2
FBJ-0030,2026-08-14,Mañana,A,Antena,AP-02,116,-54.6,11,11,66.6,16.7,4.824,1.62,7,1,26,1,0,0,23.62,1,0,4,2026-08,2
FBJ-0033,2026-08-14,Mañana,B,Antena,AP-01,719,-77.6,13,10,101.1,25.3,4.444,1.97,1,1,35,1,0,0,14.03,1,0,4,2026-08,2
FBJ-0035,2026-08-14,Mañana,B,Cable,,154,,13,10,101.1,25.3,2.669,0.67,8,1,23,1,0,0,30.7,0,0,4,2026-08,2
FBJ-0037,2026-08-14,Mañana,B,Cable,,205,,13,10,101.1,25.3,4.184,1.76,2,3,21,1,0,0,23.71,0,0,4,2026-08,2
FBJ-0040,2026-08-14,Mañana,B,Antena,AP-01,564,-73.1,13,10,101.1,25.3,1.603,1.31,2,1,39,1,0,0,11.07,1,0,4,2026-08,2
FBJ-0044,2026-08-14,Mañana,B,Cable,,86,,13,10,101.1,25.3,6.506,1.63,6,0,0,1,0,0,29.97,0,0,4,2026-08,2
FBJ-0045,2026-08-14,Mañana,B,Antena,AP-02,848,-81.7,13,10,101.1,25.3,1.598,1.08,5,2,64,1,0,0,13.37,1,0,4,2026-08,2
FBJ-0048,2026-08-14,Mañana,B,Antena,AP-01,721,-80.9,13,10,101.1,25.3,3.046,2.35,4,1,5,1,0,0,14.46,1,0,4,2026-08,2
FBJ-0049,2026-08-14,Mañana,B,Cable,,350,,13,10,101.1,25.3,4.953,1.01,4,0,0,1,0,0,31.14,0,0,4,2026-08,2
FBJ-0051,2026-08-14,Mañana,B,Cable,,42,,13,10,101.1,25.3,5.413,1.93,1,1,29,1,0,0,24.19,0,0,4,2026-08,2
FBJ-0052,2026-08-14,Mañana,B,Cable,,288,,13,10,101.1,25.3,1.632,0.48,2,1,10,1,0,0,28.59,0,0,4,2026-08,2
FBJ-0053,2026-08-14,Mañana,B,Antena,AP-01,245,-55.9,13,10,101.1,25.3,5.017,2.28,6,1,13,1,0,0,18.58,1,0,4,2026-08,2
FBJ-0056,2026-08-14,Mañana,B,Antena,AP-02,549,-70.0,13,10,101.1,25.3,1.751,1.39,1,3,66,1,0,0,9.31,1,0,4,2026-08,2
FBJ-0001,2026-08-14,Tarde,A,Antena,AP-01,625,-74.5,13,10,98.4,24.6,2.453,1.33,8,1,18,1,0,0,12.89,1,0,4,2026-08,3
FBJ-0003,2026-08-14,Tarde,A,Antena,AP-02,392,-66.0,13,10,98.4,24.6,1.471,0.86,5,3,99,1,0,0,16.09,1,0,4,2026-08,3
FBJ-0011,2026-08-14,Tarde,A,Antena,AP-02,440,-67.1,13,10,98.4,24.6,2.899,1.9,5,0,0,1,0,0,13.97,1,0,4,2026-08,3
FBJ-0012,2026-08-14,Tarde,A,Antena,AP-01,631,-74.1,13,10,98.4,24.6,0.45,0.2,1,0,0,1,0,0,15.04,1,0,4,2026-08,3
FBJ-0014,2026-08-14,Tarde,A,Antena,AP-01,319,-62.5,13,10,98.4,24.6,6.533,2.5,4,1,6,1,0,0,22.7,1,0,4,2026-08,3
FBJ-0018,2026-08-14,Tarde,A,Cable,,281,,13,10,98.4,24.6,3.7,0.85,8,0,0,1,0,0,28.98,0,0,4,2026-08,3
FBJ-0020,2026-08-14,Tarde,A,Antena,AP-01,244,-60.1,13,10,98.4,24.6,3.015,1.22,4,0,0,1,0,0,17.79,1,0,4,2026-08,3
FBJ-0022,2026-08-14,Tarde,A,Antena,AP-02,838,-82.4,13,10,98.4,24.6,2.426,0.97,2,1,20,1,0,0,17.38,1,0,4,2026-08,3
FBJ-0023,2026-08-14,Tarde,A,Antena,AP-01,872,-78.5,13,10,98.4,24.6,2.213,1.28,6,2,54,1,0,0,16.87,1,0,4,2026-08,3
FBJ-0024,2026-08-14,Tarde,A,Antena,AP-02,169,-58.3,13,10,98.4,24.6,3.951,1.87,7,3,99,1,0,0,15.66,1,0,4,2026-08,3
FBJ-0025,2026-08-14,Tarde,A,Antena,AP-01,575,-73.2,13,10,98.4,24.6,1.435,1.09,1,0,0,1,0,0,11.63,1,0,4,2026-08,3
FBJ-0026,2026-08-14,Tarde,A,Antena,AP-02,283,-64.0,13,10,98.4,24.6,2.527,1.37,7,0,0,1,0,0,17.09,1,0,4,2026-08,3
FBJ-0034,2026-08-14,Tarde,B,Antena,AP-02,604,-72.2,13,11,69.0,17.2,1.032,1.06,3,1,27,1,0,0,10.02,1,0,4,2026-08,3
FBJ-0036,2026-08-14,Tarde,B,Antena,AP-01,831,-77.3,13,11,69.0,17.2,3.053,2.07,1,1,31,1,0,0,13.08,1,0,4,2026-08,3
FBJ-0037,2026-08-14,Tarde,B,Cable,,205,,13,11,69.0,17.2,11.022,2.49,5,3,36,1,0,0,35.0,0,1,4,2026-08,3
FBJ-0039,2026-08-14,Tarde,B,Cable,,288,,13,11,69.0,17.2,2.705,1.03,1,1,32,1,0,0,22.71,0,0,4,2026-08,3
FBJ-0040,2026-08-14,Tarde,B,Antena,AP-01,564,-73.1,13,11,69.0,17.2,3.712,1.78,4,3,51,1,0,0,16.52,1,0,4,2026-08,3
FBJ-0041,2026-08-14,Tarde,B,Antena,AP-02,509,-69.1,13,11,69.0,17.2,1.74,1.82,3,0,0,1,0,0,9.21,1,0,4,2026-08,3
FBJ-0042,2026-08-14,Tarde,B,Antena,AP-01,176,-53.0,13,11,69.0,17.2,2.851,1.0,8,0,0,1,0,0,25.84,1,0,4,2026-08,3
FBJ-0046,2026-08-14,Tarde,B,Antena,AP-01,177,-50.9,13,11,69.0,17.2,1.077,0.45,5,2,14,1,0,0,20.72,1,0,4,2026-08,3
FBJ-0047,2026-08-14,Tarde,B,Antena,AP-02,453,-71.2,13,11,69.0,17.2,2.138,1.13,2,2,42,1,0,0,13.94,1,0,4,2026-08,3
FBJ-0049,2026-08-14,Tarde,B,Cable,,350,,13,11,69.0,17.2,7.665,2.98,6,0,0,1,0,0,24.58,0,0,4,2026-08,3
FBJ-0050,2026-08-14,Tarde,B,Antena,AP-02,277,-61.0,13,11,69.0,17.2,2.179,1.13,1,1,15,1,0,0,20.51,1,0,4,2026-08,3
FBJ-0051,2026-08-14,Tarde,B,Cable,,42,,13,11,69.0,17.2,3.124,1.36,2,0,0,1,0,0,21.62,0,0,4,2026-08,3
FBJ-0053,2026-08-14,Tarde,B,Antena,AP-01,245,-55.9,13,11,69.0,17.2,7.83,2.53,2,2,62,1,0,0,18.47,1,0,4,2026-08,3
FBJ-0056,2026-08-14,Tarde,B,Antena,AP-02,549,-70.0,13,11,69.0,17.2,0.823,0.84,7,0,0,1,0,0,8.95,1,0,4,2026-08,3
FBJ-0057,2026-08-14,Tarde,B,Antena,AP-01,851,-81.4,13,11,69.0,17.2,3.547,2.07,3,3,114,1,0,0,12.08,1,0,4,2026-08,3
FBJ-0003,2026-08-14,Noche,A,Antena,AP-02,392,-66.0,12,10,95.6,23.9,2.478,1.13,2,1,34,1,0,0,15.85,1,0,4,2026-08,4
FBJ-0005,2026-08-14,Noche,A,Cable,,179,,12,10,95.6,23.9,14.659,3.69,2,1,36,1,0,0,31.77,0,0,4,2026-08,4
FBJ-0009,2026-08-14,Noche,A,Antena,AP-02,565,-72.0,12,10,95.6,23.9,3.007,2.65,6,1,15,1,0,0,8.74,1,0,4,2026-08,4
FBJ-0010,2026-08-14,Noche,A,Antena,AP-01,482,-67.3,12,10,95.6,23.9,5.475,3.28,3,3,60,1,0,0,15.35,1,0,4,2026-08,4
FBJ-0011,2026-08-14,Noche,A,Antena,AP-02,440,-67.1,12,10,95.6,23.9,3.421,2.91,1,3,84,1,0,0,9.95,1,0,4,2026-08,4
FBJ-0012,2026-08-14,Noche,A,Antena,AP-01,631,-74.1,12,10,95.6,23.9,2.727,1.3,3,0,0,1,0,0,17.07,1,0,4,2026-08,4
FBJ-0019,2026-08-14,Noche,A,Cable,,81,,12,10,95.6,23.9,9.259,2.01,8,2,66,1,0,0,33.32,0,0,4,2026-08,4
FBJ-0020,2026-08-14,Noche,A,Antena,AP-01,244,-60.1,12,10,95.6,23.9,4.185,2.46,2,0,0,1,0,0,17.64,1,0,4,2026-08,4
FBJ-0021,2026-08-14,Noche,A,Cable,,163,,12,10,95.6,23.9,7.333,2.9,6,2,64,1,0,0,20.77,0,0,4,2026-08,4
FBJ-0023,2026-08-14,Noche,A,Antena,AP-01,872,-78.5,12,10,95.6,23.9,4.21,3.08,1,0,0,1,0,0,16.82,1,0,4,2026-08,4
FBJ-0024,2026-08-14,Noche,A,Antena,AP-02,169,-58.3,12,10,95.6,23.9,5.479,2.43,3,0,0,1,0,0,16.49,1,0,4,2026-08,4
FBJ-0025,2026-08-14,Noche,A,Antena,AP-01,575,-73.2,12,10,95.6,23.9,3.562,2.22,3,2,30,1,0,0,12.33,1,0,4,2026-08,4
FBJ-0026,2026-08-14,Noche,A,Antena,AP-02,283,-64.0,12,10,95.6,23.9,1.304,0.91,4,1,32,1,0,0,14.64,1,0,4,2026-08,4
FBJ-0029,2026-08-14,Noche,A,Cable,,251,,12,10,95.6,23.9,7.66,2.28,3,1,3,1,0,0,25.63,0,0,4,2026-08,4
FBJ-0030,2026-08-14,Noche,A,Antena,AP-02,116,-54.6,12,10,95.6,23.9,10.488,3.36,3,1,13,1,0,0,30.61,1,0,4,2026-08,4
FBJ-0031,2026-08-14,Noche,B,Cable,,202,,18,17,108.9,27.2,7.285,3.23,7,0,0,1,0,0,18.22,0,0,4,2026-08,4
FBJ-0032,2026-08-14,Noche,B,Cable,,302,,18,17,108.9,27.2,6.102,3.45,3,0,0,1,0,0,16.36,0,0,4,2026-08,4
FBJ-0033,2026-08-14,Noche,B,Antena,AP-01,719,-77.6,18,17,108.9,27.2,3.429,2.51,2,1,7,1,0,0,10.7,1,0,4,2026-08,4
FBJ-0034,2026-08-14,Noche,B,Antena,AP-02,604,-72.2,18,17,108.9,27.2,2.602,3.2,2,2,22,1,0,0,8.19,1,0,4,2026-08,4
FBJ-0037,2026-08-14,Noche,B,Cable,,205,,18,17,108.9,27.2,1.656,1.12,8,0,0,1,0,0,14.98,0,0,4,2026-08,4
FBJ-0039,2026-08-14,Noche,B,Cable,,288,,18,17,108.9,27.2,5.739,3.36,5,2,44,1,0,0,17.36,0,0,4,2026-08,4
FBJ-0040,2026-08-14,Noche,B,Antena,AP-01,564,-73.1,18,17,108.9,27.2,1.805,1.98,4,3,33,1,0,0,9.53,1,0,4,2026-08,4
FBJ-0042,2026-08-14,Noche,B,Antena,AP-01,176,-53.0,18,17,108.9,27.2,5.678,2.71,6,0,0,1,0,0,15.91,1,0,4,2026-08,4
FBJ-0043,2026-08-14,Noche,B,Cable,,318,,18,17,108.9,27.2,7.23,2.84,2,1,31,1,0,0,17.6,0,0,4,2026-08,4
FBJ-0044,2026-08-14,Noche,B,Cable,,86,,18,17,108.9,27.2,6.564,2.62,1,0,0,1,0,0,19.09,0,0,4,2026-08,4
FBJ-0045,2026-08-14,Noche,B,Antena,AP-02,848,-81.7,18,17,108.9,27.2,2.131,1.85,2,3,69,1,0,0,10.26,1,0,4,2026-08,4
FBJ-0046,2026-08-14,Noche,B,Antena,AP-01,177,-50.9,18,17,108.9,27.2,9.829,3.35,7,3,12,1,0,0,20.03,1,0,4,2026-08,4
FBJ-0047,2026-08-14,Noche,B,Antena,AP-02,453,-71.2,18,17,108.9,27.2,1.477,1.79,7,1,30,1,0,0,6.91,1,0,4,2026-08,4
FBJ-0048,2026-08-14,Noche,B,Antena,AP-01,721,-80.9,18,17,108.9,27.2,2.422,2.64,6,1,29,1,0,0,7.43,1,0,4,2026-08,4
FBJ-0049,2026-08-14,Noche,B,Cable,,350,,18,17,108.9,27.2,3.949,2.61,2,2,54,1,0,0,14.71,0,0,4,2026-08,4
FBJ-0051,2026-08-14,Noche,B,Cable,,42,,18,17,108.9,27.2,3.584,2.19,2,2,28,1,0,0,11.83,0,0,4,2026-08,4
FBJ-0053,2026-08-14,Noche,B,Antena,AP-01,245,-55.9,18,17,108.9,27.2,2.29,1.33,4,1,3,1,0,0,13.52,1,0,4,2026-08,4
FBJ-0054,2026-08-14,Noche,B,Antena,AP-02,302,-59.5,18,17,108.9,27.2,3.138,2.17,8,0,0,1,0,0,11.29,1,0,4,2026-08,4
FBJ-0057,2026-08-14,Noche,B,Antena,AP-01,851,-81.4,18,17,108.9,27.2,2.369,2.83,1,2,64,1,0,0,7.22,1,0,4,2026-08,4
FBJ-0058,2026-08-14,Noche,B,Antena,AP-02,308,-59.0,18,17,108.9,27.2,3.786,3.16,3,0,0,1,0,0,13.67,1,0,4,2026-08,4
FBJ-0059,2026-08-14,Noche,B,Cable,,107,,18,17,108.9,27.2,3.353,1.98,8,0,0,1,0,0,13.12,0,0,4,2026-08,4
FBJ-0060,2026-08-14,Noche,B,Cable,,110,,18,17,108.9,27.2,4.281,2.3,5,0,0,1,0,0,19.59,0,0,4,2026-08,4
FBJ-0009,2026-08-15,Madrugada,A,Antena,AP-02,565,-72.0,3,3,34.3,8.6,2.474,1.48,8,0,0,0,1,0,14.92,1,0,5,2026-08,1
FBJ-0023,2026-08-15,Madrugada,A,Antena,AP-01,872,-78.5,3,3,34.3,8.6,2.76,1.76,2,1,22,0,1,0,15.92,1,0,5,2026-08,1
FBJ-0027,2026-08-15,Madrugada,A,Cable,,85,,3,3,34.3,8.6,3.698,0.95,3,1,32,0,1,0,27.06,0,0,5,2026-08,1
FBJ-0042,2026-08-15,Madrugada,B,Antena,AP-01,176,-53.0,2,2,20.0,5.0,8.405,1.54,5,0,0,0,1,0,35.0,1,1,5,2026-08,1
FBJ-0048,2026-08-15,Madrugada,B,Antena,AP-01,721,-80.9,2,2,20.0,5.0,2.591,1.11,4,1,11,0,1,0,20.03,1,0,5,2026-08,1
FBJ-0060,2026-08-15,Madrugada,B,Cable,,110,,2,2,20.0,5.0,3.252,1.04,8,0,0,0,1,0,32.17,0,0,5,2026-08,1
FBJ-0004,2026-08-15,Mañana,A,Cable,,322,,10,8,100.7,25.2,8.874,1.98,3,0,0,0,1,0,35.0,0,1,5,2026-08,2
FBJ-0005,2026-08-15,Mañana,A,Cable,,179,,10,8,100.7,25.2,6.586,1.61,4,0,0,0,1,0,31.49,0,0,5,2026-08,2
FBJ-0007,2026-08-15,Mañana,A,Antena,AP-02,594,-68.6,10,8,100.7,25.2,6.971,2.57,1,0,0,0,1,0,18.1,1,0,5,2026-08,2
FBJ-0009,2026-08-15,Mañana,A,Antena,AP-02,565,-72.0,10,8,100.7,25.2,6.881,2.97,8,0,0,0,1,0,19.8,1,0,5,2026-08,2
FBJ-0010,2026-08-15,Mañana,A,Antena,AP-01,482,-67.3,10,8,100.7,25.2,5.582,2.25,1,0,0,0,1,0,17.03,1,0,5,2026-08,2
FBJ-0011,2026-08-15,Mañana,A,Antena,AP-02,440,-67.1,10,8,100.7,25.2,4.777,1.96,8,0,0,0,1,0,17.06,1,0,5,2026-08,2
FBJ-0012,2026-08-15,Mañana,A,Antena,AP-01,631,-74.1,10,8,100.7,25.2,2.143,1.16,8,1,39,0,1,0,14.43,1,0,5,2026-08,2
FBJ-0013,2026-08-15,Mañana,A,Antena,AP-02,111,-56.0,10,8,100.7,25.2,7.608,2.83,4,0,0,0,1,0,29.48,1,0,5,2026-08,2
FBJ-0015,2026-08-15,Mañana,A,Antena,AP-02,894,-83.5,10,8,100.7,25.2,1.168,0.51,5,0,0,0,1,0,17.31,1,0,5,2026-08,2
FBJ-0020,2026-08-15,Mañana,A,Antena,AP-01,244,-60.1,10,8,100.7,25.2,9.758,2.82,8,1,17,0,1,0,29.49,1,0,5,2026-08,2
FBJ-0023,2026-08-15,Mañana,A,Antena,AP-01,872,-78.5,10,8,100.7,25.2,2.108,1.65,6,2,64,0,1,0,13.74,1,0,5,2026-08,2
FBJ-0024,2026-08-15,Mañana,A,Antena,AP-02,169,-58.3,10,8,100.7,25.2,4.113,1.57,3,0,0,0,1,0,26.4,1,0,5,2026-08,2
FBJ-0025,2026-08-15,Mañana,A,Antena,AP-01,575,-73.2,10,8,100.7,25.2,3.821,2.66,5,1,30,0,1,0,13.94,1,0,5,2026-08,2
FBJ-0026,2026-08-15,Mañana,A,Antena,AP-02,283,-64.0,10,8,100.7,25.2,3.368,1.34,4,1,29,0,1,0,25.02,1,0,5,2026-08,2
FBJ-0029,2026-08-15,Mañana,A,Cable,,251,,10,8,100.7,25.2,1.213,0.39,6,0,0,0,1,0,35.0,0,1,5,2026-08,2
FBJ-0032,2026-08-15,Mañana,B,Cable,,302,,18,15,111.5,27.9,4.915,1.5,8,0,0,0,1,0,26.62,0,0,5,2026-08,2
FBJ-0034,2026-08-15,Mañana,B,Antena,AP-02,604,-72.2,18,15,111.5,27.9,1.564,0.97,6,0,0,0,1,0,14.29,1,0,5,2026-08,2
FBJ-0039,2026-08-15,Mañana,B,Cable,,288,,18,15,111.5,27.9,8.471,2.21,1,0,0,0,1,0,25.57,0,0,5,2026-08,2
FBJ-0041,2026-08-15,Mañana,B,Antena,AP-02,509,-69.1,18,15,111.5,27.9,1.899,1.34,5,1,16,0,1,0,14.32,1,0,5,2026-08,2
FBJ-0043,2026-08-15,Mañana,B,Cable,,318,,18,15,111.5,27.9,4.605,1.45,8,0,0,0,1,0,26.96,0,0,5,2026-08,2
FBJ-0044,2026-08-15,Mañana,B,Cable,,86,,18,15,111.5,27.9,3.864,1.07,8,0,0,0,1,0,25.59,0,0,5,2026-08,2
FBJ-0047,2026-08-15,Mañana,B,Antena,AP-02,453,-71.2,18,15,111.5,27.9,1.698,0.96,7,0,0,0,1,0,14.9,1,0,5,2026-08,2
FBJ-0049,2026-08-15,Mañana,B,Cable,,350,,18,15,111.5,27.9,5.214,1.2,4,1,7,0,1,0,25.83,0,0,5,2026-08,2
FBJ-0050,2026-08-15,Mañana,B,Antena,AP-02,277,-61.0,18,15,111.5,27.9,1.988,0.76,1,0,0,0,1,0,20.12,1,0,5,2026-08,2
FBJ-0053,2026-08-15,Mañana,B,Antena,AP-01,245,-55.9,18,15,111.5,27.9,1.894,1.06,5,1,20,0,1,0,17.55,1,0,5,2026-08,2
FBJ-0054,2026-08-15,Mañana,B,Antena,AP-02,302,-59.5,18,15,111.5,27.9,6.532,2.11,7,0,0,0,1,0,23.7,1,0,5,2026-08,2
FBJ-0056,2026-08-15,Mañana,B,Antena,AP-02,549,-70.0,18,15,111.5,27.9,3.507,1.75,7,0,0,0,1,0,14.38,1,0,5,2026-08,2
FBJ-0058,2026-08-15,Mañana,B,Antena,AP-02,308,-59.0,18,15,111.5,27.9,1.41,0.76,7,1,31,0,1,0,16.73,1,0,5,2026-08,2
FBJ-0001,2026-08-15,Tarde,A,Antena,AP-01,625,-74.5,17,12,138.7,34.7,1.633,1.01,5,1,14,0,1,0,15.08,1,0,5,2026-08,3
FBJ-0003,2026-08-15,Tarde,A,Antena,AP-02,392,-66.0,17,12,138.7,34.7,3.003,1.03,7,0,0,0,1,0,20.09,1,0,5,2026-08,3
FBJ-0004,2026-08-15,Tarde,A,Cable,,322,,17,12,138.7,34.7,2.407,0.97,5,0,0,0,1,0,22.34,0,0,5,2026-08,3
FBJ-0005,2026-08-15,Tarde,A,Cable,,179,,17,12,138.7,34.7,5.959,1.14,2,0,0,0,1,0,35.0,0,1,5,2026-08,3
FBJ-0007,2026-08-15,Tarde,A,Antena,AP-02,594,-68.6,17,12,138.7,34.7,3.434,1.48,1,0,0,0,1,0,18.18,1,0,5,2026-08,3
FBJ-0009,2026-08-15,Tarde,A,Antena,AP-02,565,-72.0,17,12,138.7,34.7,1.457,0.87,4,0,0,0,1,0,11.73,1,0,5,2026-08,3
FBJ-0012,2026-08-15,Tarde,A,Antena,AP-01,631,-74.1,17,12,138.7,34.7,1.793,0.94,1,0,0,0,1,0,17.3,1,0,5,2026-08,3
FBJ-0015,2026-08-15,Tarde,A,Antena,AP-02,894,-83.5,17,12,138.7,34.7,3.204,1.43,5,0,0,0,1,0,22.28,1,0,5,2026-08,3
FBJ-0022,2026-08-15,Tarde,A,Antena,AP-02,838,-82.4,17,12,138.7,34.7,3.209,1.79,3,1,3,0,1,0,16.16,1,0,5,2026-08,3
FBJ-0025,2026-08-15,Tarde,A,Antena,AP-01,575,-73.2,17,12,138.7,34.7,5.772,2.2,4,0,0,0,1,0,20.75,1,0,5,2026-08,3
FBJ-0026,2026-08-15,Tarde,A,Antena,AP-02,283,-64.0,17,12,138.7,34.7,6.507,2.33,7,0,0,0,1,0,24.38,1,0,5,2026-08,3
FBJ-0029,2026-08-15,Tarde,A,Cable,,251,,17,12,138.7,34.7,3.437,1.57,7,0,0,0,1,0,18.84,0,0,5,2026-08,3
FBJ-0033,2026-08-15,Tarde,B,Antena,AP-01,719,-77.6,18,13,85.5,21.4,4.159,1.96,2,0,0,0,1,0,15.5,1,0,5,2026-08,3
FBJ-0035,2026-08-15,Tarde,B,Cable,,154,,18,13,85.5,21.4,4.047,1.24,8,0,0,0,1,0,34.44,0,0,5,2026-08,3
FBJ-0036,2026-08-15,Tarde,B,Antena,AP-01,831,-77.3,18,13,85.5,21.4,3.399,1.96,3,0,0,0,1,0,16.52,1,0,5,2026-08,3
FBJ-0037,2026-08-15,Tarde,B,Cable,,205,,18,13,85.5,21.4,6.81,2.17,8,0,0,0,1,0,32.44,0,0,5,2026-08,3
FBJ-0039,2026-08-15,Tarde,B,Cable,,288,,18,13,85.5,21.4,6.384,1.75,8,0,0,0,1,0,28.73,0,0,5,2026-08,3
FBJ-0040,2026-08-15,Tarde,B,Antena,AP-01,564,-73.1,18,13,85.5,21.4,3.084,2.15,3,0,0,0,1,0,13.48,1,0,5,2026-08,3
FBJ-0043,2026-08-15,Tarde,B,Cable,,318,,18,13,85.5,21.4,14.076,3.04,2,0,0,0,1,0,35.0,0,1,5,2026-08,3
FBJ-0045,2026-08-15,Tarde,B,Antena,AP-02,848,-81.7,18,13,85.5,21.4,0.376,0.2,3,1,19,0,1,0,18.81,1,0,5,2026-08,3
FBJ-0046,2026-08-15,Tarde,B,Antena,AP-01,177,-50.9,18,13,85.5,21.4,4.132,1.1,4,1,22,0,1,0,25.9,1,0,5,2026-08,3
FBJ-0047,2026-08-15,Tarde,B,Antena,AP-02,453,-71.2,18,13,85.5,21.4,0.711,0.5,5,0,0,0,1,0,14.82,1,0,5,2026-08,3
FBJ-0049,2026-08-15,Tarde,B,Cable,,350,,18,13,85.5,21.4,9.919,2.23,5,0,0,0,1,0,31.15,0,0,5,2026-08,3
FBJ-0051,2026-08-15,Tarde,B,Cable,,42,,18,13,85.5,21.4,5.168,1.31,7,0,0,0,1,0,33.96,0,0,5,2026-08,3
FBJ-0056,2026-08-15,Tarde,B,Antena,AP-02,549,-70.0,18,13,85.5,21.4,0.409,0.2,7,0,0,0,1,0,15.09,1,0,5,2026-08,3
FBJ-0057,2026-08-15,Tarde,B,Antena,AP-01,851,-81.4,18,13,85.5,21.4,0.625,0.2,2,1,22,0,1,0,22.21,1,0,5,2026-08,3
FBJ-0058,2026-08-15,Tarde,B,Antena,AP-02,308,-59.0,18,13,85.5,21.4,4.449,1.4,1,0,0,0,1,0,23.8,1,0,5,2026-08,3
FBJ-0059,2026-08-15,Tarde,B,Cable,,107,,18,13,85.5,21.4,6.291,2.11,6,0,0,0,1,0,27.58,0,0,5,2026-08,3
FBJ-0003,2026-08-15,Noche,A,Antena,AP-02,392,-66.0,20,13,100.3,25.1,9.933,3.66,7,0,0,0,1,0,17.31,1,0,5,2026-08,4
FBJ-0004,2026-08-15,Noche,A,Cable,,322,,20,13,100.3,25.1,8.33,2.37,3,0,0,0,1,0,35.0,0,1,5,2026-08,4
FBJ-0005,2026-08-15,Noche,A,Cable,,179,,20,13,100.3,25.1,9.435,2.14,7,0,0,0,1,0,30.29,0,0,5,2026-08,4
FBJ-0007,2026-08-15,Noche,A,Antena,AP-02,594,-68.6,20,13,100.3,25.1,0.504,0.28,2,0,0,0,1,0,17.82,1,0,5,2026-08,4
FBJ-0009,2026-08-15,Noche,A,Antena,AP-02,565,-72.0,20,13,100.3,25.1,8.651,4.46,4,2,10,0,1,0,14.67,1,0,5,2026-08,4
FBJ-0010,2026-08-15,Noche,A,Antena,AP-01,482,-67.3,20,13,100.3,25.1,1.765,1.09,5,0,0,0,1,0,13.88,1,0,5,2026-08,4
FBJ-0011,2026-08-15,Noche,A,Antena,AP-02,440,-67.1,20,13,100.3,25.1,6.439,2.13,8,0,0,0,1,0,21.74,1,0,5,2026-08,4
FBJ-0012,2026-08-15,Noche,A,Antena,AP-01,631,-74.1,20,13,100.3,25.1,2.998,1.69,2,0,0,0,1,0,16.33,1,0,5,2026-08,4
FBJ-0014,2026-08-15,Noche,A,Antena,AP-01,319,-62.5,20,13,100.3,25.1,3.988,2.27,7,0,0,0,1,0,17.86,1,0,5,2026-08,4
FBJ-0015,2026-08-15,Noche,A,Antena,AP-02,894,-83.5,20,13,100.3,25.1,3.042,2.32,6,1,10,0,1,0,13.88,1,0,5,2026-08,4
FBJ-0018,2026-08-15,Noche,A,Cable,,281,,20,13,100.3,25.1,6.332,2.28,6,0,0,0,1,0,21.7,0,0,5,2026-08,4
FBJ-0020,2026-08-15,Noche,A,Antena,AP-01,244,-60.1,20,13,100.3,25.1,8.005,3.76,6,0,0,0,1,0,19.8,1,0,5,2026-08,4
FBJ-0021,2026-08-15,Noche,A,Cable,,163,,20,13,100.3,25.1,10.871,2.99,6,1,28,0,1,0,27.97,0,0,5,2026-08,4
FBJ-0022,2026-08-15,Noche,A,Antena,AP-02,838,-82.4,20,13,100.3,25.1,6.235,2.97,2,1,9,0,1,0,14.61,1,0,5,2026-08,4
FBJ-0023,2026-08-15,Noche,A,Antena,AP-01,872,-78.5,20,13,100.3,25.1,4.49,2.54,7,0,0,0,1,0,17.82,1,0,5,2026-08,4
FBJ-0024,2026-08-15,Noche,A,Antena,AP-02,169,-58.3,20,13,100.3,25.1,10.907,2.97,1,0,0,0,1,0,26.19,1,0,5,2026-08,4
FBJ-0025,2026-08-15,Noche,A,Antena,AP-01,575,-73.2,20,13,100.3,25.1,4.437,2.61,8,0,0,0,1,0,15.93,1,0,5,2026-08,4
FBJ-0026,2026-08-15,Noche,A,Antena,AP-02,283,-64.0,20,13,100.3,25.1,4.377,1.92,1,0,0,0,1,0,17.41,1,0,5,2026-08,4
FBJ-0027,2026-08-15,Noche,A,Cable,,85,,20,13,100.3,25.1,6.742,1.67,1,0,0,0,1,0,24.48,0,0,5,2026-08,4
FBJ-0029,2026-08-15,Noche,A,Cable,,251,,20,13,100.3,25.1,6.379,2.31,4,0,0,0,1,0,28.84,0,0,5,2026-08,4
FBJ-0030,2026-08-15,Noche,A,Antena,AP-02,116,-54.6,20,13,100.3,25.1,5.038,1.68,1,0,0,0,1,0,23.5,1,0,5,2026-08,4
FBJ-0031,2026-08-15,Noche,B,Cable,,202,,21,13,119.7,29.9,8.528,2.23,4,0,0,0,1,0,30.63,0,0,5,2026-08,4
FBJ-0032,2026-08-15,Noche,B,Cable,,302,,21,13,119.7,29.9,6.627,1.98,7,1,25,0,1,0,35.0,0,1,5,2026-08,4
FBJ-0033,2026-08-15,Noche,B,Antena,AP-01,719,-77.6,21,13,119.7,29.9,5.812,2.57,2,1,29,0,1,0,16.68,1,0,5,2026-08,4
FBJ-0034,2026-08-15,Noche,B,Antena,AP-02,604,-72.2,21,13,119.7,29.9,3.435,2.9,8,1,25,0,1,0,10.67,1,0,5,2026-08,4
FBJ-0035,2026-08-15,Noche,B,Cable,,154,,21,13,119.7,29.9,5.186,1.78,3,1,9,0,1,0,33.51,0,0,5,2026-08,4
FBJ-0036,2026-08-15,Noche,B,Antena,AP-01,831,-77.3,21,13,119.7,29.9,6.231,3.8,7,0,0,0,1,0,17.06,1,0,5,2026-08,4
FBJ-0039,2026-08-15,Noche,B,Cable,,288,,21,13,119.7,29.9,7.641,1.68,1,0,0,0,1,0,35.0,0,1,5,2026-08,4
FBJ-0041,2026-08-15,Noche,B,Antena,AP-02,509,-69.1,21,13,119.7,29.9,5.685,2.4,7,0,0,0,1,0,14.6,1,0,5,2026-08,4
FBJ-0042,2026-08-15,Noche,B,Antena,AP-01,176,-53.0,21,13,119.7,29.9,4.872,1.5,5,0,0,0,1,0,26.04,1,0,5,2026-08,4
FBJ-0043,2026-08-15,Noche,B,Cable,,318,,21,13,119.7,29.9,5.43,2.34,7,0,0,0,1,0,22.78,0,0,5,2026-08,4
FBJ-0044,2026-08-15,Noche,B,Cable,,86,,21,13,119.7,29.9,3.445,1.0,5,0,0,0,1,0,28.6,0,0,5,2026-08,4
FBJ-0045,2026-08-15,Noche,B,Antena,AP-02,848,-81.7,21,13,119.7,29.9,3.608,1.97,3,1,16,0,1,0,13.82,1,0,5,2026-08,4
FBJ-0046,2026-08-15,Noche,B,Antena,AP-01,177,-50.9,21,13,119.7,29.9,7.929,2.11,5,0,0,0,1,0,25.63,1,0,5,2026-08,4
FBJ-0047,2026-08-15,Noche,B,Antena,AP-02,453,-71.2,21,13,119.7,29.9,2.924,1.86,3,0,0,0,1,0,18.63,1,0,5,2026-08,4
FBJ-0049,2026-08-15,Noche,B,Cable,,350,,21,13,119.7,29.9,5.195,1.75,4,0,0,0,1,0,23.65,0,0,5,2026-08,4
FBJ-0050,2026-08-15,Noche,B,Antena,AP-02,277,-61.0,21,13,119.7,29.9,4.737,2.64,7,0,0,0,1,0,17.91,1,0,5,2026-08,4
FBJ-0051,2026-08-15,Noche,B,Cable,,42,,21,13,119.7,29.9,5.617,1.61,4,0,0,0,1,0,29.36,0,0,5,2026-08,4
FBJ-0052,2026-08-15,Noche,B,Cable,,288,,21,13,119.7,29.9,7.247,2.42,4,1,29,0,1,0,28.25,0,0,5,2026-08,4
FBJ-0053,2026-08-15,Noche,B,Antena,AP-01,245,-55.9,21,13,119.7,29.9,9.705,2.82,5,0,0,0,1,0,21.09,1,0,5,2026-08,4
FBJ-0054,2026-08-15,Noche,B,Antena,AP-02,302,-59.5,21,13,119.7,29.9,10.054,2.94,7,0,0,0,1,0,26.61,1,0,5,2026-08,4
FBJ-0057,2026-08-15,Noche,B,Antena,AP-01,851,-81.4,21,13,119.7,29.9,3.691,1.8,3,1,13,0,1,0,16.92,1,0,5,2026-08,4
FBJ-0059,2026-08-15,Noche,B,Cable,,107,,21,13,119.7,29.9,6.785,1.73,7,0,0,0,1,0,27.16,0,0,5,2026-08,4
FBJ-0060,2026-08-15,Noche,B,Cable,,110,,21,13,119.7,29.9,6.114,2.26,6,0,0,0,1,0,22.09,0,0,5,2026-08,4
FBJ-0001,2026-08-16,Madrugada,A,Antena,AP-01,625,-74.5,6,6,68.7,17.2,2.595,1.45,3,0,0,0,1,0,13.96,1,0,6,2026-08,1
FBJ-0005,2026-08-16,Madrugada,A,Cable,,179,,6,6,68.7,17.2,2.43,0.63,4,0,0,0,1,0,30.22,0,0,6,2026-08,1
FBJ-0009,2026-08-16,Madrugada,A,Antena,AP-02,565,-72.0,6,6,68.7,17.2,3.483,2.04,5,0,0,0,1,0,15.33,1,0,6,2026-08,1
FBJ-0011,2026-08-16,Madrugada,A,Antena,AP-02,440,-67.1,6,6,68.7,17.2,1.866,1.24,1,0,0,0,1,0,14.44,1,0,6,2026-08,1
FBJ-0015,2026-08-16,Madrugada,A,Antena,AP-02,894,-83.5,6,6,68.7,17.2,4.82,1.91,6,0,0,0,1,0,19.76,1,0,6,2026-08,1
FBJ-0022,2026-08-16,Madrugada,A,Antena,AP-02,838,-82.4,6,6,68.7,17.2,3.486,1.41,3,1,23,0,1,0,17.29,1,0,6,2026-08,1
FBJ-0029,2026-08-16,Madrugada,A,Cable,,251,,6,6,68.7,17.2,0.567,0.23,8,0,0,0,1,0,25.44,0,0,6,2026-08,1
FBJ-0030,2026-08-16,Madrugada,A,Antena,AP-02,116,-54.6,6,6,68.7,17.2,3.589,1.4,5,0,0,0,1,0,23.35,1,0,6,2026-08,1
FBJ-0034,2026-08-16,Madrugada,B,Antena,AP-02,604,-72.2,5,3,30.4,7.6,0.835,0.42,6,0,0,0,1,0,14.28,1,0,6,2026-08,1
FBJ-0035,2026-08-16,Madrugada,B,Cable,,154,,5,3,30.4,7.6,5.193,1.76,4,0,0,0,1,0,27.01,0,0,6,2026-08,1
FBJ-0036,2026-08-16,Madrugada,B,Antena,AP-01,831,-77.3,5,3,30.4,7.6,2.086,1.08,6,0,0,0,1,0,18.11,1,0,6,2026-08,1
FBJ-0039,2026-08-16,Madrugada,B,Cable,,288,,5,3,30.4,7.6,4.44,0.84,1,0,0,0,1,0,35.0,0,1,6,2026-08,1
FBJ-0046,2026-08-16,Madrugada,B,Antena,AP-01,177,-50.9,5,3,30.4,7.6,0.676,0.2,8,0,0,0,1,0,29.59,1,0,6,2026-08,1
FBJ-0053,2026-08-16,Madrugada,B,Antena,AP-01,245,-55.9,5,3,30.4,7.6,0.83,0.2,5,0,0,0,1,0,25.14,1,0,6,2026-08,1
FBJ-0001,2026-08-16,Mañana,A,Antena,AP-01,625,-74.5,14,8,97.2,24.3,3.834,2.67,3,0,0,0,1,0,14.68,1,0,6,2026-08,2
FBJ-0003,2026-08-16,Mañana,A,Antena,AP-02,392,-66.0,14,8,97.2,24.3,2.036,1.05,3,0,0,0,1,0,19.01,1,0,6,2026-08,2
FBJ-0004,2026-08-16,Mañana,A,Cable,,322,,14,8,97.2,24.3,5.784,1.83,6,0,0,0,1,0,27.97,0,0,6,2026-08,2
FBJ-0005,2026-08-16,Mañana,A,Cable,,179,,14,8,97.2,24.3,4.966,1.13,8,0,0,0,1,0,35.0,0,1,6,2026-08,2
FBJ-0007,2026-08-16,Mañana,A,Antena,AP-02,594,-68.6,14,8,97.2,24.3,3.436,1.78,2,0,0,0,1,0,17.38,1,0,6,2026-08,2
FBJ-0010,2026-08-16,Mañana,A,Antena,AP-01,482,-67.3,14,8,97.2,24.3,3.385,2.23,8,0,0,0,1,0,13.02,1,0,6,2026-08,2
FBJ-0014,2026-08-16,Mañana,A,Antena,AP-01,319,-62.5,14,8,97.2,24.3,5.906,1.66,8,2,24,0,1,0,24.2,1,0,6,2026-08,2
FBJ-0015,2026-08-16,Mañana,A,Antena,AP-02,894,-83.5,14,8,97.2,24.3,4.18,1.77,1,1,19,0,1,0,19.88,1,0,6,2026-08,2
FBJ-0018,2026-08-16,Mañana,A,Cable,,281,,14,8,97.2,24.3,6.75,1.71,5,0,0,0,1,0,35.0,0,1,6,2026-08,2
FBJ-0019,2026-08-16,Mañana,A,Cable,,81,,14,8,97.2,24.3,7.853,3.06,2,0,0,0,1,0,21.17,0,0,6,2026-08,2
FBJ-0020,2026-08-16,Mañana,A,Antena,AP-01,244,-60.1,14,8,97.2,24.3,7.833,3.03,6,0,0,0,1,0,25.0,1,0,6,2026-08,2
FBJ-0021,2026-08-16,Mañana,A,Cable,,163,,14,8,97.2,24.3,4.139,1.18,8,0,0,0,1,0,29.38,0,0,6,2026-08,2
FBJ-0022,2026-08-16,Mañana,A,Antena,AP-02,838,-82.4,14,8,97.2,24.3,0.416,0.2,3,2,46,0,1,0,19.76,1,0,6,2026-08,2
FBJ-0026,2026-08-16,Mañana,A,Antena,AP-02,283,-64.0,14,8,97.2,24.3,3.277,2.26,5,0,0,0,1,0,18.01,1,0,6,2026-08,2
FBJ-0027,2026-08-16,Mañana,A,Cable,,85,,14,8,97.2,24.3,2.871,0.71,5,0,0,0,1,0,28.37,0,0,6,2026-08,2
FBJ-0032,2026-08-16,Mañana,B,Cable,,302,,14,9,77.9,19.5,0.615,0.2,1,1,15,0,1,0,35.0,0,1,6,2026-08,2
FBJ-0033,2026-08-16,Mañana,B,Antena,AP-01,719,-77.6,14,9,77.9,19.5,2.757,1.2,1,0,0,0,1,0,16.11,1,0,6,2026-08,2
FBJ-0034,2026-08-16,Mañana,B,Antena,AP-02,604,-72.2,14,9,77.9,19.5,4.355,1.51,3,0,0,0,1,0,18.9,1,0,6,2026-08,2
FBJ-0037,2026-08-16,Mañana,B,Cable,,205,,14,9,77.9,19.5,10.076,2.35,1,0,0,0,1,0,35.0,0,1,6,2026-08,2
FBJ-0040,2026-08-16,Mañana,B,Antena,AP-01,564,-73.1,14,9,77.9,19.5,2.914,1.55,6,0,0,0,1,0,16.71,1,0,6,2026-08,2
FBJ-0043,2026-08-16,Mañana,B,Cable,,318,,14,9,77.9,19.5,13.71,2.83,3,0,0,0,1,0,35.0,0,1,6,2026-08,2
FBJ-0048,2026-08-16,Mañana,B,Antena,AP-01,721,-80.9,14,9,77.9,19.5,2.547,1.17,3,0,0,0,1,0,18.94,1,0,6,2026-08,2
FBJ-0049,2026-08-16,Mañana,B,Cable,,350,,14,9,77.9,19.5,3.083,1.13,6,1,38,0,1,0,24.45,0,0,6,2026-08,2
FBJ-0050,2026-08-16,Mañana,B,Antena,AP-02,277,-61.0,14,9,77.9,19.5,5.113,1.45,1,0,0,0,1,0,25.64,1,0,6,2026-08,2
FBJ-0051,2026-08-16,Mañana,B,Cable,,42,,14,9,77.9,19.5,3.405,0.91,3,0,0,0,1,0,35.0,0,1,6,2026-08,2
FBJ-0056,2026-08-16,Mañana,B,Antena,AP-02,549,-70.0,14,9,77.9,19.5,2.918,1.49,6,0,0,0,1,0,16.94,1,0,6,2026-08,2
FBJ-0057,2026-08-16,Mañana,B,Antena,AP-01,851,-81.4,14,9,77.9,19.5,3.946,2.02,5,0,0,0,1,0,16.86,1,0,6,2026-08,2
FBJ-0058,2026-08-16,Mañana,B,Antena,AP-02,308,-59.0,14,9,77.9,19.5,3.563,1.38,3,0,0,0,1,0,22.99,1,0,6,2026-08,2
FBJ-0059,2026-08-16,Mañana,B,Cable,,107,,14,9,77.9,19.5,6.756,1.72,7,0,0,0,1,0,30.31,0,0,6,2026-08,2
FBJ-0001,2026-08-16,Tarde,A,Antena,AP-01,625,-74.5,16,8,90.8,22.7,4.799,2.28,5,0,0,0,1,0,19.07,1,0,6,2026-08,3
FBJ-0003,2026-08-16,Tarde,A,Antena,AP-02,392,-66.0,16,8,90.8,22.7,4.783,1.64,6,0,0,0,1,0,18.41,1,0,6,2026-08,3
FBJ-0004,2026-08-16,Tarde,A,Cable,,322,,16,8,90.8,22.7,6.726,1.49,8,0,0,0,1,0,35.0,0,1,6,2026-08,3
FBJ-0009,2026-08-16,Tarde,A,Antena,AP-02,565,-72.0,16,8,90.8,22.7,4.009,1.69,5,0,0,0,1,0,19.93,1,0,6,2026-08,3
FBJ-0011,2026-08-16,Tarde,A,Antena,AP-02,440,-67.1,16,8,90.8,22.7,1.811,1.0,2,0,0,0,1,0,18.78,1,0,6,2026-08,3
FBJ-0012,2026-08-16,Tarde,A,Antena,AP-01,631,-74.1,16,8,90.8,22.7,1.421,0.96,1,0,0,0,1,0,14.15,1,0,6,2026-08,3
FBJ-0014,2026-08-16,Tarde,A,Antena,AP-01,319,-62.5,16,8,90.8,22.7,3.464,0.96,2,0,0,0,1,0,28.03,1,0,6,2026-08,3
FBJ-0023,2026-08-16,Tarde,A,Antena,AP-01,872,-78.5,16,8,90.8,22.7,5.324,2.71,8,0,0,0,1,0,16.85,1,0,6,2026-08,3
FBJ-0025,2026-08-16,Tarde,A,Antena,AP-01,575,-73.2,16,8,90.8,22.7,1.578,1.1,3,0,0,0,1,0,16.64,1,0,6,2026-08,3
FBJ-0029,2026-08-16,Tarde,A,Cable,,251,,16,8,90.8,22.7,4.732,1.24,4,0,0,0,1,0,28.54,0,0,6,2026-08,3
FBJ-0030,2026-08-16,Tarde,A,Antena,AP-02,116,-54.6,16,8,90.8,22.7,0.472,0.2,1,1,38,0,1,0,25.64,1,0,6,2026-08,3
FBJ-0031,2026-08-16,Tarde,B,Cable,,202,,11,8,93.7,23.4,2.279,0.9,4,0,0,0,1,0,29.41,0,0,6,2026-08,3
FBJ-0035,2026-08-16,Tarde,B,Cable,,154,,11,8,93.7,23.4,11.296,2.47,2,0,0,0,1,0,35.0,0,1,6,2026-08,3
FBJ-0037,2026-08-16,Tarde,B,Cable,,205,,11,8,93.7,23.4,3.125,0.87,2,0,0,0,1,0,35.0,0,1,6,2026-08,3
FBJ-0040,2026-08-16,Tarde,B,Antena,AP-01,564,-73.1,11,8,93.7,23.4,2.217,1.42,4,0,0,0,1,0,15.64,1,0,6,2026-08,3
FBJ-0043,2026-08-16,Tarde,B,Cable,,318,,11,8,93.7,23.4,9.54,1.95,8,0,0,0,1,0,34.08,0,0,6,2026-08,3
FBJ-0044,2026-08-16,Tarde,B,Cable,,86,,11,8,93.7,23.4,4.551,1.3,6,0,0,0,1,0,35.0,0,1,6,2026-08,3
FBJ-0045,2026-08-16,Tarde,B,Antena,AP-02,848,-81.7,11,8,93.7,23.4,2.055,1.1,3,0,0,0,1,0,17.16,1,0,6,2026-08,3
FBJ-0046,2026-08-16,Tarde,B,Antena,AP-01,177,-50.9,11,8,93.7,23.4,10.613,2.08,5,1,29,0,1,0,31.39,1,0,6,2026-08,3
FBJ-0047,2026-08-16,Tarde,B,Antena,AP-02,453,-71.2,11,8,93.7,23.4,2.243,1.22,1,0,0,0,1,0,18.0,1,0,6,2026-08,3
FBJ-0050,2026-08-16,Tarde,B,Antena,AP-02,277,-61.0,11,8,93.7,23.4,4.598,1.59,3,0,0,0,1,0,24.72,1,0,6,2026-08,3
FBJ-0051,2026-08-16,Tarde,B,Cable,,42,,11,8,93.7,23.4,6.784,1.63,7,0,0,0,1,0,35.0,0,1,6,2026-08,3
FBJ-0053,2026-08-16,Tarde,B,Antena,AP-01,245,-55.9,11,8,93.7,23.4,8.385,2.07,5,0,0,0,1,0,35.0,1,1,6,2026-08,3
FBJ-0054,2026-08-16,Tarde,B,Antena,AP-02,302,-59.5,11,8,93.7,23.4,6.852,1.89,8,0,0,0,1,0,26.09,1,0,6,2026-08,3
FBJ-0056,2026-08-16,Tarde,B,Antena,AP-02,549,-70.0,11,8,93.7,23.4,3.21,1.5,7,0,0,0,1,0,16.2,1,0,6,2026-08,3
FBJ-0057,2026-08-16,Tarde,B,Antena,AP-01,851,-81.4,11,8,93.7,23.4,2.051,1.31,4,0,0,0,1,0,16.79,1,0,6,2026-08,3
FBJ-0058,2026-08-16,Tarde,B,Antena,AP-02,308,-59.0,11,8,93.7,23.4,5.534,2.33,7,0,0,0,1,0,27.05,1,0,6,2026-08,3
FBJ-0001,2026-08-16,Noche,A,Antena,AP-01,625,-74.5,19,16,136.4,34.1,4.607,2.8,7,0,0,0,1,0,16.2,1,0,6,2026-08,4
FBJ-0003,2026-08-16,Noche,A,Antena,AP-02,392,-66.0,19,16,136.4,34.1,2.762,1.27,4,1,7,0,1,0,16.7,1,0,6,2026-08,4
FBJ-0004,2026-08-16,Noche,A,Cable,,322,,19,16,136.4,34.1,8.814,2.13,3,0,0,0,1,0,30.46,0,0,6,2026-08,4
FBJ-0005,2026-08-16,Noche,A,Cable,,179,,19,16,136.4,34.1,8.782,2.85,4,0,0,0,1,0,23.2,0,0,6,2026-08,4
FBJ-0009,2026-08-16,Noche,A,Antena,AP-02,565,-72.0,19,16,136.4,34.1,4.253,2.87,4,0,0,0,1,0,13.85,1,0,6,2026-08,4
FBJ-0010,2026-08-16,Noche,A,Antena,AP-01,482,-67.3,19,16,136.4,34.1,3.759,2.46,2,0,0,0,1,0,15.14,1,0,6,2026-08,4
FBJ-0011,2026-08-16,Noche,A,Antena,AP-02,440,-67.1,19,16,136.4,34.1,4.112,2.92,8,0,0,0,1,0,12.13,1,0,6,2026-08,4
FBJ-0012,2026-08-16,Noche,A,Antena,AP-01,631,-74.1,19,16,136.4,34.1,4.017,3.32,5,0,0,0,1,0,13.31,1,0,6,2026-08,4
FBJ-0013,2026-08-16,Noche,A,Antena,AP-02,111,-56.0,19,16,136.4,34.1,4.248,1.95,7,0,0,0,1,0,20.99,1,0,6,2026-08,4
FBJ-0019,2026-08-16,Noche,A,Cable,,81,,19,16,136.4,34.1,17.044,4.32,7,0,0,0,1,0,27.04,0,0,6,2026-08,4
FBJ-0022,2026-08-16,Noche,A,Antena,AP-02,838,-82.4,19,16,136.4,34.1,4.577,2.41,6,2,26,0,1,0,12.34,1,0,6,2026-08,4
FBJ-0023,2026-08-16,Noche,A,Antena,AP-01,872,-78.5,19,16,136.4,34.1,2.429,2.72,7,1,36,0,1,0,9.86,1,0,6,2026-08,4
FBJ-0024,2026-08-16,Noche,A,Antena,AP-02,169,-58.3,19,16,136.4,34.1,2.52,1.19,2,0,0,0,1,0,18.56,1,0,6,2026-08,4
FBJ-0025,2026-08-16,Noche,A,Antena,AP-01,575,-73.2,19,16,136.4,34.1,3.785,3.42,7,0,0,0,1,0,10.16,1,0,6,2026-08,4
FBJ-0027,2026-08-16,Noche,A,Cable,,85,,19,16,136.4,34.1,5.248,1.4,8,0,0,0,1,0,23.94,0,0,6,2026-08,4
FBJ-0029,2026-08-16,Noche,A,Cable,,251,,19,16,136.4,34.1,4.031,1.79,8,0,0,0,1,0,25.68,0,0,6,2026-08,4
FBJ-0030,2026-08-16,Noche,A,Antena,AP-02,116,-54.6,19,16,136.4,34.1,5.611,2.93,8,0,0,0,1,0,17.5,1,0,6,2026-08,4
FBJ-0031,2026-08-16,Noche,B,Cable,,202,,23,16,138.1,34.5,7.487,1.88,3,0,0,0,1,0,32.31,0,0,6,2026-08,4
FBJ-0033,2026-08-16,Noche,B,Antena,AP-01,719,-77.6,23,16,138.1,34.5,4.566,2.56,7,0,0,0,1,0,13.66,1,0,6,2026-08,4
FBJ-0034,2026-08-16,Noche,B,Antena,AP-02,604,-72.2,23,16,138.1,34.5,5.805,3.04,5,0,0,0,1,0,13.65,1,0,6,2026-08,4
FBJ-0035,2026-08-16,Noche,B,Cable,,154,,23,16,138.1,34.5,9.695,2.85,2,0,0,0,1,0,27.59,0,0,6,2026-08,4
FBJ-0036,2026-08-16,Noche,B,Antena,AP-01,831,-77.3,23,16,138.1,34.5,3.502,3.09,3,0,0,0,1,0,11.66,1,0,6,2026-08,4
FBJ-0039,2026-08-16,Noche,B,Cable,,288,,23,16,138.1,34.5,10.829,2.81,3,0,0,0,1,0,32.81,0,0,6,2026-08,4
FBJ-0040,2026-08-16,Noche,B,Antena,AP-01,564,-73.1,23,16,138.1,34.5,4.513,3.45,6,0,0,0,1,0,11.02,1,0,6,2026-08,4
FBJ-0041,2026-08-16,Noche,B,Antena,AP-02,509,-69.1,23,16,138.1,34.5,3.315,2.86,8,0,0,0,1,0,11.69,1,0,6,2026-08,4
FBJ-0042,2026-08-16,Noche,B,Antena,AP-01,176,-53.0,23,16,138.1,34.5,4.811,1.48,7,0,0,0,1,0,22.09,1,0,6,2026-08,4
FBJ-0043,2026-08-16,Noche,B,Cable,,318,,23,16,138.1,34.5,8.353,2.21,6,1,4,0,1,0,28.44,0,0,6,2026-08,4
FBJ-0044,2026-08-16,Noche,B,Cable,,86,,23,16,138.1,34.5,5.153,2.21,5,0,0,0,1,0,19.72,0,0,6,2026-08,4
FBJ-0045,2026-08-16,Noche,B,Antena,AP-02,848,-81.7,23,16,138.1,34.5,2.975,2.08,2,1,24,0,1,0,11.86,1,0,6,2026-08,4
FBJ-0046,2026-08-16,Noche,B,Antena,AP-01,177,-50.9,23,16,138.1,34.5,6.148,2.53,3,0,0,0,1,0,20.11,1,0,6,2026-08,4
FBJ-0047,2026-08-16,Noche,B,Antena,AP-02,453,-71.2,23,16,138.1,34.5,4.271,3.47,3,0,0,0,1,0,11.91,1,0,6,2026-08,4
FBJ-0048,2026-08-16,Noche,B,Antena,AP-01,721,-80.9,23,16,138.1,34.5,2.188,1.77,4,1,36,0,1,0,11.54,1,0,6,2026-08,4
FBJ-0050,2026-08-16,Noche,B,Antena,AP-02,277,-61.0,23,16,138.1,34.5,7.363,2.77,5,0,0,0,1,0,18.72,1,0,6,2026-08,4
FBJ-0051,2026-08-16,Noche,B,Cable,,42,,23,16,138.1,34.5,9.303,2.51,4,0,0,0,1,0,24.04,0,0,6,2026-08,4
FBJ-0052,2026-08-16,Noche,B,Cable,,288,,23,16,138.1,34.5,10.344,3.11,4,0,0,0,1,0,23.94,0,0,6,2026-08,4
FBJ-0053,2026-08-16,Noche,B,Antena,AP-01,245,-55.9,23,16,138.1,34.5,4.296,2.26,6,0,0,0,1,0,17.39,1,0,6,2026-08,4
FBJ-0056,2026-08-16,Noche,B,Antena,AP-02,549,-70.0,23,16,138.1,34.5,0.906,0.5,7,0,0,0,1,0,11.21,1,0,6,2026-08,4
FBJ-0058,2026-08-16,Noche,B,Antena,AP-02,308,-59.0,23,16,138.1,34.5,5.339,3.37,3,0,0,0,1,0,17.65,1,0,6,2026-08,4
FBJ-0059,2026-08-16,Noche,B,Cable,,107,,23,16,138.1,34.5,6.327,2.66,8,0,0,0,1,0,23.09,0,0,6,2026-08,4
FBJ-0060,2026-08-16,Noche,B,Cable,,110,,23,16,138.1,34.5,6.03,2.44,5,1,7,0,1,0,23.69,0,0,6,2026-08,4
FBJ-0011,2026-08-17,Madrugada,A,Antena,AP-02,440,-67.1,4,4,35.3,8.8,0.701,0.29,3,0,0,0,0,1,16.03,1,0,0,2026-08,1
FBJ-0013,2026-08-17,Madrugada,A,Antena,AP-02,111,-56.0,4,4,35.3,8.8,7.493,2.23,6,0,0,0,0,1,24.89,1,0,0,2026-08,1
FBJ-0022,2026-08-17,Madrugada,A,Antena,AP-02,838,-82.4,4,4,35.3,8.8,2.382,1.24,2,0,0,0,0,1,17.98,1,0,0,2026-08,1
FBJ-0027,2026-08-17,Madrugada,A,Cable,,85,,4,4,35.3,8.8,7.484,1.8,7,0,0,0,0,1,35.0,0,1,0,2026-08,1
FBJ-0032,2026-08-17,Madrugada,B,Cable,,302,,4,3,9.1,2.3,5.283,1.11,4,0,0,0,0,1,33.87,0,0,0,2026-08,1
FBJ-0036,2026-08-17,Madrugada,B,Antena,AP-01,831,-77.3,4,3,9.1,2.3,5.57,2.42,5,0,0,0,0,1,17.39,1,0,0,2026-08,1
FBJ-0043,2026-08-17,Madrugada,B,Cable,,318,,4,3,9.1,2.3,5.709,1.54,6,0,0,0,0,1,35.0,0,1,0,2026-08,1
FBJ-0048,2026-08-17,Madrugada,B,Antena,AP-01,721,-80.9,4,3,9.1,2.3,0.295,0.2,4,1,25,0,0,1,16.35,1,0,0,2026-08,1
FBJ-0051,2026-08-17,Madrugada,B,Cable,,42,,4,3,9.1,2.3,1.18,0.2,6,0,0,0,0,1,35.0,0,1,0,2026-08,1
FBJ-0052,2026-08-17,Madrugada,B,Cable,,288,,4,3,9.1,2.3,5.673,1.8,7,0,0,0,0,1,35.0,0,1,0,2026-08,1
FBJ-0001,2026-08-17,Mañana,A,Antena,AP-01,625,-74.5,12,10,111.4,27.8,2.144,1.02,8,1,8,0,0,1,19.63,1,0,0,2026-08,2
FBJ-0003,2026-08-17,Mañana,A,Antena,AP-02,392,-66.0,12,10,111.4,27.8,2.325,1.53,1,0,0,0,0,1,13.15,1,0,0,2026-08,2
FBJ-0005,2026-08-17,Mañana,A,Cable,,179,,12,10,111.4,27.8,4.947,1.25,6,0,0,0,0,1,35.0,0,1,0,2026-08,2
FBJ-0009,2026-08-17,Mañana,A,Antena,AP-02,565,-72.0,12,10,111.4,27.8,2.782,1.34,1,0,0,0,0,1,19.33,1,0,0,2026-08,2
FBJ-0013,2026-08-17,Mañana,A,Antena,AP-02,111,-56.0,12,10,111.4,27.8,4.997,1.73,4,0,0,0,0,1,23.03,1,0,0,2026-08,2
FBJ-0018,2026-08-17,Mañana,A,Cable,,281,,12,10,111.4,27.8,11.127,2.39,4,0,0,0,0,1,35.0,0,1,0,2026-08,2
FBJ-0021,2026-08-17,Mañana,A,Cable,,163,,12,10,111.4,27.8,6.813,1.42,1,0,0,0,0,1,35.0,0,1,0,2026-08,2
FBJ-0025,2026-08-17,Mañana,A,Antena,AP-01,575,-73.2,12,10,111.4,27.8,6.66,3.02,8,0,0,0,0,1,18.85,1,0,0,2026-08,2
FBJ-0026,2026-08-17,Mañana,A,Antena,AP-02,283,-64.0,12,10,111.4,27.8,0.424,0.2,7,0,0,0,0,1,18.6,1,0,0,2026-08,2
FBJ-0027,2026-08-17,Mañana,A,Cable,,85,,12,10,111.4,27.8,1.993,0.62,8,0,0,0,0,1,26.96,0,0,0,2026-08,2
FBJ-0029,2026-08-17,Mañana,A,Cable,,251,,12,10,111.4,27.8,0.569,0.2,3,0,0,0,0,1,30.51,0,0,0,2026-08,2
FBJ-0030,2026-08-17,Mañana,A,Antena,AP-02,116,-54.6,12,10,111.4,27.8,2.887,1.47,6,0,0,0,0,1,23.53,1,0,0,2026-08,2
FBJ-0031,2026-08-17,Mañana,B,Cable,,202,,14,9,64.6,16.2,4.488,1.05,2,0,0,0,0,1,35.0,0,1,0,2026-08,2
FBJ-0033,2026-08-17,Mañana,B,Antena,AP-01,719,-77.6,14,9,64.6,16.2,4.062,1.81,3,0,0,0,0,1,20.68,1,0,0,2026-08,2
FBJ-0037,2026-08-17,Mañana,B,Cable,,205,,14,9,64.6,16.2,5.961,1.99,7,0,0,0,0,1,33.06,0,0,0,2026-08,2
FBJ-0043,2026-08-17,Mañana,B,Cable,,318,,14,9,64.6,16.2,7.771,1.9,7,0,0,0,0,1,35.0,0,1,0,2026-08,2
FBJ-0044,2026-08-17,Mañana,B,Cable,,86,,14,9,64.6,16.2,3.906,1.47,1,0,0,0,0,1,30.81,0,0,0,2026-08,2
FBJ-0045,2026-08-17,Mañana,B,Antena,AP-02,848,-81.7,14,9,64.6,16.2,3.648,1.63,5,1,13,0,0,1,17.71,1,0,0,2026-08,2
FBJ-0049,2026-08-17,Mañana,B,Cable,,350,,14,9,64.6,16.2,6.157,1.12,6,0,0,0,0,1,33.12,0,0,0,2026-08,2
FBJ-0051,2026-08-17,Mañana,B,Cable,,42,,14,9,64.6,16.2,4.277,1.05,4,0,0,0,0,1,35.0,0,1,0,2026-08,2
FBJ-0052,2026-08-17,Mañana,B,Cable,,288,,14,9,64.6,16.2,6.151,1.66,8,0,0,0,0,1,35.0,0,1,0,2026-08,2
FBJ-0053,2026-08-17,Mañana,B,Antena,AP-01,245,-55.9,14,9,64.6,16.2,7.739,2.74,6,0,0,0,0,1,27.08,1,0,0,2026-08,2
FBJ-0056,2026-08-17,Mañana,B,Antena,AP-02,549,-70.0,14,9,64.6,16.2,5.394,1.93,5,0,0,0,0,1,16.67,1,0,0,2026-08,2
FBJ-0057,2026-08-17,Mañana,B,Antena,AP-01,851,-81.4,14,9,64.6,16.2,3.348,1.44,3,1,38,0,0,1,18.06,1,0,0,2026-08,2
FBJ-0060,2026-08-17,Mañana,B,Cable,,110,,14,9,64.6,16.2,2.264,0.46,8,0,0,0,0,1,35.0,0,1,0,2026-08,2
FBJ-0003,2026-08-17,Tarde,A,Antena,AP-02,392,-66.0,17,15,207.2,51.8,0.584,0.2,4,0,0,0,0,1,22.05,1,0,0,2026-08,3
FBJ-0005,2026-08-17,Tarde,A,Cable,,179,,17,15,207.2,51.8,2.234,0.67,2,0,0,0,0,1,26.97,0,0,0,2026-08,3
FBJ-0007,2026-08-17,Tarde,A,Antena,AP-02,594,-68.6,17,15,207.2,51.8,3.976,2.77,8,0,0,0,0,1,12.35,1,0,0,2026-08,3
FBJ-0010,2026-08-17,Tarde,A,Antena,AP-01,482,-67.3,17,15,207.2,51.8,0.704,0.52,4,0,0,0,0,1,13.56,1,0,0,2026-08,3
FBJ-0011,2026-08-17,Tarde,A,Antena,AP-02,440,-67.1,17,15,207.2,51.8,2.311,1.18,2,0,0,0,0,1,13.05,1,0,0,2026-08,3
FBJ-0012,2026-08-17,Tarde,A,Antena,AP-01,631,-74.1,17,15,207.2,51.8,2.654,1.38,1,0,0,0,0,1,13.77,1,0,0,2026-08,3
FBJ-0014,2026-08-17,Tarde,A,Antena,AP-01,319,-62.5,17,15,207.2,51.8,6.486,2.57,7,1,38,0,0,1,17.4,1,0,0,2026-08,3
FBJ-0018,2026-08-17,Tarde,A,Cable,,281,,17,15,207.2,51.8,2.862,1.09,5,1,19,0,0,1,24.32,0,0,0,2026-08,3
FBJ-0020,2026-08-17,Tarde,A,Antena,AP-01,244,-60.1,17,15,207.2,51.8,0.43,0.21,2,1,14,0,0,1,14.71,1,0,0,2026-08,3
FBJ-0024,2026-08-17,Tarde,A,Antena,AP-02,169,-58.3,17,15,207.2,51.8,4.811,2.81,2,0,0,0,0,1,18.02,1,0,0,2026-08,3
FBJ-0029,2026-08-17,Tarde,A,Cable,,251,,17,15,207.2,51.8,3.365,1.25,7,0,0,0,0,1,22.65,0,0,0,2026-08,3
FBJ-0030,2026-08-17,Tarde,A,Antena,AP-02,116,-54.6,17,15,207.2,51.8,3.335,1.49,7,0,0,0,0,1,19.85,1,0,0,2026-08,3
FBJ-0032,2026-08-17,Tarde,B,Cable,,302,,19,15,135.4,33.9,3.408,1.24,3,0,0,0,0,1,31.36,0,0,0,2026-08,3
FBJ-0034,2026-08-17,Tarde,B,Antena,AP-02,604,-72.2,19,15,135.4,33.9,0.321,0.2,3,0,0,0,0,1,13.6,1,0,0,2026-08,3
FBJ-0036,2026-08-17,Tarde,B,Antena,AP-01,831,-77.3,19,15,135.4,33.9,1.272,0.95,2,0,0,0,0,1,12.47,1,0,0,2026-08,3
FBJ-0040,2026-08-17,Tarde,B,Antena,AP-01,564,-73.1,19,15,135.4,33.9,2.582,1.91,5,0,0,0,0,1,14.67,1,0,0,2026-08,3
FBJ-0041,2026-08-17,Tarde,B,Antena,AP-02,509,-69.1,19,15,135.4,33.9,3.074,1.31,7,0,0,0,0,1,14.56,1,0,0,2026-08,3
FBJ-0042,2026-08-17,Tarde,B,Antena,AP-01,176,-53.0,19,15,135.4,33.9,1.32,0.58,5,0,0,0,0,1,20.43,1,0,0,2026-08,3
FBJ-0043,2026-08-17,Tarde,B,Cable,,318,,19,15,135.4,33.9,1.535,0.47,4,0,0,0,0,1,26.64,0,0,0,2026-08,3
FBJ-0046,2026-08-17,Tarde,B,Antena,AP-01,177,-50.9,19,15,135.4,33.9,10.541,2.43,7,0,0,0,0,1,30.73,1,0,0,2026-08,3
FBJ-0047,2026-08-17,Tarde,B,Antena,AP-02,453,-71.2,19,15,135.4,33.9,4.303,2.15,6,0,0,0,0,1,18.41,1,0,0,2026-08,3
FBJ-0048,2026-08-17,Tarde,B,Antena,AP-01,721,-80.9,19,15,135.4,33.9,2.158,1.33,5,2,30,0,0,1,12.85,1,0,0,2026-08,3
FBJ-0050,2026-08-17,Tarde,B,Antena,AP-02,277,-61.0,19,15,135.4,33.9,1.584,0.96,4,0,0,0,0,1,12.74,1,0,0,2026-08,3
FBJ-0051,2026-08-17,Tarde,B,Cable,,42,,19,15,135.4,33.9,6.017,1.8,5,0,0,0,0,1,20.55,0,0,0,2026-08,3
FBJ-0052,2026-08-17,Tarde,B,Cable,,288,,19,15,135.4,33.9,3.494,1.09,4,0,0,0,0,1,34.13,0,0,0,2026-08,3
FBJ-0056,2026-08-17,Tarde,B,Antena,AP-02,549,-70.0,19,15,135.4,33.9,3.058,1.53,5,0,0,0,0,1,13.65,1,0,0,2026-08,3
FBJ-0057,2026-08-17,Tarde,B,Antena,AP-01,851,-81.4,19,15,135.4,33.9,2.124,1.97,5,0,0,0,0,1,11.74,1,0,0,2026-08,3
FBJ-0059,2026-08-17,Tarde,B,Cable,,107,,19,15,135.4,33.9,3.637,1.55,1,0,0,0,0,1,19.31,0,0,0,2026-08,3
FBJ-0060,2026-08-17,Tarde,B,Cable,,110,,19,15,135.4,33.9,8.432,2.64,2,0,0,0,0,1,20.9,0,0,0,2026-08,3
FBJ-0003,2026-08-17,Noche,A,Antena,AP-02,392,-66.0,21,17,185.1,46.3,6.106,3.45,5,0,0,0,0,1,14.99,1,0,0,2026-08,4
FBJ-0005,2026-08-17,Noche,A,Cable,,179,,21,17,185.1,46.3,5.361,1.81,8,1,25,0,0,1,26.63,0,0,0,2026-08,4
FBJ-0007,2026-08-17,Noche,A,Antena,AP-02,594,-68.6,21,17,185.1,46.3,2.453,1.41,3,0,0,0,0,1,12.77,1,0,0,2026-08,4
FBJ-0009,2026-08-17,Noche,A,Antena,AP-02,565,-72.0,21,17,185.1,46.3,3.81,2.58,2,0,0,0,0,1,10.86,1,0,0,2026-08,4
FBJ-0010,2026-08-17,Noche,A,Antena,AP-01,482,-67.3,21,17,185.1,46.3,3.585,2.64,5,0,0,0,0,1,13.42,1,0,0,2026-08,4
FBJ-0011,2026-08-17,Noche,A,Antena,AP-02,440,-67.1,21,17,185.1,46.3,3.438,3.11,1,0,0,0,0,1,12.03,1,0,0,2026-08,4
FBJ-0012,2026-08-17,Noche,A,Antena,AP-01,631,-74.1,21,17,185.1,46.3,3.576,2.28,2,0,0,0,0,1,11.5,1,0,0,2026-08,4
FBJ-0013,2026-08-17,Noche,A,Antena,AP-02,111,-56.0,21,17,185.1,46.3,3.335,1.41,2,0,0,0,0,1,20.36,1,0,0,2026-08,4
FBJ-0014,2026-08-17,Noche,A,Antena,AP-01,319,-62.5,21,17,185.1,46.3,3.692,2.43,1,0,0,0,0,1,13.17,1,0,0,2026-08,4
FBJ-0015,2026-08-17,Noche,A,Antena,AP-02,894,-83.5,21,17,185.1,46.3,4.274,3.08,2,0,0,0,0,1,12.54,1,0,0,2026-08,4
FBJ-0018,2026-08-17,Noche,A,Cable,,281,,21,17,185.1,46.3,6.634,2.68,6,0,0,0,0,1,20.16,0,0,0,2026-08,4
FBJ-0019,2026-08-17,Noche,A,Cable,,81,,21,17,185.1,46.3,8.363,2.81,3,0,0,0,0,1,22.92,0,0,0,2026-08,4
FBJ-0020,2026-08-17,Noche,A,Antena,AP-01,244,-60.1,21,17,185.1,46.3,4.832,2.02,6,0,0,0,0,1,16.05,1,0,0,2026-08,4
FBJ-0021,2026-08-17,Noche,A,Cable,,163,,21,17,185.1,46.3,7.396,1.91,5,0,0,0,0,1,32.18,0,0,0,2026-08,4
FBJ-0022,2026-08-17,Noche,A,Antena,AP-02,838,-82.4,21,17,185.1,46.3,9.391,3.56,7,1,20,0,0,1,16.62,1,0,0,2026-08,4
FBJ-0023,2026-08-17,Noche,A,Antena,AP-01,872,-78.5,21,17,185.1,46.3,2.097,1.97,2,2,12,0,0,1,12.34,1,0,0,2026-08,4
FBJ-0024,2026-08-17,Noche,A,Antena,AP-02,169,-58.3,21,17,185.1,46.3,3.499,2.02,4,0,0,0,0,1,16.04,1,0,0,2026-08,4
FBJ-0025,2026-08-17,Noche,A,Antena,AP-01,575,-73.2,21,17,185.1,46.3,3.526,2.81,5,0,0,0,0,1,12.4,1,0,0,2026-08,4
FBJ-0026,2026-08-17,Noche,A,Antena,AP-02,283,-64.0,21,17,185.1,46.3,5.859,3.12,7,0,0,0,0,1,17.25,1,0,0,2026-08,4
FBJ-0027,2026-08-17,Noche,A,Cable,,85,,21,17,185.1,46.3,5.283,1.85,1,0,0,0,0,1,25.24,0,0,0,2026-08,4
FBJ-0029,2026-08-17,Noche,A,Cable,,251,,21,17,185.1,46.3,2.888,1.33,1,0,0,0,0,1,24.97,0,0,0,2026-08,4
FBJ-0030,2026-08-17,Noche,A,Antena,AP-02,116,-54.6,21,17,185.1,46.3,4.809,3.77,3,0,0,0,0,1,13.49,1,0,0,2026-08,4
FBJ-0032,2026-08-17,Noche,B,Cable,,302,,21,15,174.5,43.6,9.163,2.34,6,0,0,0,0,1,27.85,0,0,0,2026-08,4
FBJ-0033,2026-08-17,Noche,B,Antena,AP-01,719,-77.6,21,15,174.5,43.6,6.534,2.92,6,0,0,0,0,1,14.01,1,0,0,2026-08,4
FBJ-0034,2026-08-17,Noche,B,Antena,AP-02,604,-72.2,21,15,174.5,43.6,1.834,1.03,3,0,0,0,0,1,12.45,1,0,0,2026-08,4
FBJ-0035,2026-08-17,Noche,B,Cable,,154,,21,15,174.5,43.6,6.085,2.4,3,0,0,0,0,1,24.1,0,0,0,2026-08,4
FBJ-0036,2026-08-17,Noche,B,Antena,AP-01,831,-77.3,21,15,174.5,43.6,3.265,1.44,4,0,0,0,0,1,14.85,1,0,0,2026-08,4
FBJ-0040,2026-08-17,Noche,B,Antena,AP-01,564,-73.1,21,15,174.5,43.6,4.545,2.68,1,0,0,0,0,1,13.72,1,0,0,2026-08,4
FBJ-0041,2026-08-17,Noche,B,Antena,AP-02,509,-69.1,21,15,174.5,43.6,4.36,1.85,4,0,0,0,0,1,15.25,1,0,0,2026-08,4
FBJ-0044,2026-08-17,Noche,B,Cable,,86,,21,15,174.5,43.6,5.347,2.29,5,0,0,0,0,1,26.73,0,0,0,2026-08,4
FBJ-0047,2026-08-17,Noche,B,Antena,AP-02,453,-71.2,21,15,174.5,43.6,4.577,2.15,7,0,0,0,0,1,15.9,1,0,0,2026-08,4
FBJ-0048,2026-08-17,Noche,B,Antena,AP-01,721,-80.9,21,15,174.5,43.6,3.309,3.41,8,0,0,0,0,1,10.43,1,0,0,2026-08,4
FBJ-0049,2026-08-17,Noche,B,Cable,,350,,21,15,174.5,43.6,5.426,1.76,5,1,37,0,0,1,23.7,0,0,0,2026-08,4
FBJ-0050,2026-08-17,Noche,B,Antena,AP-02,277,-61.0,21,15,174.5,43.6,5.062,2.65,3,0,0,0,0,1,18.88,1,0,0,2026-08,4
FBJ-0051,2026-08-17,Noche,B,Cable,,42,,21,15,174.5,43.6,6.961,2.46,7,0,0,0,0,1,24.2,0,0,0,2026-08,4
FBJ-0053,2026-08-17,Noche,B,Antena,AP-01,245,-55.9,21,15,174.5,43.6,6.221,1.94,4,0,0,0,0,1,24.9,1,0,0,2026-08,4
FBJ-0054,2026-08-17,Noche,B,Antena,AP-02,302,-59.5,21,15,174.5,43.6,8.315,3.72,1,1,5,0,0,1,18.65,1,0,0,2026-08,4
FBJ-0056,2026-08-17,Noche,B,Antena,AP-02,549,-70.0,21,15,174.5,43.6,4.317,1.56,5,0,0,0,0,1,16.98,1,0,0,2026-08,4
FBJ-0057,2026-08-17,Noche,B,Antena,AP-01,851,-81.4,21,15,174.5,43.6,5.472,3.0,1,0,0,0,0,1,13.99,1,0,0,2026-08,4
FBJ-0058,2026-08-17,Noche,B,Antena,AP-02,308,-59.0,21,15,174.5,43.6,6.227,3.27,6,1,30,0,0,1,21.48,1,0,0,2026-08,4
FBJ-0059,2026-08-17,Noche,B,Cable,,107,,21,15,174.5,43.6,11.185,3.96,6,0,0,0,0,1,26.79,0,0,0,2026-08,4
FBJ-0060,2026-08-17,Noche,B,Cable,,110,,21,15,174.5,43.6,6.889,2.17,7,0,0,0,0,1,25.0,0,0,0,2026-08,4
FBJ-0005,2026-08-18,Madrugada,A,Cable,,179,,3,2,11.3,2.8,6.485,2.09,3,0,0,0,0,0,32.77,0,0,1,2026-08,1
FBJ-0014,2026-08-18,Madrugada,A,Antena,AP-01,319,-62.5,3,2,11.3,2.8,1.61,0.75,5,0,0,0,0,0,22.6,1,0,1,2026-08,1
FBJ-0025,2026-08-18,Madrugada,A,Antena,AP-01,575,-73.2,3,2,11.3,2.8,4.551,2.15,7,0,0,0,0,0,18.35,1,0,1,2026-08,1
FBJ-0027,2026-08-18,Madrugada,A,Cable,,85,,3,2,11.3,2.8,3.673,0.86,3,0,0,0,0,0,35.0,0,1,1,2026-08,1
FBJ-0042,2026-08-18,Madrugada,B,Antena,AP-01,176,-53.0,2,1,12.8,3.2,4.884,1.16,3,0,0,0,0,0,29.78,1,0,1,2026-08,1
FBJ-0046,2026-08-18,Madrugada,B,Antena,AP-01,177,-50.9,2,1,12.8,3.2,5.149,1.17,6,0,0,0,0,0,30.06,1,0,1,2026-08,1
FBJ-0049,2026-08-18,Madrugada,B,Cable,,350,,2,1,12.8,3.2,6.484,1.35,4,0,0,0,0,0,35.0,0,1,1,2026-08,1
FBJ-0003,2026-08-18,Mañana,A,Antena,AP-02,392,-66.0,11,8,38.4,9.6,2.056,0.82,3,0,0,0,0,0,17.24,1,0,1,2026-08,2
FBJ-0009,2026-08-18,Mañana,A,Antena,AP-02,565,-72.0,11,8,38.4,9.6,4.268,1.94,6,2,34,0,0,0,17.82,1,0,1,2026-08,2
FBJ-0010,2026-08-18,Mañana,A,Antena,AP-01,482,-67.3,11,8,38.4,9.6,4.923,2.38,5,0,0,0,0,0,18.14,1,0,1,2026-08,2
FBJ-0011,2026-08-18,Mañana,A,Antena,AP-02,440,-67.1,11,8,38.4,9.6,3.782,1.99,3,0,0,0,0,0,18.41,1,0,1,2026-08,2
FBJ-0014,2026-08-18,Mañana,A,Antena,AP-01,319,-62.5,11,8,38.4,9.6,5.364,1.93,1,0,0,0,0,0,19.82,1,0,1,2026-08,2
FBJ-0015,2026-08-18,Mañana,A,Antena,AP-02,894,-83.5,11,8,38.4,9.6,3.198,2.87,1,0,0,0,0,0,11.6,1,0,1,2026-08,2
FBJ-0018,2026-08-18,Mañana,A,Cable,,281,,11,8,38.4,9.6,1.017,0.27,7,0,0,0,0,0,32.02,0,0,1,2026-08,2
FBJ-0019,2026-08-18,Mañana,A,Cable,,81,,11,8,38.4,9.6,6.976,1.43,2,0,0,0,0,0,35.0,0,1,1,2026-08,2
FBJ-0020,2026-08-18,Mañana,A,Antena,AP-01,244,-60.1,11,8,38.4,9.6,2.842,1.34,1,0,0,0,0,0,21.25,1,0,1,2026-08,2
FBJ-0030,2026-08-18,Mañana,A,Antena,AP-02,116,-54.6,11,8,38.4,9.6,4.577,1.95,3,0,0,0,0,0,23.33,1,0,1,2026-08,2
FBJ-0032,2026-08-18,Mañana,B,Cable,,302,,12,7,39.8,10.0,2.267,0.68,1,0,0,0,0,0,34.17,0,0,1,2026-08,2
FBJ-0033,2026-08-18,Mañana,B,Antena,AP-01,719,-77.6,12,7,39.8,10.0,3.086,1.41,4,0,0,0,0,0,17.21,1,0,1,2026-08,2
FBJ-0034,2026-08-18,Mañana,B,Antena,AP-02,604,-72.2,12,7,39.8,10.0,6.896,1.6,8,0,0,0,0,0,34.79,1,0,1,2026-08,2
FBJ-0036,2026-08-18,Mañana,B,Antena,AP-01,831,-77.3,12,7,39.8,10.0,3.326,1.28,3,0,0,0,0,0,19.21,1,0,1,2026-08,2
FBJ-0039,2026-08-18,Mañana,B,Cable,,288,,12,7,39.8,10.0,12.53,2.4,7,0,0,0,0,0,35.0,0,1,1,2026-08,2
FBJ-0041,2026-08-18,Mañana,B,Antena,AP-02,509,-69.1,12,7,39.8,10.0,2.516,0.93,8,0,0,0,0,0,19.53,1,0,1,2026-08,2
FBJ-0042,2026-08-18,Mañana,B,Antena,AP-01,176,-53.0,12,7,39.8,10.0,5.094,1.46,2,0,0,0,0,0,30.04,1,0,1,2026-08,2
FBJ-0043,2026-08-18,Mañana,B,Cable,,318,,12,7,39.8,10.0,6.783,1.33,1,0,0,0,0,0,35.0,0,1,1,2026-08,2
FBJ-0044,2026-08-18,Mañana,B,Cable,,86,,12,7,39.8,10.0,5.777,1.39,8,0,0,0,0,0,35.0,0,1,1,2026-08,2
FBJ-0049,2026-08-18,Mañana,B,Cable,,350,,12,7,39.8,10.0,16.7,3.02,6,0,0,0,0,0,35.0,0,1,1,2026-08,2
FBJ-0050,2026-08-18,Mañana,B,Antena,AP-02,277,-61.0,12,7,39.8,10.0,1.699,0.58,7,0,0,0,0,0,25.09,1,0,1,2026-08,2
FBJ-0054,2026-08-18,Mañana,B,Antena,AP-02,302,-59.5,12,7,39.8,10.0,6.646,1.84,1,0,0,0,0,0,28.12,1,0,1,2026-08,2
FBJ-0060,2026-08-18,Mañana,B,Cable,,110,,12,7,39.8,10.0,6.314,1.17,2,0,0,0,0,0,35.0,0,1,1,2026-08,2
FBJ-0001,2026-08-18,Tarde,A,Antena,AP-01,625,-74.5,12,7,48.2,12.0,1.824,0.86,7,0,0,0,0,0,16.29,1,0,1,2026-08,3
FBJ-0011,2026-08-18,Tarde,A,Antena,AP-02,440,-67.1,12,7,48.2,12.0,3.848,1.7,8,0,0,0,0,0,16.16,1,0,1,2026-08,3
FBJ-0012,2026-08-18,Tarde,A,Antena,AP-01,631,-74.1,12,7,48.2,12.0,2.915,1.63,7,0,0,0,0,0,16.04,1,0,1,2026-08,3
FBJ-0013,2026-08-18,Tarde,A,Antena,AP-02,111,-56.0,12,7,48.2,12.0,1.705,0.69,2,0,0,0,0,0,24.79,1,0,1,2026-08,3
FBJ-0014,2026-08-18,Tarde,A,Antena,AP-01,319,-62.5,12,7,48.2,12.0,3.237,1.41,2,0,0,0,0,0,23.42,1,0,1,2026-08,3
FBJ-0018,2026-08-18,Tarde,A,Cable,,281,,12,7,48.2,12.0,8.465,1.82,6,0,0,0,0,0,35.0,0,1,1,2026-08,3
FBJ-0020,2026-08-18,Tarde,A,Antena,AP-01,244,-60.1,12,7,48.2,12.0,0.846,0.27,8,0,0,0,0,0,30.9,1,0,1,2026-08,3
FBJ-0023,2026-08-18,Tarde,A,Antena,AP-01,872,-78.5,12,7,48.2,12.0,1.418,0.99,1,1,21,0,0,0,14.4,1,0,1,2026-08,3
FBJ-0027,2026-08-18,Tarde,A,Cable,,85,,12,7,48.2,12.0,9.944,1.97,1,1,13,0,0,0,34.78,0,0,1,2026-08,3
FBJ-0029,2026-08-18,Tarde,A,Cable,,251,,12,7,48.2,12.0,3.979,1.13,2,0,0,0,0,0,28.25,0,0,1,2026-08,3
FBJ-0030,2026-08-18,Tarde,A,Antena,AP-02,116,-54.6,12,7,48.2,12.0,1.394,0.66,3,1,9,0,0,0,22.51,1,0,1,2026-08,3
FBJ-0031,2026-08-18,Tarde,B,Cable,,202,,13,9,73.0,18.2,8.205,2.18,1,0,0,0,0,0,29.85,0,0,1,2026-08,3
FBJ-0033,2026-08-18,Tarde,B,Antena,AP-01,719,-77.6,13,9,73.0,18.2,1.659,0.64,1,0,0,0,0,0,16.21,1,0,1,2026-08,3
FBJ-0035,2026-08-18,Tarde,B,Cable,,154,,13,9,73.0,18.2,2.787,1.0,1,0,0,0,0,0,31.87,0,0,1,2026-08,3
FBJ-0037,2026-08-18,Tarde,B,Cable,,205,,13,9,73.0,18.2,8.21,2.01,2,0,0,0,0,0,31.1,0,0,1,2026-08,3
FBJ-0040,2026-08-18,Tarde,B,Antena,AP-01,564,-73.1,13,9,73.0,18.2,5.941,2.01,5,0,0,0,0,0,20.22,1,0,1,2026-08,3
FBJ-0043,2026-08-18,Tarde,B,Cable,,318,,13,9,73.0,18.2,3.105,0.81,6,0,0,0,0,0,35.0,0,1,1,2026-08,3
FBJ-0044,2026-08-18,Tarde,B,Cable,,86,,13,9,73.0,18.2,2.049,0.55,8,0,0,0,0,0,30.8,0,0,1,2026-08,3
FBJ-0046,2026-08-18,Tarde,B,Antena,AP-01,177,-50.9,13,9,73.0,18.2,15.579,2.83,3,0,0,0,0,0,34.2,1,0,1,2026-08,3
FBJ-0047,2026-08-18,Tarde,B,Antena,AP-02,453,-71.2,13,9,73.0,18.2,4.056,1.82,7,0,0,0,0,0,16.55,1,0,1,2026-08,3
FBJ-0052,2026-08-18,Tarde,B,Cable,,288,,13,9,73.0,18.2,3.721,1.27,3,0,0,0,0,0,25.85,0,0,1,2026-08,3
FBJ-0053,2026-08-18,Tarde,B,Antena,AP-01,245,-55.9,13,9,73.0,18.2,0.802,0.2,3,0,0,0,0,0,27.27,1,0,1,2026-08,3
FBJ-0054,2026-08-18,Tarde,B,Antena,AP-02,302,-59.5,13,9,73.0,18.2,1.585,0.59,1,1,13,0,0,0,23.05,1,0,1,2026-08,3
FBJ-0056,2026-08-18,Tarde,B,Antena,AP-02,549,-70.0,13,9,73.0,18.2,3.723,1.98,1,0,0,0,0,0,14.87,1,0,1,2026-08,3
FBJ-0057,2026-08-18,Tarde,B,Antena,AP-01,851,-81.4,13,9,73.0,18.2,2.147,1.29,8,0,0,0,0,0,14.1,1,0,1,2026-08,3
FBJ-0004,2026-08-18,Noche,A,Cable,,322,,17,12,106.6,26.7,9.928,2.57,7,0,0,0,0,0,35.0,0,1,1,2026-08,4
FBJ-0005,2026-08-18,Noche,A,Cable,,179,,17,12,106.6,26.7,7.274,2.08,8,0,0,0,0,0,24.04,0,0,1,2026-08,4
FBJ-0007,2026-08-18,Noche,A,Antena,AP-02,594,-68.6,17,12,106.6,26.7,2.865,1.44,1,0,0,0,0,0,18.91,1,0,1,2026-08,4
FBJ-0009,2026-08-18,Noche,A,Antena,AP-02,565,-72.0,17,12,106.6,26.7,5.959,2.66,6,0,0,0,0,0,18.13,1,0,1,2026-08,4
FBJ-0010,2026-08-18,Noche,A,Antena,AP-01,482,-67.3,17,12,106.6,26.7,6.667,2.95,3,0,0,0,0,0,16.29,1,0,1,2026-08,4
FBJ-0011,2026-08-18,Noche,A,Antena,AP-02,440,-67.1,17,12,106.6,26.7,4.729,2.62,3,0,0,0,0,0,13.59,1,0,1,2026-08,4
FBJ-0014,2026-08-18,Noche,A,Antena,AP-01,319,-62.5,17,12,106.6,26.7,6.435,3.34,2,0,0,0,0,0,16.17,1,0,1,2026-08,4
FBJ-0015,2026-08-18,Noche,A,Antena,AP-02,894,-83.5,17,12,106.6,26.7,3.462,2.07,1,0,0,0,0,0,16.95,1,0,1,2026-08,4
FBJ-0021,2026-08-18,Noche,A,Cable,,163,,17,12,106.6,26.7,15.727,3.33,5,0,0,0,0,0,33.55,0,0,1,2026-08,4
FBJ-0027,2026-08-18,Noche,A,Cable,,85,,17,12,106.6,26.7,9.328,2.26,1,0,0,0,0,0,35.0,0,1,1,2026-08,4
FBJ-0032,2026-08-18,Noche,B,Cable,,302,,16,13,87.6,21.9,8.773,3.4,8,1,39,0,0,0,28.4,0,0,1,2026-08,4
FBJ-0037,2026-08-18,Noche,B,Cable,,205,,16,13,87.6,21.9,9.281,2.78,3,0,0,0,0,0,32.37,0,0,1,2026-08,4
FBJ-0039,2026-08-18,Noche,B,Cable,,288,,16,13,87.6,21.9,7.003,1.78,7,0,0,0,0,0,35.0,0,1,1,2026-08,4
FBJ-0041,2026-08-18,Noche,B,Antena,AP-02,509,-69.1,16,13,87.6,21.9,5.716,2.7,8,0,0,0,0,0,17.01,1,0,1,2026-08,4
FBJ-0042,2026-08-18,Noche,B,Antena,AP-01,176,-53.0,16,13,87.6,21.9,3.111,1.67,1,0,0,0,0,0,19.49,1,0,1,2026-08,4
FBJ-0043,2026-08-18,Noche,B,Cable,,318,,16,13,87.6,21.9,10.969,3.34,6,0,0,0,0,0,30.67,0,0,1,2026-08,4
FBJ-0044,2026-08-18,Noche,B,Cable,,86,,16,13,87.6,21.9,8.338,1.93,5,0,0,0,0,0,31.48,0,0,1,2026-08,4
FBJ-0046,2026-08-18,Noche,B,Antena,AP-01,177,-50.9,16,13,87.6,21.9,7.855,1.67,6,0,0,0,0,0,29.63,1,0,1,2026-08,4
FBJ-0047,2026-08-18,Noche,B,Antena,AP-02,453,-71.2,16,13,87.6,21.9,5.105,2.9,6,0,0,0,0,0,17.42,1,0,1,2026-08,4
FBJ-0048,2026-08-18,Noche,B,Antena,AP-01,721,-80.9,16,13,87.6,21.9,4.007,2.02,7,2,30,0,0,0,17.3,1,0,1,2026-08,4
FBJ-0049,2026-08-18,Noche,B,Cable,,350,,16,13,87.6,21.9,6.392,1.82,1,1,36,0,0,0,25.03,0,0,1,2026-08,4
FBJ-0051,2026-08-18,Noche,B,Cable,,42,,16,13,87.6,21.9,11.418,2.38,8,0,0,0,0,0,33.57,0,0,1,2026-08,4
FBJ-0053,2026-08-18,Noche,B,Antena,AP-01,245,-55.9,16,13,87.6,21.9,5.158,2.0,1,0,0,0,0,0,21.55,1,0,1,2026-08,4
FBJ-0054,2026-08-18,Noche,B,Antena,AP-02,302,-59.5,16,13,87.6,21.9,2.998,1.58,3,0,0,0,0,0,17.72,1,0,1,2026-08,4
FBJ-0057,2026-08-18,Noche,B,Antena,AP-01,851,-81.4,16,13,87.6,21.9,4.472,2.03,4,2,46,0,0,0,18.12,1,0,1,2026-08,4
FBJ-0058,2026-08-18,Noche,B,Antena,AP-02,308,-59.0,16,13,87.6,21.9,3.402,1.37,1,0,0,0,0,0,22.31,1,0,1,2026-08,4
FBJ-0014,2026-08-19,Madrugada,A,Antena,AP-01,319,-62.5,1,1,25.9,6.5,5.518,1.46,6,0,0,0,0,0,26.67,1,0,2,2026-08,1
FBJ-0022,2026-08-19,Madrugada,A,Antena,AP-02,838,-82.4,1,1,25.9,6.5,2.238,0.92,5,0,0,0,0,0,17.26,1,0,2,2026-08,1
FBJ-0041,2026-08-19,Madrugada,B,Antena,AP-02,509,-69.1,4,3,39.2,9.8,2.097,1.01,8,0,0,0,0,0,17.72,1,0,2,2026-08,1
FBJ-0048,2026-08-19,Madrugada,B,Antena,AP-01,721,-80.9,4,3,39.2,9.8,4.829,1.53,6,2,34,0,0,0,25.78,1,0,2,2026-08,1
FBJ-0058,2026-08-19,Madrugada,B,Antena,AP-02,308,-59.0,4,3,39.2,9.8,8.456,3.41,3,0,0,0,0,0,26.21,1,0,2,2026-08,1
FBJ-0007,2026-08-19,Mañana,A,Antena,AP-02,594,-68.6,4,3,23.8,5.9,3.791,1.42,5,0,0,0,0,0,17.77,1,0,2,2026-08,2
FBJ-0010,2026-08-19,Mañana,A,Antena,AP-01,482,-67.3,4,3,23.8,5.9,2.953,1.8,1,0,0,0,0,0,16.8,1,0,2,2026-08,2
FBJ-0011,2026-08-19,Mañana,A,Antena,AP-02,440,-67.1,4,3,23.8,5.9,5.537,1.89,3,0,0,0,0,0,22.71,1,0,2,2026-08,2
FBJ-0012,2026-08-19,Mañana,A,Antena,AP-01,631,-74.1,4,3,23.8,5.9,3.679,2.09,3,0,0,0,0,0,17.82,1,0,2,2026-08,2
FBJ-0013,2026-08-19,Mañana,A,Antena,AP-02,111,-56.0,4,3,23.8,5.9,4.596,1.97,3,0,0,0,0,0,26.34,1,0,2,2026-08,2
FBJ-0015,2026-08-19,Mañana,A,Antena,AP-02,894,-83.5,4,3,23.8,5.9,7.205,2.77,3,2,74,0,0,0,24.57,1,0,2,2026-08,2
FBJ-0018,2026-08-19,Mañana,A,Cable,,281,,4,3,23.8,5.9,10.193,2.86,1,0,0,0,0,0,33.65,0,0,2,2026-08,2
FBJ-0019,2026-08-19,Mañana,A,Cable,,81,,4,3,23.8,5.9,7.995,2.25,6,0,0,0,0,0,35.0,0,1,2,2026-08,2
FBJ-0020,2026-08-19,Mañana,A,Antena,AP-01,244,-60.1,4,3,23.8,5.9,5.746,1.3,1,0,0,0,0,0,29.56,1,0,2,2026-08,2
FBJ-0021,2026-08-19,Mañana,A,Cable,,163,,4,3,23.8,5.9,9.782,2.5,7,0,0,0,0,0,35.0,0,1,2,2026-08,2
FBJ-0024,2026-08-19,Mañana,A,Antena,AP-02,169,-58.3,4,3,23.8,5.9,3.657,1.29,1,0,0,0,0,0,21.25,1,0,2,2026-08,2
FBJ-0030,2026-08-19,Mañana,A,Antena,AP-02,116,-54.6,4,3,23.8,5.9,9.21,2.41,8,0,0,0,0,0,33.24,1,0,2,2026-08,2
FBJ-0031,2026-08-19,Mañana,B,Cable,,202,,8,8,77.0,19.2,4.996,1.65,4,0,0,0,0,0,35.0,0,1,2,2026-08,2
FBJ-0032,2026-08-19,Mañana,B,Cable,,302,,8,8,77.0,19.2,4.627,1.79,1,0,0,0,0,0,28.29,0,0,2,2026-08,2
FBJ-0033,2026-08-19,Mañana,B,Antena,AP-01,719,-77.6,8,8,77.0,19.2,4.083,1.61,2,0,0,0,0,0,18.73,1,0,2,2026-08,2
FBJ-0041,2026-08-19,Mañana,B,Antena,AP-02,509,-69.1,8,8,77.0,19.2,3.774,1.68,7,0,0,0,0,0,16.56,1,0,2,2026-08,2
FBJ-0045,2026-08-19,Mañana,B,Antena,AP-02,848,-81.7,8,8,77.0,19.2,4.662,2.02,2,2,58,0,0,0,15.18,1,0,2,2026-08,2
FBJ-0047,2026-08-19,Mañana,B,Antena,AP-02,453,-71.2,8,8,77.0,19.2,2.013,1.21,8,0,0,0,0,0,16.29,1,0,2,2026-08,2
FBJ-0050,2026-08-19,Mañana,B,Antena,AP-02,277,-61.0,8,8,77.0,19.2,3.418,1.13,8,0,0,0,0,0,20.41,1,0,2,2026-08,2
FBJ-0051,2026-08-19,Mañana,B,Cable,,42,,8,8,77.0,19.2,9.57,2.5,2,0,0,0,0,0,27.05,0,0,2,2026-08,2
FBJ-0054,2026-08-19,Mañana,B,Antena,AP-02,302,-59.5,8,8,77.0,19.2,2.636,0.96,8,0,0,0,0,0,29.1,1,0,2,2026-08,2
FBJ-0056,2026-08-19,Mañana,B,Antena,AP-02,549,-70.0,8,8,77.0,19.2,2.212,1.07,3,0,0,0,0,0,18.73,1,0,2,2026-08,2
FBJ-0058,2026-08-19,Mañana,B,Antena,AP-02,308,-59.0,8,8,77.0,19.2,5.812,2.75,7,0,0,0,0,0,23.29,1,0,2,2026-08,2
FBJ-0060,2026-08-19,Mañana,B,Cable,,110,,8,8,77.0,19.2,5.627,1.65,3,0,0,0,0,0,31.75,0,0,2,2026-08,2
FBJ-0001,2026-08-19,Tarde,A,Antena,AP-01,625,-74.5,14,12,172.0,43.0,1.208,0.47,4,0,0,0,0,0,21.31,1,0,2,2026-08,3
FBJ-0003,2026-08-19,Tarde,A,Antena,AP-02,392,-66.0,14,12,172.0,43.0,0.457,0.2,7,0,0,0,0,0,17.63,1,0,2,2026-08,3
FBJ-0007,2026-08-19,Tarde,A,Antena,AP-02,594,-68.6,14,12,172.0,43.0,3.565,2.01,3,0,0,0,0,0,17.44,1,0,2,2026-08,3
FBJ-0009,2026-08-19,Tarde,A,Antena,AP-02,565,-72.0,14,12,172.0,43.0,3.699,2.11,6,0,0,0,0,0,15.84,1,0,2,2026-08,3
FBJ-0010,2026-08-19,Tarde,A,Antena,AP-01,482,-67.3,14,12,172.0,43.0,1.495,0.71,5,0,0,0,0,0,17.98,1,0,2,2026-08,3
FBJ-0011,2026-08-19,Tarde,A,Antena,AP-02,440,-67.1,14,12,172.0,43.0,1.779,0.63,7,0,0,0,0,0,19.23,1,0,2,2026-08,3
FBJ-0013,2026-08-19,Tarde,A,Antena,AP-02,111,-56.0,14,12,172.0,43.0,4.156,1.59,5,1,13,0,0,0,23.73,1,0,2,2026-08,3
FBJ-0015,2026-08-19,Tarde,A,Antena,AP-02,894,-83.5,14,12,172.0,43.0,0.829,0.41,4,0,0,0,0,0,20.5,1,0,2,2026-08,3
FBJ-0019,2026-08-19,Tarde,A,Cable,,81,,14,12,172.0,43.0,2.628,0.59,1,0,0,0,0,0,35.0,0,1,2,2026-08,3
FBJ-0024,2026-08-19,Tarde,A,Antena,AP-02,169,-58.3,14,12,172.0,43.0,1.127,0.45,7,0,0,0,0,0,22.52,1,0,2,2026-08,3
FBJ-0026,2026-08-19,Tarde,A,Antena,AP-02,283,-64.0,14,12,172.0,43.0,1.799,1.14,8,0,0,0,0,0,15.22,1,0,2,2026-08,3
FBJ-0030,2026-08-19,Tarde,A,Antena,AP-02,116,-54.6,14,12,172.0,43.0,4.49,1.78,1,0,0,0,0,0,30.49,1,0,2,2026-08,3
FBJ-0031,2026-08-19,Tarde,B,Cable,,202,,13,12,129.8,32.4,3.72,1.11,7,0,0,0,0,0,34.27,0,0,2,2026-08,3
FBJ-0034,2026-08-19,Tarde,B,Antena,AP-02,604,-72.2,13,12,129.8,32.4,2.592,1.11,8,0,0,0,0,0,16.08,1,0,2,2026-08,3
FBJ-0035,2026-08-19,Tarde,B,Cable,,154,,13,12,129.8,32.4,5.768,1.25,5,0,0,0,0,0,35.0,0,1,2,2026-08,3
FBJ-0036,2026-08-19,Tarde,B,Antena,AP-01,831,-77.3,13,12,129.8,32.4,2.256,1.31,6,0,0,0,0,0,16.05,1,0,2,2026-08,3
FBJ-0039,2026-08-19,Tarde,B,Cable,,288,,13,12,129.8,32.4,7.354,1.64,6,0,0,0,0,0,32.96,0,0,2,2026-08,3
FBJ-0045,2026-08-19,Tarde,B,Antena,AP-02,848,-81.7,13,12,129.8,32.4,1.822,0.65,6,0,0,0,0,0,18.92,1,0,2,2026-08,3
FBJ-0048,2026-08-19,Tarde,B,Antena,AP-01,721,-80.9,13,12,129.8,32.4,1.491,0.5,4,1,36,0,0,0,25.07,1,0,2,2026-08,3
FBJ-0051,2026-08-19,Tarde,B,Cable,,42,,13,12,129.8,32.4,5.134,1.18,1,0,0,0,0,0,35.0,0,1,2,2026-08,3
FBJ-0052,2026-08-19,Tarde,B,Cable,,288,,13,12,129.8,32.4,2.27,0.45,1,0,0,0,0,0,35.0,0,1,2,2026-08,3
FBJ-0054,2026-08-19,Tarde,B,Antena,AP-02,302,-59.5,13,12,129.8,32.4,5.042,1.51,2,0,0,0,0,0,30.14,1,0,2,2026-08,3
FBJ-0058,2026-08-19,Tarde,B,Antena,AP-02,308,-59.0,13,12,129.8,32.4,3.725,1.97,7,0,0,0,0,0,20.21,1,0,2,2026-08,3
FBJ-0060,2026-08-19,Tarde,B,Cable,,110,,13,12,129.8,32.4,6.131,1.28,6,0,0,0,0,0,35.0,0,1,2,2026-08,3
FBJ-0001,2026-08-19,Noche,A,Antena,AP-01,625,-74.5,13,10,113.1,28.3,4.696,1.67,7,0,0,0,0,0,18.7,1,0,2,2026-08,4
FBJ-0003,2026-08-19,Noche,A,Antena,AP-02,392,-66.0,13,10,113.1,28.3,10.896,3.38,5,0,0,0,0,0,21.53,1,0,2,2026-08,4
FBJ-0009,2026-08-19,Noche,A,Antena,AP-02,565,-72.0,13,10,113.1,28.3,5.7,2.98,5,0,0,0,0,0,15.46,1,0,2,2026-08,4
FBJ-0010,2026-08-19,Noche,A,Antena,AP-01,482,-67.3,13,10,113.1,28.3,4.366,1.73,8,0,0,0,0,0,22.76,1,0,2,2026-08,4
FBJ-0011,2026-08-19,Noche,A,Antena,AP-02,440,-67.1,13,10,113.1,28.3,8.208,3.8,4,0,0,0,0,0,14.35,1,0,2,2026-08,4
FBJ-0012,2026-08-19,Noche,A,Antena,AP-01,631,-74.1,13,10,113.1,28.3,8.415,3.2,8,0,0,0,0,0,18.49,1,0,2,2026-08,4
FBJ-0013,2026-08-19,Noche,A,Antena,AP-02,111,-56.0,13,10,113.1,28.3,8.189,3.1,8,1,19,0,0,0,25.64,1,0,2,2026-08,4
FBJ-0014,2026-08-19,Noche,A,Antena,AP-01,319,-62.5,13,10,113.1,28.3,4.799,1.24,6,0,0,0,0,0,29.04,1,0,2,2026-08,4
FBJ-0015,2026-08-19,Noche,A,Antena,AP-02,894,-83.5,13,10,113.1,28.3,2.482,1.15,6,1,4,0,0,0,19.71,1,0,2,2026-08,4
FBJ-0018,2026-08-19,Noche,A,Cable,,281,,13,10,113.1,28.3,8.576,2.92,8,0,0,0,0,0,28.56,0,0,2,2026-08,4
FBJ-0019,2026-08-19,Noche,A,Cable,,81,,13,10,113.1,28.3,4.611,1.3,1,0,0,0,0,0,32.32,0,0,2,2026-08,4
FBJ-0020,2026-08-19,Noche,A,Antena,AP-01,244,-60.1,13,10,113.1,28.3,6.519,2.21,2,0,0,0,0,0,19.63,1,0,2,2026-08,4
FBJ-0022,2026-08-19,Noche,A,Antena,AP-02,838,-82.4,13,10,113.1,28.3,4.076,1.77,3,0,0,0,0,0,17.77,1,0,2,2026-08,4
FBJ-0024,2026-08-19,Noche,A,Antena,AP-02,169,-58.3,13,10,113.1,28.3,6.211,1.95,8,0,0,0,0,0,25.66,1,0,2,2026-08,4
FBJ-0025,2026-08-19,Noche,A,Antena,AP-01,575,-73.2,13,10,113.1,28.3,6.059,3.98,3,0,0,0,0,0,13.79,1,0,2,2026-08,4
FBJ-0026,2026-08-19,Noche,A,Antena,AP-02,283,-64.0,13,10,113.1,28.3,4.894,2.92,3,0,0,0,0,0,20.75,1,0,2,2026-08,4
FBJ-0027,2026-08-19,Noche,A,Cable,,85,,13,10,113.1,28.3,7.429,1.95,3,0,0,0,0,0,35.0,0,1,2,2026-08,4
FBJ-0029,2026-08-19,Noche,A,Cable,,251,,13,10,113.1,28.3,11.558,3.12,7,0,0,0,0,0,35.0,0,1,2,2026-08,4
FBJ-0031,2026-08-19,Noche,B,Cable,,202,,15,8,50.4,12.6,7.941,2.37,6,0,0,0,0,0,32.19,0,0,2,2026-08,4
FBJ-0032,2026-08-19,Noche,B,Cable,,302,,15,8,50.4,12.6,11.606,2.48,1,0,0,0,0,0,35.0,0,1,2,2026-08,4
FBJ-0034,2026-08-19,Noche,B,Antena,AP-02,604,-72.2,15,8,50.4,12.6,2.914,1.48,5,0,0,0,0,0,19.33,1,0,2,2026-08,4
FBJ-0035,2026-08-19,Noche,B,Cable,,154,,15,8,50.4,12.6,10.495,3.39,2,0,0,0,0,0,34.86,0,0,2,2026-08,4
FBJ-0037,2026-08-19,Noche,B,Cable,,205,,15,8,50.4,12.6,10.246,2.42,5,0,0,0,0,0,35.0,0,1,2,2026-08,4
FBJ-0039,2026-08-19,Noche,B,Cable,,288,,15,8,50.4,12.6,12.8,2.72,2,0,0,0,0,0,33.46,0,0,2,2026-08,4
FBJ-0041,2026-08-19,Noche,B,Antena,AP-02,509,-69.1,15,8,50.4,12.6,6.013,2.32,4,0,0,0,0,0,19.89,1,0,2,2026-08,4
FBJ-0042,2026-08-19,Noche,B,Antena,AP-01,176,-53.0,15,8,50.4,12.6,3.331,1.15,3,1,32,0,0,0,25.53,1,0,2,2026-08,4
FBJ-0043,2026-08-19,Noche,B,Cable,,318,,15,8,50.4,12.6,10.156,2.1,4,0,0,0,0,0,34.0,0,0,2,2026-08,4
FBJ-0044,2026-08-19,Noche,B,Cable,,86,,15,8,50.4,12.6,8.434,2.25,1,0,0,0,0,0,27.15,0,0,2,2026-08,4
FBJ-0047,2026-08-19,Noche,B,Antena,AP-02,453,-71.2,15,8,50.4,12.6,2.819,1.83,5,0,0,0,0,0,16.07,1,0,2,2026-08,4
FBJ-0048,2026-08-19,Noche,B,Antena,AP-01,721,-80.9,15,8,50.4,12.6,5.693,2.72,7,0,0,0,0,0,22.06,1,0,2,2026-08,4
FBJ-0049,2026-08-19,Noche,B,Cable,,350,,15,8,50.4,12.6,10.024,2.98,2,0,0,0,0,0,32.97,0,0,2,2026-08,4
FBJ-0050,2026-08-19,Noche,B,Antena,AP-02,277,-61.0,15,8,50.4,12.6,7.845,2.71,5,0,0,0,0,0,22.57,1,0,2,2026-08,4
FBJ-0052,2026-08-19,Noche,B,Cable,,288,,15,8,50.4,12.6,6.983,1.56,4,0,0,0,0,0,35.0,0,1,2,2026-08,4
FBJ-0053,2026-08-19,Noche,B,Antena,AP-01,245,-55.9,15,8,50.4,12.6,6.307,1.83,4,0,0,0,0,0,22.6,1,0,2,2026-08,4
FBJ-0054,2026-08-19,Noche,B,Antena,AP-02,302,-59.5,15,8,50.4,12.6,5.911,2.47,2,0,0,0,0,0,19.56,1,0,2,2026-08,4
FBJ-0007,2026-08-20,Madrugada,A,Antena,AP-02,594,-68.6,4,1,1.4,0.4,2.644,1.31,4,0,0,0,0,0,19.97,1,0,3,2026-08,1
FBJ-0014,2026-08-20,Madrugada,A,Antena,AP-01,319,-62.5,4,1,1.4,0.4,3.866,1.51,3,0,0,0,0,0,22.33,1,0,3,2026-08,1
FBJ-0015,2026-08-20,Madrugada,A,Antena,AP-02,894,-83.5,4,1,1.4,0.4,2.986,1.76,4,0,0,0,0,0,13.92,1,0,3,2026-08,1
FBJ-0018,2026-08-20,Madrugada,A,Cable,,281,,4,1,1.4,0.4,4.003,0.9,2,0,0,0,0,0,32.93,0,0,3,2026-08,1
FBJ-0029,2026-08-20,Madrugada,A,Cable,,251,,4,1,1.4,0.4,4.591,1.23,5,0,0,0,0,0,35.0,0,1,3,2026-08,1
FBJ-0042,2026-08-20,Madrugada,B,Antena,AP-01,176,-53.0,4,2,5.1,1.3,5.078,1.38,1,0,0,0,0,0,23.82,1,0,3,2026-08,1
FBJ-0057,2026-08-20,Madrugada,B,Antena,AP-01,851,-81.4,4,2,5.1,1.3,0.503,0.2,5,0,0,0,0,0,19.53,1,0,3,2026-08,1
FBJ-0011,2026-08-20,Mañana,A,Antena,AP-02,440,-67.1,12,10,106.7,26.7,0.9,0.39,2,0,0,0,0,0,18.03,1,0,3,2026-08,2
FBJ-0012,2026-08-20,Mañana,A,Antena,AP-01,631,-74.1,12,10,106.7,26.7,3.83,1.77,4,0,0,0,0,0,16.69,1,0,3,2026-08,2
FBJ-0014,2026-08-20,Mañana,A,Antena,AP-01,319,-62.5,12,10,106.7,26.7,8.505,2.41,2,0,0,0,0,0,23.5,1,0,3,2026-08,2
FBJ-0019,2026-08-20,Mañana,A,Cable,,81,,12,10,106.7,26.7,4.165,1.15,1,0,0,0,0,0,33.58,0,0,3,2026-08,2
FBJ-0030,2026-08-20,Mañana,A,Antena,AP-02,116,-54.6,12,10,106.7,26.7,2.629,1.02,5,0,0,0,0,0,25.27,1,0,3,2026-08,2
FBJ-0031,2026-08-20,Mañana,B,Cable,,202,,13,8,44.3,11.1,5.814,1.77,4,0,0,0,0,0,35.0,0,1,3,2026-08,2
FBJ-0032,2026-08-20,Mañana,B,Cable,,302,,13,8,44.3,11.1,2.972,0.93,6,0,0,0,0,0,35.0,0,1,3,2026-08,2
FBJ-0036,2026-08-20,Mañana,B,Antena,AP-01,831,-77.3,13,8,44.3,11.1,4.013,2.12,5,0,0,0,0,0,14.54,1,0,3,2026-08,2
FBJ-0037,2026-08-20,Mañana,B,Cable,,205,,13,8,44.3,11.1,2.973,0.83,4,0,0,0,0,0,35.0,0,1,3,2026-08,2
FBJ-0039,2026-08-20,Mañana,B,Cable,,288,,13,8,44.3,11.1,9.059,2.73,7,0,0,0,0,0,35.0,0,1,3,2026-08,2
FBJ-0040,2026-08-20,Mañana,B,Antena,AP-01,564,-73.1,13,8,44.3,11.1,2.494,1.07,7,1,6,0,0,0,17.9,1,0,3,2026-08,2
FBJ-0043,2026-08-20,Mañana,B,Cable,,318,,13,8,44.3,11.1,4.151,0.87,4,0,0,0,0,0,33.64,0,0,3,2026-08,2
FBJ-0045,2026-08-20,Mañana,B,Antena,AP-02,848,-81.7,13,8,44.3,11.1,4.443,1.47,2,0,0,0,0,0,24.03,1,0,3,2026-08,2
FBJ-0046,2026-08-20,Mañana,B,Antena,AP-01,177,-50.9,13,8,44.3,11.1,14.288,2.51,8,0,0,0,0,0,35.0,1,1,3,2026-08,2
FBJ-0048,2026-08-20,Mañana,B,Antena,AP-01,721,-80.9,13,8,44.3,11.1,5.28,1.71,2,0,0,0,0,0,25.64,1,0,3,2026-08,2
FBJ-0052,2026-08-20,Mañana,B,Cable,,288,,13,8,44.3,11.1,4.52,1.66,7,0,0,0,0,0,31.05,0,0,3,2026-08,2
FBJ-0053,2026-08-20,Mañana,B,Antena,AP-01,245,-55.9,13,8,44.3,11.1,4.926,1.39,1,0,0,0,0,0,21.96,1,0,3,2026-08,2
FBJ-0057,2026-08-20,Mañana,B,Antena,AP-01,851,-81.4,13,8,44.3,11.1,2.492,1.4,5,1,4,0,0,0,14.29,1,0,3,2026-08,2
FBJ-0005,2026-08-20,Tarde,A,Cable,,179,,10,7,91.7,22.9,10.524,2.54,1,0,0,0,0,0,31.76,0,0,3,2026-08,3
FBJ-0007,2026-08-20,Tarde,A,Antena,AP-02,594,-68.6,10,7,91.7,22.9,5.85,2.0,7,1,18,0,0,0,19.11,1,0,3,2026-08,3
FBJ-0011,2026-08-20,Tarde,A,Antena,AP-02,440,-67.1,10,7,91.7,22.9,1.166,0.58,5,0,0,0,0,0,14.1,1,0,3,2026-08,3
FBJ-0014,2026-08-20,Tarde,A,Antena,AP-01,319,-62.5,10,7,91.7,22.9,5.811,2.61,5,0,0,0,0,0,20.02,1,0,3,2026-08,3
FBJ-0018,2026-08-20,Tarde,A,Cable,,281,,10,7,91.7,22.9,5.888,1.91,7,0,0,0,0,0,28.14,0,0,3,2026-08,3
FBJ-0021,2026-08-20,Tarde,A,Cable,,163,,10,7,91.7,22.9,5.834,1.81,3,0,0,0,0,0,30.06,0,0,3,2026-08,3
FBJ-0023,2026-08-20,Tarde,A,Antena,AP-01,872,-78.5,10,7,91.7,22.9,3.014,1.45,3,0,0,0,0,0,17.16,1,0,3,2026-08,3
FBJ-0025,2026-08-20,Tarde,A,Antena,AP-01,575,-73.2,10,7,91.7,22.9,1.842,1.25,2,0,0,0,0,0,17.5,1,0,3,2026-08,3
FBJ-0026,2026-08-20,Tarde,A,Antena,AP-02,283,-64.0,10,7,91.7,22.9,3.848,1.46,1,0,0,0,0,0,20.46,1,0,3,2026-08,3
FBJ-0030,2026-08-20,Tarde,A,Antena,AP-02,116,-54.6,10,7,91.7,22.9,4.366,1.86,5,0,0,0,0,0,20.43,1,0,3,2026-08,3
FBJ-0032,2026-08-20,Tarde,B,Cable,,302,,15,10,62.6,15.6,3.499,1.26,7,0,0,0,0,0,23.86,0,0,3,2026-08,3
FBJ-0036,2026-08-20,Tarde,B,Antena,AP-01,831,-77.3,15,10,62.6,15.6,5.462,2.32,6,0,0,0,0,0,15.27,1,0,3,2026-08,3
FBJ-0037,2026-08-20,Tarde,B,Cable,,205,,15,10,62.6,15.6,7.196,1.83,2,0,0,0,0,0,35.0,0,1,3,2026-08,3
FBJ-0041,2026-08-20,Tarde,B,Antena,AP-02,509,-69.1,15,10,62.6,15.6,4.076,2.01,6,0,0,0,0,0,16.31,1,0,3,2026-08,3
FBJ-0043,2026-08-20,Tarde,B,Cable,,318,,15,10,62.6,15.6,3.848,0.79,3,0,0,0,0,0,35.0,0,1,3,2026-08,3
FBJ-0044,2026-08-20,Tarde,B,Cable,,86,,15,10,62.6,15.6,6.297,1.59,7,0,0,0,0,0,33.59,0,0,3,2026-08,3
FBJ-0045,2026-08-20,Tarde,B,Antena,AP-02,848,-81.7,15,10,62.6,15.6,9.028,2.76,6,0,0,0,0,0,22.08,1,0,3,2026-08,3
FBJ-0048,2026-08-20,Tarde,B,Antena,AP-01,721,-80.9,15,10,62.6,15.6,1.843,0.86,5,0,0,0,0,0,19.77,1,0,3,2026-08,3
FBJ-0049,2026-08-20,Tarde,B,Cable,,350,,15,10,62.6,15.6,2.408,0.84,1,0,0,0,0,0,27.11,0,0,3,2026-08,3
FBJ-0052,2026-08-20,Tarde,B,Cable,,288,,15,10,62.6,15.6,6.539,1.79,7,0,0,0,0,0,35.0,0,1,3,2026-08,3
FBJ-0053,2026-08-20,Tarde,B,Antena,AP-01,245,-55.9,15,10,62.6,15.6,9.603,2.89,3,0,0,0,0,0,30.65,1,0,3,2026-08,3
FBJ-0058,2026-08-20,Tarde,B,Antena,AP-02,308,-59.0,15,10,62.6,15.6,3.137,1.45,7,0,0,0,0,0,22.75,1,0,3,2026-08,3
FBJ-0059,2026-08-20,Tarde,B,Cable,,107,,15,10,62.6,15.6,4.843,1.38,5,0,0,0,0,0,32.52,0,0,3,2026-08,3
FBJ-0003,2026-08-20,Noche,A,Antena,AP-02,392,-66.0,16,10,73.8,18.5,7.146,2.52,3,0,0,0,0,0,24.47,1,0,3,2026-08,4
FBJ-0010,2026-08-20,Noche,A,Antena,AP-01,482,-67.3,16,10,73.8,18.5,4.789,2.04,6,1,39,0,0,0,22.15,1,0,3,2026-08,4
FBJ-0011,2026-08-20,Noche,A,Antena,AP-02,440,-67.1,16,10,73.8,18.5,9.434,3.38,1,0,0,0,0,0,20.53,1,0,3,2026-08,4
FBJ-0013,2026-08-20,Noche,A,Antena,AP-02,111,-56.0,16,10,73.8,18.5,6.652,2.89,8,0,0,0,0,0,20.47,1,0,3,2026-08,4
FBJ-0015,2026-08-20,Noche,A,Antena,AP-02,894,-83.5,16,10,73.8,18.5,5.373,2.09,6,0,0,0,0,0,18.51,1,0,3,2026-08,4
FBJ-0019,2026-08-20,Noche,A,Cable,,81,,16,10,73.8,18.5,4.24,1.27,7,0,0,0,0,0,27.55,0,0,3,2026-08,4
FBJ-0020,2026-08-20,Noche,A,Antena,AP-01,244,-60.1,16,10,73.8,18.5,3.235,1.75,5,0,0,0,0,0,19.18,1,0,3,2026-08,4
FBJ-0023,2026-08-20,Noche,A,Antena,AP-01,872,-78.5,16,10,73.8,18.5,2.794,2.15,7,0,0,0,0,0,15.16,1,0,3,2026-08,4
FBJ-0025,2026-08-20,Noche,A,Antena,AP-01,575,-73.2,16,10,73.8,18.5,3.241,1.26,7,0,0,0,0,0,20.53,1,0,3,2026-08,4
FBJ-0026,2026-08-20,Noche,A,Antena,AP-02,283,-64.0,16,10,73.8,18.5,5.73,2.85,5,0,0,0,0,0,16.09,1,0,3,2026-08,4
FBJ-0031,2026-08-20,Noche,B,Cable,,202,,17,13,87.7,21.9,6.422,2.04,7,0,0,0,0,0,35.0,0,1,3,2026-08,4
FBJ-0032,2026-08-20,Noche,B,Cable,,302,,17,13,87.7,21.9,11.586,3.15,4,0,0,0,0,0,26.24,0,0,3,2026-08,4
FBJ-0033,2026-08-20,Noche,B,Antena,AP-01,719,-77.6,17,13,87.7,21.9,6.21,2.63,7,1,22,0,0,0,16.53,1,0,3,2026-08,4
FBJ-0035,2026-08-20,Noche,B,Cable,,154,,17,13,87.7,21.9,6.555,2.64,4,0,0,0,0,0,24.79,0,0,3,2026-08,4
FBJ-0037,2026-08-20,Noche,B,Cable,,205,,17,13,87.7,21.9,6.724,2.19,7,0,0,0,0,0,35.0,0,1,3,2026-08,4
FBJ-0039,2026-08-20,Noche,B,Cable,,288,,17,13,87.7,21.9,4.418,1.59,5,0,0,0,0,0,29.56,0,0,3,2026-08,4
FBJ-0040,2026-08-20,Noche,B,Antena,AP-01,564,-73.1,17,13,87.7,21.9,6.975,3.37,4,0,0,0,0,0,18.81,1,0,3,2026-08,4
FBJ-0041,2026-08-20,Noche,B,Antena,AP-02,509,-69.1,17,13,87.7,21.9,6.413,3.43,8,0,0,0,0,0,13.42,1,0,3,2026-08,4
FBJ-0043,2026-08-20,Noche,B,Cable,,318,,17,13,87.7,21.9,8.991,2.51,3,0,0,0,0,0,34.55,0,0,3,2026-08,4
FBJ-0044,2026-08-20,Noche,B,Cable,,86,,17,13,87.7,21.9,4.175,1.31,8,0,0,0,0,0,33.36,0,0,3,2026-08,4
FBJ-0046,2026-08-20,Noche,B,Antena,AP-01,177,-50.9,17,13,87.7,21.9,8.57,2.48,6,0,0,0,0,0,28.94,1,0,3,2026-08,4
FBJ-0050,2026-08-20,Noche,B,Antena,AP-02,277,-61.0,17,13,87.7,21.9,5.522,3.21,7,0,0,0,0,0,15.51,1,0,3,2026-08,4
FBJ-0051,2026-08-20,Noche,B,Cable,,42,,17,13,87.7,21.9,9.503,1.89,8,0,0,0,0,0,34.62,0,0,3,2026-08,4
FBJ-0052,2026-08-20,Noche,B,Cable,,288,,17,13,87.7,21.9,9.197,2.24,6,0,0,0,0,0,28.6,0,0,3,2026-08,4
FBJ-0053,2026-08-20,Noche,B,Antena,AP-01,245,-55.9,17,13,87.7,21.9,6.819,1.59,3,0,0,0,0,0,29.99,1,0,3,2026-08,4
FBJ-0054,2026-08-20,Noche,B,Antena,AP-02,302,-59.5,17,13,87.7,21.9,8.199,2.39,3,0,0,0,0,0,24.72,1,0,3,2026-08,4
FBJ-0057,2026-08-20,Noche,B,Antena,AP-01,851,-81.4,17,13,87.7,21.9,4.681,3.15,1,0,0,0,0,0,14.99,1,0,3,2026-08,4
FBJ-0060,2026-08-20,Noche,B,Cable,,110,,17,13,87.7,21.9,6.336,1.98,8,0,0,0,0,0,30.88,0,0,3,2026-08,4
FBJ-0004,2026-08-21,Madrugada,A,Cable,,322,,3,1,6.7,1.7,5.891,1.86,7,0,0,0,0,0,28.65,0,0,4,2026-08,1
FBJ-0005,2026-08-21,Madrugada,A,Cable,,179,,3,1,6.7,1.7,5.943,1.12,7,0,0,0,0,0,35.0,0,1,4,2026-08,1
FBJ-0011,2026-08-21,Madrugada,A,Antena,AP-02,440,-67.1,3,1,6.7,1.7,3.472,1.42,6,0,0,0,0,0,19.91,1,0,4,2026-08,1
FBJ-0012,2026-08-21,Madrugada,A,Antena,AP-01,631,-74.1,3,1,6.7,1.7,2.909,1.53,7,0,0,0,0,0,17.94,1,0,4,2026-08,1
FBJ-0015,2026-08-21,Madrugada,A,Antena,AP-02,894,-83.5,3,1,6.7,1.7,0.417,0.22,7,0,0,0,0,0,17.57,1,0,4,2026-08,1
FBJ-0018,2026-08-21,Madrugada,A,Cable,,281,,3,1,6.7,1.7,4.647,0.91,3,0,0,0,0,0,32.92,0,0,4,2026-08,1
FBJ-0027,2026-08-21,Madrugada,A,Cable,,85,,3,1,6.7,1.7,5.509,0.99,4,0,0,0,0,0,35.0,0,1,4,2026-08,1
FBJ-0030,2026-08-21,Madrugada,A,Antena,AP-02,116,-54.6,3,1,6.7,1.7,1.879,0.56,7,0,0,0,0,0,34.71,1,0,4,2026-08,1
FBJ-0034,2026-08-21,Madrugada,B,Antena,AP-02,604,-72.2,3,3,80.4,20.1,4.868,2.22,8,0,0,0,0,0,14.74,1,0,4,2026-08,1
FBJ-0050,2026-08-21,Madrugada,B,Antena,AP-02,277,-61.0,3,3,80.4,20.1,3.805,1.29,7,0,0,0,0,0,29.66,1,0,4,2026-08,1
FBJ-0057,2026-08-21,Madrugada,B,Antena,AP-01,851,-81.4,3,3,80.4,20.1,1.694,0.82,6,0,0,0,0,0,14.64,1,0,4,2026-08,1
FBJ-0001,2026-08-21,Mañana,A,Antena,AP-01,625,-74.5,11,7,87.4,21.8,0.505,0.26,7,0,0,0,0,0,18.36,1,0,4,2026-08,2
FBJ-0004,2026-08-21,Mañana,A,Cable,,322,,11,7,87.4,21.8,4.941,1.44,4,0,0,0,0,0,35.0,0,1,4,2026-08,2
FBJ-0005,2026-08-21,Mañana,A,Cable,,179,,11,7,87.4,21.8,7.63,1.79,4,0,0,0,0,0,29.96,0,0,4,2026-08,2
FBJ-0019,2026-08-21,Mañana,A,Cable,,81,,11,7,87.4,21.8,1.707,0.53,6,0,0,0,0,0,35.0,0,1,4,2026-08,2
FBJ-0021,2026-08-21,Mañana,A,Cable,,163,,11,7,87.4,21.8,11.075,2.3,2,0,0,0,0,0,35.0,0,1,4,2026-08,2
FBJ-0022,2026-08-21,Mañana,A,Antena,AP-02,838,-82.4,11,7,87.4,21.8,3.612,1.21,5,1,34,0,0,0,19.46,1,0,4,2026-08,2
FBJ-0025,2026-08-21,Mañana,A,Antena,AP-01,575,-73.2,11,7,87.4,21.8,3.102,1.65,6,0,0,0,0,0,15.65,1,0,4,2026-08,2
FBJ-0029,2026-08-21,Mañana,A,Cable,,251,,11,7,87.4,21.8,5.923,1.2,3,0,0,0,0,0,35.0,0,1,4,2026-08,2
FBJ-0034,2026-08-21,Mañana,B,Antena,AP-02,604,-72.2,9,7,51.5,12.9,4.179,2.0,2,0,0,0,0,0,14.38,1,0,4,2026-08,2
FBJ-0036,2026-08-21,Mañana,B,Antena,AP-01,831,-77.3,9,7,51.5,12.9,3.393,2.02,7,0,0,0,0,0,13.88,1,0,4,2026-08,2
FBJ-0040,2026-08-21,Mañana,B,Antena,AP-01,564,-73.1,9,7,51.5,12.9,6.004,1.82,4,0,0,0,0,0,22.99,1,0,4,2026-08,2
FBJ-0042,2026-08-21,Mañana,B,Antena,AP-01,176,-53.0,9,7,51.5,12.9,5.292,1.49,1,0,0,0,0,0,31.66,1,0,4,2026-08,2
FBJ-0043,2026-08-21,Mañana,B,Cable,,318,,9,7,51.5,12.9,11.007,2.8,6,0,0,0,0,0,31.81,0,0,4,2026-08,2
FBJ-0049,2026-08-21,Mañana,B,Cable,,350,,9,7,51.5,12.9,3.375,0.97,1,0,0,0,0,0,33.14,0,0,4,2026-08,2
FBJ-0059,2026-08-21,Mañana,B,Cable,,107,,9,7,51.5,12.9,6.614,1.34,2,1,11,0,0,0,35.0,0,1,4,2026-08,2
FBJ-0001,2026-08-21,Tarde,A,Antena,AP-01,625,-74.5,11,10,37.0,9.3,2.603,1.28,5,0,0,0,0,0,18.02,1,0,4,2026-08,3
FBJ-0004,2026-08-21,Tarde,A,Cable,,322,,11,10,37.0,9.3,7.547,1.78,4,0,0,0,0,0,32.67,0,0,4,2026-08,3
FBJ-0005,2026-08-21,Tarde,A,Cable,,179,,11,10,37.0,9.3,3.512,1.25,3,0,0,0,0,0,27.92,0,0,4,2026-08,3
FBJ-0007,2026-08-21,Tarde,A,Antena,AP-02,594,-68.6,11,10,37.0,9.3,1.433,0.85,2,0,0,0,0,0,16.9,1,0,4,2026-08,3
FBJ-0012,2026-08-21,Tarde,A,Antena,AP-01,631,-74.1,11,10,37.0,9.3,3.405,1.69,4,0,0,0,0,0,17.18,1,0,4,2026-08,3
FBJ-0013,2026-08-21,Tarde,A,Antena,AP-02,111,-56.0,11,10,37.0,9.3,4.162,1.6,8,0,0,0,0,0,24.91,1,0,4,2026-08,3
FBJ-0018,2026-08-21,Tarde,A,Cable,,281,,11,10,37.0,9.3,1.959,0.57,7,0,0,0,0,0,26.78,0,0,4,2026-08,3
FBJ-0019,2026-08-21,Tarde,A,Cable,,81,,11,10,37.0,9.3,4.497,0.94,3,0,0,0,0,0,35.0,0,1,4,2026-08,3
FBJ-0021,2026-08-21,Tarde,A,Cable,,163,,11,10,37.0,9.3,2.759,0.83,8,0,0,0,0,0,29.25,0,0,4,2026-08,3
FBJ-0023,2026-08-21,Tarde,A,Antena,AP-01,872,-78.5,11,10,37.0,9.3,4.992,2.2,1,1,22,0,0,0,20.71,1,0,4,2026-08,3
FBJ-0025,2026-08-21,Tarde,A,Antena,AP-01,575,-73.2,11,10,37.0,9.3,2.615,1.14,1,1,32,0,0,0,18.21,1,0,4,2026-08,3
FBJ-0027,2026-08-21,Tarde,A,Cable,,85,,11,10,37.0,9.3,2.25,0.68,2,0,0,0,0,0,28.34,0,0,4,2026-08,3
FBJ-0030,2026-08-21,Tarde,A,Antena,AP-02,116,-54.6,11,10,37.0,9.3,0.592,0.2,4,0,0,0,0,0,31.36,1,0,4,2026-08,3
FBJ-0032,2026-08-21,Tarde,B,Cable,,302,,13,10,94.4,23.6,4.807,0.97,1,0,0,0,0,0,34.52,0,0,4,2026-08,3
FBJ-0034,2026-08-21,Tarde,B,Antena,AP-02,604,-72.2,13,10,94.4,23.6,2.19,0.99,1,0,0,0,0,0,17.98,1,0,4,2026-08,3
FBJ-0036,2026-08-21,Tarde,B,Antena,AP-01,831,-77.3,13,10,94.4,23.6,2.464,1.25,4,1,24,0,0,0,17.88,1,0,4,2026-08,3
FBJ-0037,2026-08-21,Tarde,B,Cable,,205,,13,10,94.4,23.6,4.487,2.05,6,1,39,0,0,0,26.83,0,0,4,2026-08,3
FBJ-0039,2026-08-21,Tarde,B,Cable,,288,,13,10,94.4,23.6,7.729,2.26,2,0,0,0,0,0,26.38,0,0,4,2026-08,3
FBJ-0040,2026-08-21,Tarde,B,Antena,AP-01,564,-73.1,13,10,94.4,23.6,4.184,2.07,7,0,0,0,0,0,16.51,1,0,4,2026-08,3
FBJ-0041,2026-08-21,Tarde,B,Antena,AP-02,509,-69.1,13,10,94.4,23.6,3.821,1.56,3,0,0,0,0,0,17.83,1,0,4,2026-08,3
FBJ-0042,2026-08-21,Tarde,B,Antena,AP-01,176,-53.0,13,10,94.4,23.6,0.476,0.2,7,0,0,0,0,0,22.61,1,0,4,2026-08,3
FBJ-0046,2026-08-21,Tarde,B,Antena,AP-01,177,-50.9,13,10,94.4,23.6,3.793,0.8,2,0,0,0,0,0,32.29,1,0,4,2026-08,3
FBJ-0047,2026-08-21,Tarde,B,Antena,AP-02,453,-71.2,13,10,94.4,23.6,1.738,0.78,4,0,0,0,0,0,20.51,1,0,4,2026-08,3
FBJ-0048,2026-08-21,Tarde,B,Antena,AP-01,721,-80.9,13,10,94.4,23.6,2.051,1.15,6,0,0,0,0,0,17.06,1,0,4,2026-08,3
FBJ-0049,2026-08-21,Tarde,B,Cable,,350,,13,10,94.4,23.6,2.645,0.67,8,0,0,0,0,0,29.68,0,0,4,2026-08,3
FBJ-0050,2026-08-21,Tarde,B,Antena,AP-02,277,-61.0,13,10,94.4,23.6,4.015,1.96,2,1,38,0,0,0,20.32,1,0,4,2026-08,3
FBJ-0051,2026-08-21,Tarde,B,Cable,,42,,13,10,94.4,23.6,8.914,1.7,7,0,0,0,0,0,31.46,0,0,4,2026-08,3
FBJ-0052,2026-08-21,Tarde,B,Cable,,288,,13,10,94.4,23.6,4.817,1.6,6,0,0,0,0,0,23.01,0,0,4,2026-08,3
FBJ-0056,2026-08-21,Tarde,B,Antena,AP-02,549,-70.0,13,10,94.4,23.6,3.198,1.65,3,0,0,0,0,0,16.72,1,0,4,2026-08,3
FBJ-0058,2026-08-21,Tarde,B,Antena,AP-02,308,-59.0,13,10,94.4,23.6,4.158,1.61,1,0,0,0,0,0,23.79,1,0,4,2026-08,3
FBJ-0059,2026-08-21,Tarde,B,Cable,,107,,13,10,94.4,23.6,3.141,0.95,3,0,0,0,0,0,35.0,0,1,4,2026-08,3
FBJ-0060,2026-08-21,Tarde,B,Cable,,110,,13,10,94.4,23.6,5.183,1.27,6,0,0,0,0,0,30.24,0,0,4,2026-08,3
FBJ-0001,2026-08-21,Noche,A,Antena,AP-01,625,-74.5,15,11,105.8,26.4,5.938,1.93,7,0,0,0,0,0,21.03,1,0,4,2026-08,4
FBJ-0003,2026-08-21,Noche,A,Antena,AP-02,392,-66.0,15,11,105.8,26.4,6.21,2.38,2,0,0,0,0,0,18.99,1,0,4,2026-08,4
FBJ-0004,2026-08-21,Noche,A,Cable,,322,,15,11,105.8,26.4,11.86,3.74,8,0,0,0,0,0,35.0,0,1,4,2026-08,4
FBJ-0010,2026-08-21,Noche,A,Antena,AP-01,482,-67.3,15,11,105.8,26.4,8.317,3.12,1,1,28,0,0,0,22.49,1,0,4,2026-08,4
FBJ-0011,2026-08-21,Noche,A,Antena,AP-02,440,-67.1,15,11,105.8,26.4,12.633,4.23,8,0,0,0,0,0,22.23,1,0,4,2026-08,4
FBJ-0012,2026-08-21,Noche,A,Antena,AP-01,631,-74.1,15,11,105.8,26.4,4.404,2.57,1,0,0,0,0,0,14.87,1,0,4,2026-08,4
FBJ-0013,2026-08-21,Noche,A,Antena,AP-02,111,-56.0,15,11,105.8,26.4,9.349,2.91,4,0,0,0,0,0,26.39,1,0,4,2026-08,4
FBJ-0015,2026-08-21,Noche,A,Antena,AP-02,894,-83.5,15,11,105.8,26.4,4.845,2.19,7,1,25,0,0,0,16.62,1,0,4,2026-08,4
FBJ-0018,2026-08-21,Noche,A,Cable,,281,,15,11,105.8,26.4,9.119,2.14,4,0,0,0,0,0,35.0,0,1,4,2026-08,4
FBJ-0019,2026-08-21,Noche,A,Cable,,81,,15,11,105.8,26.4,13.415,3.04,2,0,0,0,0,0,35.0,0,1,4,2026-08,4
FBJ-0020,2026-08-21,Noche,A,Antena,AP-01,244,-60.1,15,11,105.8,26.4,9.791,3.0,1,0,0,0,0,0,29.62,1,0,4,2026-08,4
FBJ-0021,2026-08-21,Noche,A,Cable,,163,,15,11,105.8,26.4,12.214,3.16,4,0,0,0,0,0,35.0,0,1,4,2026-08,4
FBJ-0022,2026-08-21,Noche,A,Antena,AP-02,838,-82.4,15,11,105.8,26.4,2.89,1.26,1,0,0,0,0,0,18.51,1,0,4,2026-08,4
FBJ-0025,2026-08-21,Noche,A,Antena,AP-01,575,-73.2,15,11,105.8,26.4,3.697,1.81,7,0,0,0,0,0,23.66,1,0,4,2026-08,4
FBJ-0029,2026-08-21,Noche,A,Cable,,251,,15,11,105.8,26.4,11.734,2.64,3,0,0,0,0,0,33.42,0,0,4,2026-08,4
FBJ-0032,2026-08-21,Noche,B,Cable,,302,,18,10,94.9,23.7,11.524,3.09,4,0,0,0,0,0,28.31,0,0,4,2026-08,4
FBJ-0033,2026-08-21,Noche,B,Antena,AP-01,719,-77.6,18,10,94.9,23.7,5.728,3.0,7,0,0,0,0,0,16.33,1,0,4,2026-08,4
FBJ-0034,2026-08-21,Noche,B,Antena,AP-02,604,-72.2,18,10,94.9,23.7,7.131,3.08,2,1,18,0,0,0,15.88,1,0,4,2026-08,4
FBJ-0040,2026-08-21,Noche,B,Antena,AP-01,564,-73.1,18,10,94.9,23.7,6.186,3.48,1,1,4,0,0,0,13.72,1,0,4,2026-08,4
FBJ-0041,2026-08-21,Noche,B,Antena,AP-02,509,-69.1,18,10,94.9,23.7,10.839,2.96,3,0,0,0,0,0,25.17,1,0,4,2026-08,4
FBJ-0046,2026-08-21,Noche,B,Antena,AP-01,177,-50.9,18,10,94.9,23.7,8.593,2.31,7,0,0,0,0,0,34.75,1,0,4,2026-08,4
FBJ-0047,2026-08-21,Noche,B,Antena,AP-02,453,-71.2,18,10,94.9,23.7,4.389,2.17,1,0,0,0,0,0,15.17,1,0,4,2026-08,4
FBJ-0048,2026-08-21,Noche,B,Antena,AP-01,721,-80.9,18,10,94.9,23.7,6.995,3.13,5,1,31,0,0,0,17.48,1,0,4,2026-08,4
FBJ-0050,2026-08-21,Noche,B,Antena,AP-02,277,-61.0,18,10,94.9,23.7,11.553,3.01,4,0,0,0,0,0,29.23,1,0,4,2026-08,4
FBJ-0051,2026-08-21,Noche,B,Cable,,42,,18,10,94.9,23.7,6.413,1.41,1,0,0,0,0,0,35.0,0,1,4,2026-08,4
FBJ-0053,2026-08-21,Noche,B,Antena,AP-01,245,-55.9,18,10,94.9,23.7,9.91,3.2,1,0,0,0,0,0,21.82,1,0,4,2026-08,4
FBJ-0057,2026-08-21,Noche,B,Antena,AP-01,851,-81.4,18,10,94.9,23.7,7.184,2.31,5,0,0,0,0,0,21.23,1,0,4,2026-08,4
FBJ-0058,2026-08-21,Noche,B,Antena,AP-02,308,-59.0,18,10,94.9,23.7,11.892,3.48,4,0,0,0,0,0,25.57,1,0,4,2026-08,4
FBJ-0059,2026-08-21,Noche,B,Cable,,107,,18,10,94.9,23.7,14.553,3.42,3,0,0,0,0,0,35.0,0,1,4,2026-08,4
FBJ-0060,2026-08-21,Noche,B,Cable,,110,,18,10,94.9,23.7,7.269,2.02,5,0,0,0,0,0,30.11,0,0,4,2026-08,4
FBJ-0011,2026-08-22,Madrugada,A,Antena,AP-02,440,-67.1,4,1,35.0,8.8,0.465,0.2,7,0,0,0,1,0,17.21,1,0,5,2026-08,1
FBJ-0018,2026-08-22,Madrugada,A,Cable,,281,,4,1,35.0,8.8,6.36,1.93,4,0,0,0,1,0,31.65,0,0,5,2026-08,1
FBJ-0027,2026-08-22,Madrugada,A,Cable,,85,,4,1,35.0,8.8,9.724,2.1,6,0,0,0,1,0,35.0,0,1,5,2026-08,1
FBJ-0030,2026-08-22,Madrugada,A,Antena,AP-02,116,-54.6,4,1,35.0,8.8,4.812,1.54,3,0,0,0,1,0,35.0,1,1,5,2026-08,1
FBJ-0040,2026-08-22,Madrugada,B,Antena,AP-01,564,-73.1,5,4,21.1,5.3,4.05,2.12,7,1,35,0,1,0,16.11,1,0,5,2026-08,1
FBJ-0050,2026-08-22,Madrugada,B,Antena,AP-02,277,-61.0,5,4,21.1,5.3,2.573,0.79,1,0,0,0,1,0,22.04,1,0,5,2026-08,1
FBJ-0053,2026-08-22,Madrugada,B,Antena,AP-01,245,-55.9,5,4,21.1,5.3,3.298,1.04,2,0,0,0,1,0,29.47,1,0,5,2026-08,1
FBJ-0003,2026-08-22,Mañana,A,Antena,AP-02,392,-66.0,15,12,71.2,17.8,1.921,0.77,5,0,0,0,1,0,16.55,1,0,5,2026-08,2
FBJ-0004,2026-08-22,Mañana,A,Cable,,322,,15,12,71.2,17.8,5.482,1.35,2,1,36,0,1,0,35.0,0,1,5,2026-08,2
FBJ-0009,2026-08-22,Mañana,A,Antena,AP-02,565,-72.0,15,12,71.2,17.8,4.08,2.06,7,0,0,0,1,0,18.94,1,0,5,2026-08,2
FBJ-0011,2026-08-22,Mañana,A,Antena,AP-02,440,-67.1,15,12,71.2,17.8,2.472,1.96,2,1,10,0,1,0,12.24,1,0,5,2026-08,2
FBJ-0012,2026-08-22,Mañana,A,Antena,AP-01,631,-74.1,15,12,71.2,17.8,2.037,1.29,5,0,0,0,1,0,17.47,1,0,5,2026-08,2
FBJ-0015,2026-08-22,Mañana,A,Antena,AP-02,894,-83.5,15,12,71.2,17.8,0.928,0.72,8,2,76,0,1,0,14.22,1,0,5,2026-08,2
FBJ-0021,2026-08-22,Mañana,A,Cable,,163,,15,12,71.2,17.8,3.111,0.93,3,0,0,0,1,0,24.53,0,0,5,2026-08,2
FBJ-0022,2026-08-22,Mañana,A,Antena,AP-02,838,-82.4,15,12,71.2,17.8,2.843,0.94,2,0,0,0,1,0,18.92,1,0,5,2026-08,2
FBJ-0026,2026-08-22,Mañana,A,Antena,AP-02,283,-64.0,15,12,71.2,17.8,1.849,1.17,7,0,0,0,1,0,15.04,1,0,5,2026-08,2
FBJ-0029,2026-08-22,Mañana,A,Cable,,251,,15,12,71.2,17.8,7.148,2.21,1,0,0,0,1,0,29.9,0,0,5,2026-08,2
FBJ-0032,2026-08-22,Mañana,B,Cable,,302,,16,11,66.0,16.5,8.836,1.97,4,0,0,0,1,0,35.0,0,1,5,2026-08,2
FBJ-0034,2026-08-22,Mañana,B,Antena,AP-02,604,-72.2,16,11,66.0,16.5,2.594,1.14,3,0,0,0,1,0,15.45,1,0,5,2026-08,2
FBJ-0035,2026-08-22,Mañana,B,Cable,,154,,16,11,66.0,16.5,6.221,1.61,6,0,0,0,1,0,35.0,0,1,5,2026-08,2
FBJ-0036,2026-08-22,Mañana,B,Antena,AP-01,831,-77.3,16,11,66.0,16.5,2.206,1.18,4,0,0,0,1,0,19.17,1,0,5,2026-08,2
FBJ-0040,2026-08-22,Mañana,B,Antena,AP-01,564,-73.1,16,11,66.0,16.5,1.213,0.62,3,0,0,0,1,0,19.16,1,0,5,2026-08,2
FBJ-0042,2026-08-22,Mañana,B,Antena,AP-01,176,-53.0,16,11,66.0,16.5,4.97,1.74,5,0,0,0,1,0,29.03,1,0,5,2026-08,2
FBJ-0044,2026-08-22,Mañana,B,Cable,,86,,16,11,66.0,16.5,6.793,2.47,7,1,39,0,1,0,26.6,0,0,5,2026-08,2
FBJ-0045,2026-08-22,Mañana,B,Antena,AP-02,848,-81.7,16,11,66.0,16.5,0.292,0.2,2,0,0,0,1,0,14.5,1,0,5,2026-08,2
FBJ-0046,2026-08-22,Mañana,B,Antena,AP-01,177,-50.9,16,11,66.0,16.5,6.123,1.58,7,0,0,0,1,0,33.0,1,0,5,2026-08,2
FBJ-0047,2026-08-22,Mañana,B,Antena,AP-02,453,-71.2,16,11,66.0,16.5,2.16,1.38,3,0,0,0,1,0,16.62,1,0,5,2026-08,2
FBJ-0048,2026-08-22,Mañana,B,Antena,AP-01,721,-80.9,16,11,66.0,16.5,2.904,1.5,6,0,0,0,1,0,18.38,1,0,5,2026-08,2
FBJ-0050,2026-08-22,Mañana,B,Antena,AP-02,277,-61.0,16,11,66.0,16.5,4.385,1.25,7,1,7,0,1,0,25.18,1,0,5,2026-08,2
FBJ-0056,2026-08-22,Mañana,B,Antena,AP-02,549,-70.0,16,11,66.0,16.5,3.094,1.18,6,0,0,0,1,0,15.72,1,0,5,2026-08,2
FBJ-0057,2026-08-22,Mañana,B,Antena,AP-01,851,-81.4,16,11,66.0,16.5,2.365,0.99,1,0,0,0,1,0,16.98,1,0,5,2026-08,2
FBJ-0060,2026-08-22,Mañana,B,Cable,,110,,16,11,66.0,16.5,6.507,1.39,7,0,0,0,1,0,35.0,0,1,5,2026-08,2
FBJ-0001,2026-08-22,Tarde,A,Antena,AP-01,625,-74.5,15,10,87.4,21.8,5.247,2.08,5,1,22,0,1,0,17.46,1,0,5,2026-08,3
FBJ-0007,2026-08-22,Tarde,A,Antena,AP-02,594,-68.6,15,10,87.4,21.8,0.48,0.27,2,1,23,0,1,0,14.24,1,0,5,2026-08,3
FBJ-0009,2026-08-22,Tarde,A,Antena,AP-02,565,-72.0,15,10,87.4,21.8,3.76,1.63,8,0,0,0,1,0,15.08,1,0,5,2026-08,3
FBJ-0011,2026-08-22,Tarde,A,Antena,AP-02,440,-67.1,15,10,87.4,21.8,7.061,2.98,6,0,0,0,1,0,17.81,1,0,5,2026-08,3
FBJ-0014,2026-08-22,Tarde,A,Antena,AP-01,319,-62.5,15,10,87.4,21.8,4.005,1.52,7,0,0,0,1,0,23.48,1,0,5,2026-08,3
FBJ-0015,2026-08-22,Tarde,A,Antena,AP-02,894,-83.5,15,10,87.4,21.8,1.914,1.02,2,3,54,0,1,0,16.12,1,0,5,2026-08,3
FBJ-0018,2026-08-22,Tarde,A,Cable,,281,,15,10,87.4,21.8,10.972,3.16,7,1,29,0,1,0,35.0,0,1,5,2026-08,3
FBJ-0020,2026-08-22,Tarde,A,Antena,AP-01,244,-60.1,15,10,87.4,21.8,1.006,0.28,3,0,0,0,1,0,25.44,1,0,5,2026-08,3
FBJ-0021,2026-08-22,Tarde,A,Cable,,163,,15,10,87.4,21.8,5.099,1.35,1,0,0,0,1,0,35.0,0,1,5,2026-08,3
FBJ-0023,2026-08-22,Tarde,A,Antena,AP-01,872,-78.5,15,10,87.4,21.8,0.72,0.36,5,3,66,0,1,0,15.55,1,0,5,2026-08,3
FBJ-0027,2026-08-22,Tarde,A,Cable,,85,,15,10,87.4,21.8,3.152,0.71,4,1,35,0,1,0,35.0,0,1,5,2026-08,3
FBJ-0029,2026-08-22,Tarde,A,Cable,,251,,15,10,87.4,21.8,5.983,1.55,1,0,0,0,1,0,31.87,0,0,5,2026-08,3
FBJ-0030,2026-08-22,Tarde,A,Antena,AP-02,116,-54.6,15,10,87.4,21.8,1.942,0.5,5,0,0,0,1,0,35.0,1,1,5,2026-08,3
FBJ-0032,2026-08-22,Tarde,B,Cable,,302,,17,14,144.6,36.2,9.333,2.04,7,0,0,0,1,0,35.0,0,1,5,2026-08,3
FBJ-0034,2026-08-22,Tarde,B,Antena,AP-02,604,-72.2,17,14,144.6,36.2,6.43,2.29,4,0,0,0,1,0,19.38,1,0,5,2026-08,3
FBJ-0039,2026-08-22,Tarde,B,Cable,,288,,17,14,144.6,36.2,0.758,0.2,1,0,0,0,1,0,25.27,0,0,5,2026-08,3
FBJ-0042,2026-08-22,Tarde,B,Antena,AP-01,176,-53.0,17,14,144.6,36.2,5.239,1.41,3,0,0,0,1,0,25.8,1,0,5,2026-08,3
FBJ-0044,2026-08-22,Tarde,B,Cable,,86,,17,14,144.6,36.2,4.714,1.2,6,0,0,0,1,0,31.61,0,0,5,2026-08,3
FBJ-0046,2026-08-22,Tarde,B,Antena,AP-01,177,-50.9,17,14,144.6,36.2,4.406,1.31,1,0,0,0,1,0,22.6,1,0,5,2026-08,3
FBJ-0047,2026-08-22,Tarde,B,Antena,AP-02,453,-71.2,17,14,144.6,36.2,0.873,0.79,6,0,0,0,1,0,10.16,1,0,5,2026-08,3
FBJ-0048,2026-08-22,Tarde,B,Antena,AP-01,721,-80.9,17,14,144.6,36.2,2.52,1.1,7,0,0,0,1,0,17.33,1,0,5,2026-08,3
FBJ-0050,2026-08-22,Tarde,B,Antena,AP-02,277,-61.0,17,14,144.6,36.2,4.365,2.07,6,0,0,0,1,0,14.88,1,0,5,2026-08,3
FBJ-0051,2026-08-22,Tarde,B,Cable,,42,,17,14,144.6,36.2,5.45,1.68,7,0,0,0,1,0,31.36,0,0,5,2026-08,3
FBJ-0052,2026-08-22,Tarde,B,Cable,,288,,17,14,144.6,36.2,5.792,1.79,3,0,0,0,1,0,25.41,0,0,5,2026-08,3
FBJ-0053,2026-08-22,Tarde,B,Antena,AP-01,245,-55.9,17,14,144.6,36.2,4.123,1.45,7,0,0,0,1,0,20.5,1,0,5,2026-08,3
FBJ-0057,2026-08-22,Tarde,B,Antena,AP-01,851,-81.4,17,14,144.6,36.2,0.302,0.23,4,1,29,0,1,0,11.17,1,0,5,2026-08,3
FBJ-0058,2026-08-22,Tarde,B,Antena,AP-02,308,-59.0,17,14,144.6,36.2,4.092,1.42,2,0,0,0,1,0,21.94,1,0,5,2026-08,3
FBJ-0059,2026-08-22,Tarde,B,Cable,,107,,17,14,144.6,36.2,4.387,1.67,3,0,0,0,1,0,27.57,0,0,5,2026-08,3
FBJ-0060,2026-08-22,Tarde,B,Cable,,110,,17,14,144.6,36.2,10.509,2.62,1,0,0,0,1,0,35.0,0,1,5,2026-08,3
FBJ-0001,2026-08-22,Noche,A,Antena,AP-01,625,-74.5,20,17,193.9,48.5,5.595,2.75,2,0,0,0,1,0,12.94,1,0,5,2026-08,4
FBJ-0003,2026-08-22,Noche,A,Antena,AP-02,392,-66.0,20,17,193.9,48.5,4.276,2.47,8,0,0,0,1,0,14.15,1,0,5,2026-08,4
FBJ-0005,2026-08-22,Noche,A,Cable,,179,,20,17,193.9,48.5,6.577,2.81,5,0,0,0,1,0,18.21,0,0,5,2026-08,4
FBJ-0007,2026-08-22,Noche,A,Antena,AP-02,594,-68.6,20,17,193.9,48.5,3.486,1.9,1,0,0,0,1,0,12.12,1,0,5,2026-08,4
FBJ-0009,2026-08-22,Noche,A,Antena,AP-02,565,-72.0,20,17,193.9,48.5,3.304,2.4,1,0,0,0,1,0,11.83,1,0,5,2026-08,4
FBJ-0010,2026-08-22,Noche,A,Antena,AP-01,482,-67.3,20,17,193.9,48.5,4.256,2.56,1,0,0,0,1,0,11.16,1,0,5,2026-08,4
FBJ-0011,2026-08-22,Noche,A,Antena,AP-02,440,-67.1,20,17,193.9,48.5,4.58,2.33,8,0,0,0,1,0,15.73,1,0,5,2026-08,4
FBJ-0012,2026-08-22,Noche,A,Antena,AP-01,631,-74.1,20,17,193.9,48.5,3.144,1.78,5,0,0,0,1,0,18.28,1,0,5,2026-08,4
FBJ-0013,2026-08-22,Noche,A,Antena,AP-02,111,-56.0,20,17,193.9,48.5,4.37,2.59,5,0,0,0,1,0,16.59,1,0,5,2026-08,4
FBJ-0015,2026-08-22,Noche,A,Antena,AP-02,894,-83.5,20,17,193.9,48.5,2.894,3.02,6,3,57,0,1,0,11.32,1,0,5,2026-08,4
FBJ-0018,2026-08-22,Noche,A,Cable,,281,,20,17,193.9,48.5,6.343,2.05,6,0,0,0,1,0,21.12,0,0,5,2026-08,4
FBJ-0019,2026-08-22,Noche,A,Cable,,81,,20,17,193.9,48.5,5.452,2.34,8,0,0,0,1,0,16.0,0,0,5,2026-08,4
FBJ-0020,2026-08-22,Noche,A,Antena,AP-01,244,-60.1,20,17,193.9,48.5,8.03,3.19,2,0,0,0,1,0,16.24,1,0,5,2026-08,4
FBJ-0021,2026-08-22,Noche,A,Cable,,163,,20,17,193.9,48.5,12.685,3.92,7,0,0,0,1,0,24.94,0,0,5,2026-08,4
FBJ-0022,2026-08-22,Noche,A,Antena,AP-02,838,-82.4,20,17,193.9,48.5,3.654,2.34,2,1,23,0,1,0,14.16,1,0,5,2026-08,4
FBJ-0024,2026-08-22,Noche,A,Antena,AP-02,169,-58.3,20,17,193.9,48.5,4.457,2.03,2,0,0,0,1,0,16.65,1,0,5,2026-08,4
FBJ-0025,2026-08-22,Noche,A,Antena,AP-01,575,-73.2,20,17,193.9,48.5,1.371,0.89,6,0,0,0,1,0,14.15,1,0,5,2026-08,4
FBJ-0026,2026-08-22,Noche,A,Antena,AP-02,283,-64.0,20,17,193.9,48.5,2.021,1.46,5,0,0,0,1,0,13.19,1,0,5,2026-08,4
FBJ-0027,2026-08-22,Noche,A,Cable,,85,,20,17,193.9,48.5,7.552,2.39,6,0,0,0,1,0,21.11,0,0,5,2026-08,4
FBJ-0029,2026-08-22,Noche,A,Cable,,251,,20,17,193.9,48.5,6.909,3.14,2,1,19,0,1,0,19.88,0,0,5,2026-08,4
FBJ-0030,2026-08-22,Noche,A,Antena,AP-02,116,-54.6,20,17,193.9,48.5,4.144,2.47,3,0,0,0,1,0,13.58,1,0,5,2026-08,4
FBJ-0031,2026-08-22,Noche,B,Cable,,202,,19,13,86.8,21.7,9.175,2.93,2,0,0,0,1,0,25.38,0,0,5,2026-08,4
FBJ-0032,2026-08-22,Noche,B,Cable,,302,,19,13,86.8,21.7,9.934,2.58,6,0,0,0,1,0,35.0,0,1,5,2026-08,4
FBJ-0034,2026-08-22,Noche,B,Antena,AP-02,604,-72.2,19,13,86.8,21.7,5.885,2.97,7,0,0,0,1,0,16.62,1,0,5,2026-08,4
FBJ-0037,2026-08-22,Noche,B,Cable,,205,,19,13,86.8,21.7,8.206,2.31,5,1,38,0,1,0,35.0,0,1,5,2026-08,4
FBJ-0039,2026-08-22,Noche,B,Cable,,288,,19,13,86.8,21.7,6.492,2.39,2,0,0,0,1,0,27.51,0,0,5,2026-08,4
FBJ-0041,2026-08-22,Noche,B,Antena,AP-02,509,-69.1,19,13,86.8,21.7,9.258,2.8,2,0,0,0,1,0,24.14,1,0,5,2026-08,4
FBJ-0042,2026-08-22,Noche,B,Antena,AP-01,176,-53.0,19,13,86.8,21.7,10.128,2.4,1,0,0,0,1,0,35.0,1,1,5,2026-08,4
FBJ-0043,2026-08-22,Noche,B,Cable,,318,,19,13,86.8,21.7,7.966,1.94,4,0,0,0,1,0,32.85,0,0,5,2026-08,4
FBJ-0044,2026-08-22,Noche,B,Cable,,86,,19,13,86.8,21.7,9.238,2.77,7,0,0,0,1,0,32.01,0,0,5,2026-08,4
FBJ-0046,2026-08-22,Noche,B,Antena,AP-01,177,-50.9,19,13,86.8,21.7,4.408,1.47,1,0,0,0,1,0,20.56,1,0,5,2026-08,4
FBJ-0047,2026-08-22,Noche,B,Antena,AP-02,453,-71.2,19,13,86.8,21.7,4.614,2.47,7,0,0,0,1,0,18.06,1,0,5,2026-08,4
FBJ-0048,2026-08-22,Noche,B,Antena,AP-01,721,-80.9,19,13,86.8,21.7,4.55,2.12,8,1,16,0,1,0,15.4,1,0,5,2026-08,4
FBJ-0050,2026-08-22,Noche,B,Antena,AP-02,277,-61.0,19,13,86.8,21.7,7.968,1.88,4,1,25,0,1,0,30.42,1,0,5,2026-08,4
FBJ-0051,2026-08-22,Noche,B,Cable,,42,,19,13,86.8,21.7,7.564,2.46,5,0,0,0,1,0,28.53,0,0,5,2026-08,4
FBJ-0052,2026-08-22,Noche,B,Cable,,288,,19,13,86.8,21.7,9.911,3.26,8,1,5,0,1,0,25.12,0,0,5,2026-08,4
FBJ-0054,2026-08-22,Noche,B,Antena,AP-02,302,-59.5,19,13,86.8,21.7,5.131,2.41,5,1,37,0,1,0,17.18,1,0,5,2026-08,4
FBJ-0058,2026-08-22,Noche,B,Antena,AP-02,308,-59.0,19,13,86.8,21.7,4.246,1.74,4,0,0,0,1,0,19.77,1,0,5,2026-08,4
FBJ-0059,2026-08-22,Noche,B,Cable,,107,,19,13,86.8,21.7,10.865,3.19,8,0,0,0,1,0,30.9,0,0,5,2026-08,4
FBJ-0001,2026-08-23,Madrugada,A,Antena,AP-01,625,-74.5,4,2,19.2,4.8,0.828,0.49,1,0,0,0,1,0,12.61,1,0,6,2026-08,1
FBJ-0010,2026-08-23,Madrugada,A,Antena,AP-01,482,-67.3,4,2,19.2,4.8,1.629,0.73,8,0,0,0,1,0,16.8,1,0,6,2026-08,1
FBJ-0023,2026-08-23,Madrugada,A,Antena,AP-01,872,-78.5,4,2,19.2,4.8,0.24,0.2,2,0,0,0,1,0,14.25,1,0,6,2026-08,1
FBJ-0027,2026-08-23,Madrugada,A,Cable,,85,,4,2,19.2,4.8,7.328,2.17,8,0,0,0,1,0,26.37,0,0,6,2026-08,1
FBJ-0029,2026-08-23,Madrugada,A,Cable,,251,,4,2,19.2,4.8,1.94,0.52,1,0,0,0,1,0,35.0,0,1,6,2026-08,1
FBJ-0033,2026-08-23,Madrugada,B,Antena,AP-01,719,-77.6,3,2,16.1,4.0,0.876,0.45,2,0,0,0,1,0,14.65,1,0,6,2026-08,1
FBJ-0040,2026-08-23,Madrugada,B,Antena,AP-01,564,-73.1,3,2,16.1,4.0,4.234,2.02,4,0,0,0,1,0,16.69,1,0,6,2026-08,1
FBJ-0052,2026-08-23,Madrugada,B,Cable,,288,,3,2,16.1,4.0,3.866,1.05,3,0,0,0,1,0,35.0,0,1,6,2026-08,1
FBJ-0058,2026-08-23,Madrugada,B,Antena,AP-02,308,-59.0,3,2,16.1,4.0,5.379,1.23,7,1,31,0,1,0,32.35,1,0,6,2026-08,1
FBJ-0003,2026-08-23,Mañana,A,Antena,AP-02,392,-66.0,15,12,147.8,37.0,4.322,2.38,1,0,0,0,1,0,16.84,1,0,6,2026-08,2
FBJ-0004,2026-08-23,Mañana,A,Cable,,322,,15,12,147.8,37.0,5.369,1.44,2,0,0,0,1,0,35.0,0,1,6,2026-08,2
FBJ-0007,2026-08-23,Mañana,A,Antena,AP-02,594,-68.6,15,12,147.8,37.0,4.439,2.22,6,0,0,0,1,0,13.05,1,0,6,2026-08,2
FBJ-0013,2026-08-23,Mañana,A,Antena,AP-02,111,-56.0,15,12,147.8,37.0,1.509,0.54,1,0,0,0,1,0,25.16,1,0,6,2026-08,2
FBJ-0014,2026-08-23,Mañana,A,Antena,AP-01,319,-62.5,15,12,147.8,37.0,1.148,0.4,2,0,0,0,1,0,23.11,1,0,6,2026-08,2
FBJ-0018,2026-08-23,Mañana,A,Cable,,281,,15,12,147.8,37.0,5.861,1.73,5,0,0,0,1,0,35.0,0,1,6,2026-08,2
FBJ-0020,2026-08-23,Mañana,A,Antena,AP-01,244,-60.1,15,12,147.8,37.0,3.645,1.1,2,1,26,0,1,0,25.63,1,0,6,2026-08,2
FBJ-0021,2026-08-23,Mañana,A,Cable,,163,,15,12,147.8,37.0,7.049,1.65,8,0,0,0,1,0,35.0,0,1,6,2026-08,2
FBJ-0024,2026-08-23,Mañana,A,Antena,AP-02,169,-58.3,15,12,147.8,37.0,2.725,0.94,1,0,0,0,1,0,26.44,1,0,6,2026-08,2
FBJ-0025,2026-08-23,Mañana,A,Antena,AP-01,575,-73.2,15,12,147.8,37.0,2.071,0.85,6,0,0,0,1,0,20.1,1,0,6,2026-08,2
FBJ-0026,2026-08-23,Mañana,A,Antena,AP-02,283,-64.0,15,12,147.8,37.0,2.744,1.88,4,1,39,0,1,0,17.79,1,0,6,2026-08,2
FBJ-0031,2026-08-23,Mañana,B,Cable,,202,,13,7,92.6,23.2,2.085,0.76,1,0,0,0,1,0,31.32,0,0,6,2026-08,2
FBJ-0037,2026-08-23,Mañana,B,Cable,,205,,13,7,92.6,23.2,3.62,0.89,5,0,0,0,1,0,32.17,0,0,6,2026-08,2
FBJ-0039,2026-08-23,Mañana,B,Cable,,288,,13,7,92.6,23.2,2.298,0.68,6,0,0,0,1,0,34.11,0,0,6,2026-08,2
FBJ-0042,2026-08-23,Mañana,B,Antena,AP-01,176,-53.0,13,7,92.6,23.2,6.216,1.71,2,0,0,0,1,0,26.06,1,0,6,2026-08,2
FBJ-0044,2026-08-23,Mañana,B,Cable,,86,,13,7,92.6,23.2,4.037,1.28,5,0,0,0,1,0,32.9,0,0,6,2026-08,2
FBJ-0045,2026-08-23,Mañana,B,Antena,AP-02,848,-81.7,13,7,92.6,23.2,2.091,0.81,8,0,0,0,1,0,20.6,1,0,6,2026-08,2
FBJ-0047,2026-08-23,Mañana,B,Antena,AP-02,453,-71.2,13,7,92.6,23.2,2.693,1.37,8,0,0,0,1,0,21.81,1,0,6,2026-08,2
FBJ-0053,2026-08-23,Mañana,B,Antena,AP-01,245,-55.9,13,7,92.6,23.2,3.527,0.98,4,0,0,0,1,0,30.87,1,0,6,2026-08,2
FBJ-0056,2026-08-23,Mañana,B,Antena,AP-02,549,-70.0,13,7,92.6,23.2,6.076,2.49,5,0,0,0,1,0,18.82,1,0,6,2026-08,2
FBJ-0058,2026-08-23,Mañana,B,Antena,AP-02,308,-59.0,13,7,92.6,23.2,4.888,1.63,6,0,0,0,1,0,31.89,1,0,6,2026-08,2
FBJ-0059,2026-08-23,Mañana,B,Cable,,107,,13,7,92.6,23.2,5.697,1.59,8,0,0,0,1,0,32.31,0,0,6,2026-08,2
FBJ-0001,2026-08-23,Tarde,A,Antena,AP-01,625,-74.5,16,12,124.8,31.2,6.634,2.71,4,0,0,0,1,0,18.09,1,0,6,2026-08,3
FBJ-0003,2026-08-23,Tarde,A,Antena,AP-02,392,-66.0,16,12,124.8,31.2,4.386,2.31,7,0,0,0,1,0,18.33,1,0,6,2026-08,3
FBJ-0005,2026-08-23,Tarde,A,Cable,,179,,16,12,124.8,31.2,7.374,1.68,2,0,0,0,1,0,31.79,0,0,6,2026-08,3
FBJ-0007,2026-08-23,Tarde,A,Antena,AP-02,594,-68.6,16,12,124.8,31.2,4.765,2.13,6,0,0,0,1,0,19.71,1,0,6,2026-08,3
FBJ-0010,2026-08-23,Tarde,A,Antena,AP-01,482,-67.3,16,12,124.8,31.2,2.979,1.37,5,0,0,0,1,0,19.52,1,0,6,2026-08,3
FBJ-0011,2026-08-23,Tarde,A,Antena,AP-02,440,-67.1,16,12,124.8,31.2,3.93,1.54,7,0,0,0,1,0,17.55,1,0,6,2026-08,3
FBJ-0012,2026-08-23,Tarde,A,Antena,AP-01,631,-74.1,16,12,124.8,31.2,1.061,0.63,5,0,0,0,1,0,14.06,1,0,6,2026-08,3
FBJ-0013,2026-08-23,Tarde,A,Antena,AP-02,111,-56.0,16,12,124.8,31.2,2.599,1.65,6,0,0,0,1,0,17.71,1,0,6,2026-08,3
FBJ-0018,2026-08-23,Tarde,A,Cable,,281,,16,12,124.8,31.2,6.453,2.12,1,1,26,0,1,0,26.5,0,0,6,2026-08,3
FBJ-0019,2026-08-23,Tarde,A,Cable,,81,,16,12,124.8,31.2,5.068,1.31,5,0,0,0,1,0,35.0,0,1,6,2026-08,3
FBJ-0020,2026-08-23,Tarde,A,Antena,AP-01,244,-60.1,16,12,124.8,31.2,7.506,2.06,1,0,0,0,1,0,25.22,1,0,6,2026-08,3
FBJ-0023,2026-08-23,Tarde,A,Antena,AP-01,872,-78.5,16,12,124.8,31.2,4.901,2.06,5,0,0,0,1,0,19.59,1,0,6,2026-08,3
FBJ-0024,2026-08-23,Tarde,A,Antena,AP-02,169,-58.3,16,12,124.8,31.2,1.202,0.35,5,0,0,0,1,0,29.69,1,0,6,2026-08,3
FBJ-0026,2026-08-23,Tarde,A,Antena,AP-02,283,-64.0,16,12,124.8,31.2,0.429,0.4,3,0,0,0,1,0,12.66,1,0,6,2026-08,3
FBJ-0027,2026-08-23,Tarde,A,Cable,,85,,16,12,124.8,31.2,6.011,1.56,4,0,0,0,1,0,35.0,0,1,6,2026-08,3
FBJ-0029,2026-08-23,Tarde,A,Cable,,251,,16,12,124.8,31.2,10.3,2.39,1,0,0,0,1,0,32.52,0,0,6,2026-08,3
FBJ-0030,2026-08-23,Tarde,A,Antena,AP-02,116,-54.6,16,12,124.8,31.2,5.133,1.98,7,0,0,0,1,0,25.65,1,0,6,2026-08,3
FBJ-0031,2026-08-23,Tarde,B,Cable,,202,,20,10,35.1,8.8,4.286,1.26,2,0,0,0,1,0,29.88,0,0,6,2026-08,3
FBJ-0032,2026-08-23,Tarde,B,Cable,,302,,20,10,35.1,8.8,4.821,1.47,4,0,0,0,1,0,35.0,0,1,6,2026-08,3
FBJ-0033,2026-08-23,Tarde,B,Antena,AP-01,719,-77.6,20,10,35.1,8.8,3.71,1.2,6,0,0,0,1,0,18.43,1,0,6,2026-08,3
FBJ-0034,2026-08-23,Tarde,B,Antena,AP-02,604,-72.2,20,10,35.1,8.8,3.262,1.97,5,1,26,0,1,0,16.14,1,0,6,2026-08,3
FBJ-0036,2026-08-23,Tarde,B,Antena,AP-01,831,-77.3,20,10,35.1,8.8,3.767,1.79,8,0,0,0,1,0,19.73,1,0,6,2026-08,3
FBJ-0037,2026-08-23,Tarde,B,Cable,,205,,20,10,35.1,8.8,2.77,0.95,5,0,0,0,1,0,30.02,0,0,6,2026-08,3
FBJ-0039,2026-08-23,Tarde,B,Cable,,288,,20,10,35.1,8.8,8.393,2.12,2,0,0,0,1,0,35.0,0,1,6,2026-08,3
FBJ-0040,2026-08-23,Tarde,B,Antena,AP-01,564,-73.1,20,10,35.1,8.8,5.369,1.95,8,0,0,0,1,0,19.24,1,0,6,2026-08,3
FBJ-0041,2026-08-23,Tarde,B,Antena,AP-02,509,-69.1,20,10,35.1,8.8,0.663,0.28,8,0,0,0,1,0,15.18,1,0,6,2026-08,3
FBJ-0042,2026-08-23,Tarde,B,Antena,AP-01,176,-53.0,20,10,35.1,8.8,11.775,2.45,1,0,0,0,1,0,35.0,1,1,6,2026-08,3
FBJ-0043,2026-08-23,Tarde,B,Cable,,318,,20,10,35.1,8.8,1.08,0.2,1,0,0,0,1,0,35.0,0,1,6,2026-08,3
FBJ-0044,2026-08-23,Tarde,B,Cable,,86,,20,10,35.1,8.8,6.83,1.96,3,0,0,0,1,0,31.08,0,0,6,2026-08,3
FBJ-0045,2026-08-23,Tarde,B,Antena,AP-02,848,-81.7,20,10,35.1,8.8,3.413,1.58,1,0,0,0,1,0,14.99,1,0,6,2026-08,3
FBJ-0047,2026-08-23,Tarde,B,Antena,AP-02,453,-71.2,20,10,35.1,8.8,0.499,0.2,7,0,0,0,1,0,19.71,1,0,6,2026-08,3
FBJ-0048,2026-08-23,Tarde,B,Antena,AP-01,721,-80.9,20,10,35.1,8.8,3.087,1.47,5,1,8,0,1,0,18.05,1,0,6,2026-08,3
FBJ-0054,2026-08-23,Tarde,B,Antena,AP-02,302,-59.5,20,10,35.1,8.8,5.909,2.36,2,0,0,0,1,0,23.44,1,0,6,2026-08,3
FBJ-0057,2026-08-23,Tarde,B,Antena,AP-01,851,-81.4,20,10,35.1,8.8,3.75,1.74,7,0,0,0,1,0,19.55,1,0,6,2026-08,3
FBJ-0058,2026-08-23,Tarde,B,Antena,AP-02,308,-59.0,20,10,35.1,8.8,5.425,1.63,2,0,0,0,1,0,23.9,1,0,6,2026-08,3
FBJ-0059,2026-08-23,Tarde,B,Cable,,107,,20,10,35.1,8.8,4.802,1.34,6,0,0,0,1,0,31.81,0,0,6,2026-08,3
FBJ-0060,2026-08-23,Tarde,B,Cable,,110,,20,10,35.1,8.8,9.079,2.04,6,0,0,0,1,0,32.4,0,0,6,2026-08,3
FBJ-0003,2026-08-23,Noche,A,Antena,AP-02,392,-66.0,18,13,116.3,29.1,4.938,3.02,4,0,0,0,1,0,14.73,1,0,6,2026-08,4
FBJ-0004,2026-08-23,Noche,A,Cable,,322,,18,13,116.3,29.1,7.366,1.93,4,0,0,0,1,0,31.94,0,0,6,2026-08,4
FBJ-0007,2026-08-23,Noche,A,Antena,AP-02,594,-68.6,18,13,116.3,29.1,2.249,1.43,3,0,0,0,1,0,13.46,1,0,6,2026-08,4
FBJ-0009,2026-08-23,Noche,A,Antena,AP-02,565,-72.0,18,13,116.3,29.1,2.212,1.51,6,0,0,0,1,0,13.13,1,0,6,2026-08,4
FBJ-0011,2026-08-23,Noche,A,Antena,AP-02,440,-67.1,18,13,116.3,29.1,4.075,1.91,7,0,0,0,1,0,15.57,1,0,6,2026-08,4
FBJ-0012,2026-08-23,Noche,A,Antena,AP-01,631,-74.1,18,13,116.3,29.1,2.356,2.45,2,0,0,0,1,0,9.58,1,0,6,2026-08,4
FBJ-0013,2026-08-23,Noche,A,Antena,AP-02,111,-56.0,18,13,116.3,29.1,6.077,2.03,2,0,0,0,1,0,24.72,1,0,6,2026-08,4
FBJ-0014,2026-08-23,Noche,A,Antena,AP-01,319,-62.5,18,13,116.3,29.1,6.849,2.53,5,0,0,0,1,0,17.95,1,0,6,2026-08,4
FBJ-0015,2026-08-23,Noche,A,Antena,AP-02,894,-83.5,18,13,116.3,29.1,3.472,2.64,6,3,36,0,1,0,14.27,1,0,6,2026-08,4
FBJ-0018,2026-08-23,Noche,A,Cable,,281,,18,13,116.3,29.1,7.042,2.04,2,0,0,0,1,0,27.46,0,0,6,2026-08,4
FBJ-0020,2026-08-23,Noche,A,Antena,AP-01,244,-60.1,18,13,116.3,29.1,6.865,3.22,7,1,13,0,1,0,20.52,1,0,6,2026-08,4
FBJ-0022,2026-08-23,Noche,A,Antena,AP-02,838,-82.4,18,13,116.3,29.1,4.024,2.04,4,0,0,0,1,0,15.4,1,0,6,2026-08,4
FBJ-0023,2026-08-23,Noche,A,Antena,AP-01,872,-78.5,18,13,116.3,29.1,3.008,1.73,7,0,0,0,1,0,15.9,1,0,6,2026-08,4
FBJ-0024,2026-08-23,Noche,A,Antena,AP-02,169,-58.3,18,13,116.3,29.1,10.781,3.35,7,0,0,0,1,0,24.5,1,0,6,2026-08,4
FBJ-0025,2026-08-23,Noche,A,Antena,AP-01,575,-73.2,18,13,116.3,29.1,0.798,0.78,7,0,0,0,1,0,12.77,1,0,6,2026-08,4
FBJ-0026,2026-08-23,Noche,A,Antena,AP-02,283,-64.0,18,13,116.3,29.1,4.909,2.24,6,0,0,0,1,0,18.08,1,0,6,2026-08,4
FBJ-0027,2026-08-23,Noche,A,Cable,,85,,18,13,116.3,29.1,9.557,2.57,8,0,0,0,1,0,35.0,0,1,6,2026-08,4
FBJ-0029,2026-08-23,Noche,A,Cable,,251,,18,13,116.3,29.1,5.261,1.68,1,0,0,0,1,0,35.0,0,1,6,2026-08,4
FBJ-0030,2026-08-23,Noche,A,Antena,AP-02,116,-54.6,18,13,116.3,29.1,7.198,2.8,8,0,0,0,1,0,23.47,1,0,6,2026-08,4
FBJ-0031,2026-08-23,Noche,B,Cable,,202,,23,17,124.1,31.0,5.122,2.54,4,0,0,0,1,0,19.48,0,0,6,2026-08,4
FBJ-0032,2026-08-23,Noche,B,Cable,,302,,23,17,124.1,31.0,9.635,3.23,8,1,4,0,1,0,21.5,0,0,6,2026-08,4
FBJ-0034,2026-08-23,Noche,B,Antena,AP-02,604,-72.2,23,17,124.1,31.0,6.728,3.3,8,0,0,0,1,0,19.71,1,0,6,2026-08,4
FBJ-0035,2026-08-23,Noche,B,Cable,,154,,23,17,124.1,31.0,3.668,1.23,3,1,18,0,1,0,21.22,0,0,6,2026-08,4
FBJ-0036,2026-08-23,Noche,B,Antena,AP-01,831,-77.3,23,17,124.1,31.0,5.001,2.99,8,0,0,0,1,0,11.11,1,0,6,2026-08,4
FBJ-0037,2026-08-23,Noche,B,Cable,,205,,23,17,124.1,31.0,4.984,2.05,6,0,0,0,1,0,22.75,0,0,6,2026-08,4
FBJ-0039,2026-08-23,Noche,B,Cable,,288,,23,17,124.1,31.0,4.565,2.29,4,0,0,0,1,0,19.07,0,0,6,2026-08,4
FBJ-0040,2026-08-23,Noche,B,Antena,AP-01,564,-73.1,23,17,124.1,31.0,2.591,2.3,3,0,0,0,1,0,8.81,1,0,6,2026-08,4
FBJ-0041,2026-08-23,Noche,B,Antena,AP-02,509,-69.1,23,17,124.1,31.0,3.242,1.53,8,0,0,0,1,0,13.36,1,0,6,2026-08,4
FBJ-0043,2026-08-23,Noche,B,Cable,,318,,23,17,124.1,31.0,8.129,2.8,6,0,0,0,1,0,17.99,0,0,6,2026-08,4
FBJ-0045,2026-08-23,Noche,B,Antena,AP-02,848,-81.7,23,17,124.1,31.0,2.398,1.94,7,0,0,0,1,0,12.13,1,0,6,2026-08,4
FBJ-0046,2026-08-23,Noche,B,Antena,AP-01,177,-50.9,23,17,124.1,31.0,9.434,3.14,2,0,0,0,1,0,19.75,1,0,6,2026-08,4
FBJ-0047,2026-08-23,Noche,B,Antena,AP-02,453,-71.2,23,17,124.1,31.0,1.637,2.12,2,1,23,0,1,0,8.28,1,0,6,2026-08,4
FBJ-0048,2026-08-23,Noche,B,Antena,AP-01,721,-80.9,23,17,124.1,31.0,2.75,2.4,5,1,8,0,1,0,12.87,1,0,6,2026-08,4
FBJ-0049,2026-08-23,Noche,B,Cable,,350,,23,17,124.1,31.0,5.765,1.56,3,0,0,0,1,0,23.54,0,0,6,2026-08,4
FBJ-0050,2026-08-23,Noche,B,Antena,AP-02,277,-61.0,23,17,124.1,31.0,4.502,2.49,6,0,0,0,1,0,12.82,1,0,6,2026-08,4
FBJ-0051,2026-08-23,Noche,B,Cable,,42,,23,17,124.1,31.0,13.448,3.07,7,0,0,0,1,0,28.63,0,0,6,2026-08,4
FBJ-0052,2026-08-23,Noche,B,Cable,,288,,23,17,124.1,31.0,4.669,2.49,7,0,0,0,1,0,17.12,0,0,6,2026-08,4
FBJ-0053,2026-08-23,Noche,B,Antena,AP-01,245,-55.9,23,17,124.1,31.0,7.968,1.87,5,0,0,0,1,0,25.96,1,0,6,2026-08,4
FBJ-0054,2026-08-23,Noche,B,Antena,AP-02,302,-59.5,23,17,124.1,31.0,3.358,2.16,5,0,0,0,1,0,11.28,1,0,6,2026-08,4
FBJ-0057,2026-08-23,Noche,B,Antena,AP-01,851,-81.4,23,17,124.1,31.0,3.001,2.8,8,0,0,0,1,0,11.25,1,0,6,2026-08,4
FBJ-0058,2026-08-23,Noche,B,Antena,AP-02,308,-59.0,23,17,124.1,31.0,1.273,0.52,8,0,0,0,1,0,19.04,1,0,6,2026-08,4
FBJ-0059,2026-08-23,Noche,B,Cable,,107,,23,17,124.1,31.0,6.563,2.46,7,1,27,0,1,0,22.38,0,0,6,2026-08,4
FBJ-0060,2026-08-23,Noche,B,Cable,,110,,23,17,124.1,31.0,8.345,2.15,1,0,0,0,1,0,26.67,0,0,6,2026-08,4
FBJ-0001,2026-08-24,Madrugada,A,Antena,AP-01,625,-74.5,3,3,23.1,5.8,2.523,1.57,5,0,0,0,0,0,13.47,1,0,0,2026-08,1
FBJ-0013,2026-08-24,Madrugada,A,Antena,AP-02,111,-56.0,3,3,23.1,5.8,3.033,0.93,2,0,0,0,0,0,24.79,1,0,0,2026-08,1
FBJ-0014,2026-08-24,Madrugada,A,Antena,AP-01,319,-62.5,3,3,23.1,5.8,0.612,0.2,4,0,0,0,0,0,24.31,1,0,0,2026-08,1
FBJ-0032,2026-08-24,Madrugada,B,Cable,,302,,2,1,4.7,1.2,0.695,0.2,3,1,20,0,0,0,31.74,0,0,0,2026-08,1
FBJ-0042,2026-08-24,Madrugada,B,Antena,AP-01,176,-53.0,2,1,4.7,1.2,0.775,0.2,3,1,23,0,0,0,31.36,1,0,0,2026-08,1
FBJ-0043,2026-08-24,Madrugada,B,Cable,,318,,2,1,4.7,1.2,3.57,0.79,3,0,0,0,0,0,35.0,0,1,0,2026-08,1
FBJ-0044,2026-08-24,Madrugada,B,Cable,,86,,2,1,4.7,1.2,2.606,0.55,8,0,0,0,0,0,35.0,0,1,0,2026-08,1
FBJ-0046,2026-08-24,Madrugada,B,Antena,AP-01,177,-50.9,2,1,4.7,1.2,5.345,1.49,5,0,0,0,0,0,31.36,1,0,0,2026-08,1
FBJ-0054,2026-08-24,Madrugada,B,Antena,AP-02,302,-59.5,2,1,4.7,1.2,1.2,0.45,1,0,0,0,0,0,23.9,1,0,0,2026-08,1
FBJ-0001,2026-08-24,Mañana,A,Antena,AP-01,625,-74.5,13,12,81.8,20.5,2.296,1.21,2,0,0,0,0,0,18.32,1,0,0,2026-08,2
FBJ-0003,2026-08-24,Mañana,A,Antena,AP-02,392,-66.0,13,12,81.8,20.5,3.551,1.64,4,1,33,0,0,0,13.97,1,0,0,2026-08,2
FBJ-0005,2026-08-24,Mañana,A,Cable,,179,,13,12,81.8,20.5,6.008,1.17,8,0,0,0,0,0,34.96,0,1,0,2026-08,2
FBJ-0007,2026-08-24,Mañana,A,Antena,AP-02,594,-68.6,13,12,81.8,20.5,2.953,1.78,4,0,0,0,0,0,14.66,1,0,0,2026-08,2
FBJ-0009,2026-08-24,Mañana,A,Antena,AP-02,565,-72.0,13,12,81.8,20.5,4.144,1.78,2,0,0,0,0,0,15.28,1,0,0,2026-08,2
FBJ-0020,2026-08-24,Mañana,A,Antena,AP-01,244,-60.1,13,12,81.8,20.5,8.927,2.12,4,0,0,0,0,0,29.56,1,0,0,2026-08,2
FBJ-0025,2026-08-24,Mañana,A,Antena,AP-01,575,-73.2,13,12,81.8,20.5,4.27,2.25,6,0,0,0,0,0,15.86,1,0,0,2026-08,2
FBJ-0029,2026-08-24,Mañana,A,Cable,,251,,13,12,81.8,20.5,10.686,2.64,4,0,0,0,0,0,32.29,0,0,0,2026-08,2
FBJ-0032,2026-08-24,Mañana,B,Cable,,302,,10,4,16.9,4.2,4.022,0.87,3,0,0,0,0,0,35.0,0,1,0,2026-08,2
FBJ-0050,2026-08-24,Mañana,B,Antena,AP-02,277,-61.0,10,4,16.9,4.2,8.131,2.07,6,0,0,0,0,0,27.45,1,0,0,2026-08,2
FBJ-0053,2026-08-24,Mañana,B,Antena,AP-01,245,-55.9,10,4,16.9,4.2,6.441,1.99,4,0,0,0,0,0,28.77,1,0,0,2026-08,2
FBJ-0057,2026-08-24,Mañana,B,Antena,AP-01,851,-81.4,10,4,16.9,4.2,6.071,3.33,5,0,0,0,0,0,18.81,1,0,0,2026-08,2
FBJ-0003,2026-08-24,Tarde,A,Antena,AP-02,392,-66.0,11,5,51.9,13.0,3.468,1.28,4,0,0,0,0,0,23.04,1,0,0,2026-08,3
FBJ-0005,2026-08-24,Tarde,A,Cable,,179,,11,5,51.9,13.0,2.832,1.07,2,2,18,0,0,0,26.29,0,0,0,2026-08,3
FBJ-0009,2026-08-24,Tarde,A,Antena,AP-02,565,-72.0,11,5,51.9,13.0,2.516,0.73,1,0,0,0,0,0,26.49,1,0,0,2026-08,3
FBJ-0013,2026-08-24,Tarde,A,Antena,AP-02,111,-56.0,11,5,51.9,13.0,3.377,1.51,5,0,0,0,0,0,19.87,1,0,0,2026-08,3
FBJ-0014,2026-08-24,Tarde,A,Antena,AP-01,319,-62.5,11,5,51.9,13.0,7.106,1.91,6,0,0,0,0,0,25.27,1,0,0,2026-08,3
FBJ-0018,2026-08-24,Tarde,A,Cable,,281,,11,5,51.9,13.0,5.631,1.51,1,0,0,0,0,0,24.41,0,0,0,2026-08,3
FBJ-0021,2026-08-24,Tarde,A,Cable,,163,,11,5,51.9,13.0,4.606,1.01,8,0,0,0,0,0,35.0,0,1,0,2026-08,3
FBJ-0022,2026-08-24,Tarde,A,Antena,AP-02,838,-82.4,11,5,51.9,13.0,3.598,1.57,1,0,0,0,0,0,20.01,1,0,0,2026-08,3
FBJ-0023,2026-08-24,Tarde,A,Antena,AP-01,872,-78.5,11,5,51.9,13.0,1.114,0.77,5,1,7,0,0,0,16.67,1,0,0,2026-08,3
FBJ-0029,2026-08-24,Tarde,A,Cable,,251,,11,5,51.9,13.0,6.376,1.77,2,0,0,0,0,0,27.63,0,0,0,2026-08,3
FBJ-0030,2026-08-24,Tarde,A,Antena,AP-02,116,-54.6,11,5,51.9,13.0,5.048,1.16,7,0,0,0,0,0,34.89,1,0,0,2026-08,3
FBJ-0032,2026-08-24,Tarde,B,Cable,,302,,11,5,58.4,14.6,12.562,2.73,5,0,0,0,0,0,35.0,0,1,0,2026-08,3
FBJ-0036,2026-08-24,Tarde,B,Antena,AP-01,831,-77.3,11,5,58.4,14.6,3.208,1.83,4,0,0,0,0,0,13.91,1,0,0,2026-08,3
FBJ-0041,2026-08-24,Tarde,B,Antena,AP-02,509,-69.1,11,5,58.4,14.6,1.467,0.58,2,0,0,0,0,0,17.13,1,0,0,2026-08,3
FBJ-0044,2026-08-24,Tarde,B,Cable,,86,,11,5,58.4,14.6,4.357,1.15,5,0,0,0,0,0,34.15,0,0,0,2026-08,3
FBJ-0048,2026-08-24,Tarde,B,Antena,AP-01,721,-80.9,11,5,58.4,14.6,1.108,0.64,2,0,0,0,0,0,14.59,1,0,0,2026-08,3
FBJ-0049,2026-08-24,Tarde,B,Cable,,350,,11,5,58.4,14.6,6.161,1.6,3,0,0,0,0,0,34.7,0,0,0,2026-08,3
FBJ-0053,2026-08-24,Tarde,B,Antena,AP-01,245,-55.9,11,5,58.4,14.6,5.354,1.23,4,0,0,0,0,0,26.41,1,0,0,2026-08,3
FBJ-0056,2026-08-24,Tarde,B,Antena,AP-02,549,-70.0,11,5,58.4,14.6,4.017,1.37,2,0,0,0,0,0,19.07,1,0,0,2026-08,3
FBJ-0058,2026-08-24,Tarde,B,Antena,AP-02,308,-59.0,11,5,58.4,14.6,7.681,2.45,5,1,8,0,0,0,28.38,1,0,0,2026-08,3
FBJ-0059,2026-08-24,Tarde,B,Cable,,107,,11,5,58.4,14.6,9.535,2.02,7,0,0,0,0,0,35.0,0,1,0,2026-08,3
FBJ-0005,2026-08-24,Noche,A,Cable,,179,,15,8,70.6,17.7,9.93,2.63,8,0,0,0,0,0,35.0,0,1,0,2026-08,4
FBJ-0009,2026-08-24,Noche,A,Antena,AP-02,565,-72.0,15,8,70.6,17.7,8.221,2.39,5,0,0,0,0,0,25.43,1,0,0,2026-08,4
FBJ-0010,2026-08-24,Noche,A,Antena,AP-01,482,-67.3,15,8,70.6,17.7,7.701,2.54,1,0,0,0,0,0,22.02,1,0,0,2026-08,4
FBJ-0013,2026-08-24,Noche,A,Antena,AP-02,111,-56.0,15,8,70.6,17.7,7.559,2.36,8,0,0,0,0,0,30.47,1,0,0,2026-08,4
FBJ-0014,2026-08-24,Noche,A,Antena,AP-01,319,-62.5,15,8,70.6,17.7,5.525,2.1,8,1,22,0,0,0,20.7,1,0,0,2026-08,4
FBJ-0015,2026-08-24,Noche,A,Antena,AP-02,894,-83.5,15,8,70.6,17.7,4.773,2.77,7,0,0,0,0,0,15.14,1,0,0,2026-08,4
FBJ-0020,2026-08-24,Noche,A,Antena,AP-01,244,-60.1,15,8,70.6,17.7,5.51,2.03,6,0,0,0,0,0,22.82,1,0,0,2026-08,4
FBJ-0021,2026-08-24,Noche,A,Cable,,163,,15,8,70.6,17.7,15.719,3.42,7,0,0,0,0,0,35.0,0,1,0,2026-08,4
FBJ-0022,2026-08-24,Noche,A,Antena,AP-02,838,-82.4,15,8,70.6,17.7,5.068,1.97,6,3,24,0,0,0,20.77,1,0,0,2026-08,4
FBJ-0023,2026-08-24,Noche,A,Antena,AP-01,872,-78.5,15,8,70.6,17.7,6.595,3.64,5,0,0,0,0,0,18.6,1,0,0,2026-08,4
FBJ-0026,2026-08-24,Noche,A,Antena,AP-02,283,-64.0,15,8,70.6,17.7,3.845,1.85,8,0,0,0,0,0,24.98,1,0,0,2026-08,4
FBJ-0029,2026-08-24,Noche,A,Cable,,251,,15,8,70.6,17.7,6.367,1.98,1,0,0,0,0,0,35.0,0,1,0,2026-08,4
FBJ-0030,2026-08-24,Noche,A,Antena,AP-02,116,-54.6,15,8,70.6,17.7,9.236,3.15,8,0,0,0,0,0,23.55,1,0,0,2026-08,4
FBJ-0031,2026-08-24,Noche,B,Cable,,202,,16,10,130.7,32.7,6.056,1.81,3,0,0,0,0,0,28.21,0,0,0,2026-08,4
FBJ-0032,2026-08-24,Noche,B,Cable,,302,,16,10,130.7,32.7,13.309,3.18,7,0,0,0,0,0,35.0,0,1,0,2026-08,4
FBJ-0034,2026-08-24,Noche,B,Antena,AP-02,604,-72.2,16,10,130.7,32.7,5.92,2.18,8,0,0,0,0,0,19.42,1,0,0,2026-08,4
FBJ-0037,2026-08-24,Noche,B,Cable,,205,,16,10,130.7,32.7,7.468,2.41,8,0,0,0,0,0,31.41,0,0,0,2026-08,4
FBJ-0039,2026-08-24,Noche,B,Cable,,288,,16,10,130.7,32.7,13.649,3.29,2,0,0,0,0,0,34.21,0,0,0,2026-08,4
FBJ-0040,2026-08-24,Noche,B,Antena,AP-01,564,-73.1,16,10,130.7,32.7,5.433,2.86,7,0,0,0,0,0,17.08,1,0,0,2026-08,4
FBJ-0041,2026-08-24,Noche,B,Antena,AP-02,509,-69.1,16,10,130.7,32.7,6.788,2.62,7,0,0,0,0,0,17.76,1,0,0,2026-08,4
FBJ-0043,2026-08-24,Noche,B,Cable,,318,,16,10,130.7,32.7,11.085,2.71,4,0,0,0,0,0,35.0,0,1,0,2026-08,4
FBJ-0044,2026-08-24,Noche,B,Cable,,86,,16,10,130.7,32.7,3.293,0.74,7,0,0,0,0,0,31.87,0,0,0,2026-08,4
FBJ-0047,2026-08-24,Noche,B,Antena,AP-02,453,-71.2,16,10,130.7,32.7,4.636,2.08,6,1,27,0,0,0,17.69,1,0,0,2026-08,4
FBJ-0048,2026-08-24,Noche,B,Antena,AP-01,721,-80.9,16,10,130.7,32.7,6.196,2.21,6,0,0,0,0,0,20.69,1,0,0,2026-08,4
FBJ-0050,2026-08-24,Noche,B,Antena,AP-02,277,-61.0,16,10,130.7,32.7,4.154,1.8,1,0,0,0,0,0,16.82,1,0,0,2026-08,4
FBJ-0051,2026-08-24,Noche,B,Cable,,42,,16,10,130.7,32.7,6.157,1.53,8,0,0,0,0,0,32.95,0,0,0,2026-08,4
FBJ-0053,2026-08-24,Noche,B,Antena,AP-01,245,-55.9,16,10,130.7,32.7,6.606,1.5,2,0,0,0,0,0,28.83,1,0,0,2026-08,4
FBJ-0057,2026-08-24,Noche,B,Antena,AP-01,851,-81.4,16,10,130.7,32.7,5.153,2.79,5,1,23,0,0,0,16.23,1,0,0,2026-08,4
FBJ-0059,2026-08-24,Noche,B,Cable,,107,,16,10,130.7,32.7,8.964,2.84,7,0,0,0,0,0,28.77,0,0,0,2026-08,4
FBJ-0009,2026-08-25,Madrugada,A,Antena,AP-02,565,-72.0,1,1,11.7,2.9,0.47,0.22,1,0,0,0,0,0,22.33,1,0,1,2026-08,1
FBJ-0015,2026-08-25,Madrugada,A,Antena,AP-02,894,-83.5,1,1,11.7,2.9,3.227,1.4,5,1,14,0,0,0,16.74,1,0,1,2026-08,1
FBJ-0024,2026-08-25,Madrugada,A,Antena,AP-02,169,-58.3,1,1,11.7,2.9,3.551,0.88,6,0,0,0,0,0,30.9,1,0,1,2026-08,1
FBJ-0047,2026-08-25,Madrugada,B,Antena,AP-02,453,-71.2,3,2,23.9,6.0,2.651,1.52,1,0,0,0,0,0,18.71,1,0,1,2026-08,1
FBJ-0005,2026-08-25,Mañana,A,Cable,,179,,10,10,83.4,20.9,8.581,2.04,8,0,0,0,0,0,35.0,0,1,1,2026-08,2
FBJ-0007,2026-08-25,Mañana,A,Antena,AP-02,594,-68.6,10,10,83.4,20.9,3.059,1.42,4,0,0,0,0,0,16.05,1,0,1,2026-08,2
FBJ-0018,2026-08-25,Mañana,A,Cable,,281,,10,10,83.4,20.9,6.252,1.45,4,0,0,0,0,0,35.0,0,1,1,2026-08,2
FBJ-0020,2026-08-25,Mañana,A,Antena,AP-01,244,-60.1,10,10,83.4,20.9,7.713,1.94,2,0,0,0,0,0,25.3,1,0,1,2026-08,2
FBJ-0021,2026-08-25,Mañana,A,Cable,,163,,10,10,83.4,20.9,7.544,1.92,1,0,0,0,0,0,30.12,0,0,1,2026-08,2
FBJ-0023,2026-08-25,Mañana,A,Antena,AP-01,872,-78.5,10,10,83.4,20.9,1.524,1.06,2,0,0,0,0,0,14.54,1,0,1,2026-08,2
FBJ-0024,2026-08-25,Mañana,A,Antena,AP-02,169,-58.3,10,10,83.4,20.9,7.454,2.61,7,0,0,0,0,0,25.29,1,0,1,2026-08,2
FBJ-0026,2026-08-25,Mañana,A,Antena,AP-02,283,-64.0,10,10,83.4,20.9,1.628,0.67,7,0,0,0,0,0,21.93,1,0,1,2026-08,2
FBJ-0030,2026-08-25,Mañana,A,Antena,AP-02,116,-54.6,10,10,83.4,20.9,4.651,1.67,2,1,14,0,0,0,30.85,1,0,1,2026-08,2
FBJ-0032,2026-08-25,Mañana,B,Cable,,302,,7,5,37.2,9.3,2.925,0.91,5,0,0,0,0,0,35.0,0,1,1,2026-08,2
FBJ-0037,2026-08-25,Mañana,B,Cable,,205,,7,5,37.2,9.3,8.316,2.2,8,0,0,0,0,0,29.36,0,0,1,2026-08,2
FBJ-0042,2026-08-25,Mañana,B,Antena,AP-01,176,-53.0,7,5,37.2,9.3,4.222,1.25,3,0,0,0,0,0,26.25,1,0,1,2026-08,2
FBJ-0045,2026-08-25,Mañana,B,Antena,AP-02,848,-81.7,7,5,37.2,9.3,3.409,1.98,8,3,117,0,0,0,14.66,1,0,1,2026-08,2
FBJ-0049,2026-08-25,Mañana,B,Cable,,350,,7,5,37.2,9.3,6.163,1.09,2,0,0,0,0,0,35.0,0,1,1,2026-08,2
FBJ-0051,2026-08-25,Mañana,B,Cable,,42,,7,5,37.2,9.3,3.866,1.0,3,1,34,0,0,0,32.09,0,0,1,2026-08,2
FBJ-0053,2026-08-25,Mañana,B,Antena,AP-01,245,-55.9,7,5,37.2,9.3,0.614,0.2,1,0,0,0,0,0,28.43,1,0,1,2026-08,2
FBJ-0054,2026-08-25,Mañana,B,Antena,AP-02,302,-59.5,7,5,37.2,9.3,1.816,0.81,3,0,0,0,0,0,24.11,1,0,1,2026-08,2
FBJ-0060,2026-08-25,Mañana,B,Cable,,110,,7,5,37.2,9.3,2.45,0.7,8,1,18,0,0,0,28.84,0,0,1,2026-08,2
FBJ-0004,2026-08-25,Tarde,A,Cable,,322,,10,6,21.6,5.4,4.539,1.48,3,0,0,0,0,0,35.0,0,1,1,2026-08,3
FBJ-0007,2026-08-25,Tarde,A,Antena,AP-02,594,-68.6,10,6,21.6,5.4,3.464,1.33,6,0,0,0,0,0,17.38,1,0,1,2026-08,3
FBJ-0010,2026-08-25,Tarde,A,Antena,AP-01,482,-67.3,10,6,21.6,5.4,5.564,1.94,5,0,0,0,0,0,22.35,1,0,1,2026-08,3
FBJ-0011,2026-08-25,Tarde,A,Antena,AP-02,440,-67.1,10,6,21.6,5.4,0.789,0.34,3,0,0,0,0,0,24.33,1,0,1,2026-08,3
FBJ-0012,2026-08-25,Tarde,A,Antena,AP-01,631,-74.1,10,6,21.6,5.4,4.558,2.17,4,0,0,0,0,0,15.71,1,0,1,2026-08,3
FBJ-0013,2026-08-25,Tarde,A,Antena,AP-02,111,-56.0,10,6,21.6,5.4,6.255,1.6,8,0,0,0,0,0,27.8,1,0,1,2026-08,3
FBJ-0014,2026-08-25,Tarde,A,Antena,AP-01,319,-62.5,10,6,21.6,5.4,4.286,1.68,4,0,0,0,0,0,18.74,1,0,1,2026-08,3
FBJ-0015,2026-08-25,Tarde,A,Antena,AP-02,894,-83.5,10,6,21.6,5.4,4.614,2.13,1,0,0,0,0,0,15.56,1,0,1,2026-08,3
FBJ-0019,2026-08-25,Tarde,A,Cable,,81,,10,6,21.6,5.4,3.917,1.0,2,0,0,0,0,0,28.92,0,0,1,2026-08,3
FBJ-0020,2026-08-25,Tarde,A,Antena,AP-01,244,-60.1,10,6,21.6,5.4,5.036,2.38,7,0,0,0,0,0,20.45,1,0,1,2026-08,3
FBJ-0022,2026-08-25,Tarde,A,Antena,AP-02,838,-82.4,10,6,21.6,5.4,5.002,2.73,6,3,21,0,0,0,16.93,1,0,1,2026-08,3
FBJ-0023,2026-08-25,Tarde,A,Antena,AP-01,872,-78.5,10,6,21.6,5.4,4.299,1.93,7,0,0,0,0,0,17.62,1,0,1,2026-08,3
FBJ-0024,2026-08-25,Tarde,A,Antena,AP-02,169,-58.3,10,6,21.6,5.4,5.817,2.02,6,0,0,0,0,0,22.68,1,0,1,2026-08,3
FBJ-0025,2026-08-25,Tarde,A,Antena,AP-01,575,-73.2,10,6,21.6,5.4,1.263,0.57,5,0,0,0,0,0,17.73,1,0,1,2026-08,3
FBJ-0031,2026-08-25,Tarde,B,Cable,,202,,13,11,84.4,21.1,2.426,0.73,7,1,7,0,0,0,31.05,0,0,1,2026-08,3
FBJ-0032,2026-08-25,Tarde,B,Cable,,302,,13,11,84.4,21.1,5.502,1.43,1,1,16,0,0,0,35.0,0,1,1,2026-08,3
FBJ-0033,2026-08-25,Tarde,B,Antena,AP-01,719,-77.6,13,11,84.4,21.1,4.534,2.22,2,0,0,0,0,0,17.48,1,0,1,2026-08,3
FBJ-0041,2026-08-25,Tarde,B,Antena,AP-02,509,-69.1,13,11,84.4,21.1,1.897,0.75,4,0,0,0,0,0,16.94,1,0,1,2026-08,3
FBJ-0042,2026-08-25,Tarde,B,Antena,AP-01,176,-53.0,13,11,84.4,21.1,2.746,0.98,6,1,18,0,0,0,24.13,1,0,1,2026-08,3
FBJ-0043,2026-08-25,Tarde,B,Cable,,318,,13,11,84.4,21.1,4.872,0.99,1,0,0,0,0,0,35.0,0,1,1,2026-08,3
FBJ-0046,2026-08-25,Tarde,B,Antena,AP-01,177,-50.9,13,11,84.4,21.1,5.508,1.08,7,1,38,0,0,0,33.16,1,0,1,2026-08,3
FBJ-0047,2026-08-25,Tarde,B,Antena,AP-02,453,-71.2,13,11,84.4,21.1,1.666,1.02,7,0,0,0,0,0,13.75,1,0,1,2026-08,3
FBJ-0048,2026-08-25,Tarde,B,Antena,AP-01,721,-80.9,13,11,84.4,21.1,2.394,1.43,7,1,22,0,0,0,17.1,1,0,1,2026-08,3
FBJ-0050,2026-08-25,Tarde,B,Antena,AP-02,277,-61.0,13,11,84.4,21.1,8.132,2.75,5,0,0,0,0,0,22.66,1,0,1,2026-08,3
FBJ-0051,2026-08-25,Tarde,B,Cable,,42,,13,11,84.4,21.1,4.498,1.08,2,0,0,0,0,0,35.0,0,1,1,2026-08,3
FBJ-0052,2026-08-25,Tarde,B,Cable,,288,,13,11,84.4,21.1,10.538,2.5,7,0,0,0,0,0,35.0,0,1,1,2026-08,3
FBJ-0056,2026-08-25,Tarde,B,Antena,AP-02,549,-70.0,13,11,84.4,21.1,3.712,1.59,3,2,64,0,0,0,18.43,1,0,1,2026-08,3
FBJ-0060,2026-08-25,Tarde,B,Cable,,110,,13,11,84.4,21.1,3.217,0.8,2,0,0,0,0,0,35.0,0,1,1,2026-08,3
FBJ-0001,2026-08-25,Noche,A,Antena,AP-01,625,-74.5,13,7,81.8,20.4,5.708,2.75,8,0,0,0,0,0,15.64,1,0,1,2026-08,4
FBJ-0003,2026-08-25,Noche,A,Antena,AP-02,392,-66.0,13,7,81.8,20.4,9.629,3.44,2,0,0,0,0,0,19.2,1,0,1,2026-08,4
FBJ-0005,2026-08-25,Noche,A,Cable,,179,,13,7,81.8,20.4,4.211,1.71,5,0,0,0,0,0,26.33,0,0,1,2026-08,4
FBJ-0007,2026-08-25,Noche,A,Antena,AP-02,594,-68.6,13,7,81.8,20.4,4.117,2.41,5,0,0,0,0,0,15.33,1,0,1,2026-08,4
FBJ-0009,2026-08-25,Noche,A,Antena,AP-02,565,-72.0,13,7,81.8,20.4,3.123,2.4,3,0,0,0,0,0,13.03,1,0,1,2026-08,4
FBJ-0010,2026-08-25,Noche,A,Antena,AP-01,482,-67.3,13,7,81.8,20.4,4.741,2.55,4,0,0,0,0,0,16.12,1,0,1,2026-08,4
FBJ-0011,2026-08-25,Noche,A,Antena,AP-02,440,-67.1,13,7,81.8,20.4,5.144,3.14,5,0,0,0,0,0,16.72,1,0,1,2026-08,4
FBJ-0012,2026-08-25,Noche,A,Antena,AP-01,631,-74.1,13,7,81.8,20.4,4.699,1.6,7,0,0,0,0,0,23.03,1,0,1,2026-08,4
FBJ-0013,2026-08-25,Noche,A,Antena,AP-02,111,-56.0,13,7,81.8,20.4,5.994,2.04,6,0,0,0,0,0,25.94,1,0,1,2026-08,4
FBJ-0014,2026-08-25,Noche,A,Antena,AP-01,319,-62.5,13,7,81.8,20.4,14.463,3.79,5,0,0,0,0,0,30.44,1,0,1,2026-08,4
FBJ-0015,2026-08-25,Noche,A,Antena,AP-02,894,-83.5,13,7,81.8,20.4,3.735,1.82,7,3,18,0,0,0,16.28,1,0,1,2026-08,4
FBJ-0018,2026-08-25,Noche,A,Cable,,281,,13,7,81.8,20.4,4.983,1.49,3,0,0,0,0,0,27.1,0,0,1,2026-08,4
FBJ-0020,2026-08-25,Noche,A,Antena,AP-01,244,-60.1,13,7,81.8,20.4,10.172,2.7,1,0,0,0,0,0,24.89,1,0,1,2026-08,4
FBJ-0021,2026-08-25,Noche,A,Cable,,163,,13,7,81.8,20.4,8.683,1.9,1,0,0,0,0,0,31.18,0,0,1,2026-08,4
FBJ-0022,2026-08-25,Noche,A,Antena,AP-02,838,-82.4,13,7,81.8,20.4,5.605,1.76,5,0,0,0,0,0,21.56,1,0,1,2026-08,4
FBJ-0024,2026-08-25,Noche,A,Antena,AP-02,169,-58.3,13,7,81.8,20.4,9.829,2.38,6,0,0,0,0,0,29.57,1,0,1,2026-08,4
FBJ-0026,2026-08-25,Noche,A,Antena,AP-02,283,-64.0,13,7,81.8,20.4,5.993,2.88,5,0,0,0,0,0,18.18,1,0,1,2026-08,4
FBJ-0027,2026-08-25,Noche,A,Cable,,85,,13,7,81.8,20.4,11.967,2.13,1,0,0,0,0,0,35.0,0,1,1,2026-08,4
FBJ-0029,2026-08-25,Noche,A,Cable,,251,,13,7,81.8,20.4,7.389,2.23,7,0,0,0,0,0,24.41,0,0,1,2026-08,4
FBJ-0031,2026-08-25,Noche,B,Cable,,202,,18,16,199.6,49.9,7.888,2.89,2,0,0,0,0,0,26.45,0,0,1,2026-08,4
FBJ-0033,2026-08-25,Noche,B,Antena,AP-01,719,-77.6,18,16,199.6,49.9,4.171,2.76,3,0,0,0,0,0,14.68,1,0,1,2026-08,4
FBJ-0034,2026-08-25,Noche,B,Antena,AP-02,604,-72.2,18,16,199.6,49.9,5.039,2.72,4,0,0,0,0,0,12.04,1,0,1,2026-08,4
FBJ-0035,2026-08-25,Noche,B,Cable,,154,,18,16,199.6,49.9,7.319,2.13,7,0,0,0,0,0,27.64,0,0,1,2026-08,4
FBJ-0036,2026-08-25,Noche,B,Antena,AP-01,831,-77.3,18,16,199.6,49.9,3.226,2.09,1,0,0,0,0,0,11.93,1,0,1,2026-08,4
FBJ-0037,2026-08-25,Noche,B,Cable,,205,,18,16,199.6,49.9,8.72,3.51,3,0,0,0,0,0,23.6,0,0,1,2026-08,4
FBJ-0039,2026-08-25,Noche,B,Cable,,288,,18,16,199.6,49.9,2.715,1.15,8,0,0,0,0,0,16.76,0,0,1,2026-08,4
FBJ-0043,2026-08-25,Noche,B,Cable,,318,,18,16,199.6,49.9,11.844,2.54,8,1,24,0,0,0,31.96,0,0,1,2026-08,4
FBJ-0044,2026-08-25,Noche,B,Cable,,86,,18,16,199.6,49.9,2.691,1.02,7,0,0,0,0,0,27.57,0,0,1,2026-08,4
FBJ-0045,2026-08-25,Noche,B,Antena,AP-02,848,-81.7,18,16,199.6,49.9,2.448,1.47,8,0,0,0,0,0,14.0,1,0,1,2026-08,4
FBJ-0046,2026-08-25,Noche,B,Antena,AP-01,177,-50.9,18,16,199.6,49.9,2.826,1.09,1,0,0,0,0,0,20.58,1,0,1,2026-08,4
FBJ-0048,2026-08-25,Noche,B,Antena,AP-01,721,-80.9,18,16,199.6,49.9,3.52,2.32,1,0,0,0,0,0,12.4,1,0,1,2026-08,4
FBJ-0049,2026-08-25,Noche,B,Cable,,350,,18,16,199.6,49.9,7.184,1.85,8,0,0,0,0,0,33.76,0,0,1,2026-08,4
FBJ-0050,2026-08-25,Noche,B,Antena,AP-02,277,-61.0,18,16,199.6,49.9,3.872,2.15,1,0,0,0,0,0,17.27,1,0,1,2026-08,4
FBJ-0053,2026-08-25,Noche,B,Antena,AP-01,245,-55.9,18,16,199.6,49.9,3.411,1.56,6,1,12,0,0,0,21.02,1,0,1,2026-08,4
FBJ-0054,2026-08-25,Noche,B,Antena,AP-02,302,-59.5,18,16,199.6,49.9,8.978,3.81,6,0,0,0,0,0,17.38,1,0,1,2026-08,4
FBJ-0056,2026-08-25,Noche,B,Antena,AP-02,549,-70.0,18,16,199.6,49.9,3.658,2.86,8,0,0,0,0,0,11.57,1,0,1,2026-08,4
FBJ-0059,2026-08-25,Noche,B,Cable,,107,,18,16,199.6,49.9,7.282,2.57,7,0,0,0,0,0,29.15,0,0,1,2026-08,4
FBJ-0060,2026-08-25,Noche,B,Cable,,110,,18,16,199.6,49.9,6.812,1.81,3,0,0,0,0,0,29.9,0,0,1,2026-08,4
FBJ-0009,2026-08-26,Madrugada,A,Antena,AP-02,565,-72.0,1,1,8.9,2.2,2.28,1.07,5,0,0,0,0,0,18.85,1,0,2,2026-08,1
FBJ-0041,2026-08-26,Madrugada,B,Antena,AP-02,509,-69.1,4,3,27.3,6.8,2.172,0.82,4,0,0,0,0,0,18.35,1,0,2,2026-08,1
FBJ-0047,2026-08-26,Madrugada,B,Antena,AP-02,453,-71.2,4,3,27.3,6.8,0.676,0.39,5,0,0,0,0,0,15.69,1,0,2,2026-08,1
FBJ-0050,2026-08-26,Madrugada,B,Antena,AP-02,277,-61.0,4,3,27.3,6.8,4.373,1.21,4,0,0,0,0,0,27.22,1,0,2,2026-08,1
FBJ-0051,2026-08-26,Madrugada,B,Cable,,42,,4,3,27.3,6.8,1.251,0.23,7,0,0,0,0,0,35.0,0,1,2,2026-08,1
FBJ-0060,2026-08-26,Madrugada,B,Cable,,110,,4,3,27.3,6.8,5.299,1.01,4,0,0,0,0,0,35.0,0,1,2,2026-08,1
FBJ-0007,2026-08-26,Mañana,A,Antena,AP-02,594,-68.6,10,7,70.6,17.6,7.169,2.77,8,0,0,0,0,0,19.52,1,0,2,2026-08,2
FBJ-0013,2026-08-26,Mañana,A,Antena,AP-02,111,-56.0,10,7,70.6,17.6,7.064,2.14,8,0,0,0,0,0,24.29,1,0,2,2026-08,2
FBJ-0014,2026-08-26,Mañana,A,Antena,AP-01,319,-62.5,10,7,70.6,17.6,3.8,1.7,4,0,0,0,0,0,16.71,1,0,2,2026-08,2
FBJ-0018,2026-08-26,Mañana,A,Cable,,281,,10,7,70.6,17.6,9.741,2.41,5,0,0,0,0,0,35.0,0,1,2,2026-08,2
FBJ-0027,2026-08-26,Mañana,A,Cable,,85,,10,7,70.6,17.6,9.633,2.06,7,0,0,0,0,0,35.0,0,1,2,2026-08,2
FBJ-0036,2026-08-26,Mañana,B,Antena,AP-01,831,-77.3,10,8,48.2,12.1,2.096,0.91,8,0,0,0,0,0,15.83,1,0,2,2026-08,2
FBJ-0041,2026-08-26,Mañana,B,Antena,AP-02,509,-69.1,10,8,48.2,12.1,4.395,2.14,4,0,0,0,0,0,19.84,1,0,2,2026-08,2
FBJ-0043,2026-08-26,Mañana,B,Cable,,318,,10,8,48.2,12.1,3.64,1.06,4,0,0,0,0,0,35.0,0,1,2,2026-08,2
FBJ-0047,2026-08-26,Mañana,B,Antena,AP-02,453,-71.2,10,8,48.2,12.1,1.791,0.94,5,0,0,0,0,0,19.62,1,0,2,2026-08,2
FBJ-0051,2026-08-26,Mañana,B,Cable,,42,,10,8,48.2,12.1,9.116,2.2,2,0,0,0,0,0,35.0,0,1,2,2026-08,2
FBJ-0053,2026-08-26,Mañana,B,Antena,AP-01,245,-55.9,10,8,48.2,12.1,1.291,0.36,5,0,0,0,0,0,26.13,1,0,2,2026-08,2
FBJ-0054,2026-08-26,Mañana,B,Antena,AP-02,302,-59.5,10,8,48.2,12.1,4.456,2.26,4,0,0,0,0,0,18.29,1,0,2,2026-08,2
FBJ-0056,2026-08-26,Mañana,B,Antena,AP-02,549,-70.0,10,8,48.2,12.1,4.798,2.11,5,1,29,0,0,0,15.97,1,0,2,2026-08,2
FBJ-0058,2026-08-26,Mañana,B,Antena,AP-02,308,-59.0,10,8,48.2,12.1,2.7,1.32,7,0,0,0,0,0,19.12,1,0,2,2026-08,2
FBJ-0059,2026-08-26,Mañana,B,Cable,,107,,10,8,48.2,12.1,1.902,0.53,8,0,0,0,0,0,35.0,0,1,2,2026-08,2
FBJ-0010,2026-08-26,Tarde,A,Antena,AP-01,482,-67.3,13,7,105.8,26.4,0.661,0.31,4,0,0,0,0,0,15.26,1,0,2,2026-08,3
FBJ-0014,2026-08-26,Tarde,A,Antena,AP-01,319,-62.5,13,7,105.8,26.4,1.603,0.51,6,0,0,0,0,0,25.94,1,0,2,2026-08,3
FBJ-0015,2026-08-26,Tarde,A,Antena,AP-02,894,-83.5,13,7,105.8,26.4,0.311,0.2,4,2,24,0,0,0,16.06,1,0,2,2026-08,3
FBJ-0021,2026-08-26,Tarde,A,Cable,,163,,13,7,105.8,26.4,5.153,1.52,1,0,0,0,0,0,26.4,0,0,2,2026-08,3
FBJ-0023,2026-08-26,Tarde,A,Antena,AP-01,872,-78.5,13,7,105.8,26.4,3.314,1.35,3,1,24,0,0,0,20.83,1,0,2,2026-08,3
FBJ-0024,2026-08-26,Tarde,A,Antena,AP-02,169,-58.3,13,7,105.8,26.4,4.72,1.73,2,0,0,0,0,0,19.01,1,0,2,2026-08,3
FBJ-0025,2026-08-26,Tarde,A,Antena,AP-01,575,-73.2,13,7,105.8,26.4,6.002,2.72,8,1,25,0,0,0,23.2,1,0,2,2026-08,3
FBJ-0026,2026-08-26,Tarde,A,Antena,AP-02,283,-64.0,13,7,105.8,26.4,2.89,1.51,2,0,0,0,0,0,18.58,1,0,2,2026-08,3
FBJ-0027,2026-08-26,Tarde,A,Cable,,85,,13,7,105.8,26.4,5.972,1.18,5,0,0,0,0,0,35.0,0,1,2,2026-08,3
FBJ-0029,2026-08-26,Tarde,A,Cable,,251,,13,7,105.8,26.4,0.996,0.2,4,0,0,0,0,0,35.0,0,1,2,2026-08,3
FBJ-0033,2026-08-26,Tarde,B,Antena,AP-01,719,-77.6,12,9,91.5,22.9,2.788,1.02,5,0,0,0,0,0,18.46,1,0,2,2026-08,3
FBJ-0034,2026-08-26,Tarde,B,Antena,AP-02,604,-72.2,12,9,91.5,22.9,4.615,2.08,4,0,0,0,0,0,20.69,1,0,2,2026-08,3
FBJ-0037,2026-08-26,Tarde,B,Cable,,205,,12,9,91.5,22.9,10.919,2.71,7,0,0,0,0,0,35.0,0,1,2,2026-08,3
FBJ-0045,2026-08-26,Tarde,B,Antena,AP-02,848,-81.7,12,9,91.5,22.9,1.108,0.34,4,0,0,0,0,0,21.23,1,0,2,2026-08,3
FBJ-0046,2026-08-26,Tarde,B,Antena,AP-01,177,-50.9,12,9,91.5,22.9,4.512,1.62,2,0,0,0,0,0,24.9,1,0,2,2026-08,3
FBJ-0049,2026-08-26,Tarde,B,Cable,,350,,12,9,91.5,22.9,11.647,2.04,3,0,0,0,0,0,35.0,0,1,2,2026-08,3
FBJ-0051,2026-08-26,Tarde,B,Cable,,42,,12,9,91.5,22.9,3.486,0.87,8,0,0,0,0,0,35.0,0,1,2,2026-08,3
FBJ-0053,2026-08-26,Tarde,B,Antena,AP-01,245,-55.9,12,9,91.5,22.9,6.466,1.49,8,1,30,0,0,0,26.65,1,0,2,2026-08,3
FBJ-0056,2026-08-26,Tarde,B,Antena,AP-02,549,-70.0,12,9,91.5,22.9,1.456,0.91,7,0,0,0,0,0,13.29,1,0,2,2026-08,3
FBJ-0057,2026-08-26,Tarde,B,Antena,AP-01,851,-81.4,12,9,91.5,22.9,2.47,1.44,1,1,12,0,0,0,18.33,1,0,2,2026-08,3
FBJ-0059,2026-08-26,Tarde,B,Cable,,107,,12,9,91.5,22.9,8.824,1.74,1,0,0,0,0,0,35.0,0,1,2,2026-08,3
FBJ-0001,2026-08-26,Noche,A,Antena,AP-01,625,-74.5,11,8,64.6,16.1,3.909,1.53,8,0,0,0,0,0,16.86,1,0,2,2026-08,4
FBJ-0003,2026-08-26,Noche,A,Antena,AP-02,392,-66.0,11,8,64.6,16.1,11.093,2.63,4,0,0,0,0,0,26.47,1,0,2,2026-08,4
FBJ-0004,2026-08-26,Noche,A,Cable,,322,,11,8,64.6,16.1,9.317,2.64,6,0,0,0,0,0,27.25,0,0,2,2026-08,4
FBJ-0005,2026-08-26,Noche,A,Cable,,179,,11,8,64.6,16.1,10.362,2.42,3,0,0,0,0,0,35.0,0,1,2,2026-08,4
FBJ-0007,2026-08-26,Noche,A,Antena,AP-02,594,-68.6,11,8,64.6,16.1,3.97,1.47,3,0,0,0,0,0,21.35,1,0,2,2026-08,4
FBJ-0010,2026-08-26,Noche,A,Antena,AP-01,482,-67.3,11,8,64.6,16.1,4.717,1.96,2,0,0,0,0,0,20.23,1,0,2,2026-08,4
FBJ-0013,2026-08-26,Noche,A,Antena,AP-02,111,-56.0,11,8,64.6,16.1,9.706,2.41,2,0,0,0,0,0,30.96,1,0,2,2026-08,4
FBJ-0014,2026-08-26,Noche,A,Antena,AP-01,319,-62.5,11,8,64.6,16.1,6.724,3.16,3,0,0,0,0,0,22.06,1,0,2,2026-08,4
FBJ-0015,2026-08-26,Noche,A,Antena,AP-02,894,-83.5,11,8,64.6,16.1,9.456,3.78,4,0,0,0,0,0,22.24,1,0,2,2026-08,4
FBJ-0019,2026-08-26,Noche,A,Cable,,81,,11,8,64.6,16.1,8.793,2.37,7,1,7,0,0,0,35.0,0,1,2,2026-08,4
FBJ-0021,2026-08-26,Noche,A,Cable,,163,,11,8,64.6,16.1,7.989,2.54,7,1,6,0,0,0,30.34,0,0,2,2026-08,4
FBJ-0022,2026-08-26,Noche,A,Antena,AP-02,838,-82.4,11,8,64.6,16.1,4.559,2.88,6,1,9,0,0,0,14.99,1,0,2,2026-08,4
FBJ-0030,2026-08-26,Noche,A,Antena,AP-02,116,-54.6,11,8,64.6,16.1,11.04,3.5,5,0,0,0,0,0,26.5,1,0,2,2026-08,4
FBJ-0031,2026-08-26,Noche,B,Cable,,202,,19,15,118.6,29.7,3.741,1.41,5,0,0,0,0,0,24.89,0,0,2,2026-08,4
FBJ-0032,2026-08-26,Noche,B,Cable,,302,,19,15,118.6,29.7,2.326,0.72,2,0,0,0,0,0,31.77,0,0,2,2026-08,4
FBJ-0033,2026-08-26,Noche,B,Antena,AP-01,719,-77.6,19,15,118.6,29.7,5.511,2.39,5,0,0,0,0,0,15.01,1,0,2,2026-08,4
FBJ-0035,2026-08-26,Noche,B,Cable,,154,,19,15,118.6,29.7,5.582,1.79,2,0,0,0,0,0,27.82,0,0,2,2026-08,4
FBJ-0037,2026-08-26,Noche,B,Cable,,205,,19,15,118.6,29.7,5.298,1.99,4,0,0,0,0,0,28.66,0,0,2,2026-08,4
FBJ-0039,2026-08-26,Noche,B,Cable,,288,,19,15,118.6,29.7,7.305,1.83,2,0,0,0,0,0,28.35,0,0,2,2026-08,4
FBJ-0040,2026-08-26,Noche,B,Antena,AP-01,564,-73.1,19,15,118.6,29.7,5.915,3.73,6,0,0,0,0,0,13.94,1,0,2,2026-08,4
FBJ-0042,2026-08-26,Noche,B,Antena,AP-01,176,-53.0,19,15,118.6,29.7,10.479,3.05,5,0,0,0,0,0,22.97,1,0,2,2026-08,4
FBJ-0043,2026-08-26,Noche,B,Cable,,318,,19,15,118.6,29.7,5.478,1.42,8,0,0,0,0,0,27.64,0,0,2,2026-08,4
FBJ-0047,2026-08-26,Noche,B,Antena,AP-02,453,-71.2,19,15,118.6,29.7,2.065,1.89,2,1,31,0,0,0,13.11,1,0,2,2026-08,4
FBJ-0050,2026-08-26,Noche,B,Antena,AP-02,277,-61.0,19,15,118.6,29.7,1.83,0.7,5,0,0,0,0,0,18.5,1,0,2,2026-08,4
FBJ-0052,2026-08-26,Noche,B,Cable,,288,,19,15,118.6,29.7,8.722,2.44,7,0,0,0,0,0,35.0,0,1,2,2026-08,4
FBJ-0054,2026-08-26,Noche,B,Antena,AP-02,302,-59.5,19,15,118.6,29.7,3.474,1.57,3,0,0,0,0,0,19.44,1,0,2,2026-08,4
FBJ-0056,2026-08-26,Noche,B,Antena,AP-02,549,-70.0,19,15,118.6,29.7,2.954,2.18,7,0,0,0,0,0,12.24,1,0,2,2026-08,4
FBJ-0057,2026-08-26,Noche,B,Antena,AP-01,851,-81.4,19,15,118.6,29.7,4.12,2.52,1,0,0,0,0,0,12.73,1,0,2,2026-08,4
FBJ-0059,2026-08-26,Noche,B,Cable,,107,,19,15,118.6,29.7,4.966,1.81,1,0,0,0,0,0,25.91,0,0,2,2026-08,4
FBJ-0060,2026-08-26,Noche,B,Cable,,110,,19,15,118.6,29.7,7.068,2.19,5,1,14,0,0,0,23.74,0,0,2,2026-08,4
FBJ-0034,2026-08-27,Madrugada,B,Antena,AP-02,604,-72.2,2,1,2.2,0.6,1.988,1.03,3,0,0,0,0,0,15.02,1,0,3,2026-08,1
FBJ-0050,2026-08-27,Madrugada,B,Antena,AP-02,277,-61.0,2,1,2.2,0.6,0.487,0.2,2,0,0,0,0,0,17.62,1,0,3,2026-08,1
FBJ-0059,2026-08-27,Madrugada,B,Cable,,107,,2,1,2.2,0.6,5.326,1.37,7,0,0,0,0,0,35.0,0,1,3,2026-08,1
FBJ-0005,2026-08-27,Mañana,A,Cable,,179,,9,7,47.2,11.8,7.243,1.75,4,0,0,0,0,0,33.73,0,0,3,2026-08,2
FBJ-0007,2026-08-27,Mañana,A,Antena,AP-02,594,-68.6,9,7,47.2,11.8,5.662,2.18,3,0,0,0,0,0,26.85,1,0,3,2026-08,2
FBJ-0010,2026-08-27,Mañana,A,Antena,AP-01,482,-67.3,9,7,47.2,11.8,2.253,1.28,2,0,0,0,0,0,13.95,1,0,3,2026-08,2
FBJ-0011,2026-08-27,Mañana,A,Antena,AP-02,440,-67.1,9,7,47.2,11.8,4.082,1.6,8,1,3,0,0,0,17.83,1,0,3,2026-08,2
FBJ-0019,2026-08-27,Mañana,A,Cable,,81,,9,7,47.2,11.8,8.376,2.08,5,0,0,0,0,0,31.47,0,0,3,2026-08,2
FBJ-0020,2026-08-27,Mañana,A,Antena,AP-01,244,-60.1,9,7,47.2,11.8,3.652,1.72,4,0,0,0,0,0,20.28,1,0,3,2026-08,2
FBJ-0021,2026-08-27,Mañana,A,Cable,,163,,9,7,47.2,11.8,6.808,2.42,3,0,0,0,0,0,30.65,0,0,3,2026-08,2
FBJ-0022,2026-08-27,Mañana,A,Antena,AP-02,838,-82.4,9,7,47.2,11.8,3.752,1.37,7,1,22,0,0,0,17.49,1,0,3,2026-08,2
FBJ-0025,2026-08-27,Mañana,A,Antena,AP-01,575,-73.2,9,7,47.2,11.8,5.212,3.21,4,0,0,0,0,0,13.41,1,0,3,2026-08,2
FBJ-0033,2026-08-27,Mañana,B,Antena,AP-01,719,-77.6,15,11,85.6,21.4,4.954,1.99,5,0,0,0,0,0,14.78,1,0,3,2026-08,2
FBJ-0036,2026-08-27,Mañana,B,Antena,AP-01,831,-77.3,15,11,85.6,21.4,5.85,2.67,2,0,0,0,0,0,20.23,1,0,3,2026-08,2
FBJ-0037,2026-08-27,Mañana,B,Cable,,205,,15,11,85.6,21.4,8.909,2.01,4,0,0,0,0,0,35.0,0,1,3,2026-08,2
FBJ-0040,2026-08-27,Mañana,B,Antena,AP-01,564,-73.1,15,11,85.6,21.4,9.579,3.19,6,0,0,0,0,0,22.87,1,0,3,2026-08,2
FBJ-0042,2026-08-27,Mañana,B,Antena,AP-01,176,-53.0,15,11,85.6,21.4,3.71,0.99,4,0,0,0,0,0,33.23,1,0,3,2026-08,2
FBJ-0046,2026-08-27,Mañana,B,Antena,AP-01,177,-50.9,15,11,85.6,21.4,5.059,1.16,5,0,0,0,0,0,34.14,1,0,3,2026-08,2
FBJ-0047,2026-08-27,Mañana,B,Antena,AP-02,453,-71.2,15,11,85.6,21.4,6.217,2.58,1,1,38,0,0,0,19.67,1,0,3,2026-08,2
FBJ-0049,2026-08-27,Mañana,B,Cable,,350,,15,11,85.6,21.4,8.233,1.82,2,0,0,0,0,0,30.17,0,0,3,2026-08,2
FBJ-0050,2026-08-27,Mañana,B,Antena,AP-02,277,-61.0,15,11,85.6,21.4,5.613,1.53,7,0,0,0,0,0,29.53,1,0,3,2026-08,2
FBJ-0052,2026-08-27,Mañana,B,Cable,,288,,15,11,85.6,21.4,0.619,0.2,1,0,0,0,0,0,35.0,0,1,3,2026-08,2
FBJ-0056,2026-08-27,Mañana,B,Antena,AP-02,549,-70.0,15,11,85.6,21.4,4.405,2.01,2,0,0,0,0,0,15.62,1,0,3,2026-08,2
FBJ-0057,2026-08-27,Mañana,B,Antena,AP-01,851,-81.4,15,11,85.6,21.4,2.227,1.23,4,0,0,0,0,0,16.05,1,0,3,2026-08,2
FBJ-0059,2026-08-27,Mañana,B,Cable,,107,,15,11,85.6,21.4,3.233,0.93,3,0,0,0,0,0,35.0,0,1,3,2026-08,2
FBJ-0003,2026-08-27,Tarde,A,Antena,AP-02,392,-66.0,12,10,117.2,29.3,2.095,1.01,2,0,0,0,0,0,14.54,1,0,3,2026-08,3
FBJ-0005,2026-08-27,Tarde,A,Cable,,179,,12,10,117.2,29.3,3.596,1.09,1,0,0,0,0,0,35.0,0,1,3,2026-08,3
FBJ-0007,2026-08-27,Tarde,A,Antena,AP-02,594,-68.6,12,10,117.2,29.3,2.161,1.5,1,0,0,0,0,0,13.91,1,0,3,2026-08,3
FBJ-0011,2026-08-27,Tarde,A,Antena,AP-02,440,-67.1,12,10,117.2,29.3,2.939,1.67,4,0,0,0,0,0,15.54,1,0,3,2026-08,3
FBJ-0013,2026-08-27,Tarde,A,Antena,AP-02,111,-56.0,12,10,117.2,29.3,0.921,0.25,4,0,0,0,0,0,29.31,1,0,3,2026-08,3
FBJ-0014,2026-08-27,Tarde,A,Antena,AP-01,319,-62.5,12,10,117.2,29.3,0.977,0.43,3,1,19,0,0,0,21.42,1,0,3,2026-08,3
FBJ-0018,2026-08-27,Tarde,A,Cable,,281,,12,10,117.2,29.3,8.27,1.96,6,0,0,0,0,0,35.0,0,1,3,2026-08,3
FBJ-0019,2026-08-27,Tarde,A,Cable,,81,,12,10,117.2,29.3,10.468,2.3,6,1,28,0,0,0,35.0,0,1,3,2026-08,3
FBJ-0025,2026-08-27,Tarde,A,Antena,AP-01,575,-73.2,12,10,117.2,29.3,2.786,1.87,8,0,0,0,0,0,16.21,1,0,3,2026-08,3
FBJ-0027,2026-08-27,Tarde,A,Cable,,85,,12,10,117.2,29.3,6.419,1.56,7,0,0,0,0,0,32.51,0,0,3,2026-08,3
FBJ-0029,2026-08-27,Tarde,A,Cable,,251,,12,10,117.2,29.3,2.436,0.74,6,0,0,0,0,0,32.42,0,0,3,2026-08,3
FBJ-0031,2026-08-27,Tarde,B,Cable,,202,,10,6,63.2,15.8,1.185,0.52,7,0,0,0,0,0,21.37,0,0,3,2026-08,3
FBJ-0032,2026-08-27,Tarde,B,Cable,,302,,10,6,63.2,15.8,2.407,0.76,8,0,0,0,0,0,35.0,0,1,3,2026-08,3
FBJ-0035,2026-08-27,Tarde,B,Cable,,154,,10,6,63.2,15.8,2.61,1.25,7,0,0,0,0,0,23.65,0,0,3,2026-08,3
FBJ-0041,2026-08-27,Tarde,B,Antena,AP-02,509,-69.1,10,6,63.2,15.8,5.317,2.28,3,0,0,0,0,0,18.37,1,0,3,2026-08,3
FBJ-0042,2026-08-27,Tarde,B,Antena,AP-01,176,-53.0,10,6,63.2,15.8,4.881,1.23,8,0,0,0,0,0,35.0,1,1,3,2026-08,3
FBJ-0046,2026-08-27,Tarde,B,Antena,AP-01,177,-50.9,10,6,63.2,15.8,6.931,1.5,7,0,0,0,0,0,33.07,1,0,3,2026-08,3
FBJ-0047,2026-08-27,Tarde,B,Antena,AP-02,453,-71.2,10,6,63.2,15.8,2.635,1.09,8,0,0,0,0,0,19.4,1,0,3,2026-08,3
FBJ-0049,2026-08-27,Tarde,B,Cable,,350,,10,6,63.2,15.8,8.356,1.77,7,0,0,0,0,0,35.0,0,1,3,2026-08,3
FBJ-0050,2026-08-27,Tarde,B,Antena,AP-02,277,-61.0,10,6,63.2,15.8,2.379,1.3,3,0,0,0,0,0,19.17,1,0,3,2026-08,3
FBJ-0052,2026-08-27,Tarde,B,Cable,,288,,10,6,63.2,15.8,5.151,1.47,3,0,0,0,0,0,35.0,0,1,3,2026-08,3
FBJ-0053,2026-08-27,Tarde,B,Antena,AP-01,245,-55.9,10,6,63.2,15.8,12.969,2.4,1,0,0,0,0,0,33.67,1,0,3,2026-08,3
FBJ-0054,2026-08-27,Tarde,B,Antena,AP-02,302,-59.5,10,6,63.2,15.8,3.598,1.3,7,0,0,0,0,0,18.31,1,0,3,2026-08,3
FBJ-0059,2026-08-27,Tarde,B,Cable,,107,,10,6,63.2,15.8,4.992,1.3,4,0,0,0,0,0,35.0,0,1,3,2026-08,3
FBJ-0060,2026-08-27,Tarde,B,Cable,,110,,10,6,63.2,15.8,1.869,0.47,7,1,30,0,0,0,35.0,0,1,3,2026-08,3
FBJ-0001,2026-08-27,Noche,A,Antena,AP-01,625,-74.5,13,9,114.9,28.7,4.521,3.38,6,0,0,0,0,0,13.76,1,0,3,2026-08,4
FBJ-0004,2026-08-27,Noche,A,Cable,,322,,13,9,114.9,28.7,6.802,1.66,8,0,0,0,0,0,35.0,0,1,3,2026-08,4
FBJ-0005,2026-08-27,Noche,A,Cable,,179,,13,9,114.9,28.7,6.787,1.93,3,0,0,0,0,0,35.0,0,1,3,2026-08,4
FBJ-0007,2026-08-27,Noche,A,Antena,AP-02,594,-68.6,13,9,114.9,28.7,7.485,3.45,2,0,0,0,0,0,23.19,1,0,3,2026-08,4
FBJ-0011,2026-08-27,Noche,A,Antena,AP-02,440,-67.1,13,9,114.9,28.7,6.701,1.97,1,0,0,0,0,0,24.28,1,0,3,2026-08,4
FBJ-0012,2026-08-27,Noche,A,Antena,AP-01,631,-74.1,13,9,114.9,28.7,5.904,2.38,5,0,0,0,0,0,18.27,1,0,3,2026-08,4
FBJ-0018,2026-08-27,Noche,A,Cable,,281,,13,9,114.9,28.7,13.501,3.27,8,0,0,0,0,0,30.86,0,0,3,2026-08,4
FBJ-0019,2026-08-27,Noche,A,Cable,,81,,13,9,114.9,28.7,7.927,2.25,5,0,0,0,0,0,35.0,0,1,3,2026-08,4
FBJ-0020,2026-08-27,Noche,A,Antena,AP-01,244,-60.1,13,9,114.9,28.7,4.756,1.91,4,1,3,0,0,0,21.37,1,0,3,2026-08,4
FBJ-0021,2026-08-27,Noche,A,Cable,,163,,13,9,114.9,28.7,8.988,2.63,6,0,0,0,0,0,31.63,0,0,3,2026-08,4
FBJ-0022,2026-08-27,Noche,A,Antena,AP-02,838,-82.4,13,9,114.9,28.7,5.278,2.19,6,0,0,0,0,0,17.03,1,0,3,2026-08,4
FBJ-0023,2026-08-27,Noche,A,Antena,AP-01,872,-78.5,13,9,114.9,28.7,3.65,2.4,8,0,0,0,0,0,15.54,1,0,3,2026-08,4
FBJ-0024,2026-08-27,Noche,A,Antena,AP-02,169,-58.3,13,9,114.9,28.7,8.853,3.01,6,1,25,0,0,0,24.0,1,0,3,2026-08,4
FBJ-0025,2026-08-27,Noche,A,Antena,AP-01,575,-73.2,13,9,114.9,28.7,4.626,2.66,7,0,0,0,0,0,16.81,1,0,3,2026-08,4
FBJ-0027,2026-08-27,Noche,A,Cable,,85,,13,9,114.9,28.7,2.892,0.72,1,0,0,0,0,0,26.23,0,0,3,2026-08,4
FBJ-0029,2026-08-27,Noche,A,Cable,,251,,13,9,114.9,28.7,11.348,2.61,2,0,0,0,0,0,35.0,0,1,3,2026-08,4
FBJ-0030,2026-08-27,Noche,A,Antena,AP-02,116,-54.6,13,9,114.9,28.7,7.726,2.21,3,0,0,0,0,0,28.14,1,0,3,2026-08,4
FBJ-0031,2026-08-27,Noche,B,Cable,,202,,14,10,74.8,18.7,7.466,1.76,1,0,0,0,0,0,35.0,0,1,3,2026-08,4
FBJ-0032,2026-08-27,Noche,B,Cable,,302,,14,10,74.8,18.7,7.987,2.64,1,0,0,0,0,0,28.29,0,0,3,2026-08,4
FBJ-0033,2026-08-27,Noche,B,Antena,AP-01,719,-77.6,14,10,74.8,18.7,3.016,1.78,3,0,0,0,0,0,14.28,1,0,3,2026-08,4
FBJ-0035,2026-08-27,Noche,B,Cable,,154,,14,10,74.8,18.7,7.788,2.67,6,0,0,0,0,0,27.76,0,0,3,2026-08,4
FBJ-0037,2026-08-27,Noche,B,Cable,,205,,14,10,74.8,18.7,4.291,1.12,2,0,0,0,0,0,35.0,0,1,3,2026-08,4
FBJ-0039,2026-08-27,Noche,B,Cable,,288,,14,10,74.8,18.7,14.017,2.66,1,0,0,0,0,0,35.0,0,1,3,2026-08,4
FBJ-0040,2026-08-27,Noche,B,Antena,AP-01,564,-73.1,14,10,74.8,18.7,3.483,2.35,5,0,0,0,0,0,16.02,1,0,3,2026-08,4
FBJ-0041,2026-08-27,Noche,B,Antena,AP-02,509,-69.1,14,10,74.8,18.7,4.117,1.66,4,0,0,0,0,0,17.01,1,0,3,2026-08,4
FBJ-0042,2026-08-27,Noche,B,Antena,AP-01,176,-53.0,14,10,74.8,18.7,8.441,2.4,8,0,0,0,0,0,22.84,1,0,3,2026-08,4
FBJ-0044,2026-08-27,Noche,B,Cable,,86,,14,10,74.8,18.7,6.166,1.67,7,0,0,0,0,0,32.0,0,0,3,2026-08,4
FBJ-0048,2026-08-27,Noche,B,Antena,AP-01,721,-80.9,14,10,74.8,18.7,6.583,2.67,4,0,0,0,0,0,18.34,1,0,3,2026-08,4
FBJ-0050,2026-08-27,Noche,B,Antena,AP-02,277,-61.0,14,10,74.8,18.7,7.21,2.38,1,0,0,0,0,0,28.62,1,0,3,2026-08,4
FBJ-0051,2026-08-27,Noche,B,Cable,,42,,14,10,74.8,18.7,8.046,2.42,7,0,0,0,0,0,29.16,0,0,3,2026-08,4
FBJ-0052,2026-08-27,Noche,B,Cable,,288,,14,10,74.8,18.7,5.351,2.19,5,0,0,0,0,0,23.58,0,0,3,2026-08,4
FBJ-0053,2026-08-27,Noche,B,Antena,AP-01,245,-55.9,14,10,74.8,18.7,8.125,2.61,3,0,0,0,0,0,22.21,1,0,3,2026-08,4
FBJ-0054,2026-08-27,Noche,B,Antena,AP-02,302,-59.5,14,10,74.8,18.7,2.623,1.69,8,0,0,0,0,0,15.98,1,0,3,2026-08,4
FBJ-0057,2026-08-27,Noche,B,Antena,AP-01,851,-81.4,14,10,74.8,18.7,6.018,2.81,6,2,50,0,0,0,16.08,1,0,3,2026-08,4
FBJ-0058,2026-08-27,Noche,B,Antena,AP-02,308,-59.0,14,10,74.8,18.7,8.566,3.1,2,0,0,0,0,0,28.84,1,0,3,2026-08,4
FBJ-0059,2026-08-27,Noche,B,Cable,,107,,14,10,74.8,18.7,10.077,2.05,2,0,0,0,0,0,35.0,0,1,3,2026-08,4
FBJ-0060,2026-08-27,Noche,B,Cable,,110,,14,10,74.8,18.7,9.619,2.3,8,0,0,0,0,0,33.23,0,0,3,2026-08,4
FBJ-0007,2026-08-28,Madrugada,A,Antena,AP-02,594,-68.6,2,2,11.2,2.8,4.075,1.95,1,2,64,0,0,0,20.92,1,0,4,2026-08,1
FBJ-0010,2026-08-28,Madrugada,A,Antena,AP-01,482,-67.3,2,2,11.2,2.8,0.473,0.2,4,0,0,0,0,0,15.71,1,0,4,2026-08,1
FBJ-0015,2026-08-28,Madrugada,A,Antena,AP-02,894,-83.5,2,2,11.2,2.8,1.806,0.92,2,0,0,0,0,0,16.54,1,0,4,2026-08,1
FBJ-0022,2026-08-28,Madrugada,A,Antena,AP-02,838,-82.4,2,2,11.2,2.8,3.548,1.57,7,1,34,0,0,0,16.55,1,0,4,2026-08,1
FBJ-0030,2026-08-28,Madrugada,A,Antena,AP-02,116,-54.6,2,2,11.2,2.8,3.358,1.25,7,0,0,0,0,0,24.36,1,0,4,2026-08,1
FBJ-0032,2026-08-28,Madrugada,B,Cable,,302,,2,1,5.6,1.4,6.842,1.94,1,0,0,0,0,0,30.68,0,0,4,2026-08,1
FBJ-0050,2026-08-28,Madrugada,B,Antena,AP-02,277,-61.0,2,1,5.6,1.4,4.06,1.38,1,0,0,0,0,0,30.97,1,0,4,2026-08,1
FBJ-0054,2026-08-28,Madrugada,B,Antena,AP-02,302,-59.5,2,1,5.6,1.4,7.622,2.21,2,0,0,0,0,0,24.48,1,0,4,2026-08,1
FBJ-0003,2026-08-28,Mañana,A,Antena,AP-02,392,-66.0,10,9,57.0,14.3,3.098,1.18,7,1,34,0,0,0,20.55,1,0,4,2026-08,2
FBJ-0005,2026-08-28,Mañana,A,Cable,,179,,10,9,57.0,14.3,8.458,1.81,5,0,0,0,0,0,35.0,0,1,4,2026-08,2
FBJ-0009,2026-08-28,Mañana,A,Antena,AP-02,565,-72.0,10,9,57.0,14.3,6.127,2.22,2,0,0,0,0,0,20.9,1,0,4,2026-08,2
FBJ-0011,2026-08-28,Mañana,A,Antena,AP-02,440,-67.1,10,9,57.0,14.3,2.426,1.38,4,0,0,0,0,0,19.39,1,0,4,2026-08,2
FBJ-0013,2026-08-28,Mañana,A,Antena,AP-02,111,-56.0,10,9,57.0,14.3,11.669,3.01,4,0,0,0,0,0,28.61,1,0,4,2026-08,2
FBJ-0018,2026-08-28,Mañana,A,Cable,,281,,10,9,57.0,14.3,2.642,0.65,7,0,0,0,0,0,29.28,0,0,4,2026-08,2
FBJ-0027,2026-08-28,Mañana,A,Cable,,85,,10,9,57.0,14.3,4.398,1.1,7,0,0,0,0,0,35.0,0,1,4,2026-08,2
FBJ-0032,2026-08-28,Mañana,B,Cable,,302,,10,7,56.2,14.0,4.672,0.97,4,0,0,0,0,0,35.0,0,1,4,2026-08,2
FBJ-0035,2026-08-28,Mañana,B,Cable,,154,,10,7,56.2,14.0,7.794,3.12,3,1,13,0,0,0,28.18,0,0,4,2026-08,2
FBJ-0036,2026-08-28,Mañana,B,Antena,AP-01,831,-77.3,10,7,56.2,14.0,1.761,0.73,7,0,0,0,0,0,17.21,1,0,4,2026-08,2
FBJ-0042,2026-08-28,Mañana,B,Antena,AP-01,176,-53.0,10,7,56.2,14.0,9.963,2.66,4,0,0,0,0,0,26.91,1,0,4,2026-08,2
FBJ-0043,2026-08-28,Mañana,B,Cable,,318,,10,7,56.2,14.0,10.12,2.81,2,0,0,0,0,0,35.0,0,1,4,2026-08,2
FBJ-0044,2026-08-28,Mañana,B,Cable,,86,,10,7,56.2,14.0,9.175,2.72,8,0,0,0,0,0,35.0,0,1,4,2026-08,2
FBJ-0045,2026-08-28,Mañana,B,Antena,AP-02,848,-81.7,10,7,56.2,14.0,3.882,1.25,2,2,44,0,0,0,21.95,1,0,4,2026-08,2
FBJ-0047,2026-08-28,Mañana,B,Antena,AP-02,453,-71.2,10,7,56.2,14.0,4.596,2.09,4,0,0,0,0,0,21.82,1,0,4,2026-08,2
FBJ-0053,2026-08-28,Mañana,B,Antena,AP-01,245,-55.9,10,7,56.2,14.0,6.133,1.53,8,0,0,0,0,0,25.31,1,0,4,2026-08,2
FBJ-0054,2026-08-28,Mañana,B,Antena,AP-02,302,-59.5,10,7,56.2,14.0,3.943,1.16,1,0,0,0,0,0,22.53,1,0,4,2026-08,2
FBJ-0060,2026-08-28,Mañana,B,Cable,,110,,10,7,56.2,14.0,9.046,1.96,2,0,0,0,0,0,33.71,0,0,4,2026-08,2
FBJ-0001,2026-08-28,Tarde,A,Antena,AP-01,625,-74.5,12,9,69.4,17.3,1.768,0.83,4,0,0,0,0,0,20.39,1,0,4,2026-08,3
FBJ-0005,2026-08-28,Tarde,A,Cable,,179,,12,9,69.4,17.3,4.302,1.23,4,0,0,0,0,0,35.0,0,1,4,2026-08,3
FBJ-0007,2026-08-28,Tarde,A,Antena,AP-02,594,-68.6,12,9,69.4,17.3,2.457,1.09,5,0,0,0,0,0,14.63,1,0,4,2026-08,3
FBJ-0012,2026-08-28,Tarde,A,Antena,AP-01,631,-74.1,12,9,69.4,17.3,4.663,1.58,6,0,0,0,0,0,21.99,1,0,4,2026-08,3
FBJ-0021,2026-08-28,Tarde,A,Cable,,163,,12,9,69.4,17.3,3.216,0.92,3,0,0,0,0,0,29.74,0,0,4,2026-08,3
FBJ-0024,2026-08-28,Tarde,A,Antena,AP-02,169,-58.3,12,9,69.4,17.3,3.235,1.17,3,0,0,0,0,0,23.72,1,0,4,2026-08,3
FBJ-0025,2026-08-28,Tarde,A,Antena,AP-01,575,-73.2,12,9,69.4,17.3,2.358,1.35,4,0,0,0,0,0,17.67,1,0,4,2026-08,3
FBJ-0026,2026-08-28,Tarde,A,Antena,AP-02,283,-64.0,12,9,69.4,17.3,3.295,1.58,7,0,0,0,0,0,24.13,1,0,4,2026-08,3
FBJ-0027,2026-08-28,Tarde,A,Cable,,85,,12,9,69.4,17.3,8.529,1.55,5,0,0,0,0,0,35.0,0,1,4,2026-08,3
FBJ-0033,2026-08-28,Tarde,B,Antena,AP-01,719,-77.6,17,10,66.6,16.6,0.469,0.2,8,0,0,0,0,0,16.35,1,0,4,2026-08,3
FBJ-0034,2026-08-28,Tarde,B,Antena,AP-02,604,-72.2,17,10,66.6,16.6,1.866,1.13,4,0,0,0,0,0,13.17,1,0,4,2026-08,3
FBJ-0040,2026-08-28,Tarde,B,Antena,AP-01,564,-73.1,17,10,66.6,16.6,0.562,0.2,2,0,0,0,0,0,19.58,1,0,4,2026-08,3
FBJ-0042,2026-08-28,Tarde,B,Antena,AP-01,176,-53.0,17,10,66.6,16.6,3.623,1.47,1,0,0,0,0,0,25.7,1,0,4,2026-08,3
FBJ-0043,2026-08-28,Tarde,B,Cable,,318,,17,10,66.6,16.6,1.146,0.27,4,1,3,0,0,0,35.0,0,1,4,2026-08,3
FBJ-0045,2026-08-28,Tarde,B,Antena,AP-02,848,-81.7,17,10,66.6,16.6,4.37,2.48,3,0,0,0,0,0,15.18,1,0,4,2026-08,3
FBJ-0051,2026-08-28,Tarde,B,Cable,,42,,17,10,66.6,16.6,7.897,1.37,6,0,0,0,0,0,35.0,0,1,4,2026-08,3
FBJ-0052,2026-08-28,Tarde,B,Cable,,288,,17,10,66.6,16.6,0.908,0.2,2,0,0,0,0,0,35.0,0,1,4,2026-08,3
FBJ-0053,2026-08-28,Tarde,B,Antena,AP-01,245,-55.9,17,10,66.6,16.6,9.756,3.01,8,0,0,0,0,0,31.54,1,0,4,2026-08,3
FBJ-0054,2026-08-28,Tarde,B,Antena,AP-02,302,-59.5,17,10,66.6,16.6,0.951,0.27,7,0,0,0,0,0,24.42,1,0,4,2026-08,3
FBJ-0056,2026-08-28,Tarde,B,Antena,AP-02,549,-70.0,17,10,66.6,16.6,7.481,3.01,5,0,0,0,0,0,20.25,1,0,4,2026-08,3
FBJ-0058,2026-08-28,Tarde,B,Antena,AP-02,308,-59.0,17,10,66.6,16.6,4.294,2.44,7,0,0,0,0,0,15.91,1,0,4,2026-08,3
FBJ-0059,2026-08-28,Tarde,B,Cable,,107,,17,10,66.6,16.6,2.737,0.73,5,0,0,0,0,0,35.0,0,1,4,2026-08,3
FBJ-0060,2026-08-28,Tarde,B,Cable,,110,,17,10,66.6,16.6,9.976,2.55,1,0,0,0,0,0,28.93,0,0,4,2026-08,3
FBJ-0001,2026-08-28,Noche,A,Antena,AP-01,625,-74.5,16,12,113.0,28.2,6.324,1.97,7,0,0,0,0,0,20.06,1,0,4,2026-08,4
FBJ-0003,2026-08-28,Noche,A,Antena,AP-02,392,-66.0,16,12,113.0,28.2,3.423,1.24,4,1,5,0,0,0,17.04,1,0,4,2026-08,4
FBJ-0004,2026-08-28,Noche,A,Cable,,322,,16,12,113.0,28.2,12.828,2.82,5,0,0,0,0,0,35.0,0,1,4,2026-08,4
FBJ-0005,2026-08-28,Noche,A,Cable,,179,,16,12,113.0,28.2,7.47,1.98,3,0,0,0,0,0,34.78,0,0,4,2026-08,4
FBJ-0007,2026-08-28,Noche,A,Antena,AP-02,594,-68.6,16,12,113.0,28.2,7.247,2.65,4,0,0,0,0,0,19.97,1,0,4,2026-08,4
FBJ-0009,2026-08-28,Noche,A,Antena,AP-02,565,-72.0,16,12,113.0,28.2,6.219,2.75,7,0,0,0,0,0,17.46,1,0,4,2026-08,4
FBJ-0011,2026-08-28,Noche,A,Antena,AP-02,440,-67.1,16,12,113.0,28.2,10.587,4.05,4,0,0,0,0,0,18.45,1,0,4,2026-08,4
FBJ-0012,2026-08-28,Noche,A,Antena,AP-01,631,-74.1,16,12,113.0,28.2,1.872,1.46,8,0,0,0,0,0,14.19,1,0,4,2026-08,4
FBJ-0013,2026-08-28,Noche,A,Antena,AP-02,111,-56.0,16,12,113.0,28.2,6.942,2.1,3,0,0,0,0,0,26.74,1,0,4,2026-08,4
FBJ-0015,2026-08-28,Noche,A,Antena,AP-02,894,-83.5,16,12,113.0,28.2,3.062,1.48,6,1,13,0,0,0,16.44,1,0,4,2026-08,4
FBJ-0018,2026-08-28,Noche,A,Cable,,281,,16,12,113.0,28.2,5.875,2.08,5,0,0,0,0,0,27.55,0,0,4,2026-08,4
FBJ-0020,2026-08-28,Noche,A,Antena,AP-01,244,-60.1,16,12,113.0,28.2,11.745,2.44,4,0,0,0,0,0,32.32,1,0,4,2026-08,4
FBJ-0021,2026-08-28,Noche,A,Cable,,163,,16,12,113.0,28.2,14.982,3.91,1,0,0,0,0,0,32.0,0,0,4,2026-08,4
FBJ-0022,2026-08-28,Noche,A,Antena,AP-02,838,-82.4,16,12,113.0,28.2,6.331,3.31,8,2,38,0,0,0,17.56,1,0,4,2026-08,4
FBJ-0027,2026-08-28,Noche,A,Cable,,85,,16,12,113.0,28.2,12.23,2.28,8,0,0,0,0,0,35.0,0,1,4,2026-08,4
FBJ-0030,2026-08-28,Noche,A,Antena,AP-02,116,-54.6,16,12,113.0,28.2,7.001,2.67,4,0,0,0,0,0,29.71,1,0,4,2026-08,4
FBJ-0031,2026-08-28,Noche,B,Cable,,202,,17,9,104.3,26.1,8.843,2.17,1,0,0,0,0,0,35.0,0,1,4,2026-08,4
FBJ-0032,2026-08-28,Noche,B,Cable,,302,,17,9,104.3,26.1,11.92,2.68,8,0,0,0,0,0,31.27,0,0,4,2026-08,4
FBJ-0033,2026-08-28,Noche,B,Antena,AP-01,719,-77.6,17,9,104.3,26.1,10.107,3.63,1,0,0,0,0,0,17.19,1,0,4,2026-08,4
FBJ-0034,2026-08-28,Noche,B,Antena,AP-02,604,-72.2,17,9,104.3,26.1,3.875,2.56,4,0,0,0,0,0,15.56,1,0,4,2026-08,4
FBJ-0035,2026-08-28,Noche,B,Cable,,154,,17,9,104.3,26.1,9.739,2.23,3,0,0,0,0,0,35.0,0,1,4,2026-08,4
FBJ-0036,2026-08-28,Noche,B,Antena,AP-01,831,-77.3,17,9,104.3,26.1,7.84,3.46,2,0,0,0,0,0,14.64,1,0,4,2026-08,4
FBJ-0039,2026-08-28,Noche,B,Cable,,288,,17,9,104.3,26.1,10.317,2.58,1,0,0,0,0,0,33.55,0,0,4,2026-08,4
FBJ-0040,2026-08-28,Noche,B,Antena,AP-01,564,-73.1,17,9,104.3,26.1,5.42,2.67,8,0,0,0,0,0,15.02,1,0,4,2026-08,4
FBJ-0041,2026-08-28,Noche,B,Antena,AP-02,509,-69.1,17,9,104.3,26.1,4.164,2.52,1,0,0,0,0,0,14.58,1,0,4,2026-08,4
FBJ-0043,2026-08-28,Noche,B,Cable,,318,,17,9,104.3,26.1,16.021,3.94,2,0,0,0,0,0,35.0,0,1,4,2026-08,4
FBJ-0044,2026-08-28,Noche,B,Cable,,86,,17,9,104.3,26.1,7.245,3.19,6,1,36,0,0,0,24.38,0,0,4,2026-08,4
FBJ-0046,2026-08-28,Noche,B,Antena,AP-01,177,-50.9,17,9,104.3,26.1,11.173,2.42,2,0,0,0,0,0,34.28,1,0,4,2026-08,4
FBJ-0048,2026-08-28,Noche,B,Antena,AP-01,721,-80.9,17,9,104.3,26.1,6.872,2.7,4,0,0,0,0,0,19.88,1,0,4,2026-08,4
FBJ-0053,2026-08-28,Noche,B,Antena,AP-01,245,-55.9,17,9,104.3,26.1,6.471,2.0,2,0,0,0,0,0,26.43,1,0,4,2026-08,4
FBJ-0054,2026-08-28,Noche,B,Antena,AP-02,302,-59.5,17,9,104.3,26.1,8.675,2.92,7,0,0,0,0,0,23.4,1,0,4,2026-08,4
FBJ-0060,2026-08-28,Noche,B,Cable,,110,,17,9,104.3,26.1,16.058,3.19,1,1,28,0,0,0,32.84,0,0,4,2026-08,4
FBJ-0010,2026-08-29,Madrugada,A,Antena,AP-01,482,-67.3,3,2,15.0,3.8,0.817,0.59,2,1,29,1,1,0,13.19,1,0,5,2026-08,1
FBJ-0015,2026-08-29,Madrugada,A,Antena,AP-02,894,-83.5,3,2,15.0,3.8,1.174,1.01,1,1,7,1,1,0,12.01,1,0,5,2026-08,1
FBJ-0018,2026-08-29,Madrugada,A,Cable,,281,,3,2,15.0,3.8,2.993,0.95,8,0,0,1,1,0,24.12,0,0,5,2026-08,1
FBJ-0021,2026-08-29,Madrugada,A,Cable,,163,,3,2,15.0,3.8,3.606,1.28,1,0,0,1,1,0,24.36,0,0,5,2026-08,1
FBJ-0032,2026-08-29,Madrugada,B,Cable,,302,,10,5,50.3,12.6,2.516,0.6,3,2,38,1,1,0,35.0,0,1,5,2026-08,1
FBJ-0033,2026-08-29,Madrugada,B,Antena,AP-01,719,-77.6,10,5,50.3,12.6,0.994,0.68,1,0,0,1,1,0,11.27,1,0,5,2026-08,1
FBJ-0043,2026-08-29,Madrugada,B,Cable,,318,,10,5,50.3,12.6,5.774,1.53,2,0,0,1,1,0,35.0,0,1,5,2026-08,1
FBJ-0052,2026-08-29,Madrugada,B,Cable,,288,,10,5,50.3,12.6,5.682,1.97,8,2,40,1,1,0,21.29,0,0,5,2026-08,1
FBJ-0058,2026-08-29,Madrugada,B,Antena,AP-02,308,-59.0,10,5,50.3,12.6,2.396,1.46,4,0,0,1,1,0,17.69,1,0,5,2026-08,1
FBJ-0059,2026-08-29,Madrugada,B,Cable,,107,,10,5,50.3,12.6,2.934,1.2,8,2,20,1,1,0,23.44,0,0,5,2026-08,1
FBJ-0001,2026-08-29,Mañana,A,Antena,AP-01,625,-74.5,12,7,114.5,28.6,3.926,1.47,7,3,21,1,1,0,17.04,1,0,5,2026-08,2
FBJ-0003,2026-08-29,Mañana,A,Antena,AP-02,392,-66.0,12,7,114.5,28.6,2.032,0.99,3,1,7,1,1,0,15.58,1,0,5,2026-08,2
FBJ-0004,2026-08-29,Mañana,A,Cable,,322,,12,7,114.5,28.6,7.37,1.99,8,2,14,1,1,0,27.29,0,0,5,2026-08,2
FBJ-0005,2026-08-29,Mañana,A,Cable,,179,,12,7,114.5,28.6,2.119,0.88,8,3,45,1,1,0,19.43,0,0,5,2026-08,2
FBJ-0007,2026-08-29,Mañana,A,Antena,AP-02,594,-68.6,12,7,114.5,28.6,3.739,1.89,3,2,10,1,1,0,13.56,1,0,5,2026-08,2
FBJ-0009,2026-08-29,Mañana,A,Antena,AP-02,565,-72.0,12,7,114.5,28.6,0.596,0.45,2,2,8,1,1,0,14.4,1,0,5,2026-08,2
FBJ-0010,2026-08-29,Mañana,A,Antena,AP-01,482,-67.3,12,7,114.5,28.6,0.764,0.54,4,0,0,1,1,0,11.54,1,0,5,2026-08,2
FBJ-0011,2026-08-29,Mañana,A,Antena,AP-02,440,-67.1,12,7,114.5,28.6,2.035,1.11,1,2,20,1,1,0,14.42,1,0,5,2026-08,2
FBJ-0020,2026-08-29,Mañana,A,Antena,AP-01,244,-60.1,12,7,114.5,28.6,4.179,1.27,4,0,0,1,1,0,22.32,1,0,5,2026-08,2
FBJ-0021,2026-08-29,Mañana,A,Cable,,163,,12,7,114.5,28.6,5.033,1.37,7,0,0,1,1,0,27.15,0,0,5,2026-08,2
FBJ-0024,2026-08-29,Mañana,A,Antena,AP-02,169,-58.3,12,7,114.5,28.6,3.304,1.49,3,0,0,1,1,0,22.14,1,0,5,2026-08,2
FBJ-0027,2026-08-29,Mañana,A,Cable,,85,,12,7,114.5,28.6,6.02,1.71,3,0,0,1,1,0,26.0,0,0,5,2026-08,2
FBJ-0031,2026-08-29,Mañana,B,Cable,,202,,9,7,56.5,14.1,3.961,1.46,2,1,13,1,1,0,33.16,0,0,5,2026-08,2
FBJ-0032,2026-08-29,Mañana,B,Cable,,302,,9,7,56.5,14.1,4.99,1.16,6,1,31,1,1,0,31.04,0,0,5,2026-08,2
FBJ-0033,2026-08-29,Mañana,B,Antena,AP-01,719,-77.6,9,7,56.5,14.1,1.981,1.16,6,1,23,1,1,0,11.86,1,0,5,2026-08,2
FBJ-0036,2026-08-29,Mañana,B,Antena,AP-01,831,-77.3,9,7,56.5,14.1,3.604,1.73,7,2,10,1,1,0,16.99,1,0,5,2026-08,2
FBJ-0039,2026-08-29,Mañana,B,Cable,,288,,9,7,56.5,14.1,3.092,1.0,1,0,0,1,1,0,22.4,0,0,5,2026-08,2
FBJ-0043,2026-08-29,Mañana,B,Cable,,318,,9,7,56.5,14.1,6.439,1.49,3,0,0,1,1,0,30.69,0,0,5,2026-08,2
FBJ-0044,2026-08-29,Mañana,B,Cable,,86,,9,7,56.5,14.1,5.0,1.56,5,1,19,1,1,0,31.71,0,0,5,2026-08,2
FBJ-0049,2026-08-29,Mañana,B,Cable,,350,,9,7,56.5,14.1,3.949,1.71,1,0,0,1,1,0,19.19,0,0,5,2026-08,2
FBJ-0050,2026-08-29,Mañana,B,Antena,AP-02,277,-61.0,9,7,56.5,14.1,7.501,2.42,2,1,5,1,1,0,22.67,1,0,5,2026-08,2
FBJ-0053,2026-08-29,Mañana,B,Antena,AP-01,245,-55.9,9,7,56.5,14.1,4.919,2.32,6,0,0,1,1,0,17.85,1,0,5,2026-08,2
FBJ-0054,2026-08-29,Mañana,B,Antena,AP-02,302,-59.5,9,7,56.5,14.1,5.176,2.36,2,2,64,1,1,0,19.55,1,0,5,2026-08,2
FBJ-0057,2026-08-29,Mañana,B,Antena,AP-01,851,-81.4,9,7,56.5,14.1,3.765,2.2,6,3,108,1,1,0,14.61,1,0,5,2026-08,2
FBJ-0058,2026-08-29,Mañana,B,Antena,AP-02,308,-59.0,9,7,56.5,14.1,2.96,1.39,3,1,8,1,1,0,16.88,1,0,5,2026-08,2
FBJ-0059,2026-08-29,Mañana,B,Cable,,107,,9,7,56.5,14.1,6.217,1.7,3,2,40,1,1,0,25.31,0,0,5,2026-08,2
FBJ-0060,2026-08-29,Mañana,B,Cable,,110,,9,7,56.5,14.1,4.607,1.5,8,2,6,1,1,0,23.7,0,0,5,2026-08,2
FBJ-0001,2026-08-29,Tarde,A,Antena,AP-01,625,-74.5,18,12,159.9,40.0,3.744,1.92,4,0,0,1,1,0,12.99,1,0,5,2026-08,3
FBJ-0003,2026-08-29,Tarde,A,Antena,AP-02,392,-66.0,18,12,159.9,40.0,2.252,1.54,1,1,26,1,1,0,13.2,1,0,5,2026-08,3
FBJ-0005,2026-08-29,Tarde,A,Cable,,179,,18,12,159.9,40.0,4.78,2.52,4,0,0,1,1,0,20.02,0,0,5,2026-08,3
FBJ-0012,2026-08-29,Tarde,A,Antena,AP-01,631,-74.1,18,12,159.9,40.0,0.566,0.75,5,2,48,1,1,0,8.36,1,0,5,2026-08,3
FBJ-0014,2026-08-29,Tarde,A,Antena,AP-01,319,-62.5,18,12,159.9,40.0,2.593,0.96,4,0,0,1,1,0,18.51,1,0,5,2026-08,3
FBJ-0015,2026-08-29,Tarde,A,Antena,AP-02,894,-83.5,18,12,159.9,40.0,1.319,1.29,2,1,21,1,1,0,10.88,1,0,5,2026-08,3
FBJ-0018,2026-08-29,Tarde,A,Cable,,281,,18,12,159.9,40.0,6.966,1.88,1,2,64,1,1,0,28.0,0,0,5,2026-08,3
FBJ-0021,2026-08-29,Tarde,A,Cable,,163,,18,12,159.9,40.0,4.588,1.26,1,0,0,1,1,0,30.94,0,0,5,2026-08,3
FBJ-0022,2026-08-29,Tarde,A,Antena,AP-02,838,-82.4,18,12,159.9,40.0,3.519,2.62,5,1,14,1,1,0,10.67,1,0,5,2026-08,3
FBJ-0023,2026-08-29,Tarde,A,Antena,AP-01,872,-78.5,18,12,159.9,40.0,1.645,1.63,5,1,37,1,1,0,11.19,1,0,5,2026-08,3
FBJ-0024,2026-08-29,Tarde,A,Antena,AP-02,169,-58.3,18,12,159.9,40.0,4.683,1.93,7,1,18,1,1,0,17.05,1,0,5,2026-08,3
FBJ-0025,2026-08-29,Tarde,A,Antena,AP-01,575,-73.2,18,12,159.9,40.0,0.712,0.7,4,3,75,1,1,0,12.3,1,0,5,2026-08,3
FBJ-0026,2026-08-29,Tarde,A,Antena,AP-02,283,-64.0,18,12,159.9,40.0,0.98,0.49,5,0,0,1,1,0,19.05,1,0,5,2026-08,3
FBJ-0027,2026-08-29,Tarde,A,Cable,,85,,18,12,159.9,40.0,4.094,1.3,7,1,24,1,1,0,19.01,0,0,5,2026-08,3
FBJ-0029,2026-08-29,Tarde,A,Cable,,251,,18,12,159.9,40.0,2.999,1.33,1,2,48,1,1,0,23.65,0,0,5,2026-08,3
FBJ-0031,2026-08-29,Tarde,B,Cable,,202,,17,11,70.5,17.6,6.517,2.18,2,1,24,1,1,0,35.0,0,1,5,2026-08,3
FBJ-0033,2026-08-29,Tarde,B,Antena,AP-01,719,-77.6,17,11,70.5,17.6,2.588,1.55,1,2,76,1,1,0,11.37,1,0,5,2026-08,3
FBJ-0034,2026-08-29,Tarde,B,Antena,AP-02,604,-72.2,17,11,70.5,17.6,0.297,0.2,4,0,0,1,1,0,12.78,1,0,5,2026-08,3
FBJ-0035,2026-08-29,Tarde,B,Cable,,154,,17,11,70.5,17.6,0.717,0.2,3,0,0,1,1,0,26.15,0,0,5,2026-08,3
FBJ-0036,2026-08-29,Tarde,B,Antena,AP-01,831,-77.3,17,11,70.5,17.6,0.901,0.56,8,0,0,1,1,0,14.36,1,0,5,2026-08,3
FBJ-0037,2026-08-29,Tarde,B,Cable,,205,,17,11,70.5,17.6,2.349,1.35,7,0,0,1,1,0,18.08,0,0,5,2026-08,3
FBJ-0039,2026-08-29,Tarde,B,Cable,,288,,17,11,70.5,17.6,2.869,1.19,7,0,0,1,1,0,23.52,0,0,5,2026-08,3
FBJ-0040,2026-08-29,Tarde,B,Antena,AP-01,564,-73.1,17,11,70.5,17.6,0.272,0.2,8,1,24,1,1,0,14.78,1,0,5,2026-08,3
FBJ-0042,2026-08-29,Tarde,B,Antena,AP-01,176,-53.0,17,11,70.5,17.6,0.617,0.2,8,0,0,1,1,0,27.77,1,0,5,2026-08,3
FBJ-0043,2026-08-29,Tarde,B,Cable,,318,,17,11,70.5,17.6,4.694,1.49,2,2,70,1,1,0,24.48,0,0,5,2026-08,3
FBJ-0046,2026-08-29,Tarde,B,Antena,AP-01,177,-50.9,17,11,70.5,17.6,2.366,0.76,8,0,0,1,1,0,21.3,1,0,5,2026-08,3
FBJ-0047,2026-08-29,Tarde,B,Antena,AP-02,453,-71.2,17,11,70.5,17.6,2.162,1.19,7,0,0,1,1,0,13.22,1,0,5,2026-08,3
FBJ-0048,2026-08-29,Tarde,B,Antena,AP-01,721,-80.9,17,11,70.5,17.6,4.569,1.96,4,1,19,1,1,0,19.06,1,0,5,2026-08,3
FBJ-0050,2026-08-29,Tarde,B,Antena,AP-02,277,-61.0,17,11,70.5,17.6,0.561,0.38,1,2,50,1,1,0,14.6,1,0,5,2026-08,3
FBJ-0054,2026-08-29,Tarde,B,Antena,AP-02,302,-59.5,17,11,70.5,17.6,4.754,1.68,5,0,0,1,1,0,23.98,1,0,5,2026-08,3
FBJ-0057,2026-08-29,Tarde,B,Antena,AP-01,851,-81.4,17,11,70.5,17.6,2.856,1.61,2,3,54,1,1,0,12.99,1,0,5,2026-08,3
FBJ-0058,2026-08-29,Tarde,B,Antena,AP-02,308,-59.0,17,11,70.5,17.6,0.877,0.48,2,2,52,1,1,0,15.15,1,0,5,2026-08,3
FBJ-0060,2026-08-29,Tarde,B,Cable,,110,,17,11,70.5,17.6,4.817,2.26,2,1,31,1,1,0,21.7,0,0,5,2026-08,3
FBJ-0001,2026-08-29,Noche,A,Antena,AP-01,625,-74.5,19,13,197.6,49.4,3.531,2.87,5,2,36,1,1,0,9.46,1,0,5,2026-08,4
FBJ-0003,2026-08-29,Noche,A,Antena,AP-02,392,-66.0,19,13,197.6,49.4,3.764,2.38,2,1,11,1,1,0,11.45,1,0,5,2026-08,4
FBJ-0004,2026-08-29,Noche,A,Cable,,322,,19,13,197.6,49.4,11.284,2.45,2,1,12,1,1,0,33.66,0,0,5,2026-08,4
FBJ-0005,2026-08-29,Noche,A,Cable,,179,,19,13,197.6,49.4,8.098,3.02,4,0,0,1,1,0,19.34,0,0,5,2026-08,4
FBJ-0007,2026-08-29,Noche,A,Antena,AP-02,594,-68.6,19,13,197.6,49.4,3.074,1.74,1,0,0,1,1,0,12.4,1,0,5,2026-08,4
FBJ-0009,2026-08-29,Noche,A,Antena,AP-02,565,-72.0,19,13,197.6,49.4,3.231,1.97,3,1,3,1,1,0,11.32,1,0,5,2026-08,4
FBJ-0010,2026-08-29,Noche,A,Antena,AP-01,482,-67.3,19,13,197.6,49.4,1.312,0.74,8,2,62,1,1,0,13.55,1,0,5,2026-08,4
FBJ-0011,2026-08-29,Noche,A,Antena,AP-02,440,-67.1,19,13,197.6,49.4,3.049,2.01,3,1,6,1,1,0,14.17,1,0,5,2026-08,4
FBJ-0013,2026-08-29,Noche,A,Antena,AP-02,111,-56.0,19,13,197.6,49.4,8.263,3.24,6,1,38,1,1,0,19.36,1,0,5,2026-08,4
FBJ-0014,2026-08-29,Noche,A,Antena,AP-01,319,-62.5,19,13,197.6,49.4,3.92,2.15,5,0,0,1,1,0,16.43,1,0,5,2026-08,4
FBJ-0015,2026-08-29,Noche,A,Antena,AP-02,894,-83.5,19,13,197.6,49.4,2.243,2.3,4,2,76,1,1,0,7.75,1,0,5,2026-08,4
FBJ-0018,2026-08-29,Noche,A,Cable,,281,,19,13,197.6,49.4,3.658,1.57,7,1,21,1,1,0,18.88,0,0,5,2026-08,4
FBJ-0019,2026-08-29,Noche,A,Cable,,81,,19,13,197.6,49.4,4.837,2.13,2,1,28,1,1,0,19.46,0,0,5,2026-08,4
FBJ-0021,2026-08-29,Noche,A,Cable,,163,,19,13,197.6,49.4,8.247,3.53,7,0,0,1,1,0,19.2,0,0,5,2026-08,4
FBJ-0022,2026-08-29,Noche,A,Antena,AP-02,838,-82.4,19,13,197.6,49.4,2.724,2.95,6,1,32,1,1,0,8.25,1,0,5,2026-08,4
FBJ-0023,2026-08-29,Noche,A,Antena,AP-01,872,-78.5,19,13,197.6,49.4,4.098,3.18,3,0,0,1,1,0,13.95,1,0,5,2026-08,4
FBJ-0025,2026-08-29,Noche,A,Antena,AP-01,575,-73.2,19,13,197.6,49.4,2.819,3.26,8,0,0,1,1,0,9.61,1,0,5,2026-08,4
FBJ-0026,2026-08-29,Noche,A,Antena,AP-02,283,-64.0,19,13,197.6,49.4,5.257,2.76,1,4,100,1,1,0,16.17,1,0,5,2026-08,4
FBJ-0027,2026-08-29,Noche,A,Cable,,85,,19,13,197.6,49.4,10.675,3.18,1,1,9,1,1,0,25.37,0,0,5,2026-08,4
FBJ-0029,2026-08-29,Noche,A,Cable,,251,,19,13,197.6,49.4,10.09,3.84,1,1,8,1,1,0,21.81,0,0,5,2026-08,4
FBJ-0031,2026-08-29,Noche,B,Cable,,202,,25,22,186.3,46.6,5.325,3.1,1,1,24,1,1,0,13.31,0,0,5,2026-08,4
FBJ-0032,2026-08-29,Noche,B,Cable,,302,,25,22,186.3,46.6,2.713,2.27,6,1,8,1,1,0,9.28,0,0,5,2026-08,4
FBJ-0033,2026-08-29,Noche,B,Antena,AP-01,719,-77.6,25,22,186.3,46.6,2.647,2.67,5,0,0,1,1,0,5.88,1,0,5,2026-08,4
FBJ-0035,2026-08-29,Noche,B,Cable,,154,,25,22,186.3,46.6,6.662,3.18,1,1,22,1,1,0,16.42,0,0,5,2026-08,4
FBJ-0036,2026-08-29,Noche,B,Antena,AP-01,831,-77.3,25,22,186.3,46.6,1.895,2.84,7,1,25,1,1,0,5.52,1,0,5,2026-08,4
FBJ-0037,2026-08-29,Noche,B,Cable,,205,,25,22,186.3,46.6,3.617,2.67,1,0,0,1,1,0,11.59,0,0,5,2026-08,4
FBJ-0039,2026-08-29,Noche,B,Cable,,288,,25,22,186.3,46.6,3.831,2.29,2,2,28,1,1,0,13.11,0,0,5,2026-08,4
FBJ-0041,2026-08-29,Noche,B,Antena,AP-02,509,-69.1,25,22,186.3,46.6,2.221,2.69,6,1,20,1,1,0,6.44,1,0,5,2026-08,4
FBJ-0042,2026-08-29,Noche,B,Antena,AP-01,176,-53.0,25,22,186.3,46.6,2.044,2.17,4,1,30,1,1,0,9.85,1,0,5,2026-08,4
FBJ-0043,2026-08-29,Noche,B,Cable,,318,,25,22,186.3,46.6,5.108,3.05,1,0,0,1,1,0,11.64,0,0,5,2026-08,4
FBJ-0044,2026-08-29,Noche,B,Cable,,86,,25,22,186.3,46.6,5.134,2.69,1,4,44,1,1,0,13.78,0,0,5,2026-08,4
FBJ-0045,2026-08-29,Noche,B,Antena,AP-02,848,-81.7,25,22,186.3,46.6,2.622,2.66,4,3,27,1,1,0,6.06,1,0,5,2026-08,4
FBJ-0047,2026-08-29,Noche,B,Antena,AP-02,453,-71.2,25,22,186.3,46.6,2.157,3.09,6,0,0,1,1,0,7.41,1,0,5,2026-08,4
FBJ-0048,2026-08-29,Noche,B,Antena,AP-01,721,-80.9,25,22,186.3,46.6,1.627,1.85,1,2,58,1,1,0,8.0,1,0,5,2026-08,4
FBJ-0049,2026-08-29,Noche,B,Cable,,350,,25,22,186.3,46.6,3.992,2.07,8,1,37,1,1,0,15.14,0,0,5,2026-08,4
FBJ-0050,2026-08-29,Noche,B,Antena,AP-02,277,-61.0,25,22,186.3,46.6,1.527,1.42,8,1,22,1,1,0,11.84,1,0,5,2026-08,4
FBJ-0051,2026-08-29,Noche,B,Cable,,42,,25,22,186.3,46.6,4.288,2.93,7,1,15,1,1,0,12.41,0,0,5,2026-08,4
FBJ-0052,2026-08-29,Noche,B,Cable,,288,,25,22,186.3,46.6,3.529,1.67,6,1,5,1,1,0,18.08,0,0,5,2026-08,4
FBJ-0056,2026-08-29,Noche,B,Antena,AP-02,549,-70.0,25,22,186.3,46.6,1.274,1.64,1,1,34,1,1,0,6.01,1,0,5,2026-08,4
FBJ-0057,2026-08-29,Noche,B,Antena,AP-01,851,-81.4,25,22,186.3,46.6,1.814,2.51,7,3,57,1,1,0,6.66,1,0,5,2026-08,4
FBJ-0058,2026-08-29,Noche,B,Antena,AP-02,308,-59.0,25,22,186.3,46.6,1.817,2.05,5,0,0,1,1,0,10.57,1,0,5,2026-08,4
FBJ-0059,2026-08-29,Noche,B,Cable,,107,,25,22,186.3,46.6,2.958,2.03,7,2,72,1,1,0,14.29,0,0,5,2026-08,4
FBJ-0060,2026-08-29,Noche,B,Cable,,110,,25,22,186.3,46.6,2.817,2.33,8,0,0,1,1,0,12.56,0,0,5,2026-08,4
